health_region_code,health_region_name,uf_abbr,region,year,cases,deaths,outcome_known,age_known,sex_known,male,n_age_0_14,n_age_15_29,n_age_30_44,n_age_45_59,n_age_60_69,n_age_70p,p_age_0_14,p_age_15_29,p_age_30_44,p_age_45_59,p_age_60_69,p_age_70p,p_male,p_age_60plus
11001,VALE DO JAMARI,RO,Norte,2007,0,0,0,0,0,0,0,0,0,0,0,0,,,,,,,,
11001,VALE DO JAMARI,RO,Norte,2008,3,1,3,3,3,2,0,0,2,0,0,1,0.0,0.0,0.6666666666666666,0.0,0.0,0.3333333333333333,0.6666666666666666,0.3333333333333333
11001,VALE DO JAMARI,RO,Norte,2009,6,2,6,6,6,6,0,3,1,2,0,0,0.0,0.5,0.16666666666666666,0.3333333333333333,0.0,0.0,1.0,0.0
11001,VALE DO JAMARI,RO,Norte,2010,1,1,1,1,1,1,1,0,0,0,0,0,1.0,0.0,0.0,0.0,0.0,0.0,1.0,0.0
11001,VALE DO JAMARI,RO,Norte,2011,2,0,2,2,2,2,0,0,2,0,0,0,0.0,0.0,1.0,0.0,0.0,0.0,1.0,0.0
11001,VALE DO JAMARI,RO,Norte,2012,1,0,1,1,1,0,0,1,0,0,0,0,0.0,1.0,0.0,0.0,0.0,0.0,0.0,0.0
11001,VALE DO JAMARI,RO,Norte,2013,26,1,25,26,26,18,4,10,7,3,2,0,0.15384615384615385,0.38461538461538464,0.2692307692307692,0.11538461538461539,0.07692307692307693,0.0,0.6923076923076923,0.07692307692307693
11001,VALE DO JAMARI,RO,Norte,2014,37,1,37,37,37,24,4,12,13,4,2,2,0.10810810810810811,0.32432432432432434,0.35135135135135137,0.10810810810810811,0.05405405405405406,0.05405405405405406,0.6486486486486487,0.10810810810810811
11001,VALE DO JAMARI,RO,Norte,2015,14,1,14,14,14,10,1,3,5,3,2,0,0.07142857142857142,0.21428571428571427,0.35714285714285715,0.21428571428571427,0.14285714285714285,0.0,0.7142857142857143,0.14285714285714285
11001,VALE DO JAMARI,RO,Norte,2016,15,1,15,15,15,12,0,4,6,3,2,0,0.0,0.26666666666666666,0.4,0.2,0.13333333333333333,0.0,0.8,0.13333333333333333
11001,VALE DO JAMARI,RO,Norte,2017,1,0,1,1,1,1,0,1,0,0,0,0,0.0,1.0,0.0,0.0,0.0,0.0,1.0,0.0
11001,VALE DO JAMARI,RO,Norte,2018,6,0,5,6,6,5,0,2,2,1,1,0,0.0,0.3333333333333333,0.3333333333333333,0.16666666666666666,0.16666666666666666,0.0,0.8333333333333334,0.16666666666666666
11001,VALE DO JAMARI,RO,Norte,2019,4,0,4,4,4,3,1,2,0,1,0,0,0.25,0.5,0.0,0.25,0.0,0.0,0.75,0.0
11001,VALE DO JAMARI,RO,Norte,2020,6,1,6,6,6,6,1,1,2,2,0,0,0.16666666666666666,0.16666666666666666,0.3333333333333333,0.3333333333333333,0.0,0.0,1.0,0.0
11001,VALE DO JAMARI,RO,Norte,2021,4,0,4,4,4,3,0,1,1,2,0,0,0.0,0.25,0.25,0.5,0.0,0.0,0.75,0.0
11001,VALE DO JAMARI,RO,Norte,2022,2,0,2,2,2,2,0,2,0,0,0,0,0.0,1.0,0.0,0.0,0.0,0.0,1.0,0.0
11001,VALE DO JAMARI,RO,Norte,2023,7,1,7,7,7,6,0,4,1,0,1,1,0.0,0.5714285714285714,0.14285714285714285,0.0,0.14285714285714285,0.14285714285714285,0.8571428571428571,0.2857142857142857
11001,VALE DO JAMARI,RO,Norte,2024,4,1,4,4,4,4,0,1,2,0,0,1,0.0,0.25,0.5,0.0,0.0,0.25,1.0,0.25
11001,VALE DO JAMARI,RO,Norte,2025,3,0,3,3,3,2,1,2,0,0,0,0,0.3333333333333333,0.6666666666666666,0.0,0.0,0.0,0.0,0.6666666666666666,0.0
11002,CAFE,RO,Norte,2007,2,0,2,2,2,2,0,0,0,2,0,0,0.0,0.0,0.0,1.0,0.0,0.0,1.0,0.0
11002,CAFE,RO,Norte,2008,1,0,1,1,1,1,0,0,0,1,0,0,0.0,0.0,0.0,1.0,0.0,0.0,1.0,0.0
11002,CAFE,RO,Norte,2009,1,0,1,1,1,1,0,1,0,0,0,0,0.0,1.0,0.0,0.0,0.0,0.0,1.0,0.0
11002,CAFE,RO,Norte,2010,2,0,2,2,2,2,1,0,0,1,0,0,0.5,0.0,0.0,0.5,0.0,0.0,1.0,0.0
11002,CAFE,RO,Norte,2011,0,0,0,0,0,0,0,0,0,0,0,0,,,,,,,,
11002,CAFE,RO,Norte,2012,2,0,2,2,2,2,0,1,0,1,0,0,0.0,0.5,0.0,0.5,0.0,0.0,1.0,0.0
11002,CAFE,RO,Norte,2013,5,0,5,5,5,3,0,2,3,0,0,0,0.0,0.4,0.6,0.0,0.0,0.0,0.6,0.0
11002,CAFE,RO,Norte,2014,15,0,15,15,15,13,1,5,5,3,0,1,0.06666666666666667,0.3333333333333333,0.3333333333333333,0.2,0.0,0.06666666666666667,0.8666666666666667,0.06666666666666667
11002,CAFE,RO,Norte,2015,3,0,3,3,3,2,1,0,2,0,0,0,0.3333333333333333,0.0,0.6666666666666666,0.0,0.0,0.0,0.6666666666666666,0.0
11002,CAFE,RO,Norte,2016,0,0,0,0,0,0,0,0,0,0,0,0,,,,,,,,
11002,CAFE,RO,Norte,2017,1,0,1,1,1,1,0,1,0,0,0,0,0.0,1.0,0.0,0.0,0.0,0.0,1.0,0.0
11002,CAFE,RO,Norte,2018,3,0,3,3,3,2,1,0,1,1,0,0,0.3333333333333333,0.0,0.3333333333333333,0.3333333333333333,0.0,0.0,0.6666666666666666,0.0
11002,CAFE,RO,Norte,2019,7,1,7,7,7,7,1,3,2,1,0,0,0.14285714285714285,0.42857142857142855,0.2857142857142857,0.14285714285714285,0.0,0.0,1.0,0.0
11002,CAFE,RO,Norte,2020,3,0,3,3,3,1,2,0,1,0,0,0,0.6666666666666666,0.0,0.3333333333333333,0.0,0.0,0.0,0.3333333333333333,0.0
11002,CAFE,RO,Norte,2021,0,0,0,0,0,0,0,0,0,0,0,0,,,,,,,,
11002,CAFE,RO,Norte,2022,2,0,2,2,2,2,0,1,0,1,0,0,0.0,0.5,0.0,0.5,0.0,0.0,1.0,0.0
11002,CAFE,RO,Norte,2023,5,0,5,5,5,4,1,0,1,3,0,0,0.2,0.0,0.2,0.6,0.0,0.0,0.8,0.0
11002,CAFE,RO,Norte,2024,4,0,4,4,4,2,0,0,4,0,0,0,0.0,0.0,1.0,0.0,0.0,0.0,0.5,0.0
11002,CAFE,RO,Norte,2025,9,0,9,9,9,7,1,3,2,1,1,1,0.1111111111111111,0.3333333333333333,0.2222222222222222,0.1111111111111111,0.1111111111111111,0.1111111111111111,0.7777777777777778,0.2222222222222222
11003,CENTRAL,RO,Norte,2007,0,0,0,0,0,0,0,0,0,0,0,0,,,,,,,,
11003,CENTRAL,RO,Norte,2008,4,1,4,4,4,3,0,3,1,0,0,0,0.0,0.75,0.25,0.0,0.0,0.0,0.75,0.0
11003,CENTRAL,RO,Norte,2009,3,1,3,3,3,1,0,2,0,1,0,0,0.0,0.6666666666666666,0.0,0.3333333333333333,0.0,0.0,0.3333333333333333,0.0
11003,CENTRAL,RO,Norte,2010,4,0,4,4,4,3,2,0,2,0,0,0,0.5,0.0,0.5,0.0,0.0,0.0,0.75,0.0
11003,CENTRAL,RO,Norte,2011,43,2,41,43,43,28,7,16,13,6,1,0,0.16279069767441862,0.37209302325581395,0.3023255813953488,0.13953488372093023,0.023255813953488372,0.0,0.6511627906976745,0.023255813953488372
11003,CENTRAL,RO,Norte,2012,3,0,3,3,3,3,1,1,0,0,1,0,0.3333333333333333,0.3333333333333333,0.0,0.0,0.3333333333333333,0.0,1.0,0.3333333333333333
11003,CENTRAL,RO,Norte,2013,7,0,6,7,7,7,1,3,2,0,0,1,0.14285714285714285,0.42857142857142855,0.2857142857142857,0.0,0.0,0.14285714285714285,1.0,0.14285714285714285
11003,CENTRAL,RO,Norte,2014,57,1,53,57,57,28,8,16,17,11,3,2,0.14035087719298245,0.2807017543859649,0.2982456140350877,0.19298245614035087,0.05263157894736842,0.03508771929824561,0.49122807017543857,0.08771929824561403
11003,CENTRAL,RO,Norte,2015,46,1,41,46,46,25,5,18,10,10,2,1,0.10869565217391304,0.391304347826087,0.21739130434782608,0.21739130434782608,0.043478260869565216,0.021739130434782608,0.5434782608695652,0.06521739130434782
11003,CENTRAL,RO,Norte,2016,5,0,4,5,5,2,2,0,1,2,0,0,0.4,0.0,0.2,0.4,0.0,0.0,0.4,0.0
11003,CENTRAL,RO,Norte,2017,7,0,5,7,7,6,0,4,2,1,0,0,0.0,0.5714285714285714,0.2857142857142857,0.14285714285714285,0.0,0.0,0.8571428571428571,0.0
11003,CENTRAL,RO,Norte,2018,12,0,12,12,12,11,1,5,1,2,3,0,0.08333333333333333,0.4166666666666667,0.08333333333333333,0.16666666666666666,0.25,0.0,0.9166666666666666,0.25
11003,CENTRAL,RO,Norte,2019,2,0,2,2,2,2,1,0,0,1,0,0,0.5,0.0,0.0,0.5,0.0,0.0,1.0,0.0
11003,CENTRAL,RO,Norte,2020,5,0,5,5,5,4,0,1,2,2,0,0,0.0,0.2,0.4,0.4,0.0,0.0,0.8,0.0
11003,CENTRAL,RO,Norte,2021,3,0,3,3,3,2,1,0,1,0,0,1,0.3333333333333333,0.0,0.3333333333333333,0.0,0.0,0.3333333333333333,0.6666666666666666,0.3333333333333333
11003,CENTRAL,RO,Norte,2022,7,0,6,7,7,4,1,2,2,2,0,0,0.14285714285714285,0.2857142857142857,0.2857142857142857,0.2857142857142857,0.0,0.0,0.5714285714285714,0.0
11003,CENTRAL,RO,Norte,2023,3,0,3,3,3,2,1,1,0,1,0,0,0.3333333333333333,0.3333333333333333,0.0,0.3333333333333333,0.0,0.0,0.6666666666666666,0.0
11003,CENTRAL,RO,Norte,2024,9,0,5,9,9,7,0,1,5,3,0,0,0.0,0.1111111111111111,0.5555555555555556,0.3333333333333333,0.0,0.0,0.7777777777777778,0.0
11003,CENTRAL,RO,Norte,2025,11,0,10,11,11,8,1,4,2,3,0,1,0.09090909090909091,0.36363636363636365,0.18181818181818182,0.2727272727272727,0.0,0.09090909090909091,0.7272727272727273,0.09090909090909091
11004,MADEIRA-MAMORE,RO,Norte,2007,1,0,1,1,1,0,0,0,1,0,0,0,0.0,0.0,1.0,0.0,0.0,0.0,0.0,0.0
11004,MADEIRA-MAMORE,RO,Norte,2008,8,0,8,8,8,6,0,4,1,3,0,0,0.0,0.5,0.125,0.375,0.0,0.0,0.75,0.0
11004,MADEIRA-MAMORE,RO,Norte,2009,18,0,18,18,18,13,5,6,2,3,1,1,0.2777777777777778,0.3333333333333333,0.1111111111111111,0.16666666666666666,0.05555555555555555,0.05555555555555555,0.7222222222222222,0.1111111111111111
11004,MADEIRA-MAMORE,RO,Norte,2010,5,0,5,5,5,1,2,1,1,1,0,0,0.4,0.2,0.2,0.2,0.0,0.0,0.2,0.0
11004,MADEIRA-MAMORE,RO,Norte,2011,10,0,9,10,10,8,1,5,4,0,0,0,0.1,0.5,0.4,0.0,0.0,0.0,0.8,0.0
11004,MADEIRA-MAMORE,RO,Norte,2012,6,1,5,6,6,5,0,3,2,1,0,0,0.0,0.5,0.3333333333333333,0.16666666666666666,0.0,0.0,0.8333333333333334,0.0
11004,MADEIRA-MAMORE,RO,Norte,2013,105,2,103,105,105,59,19,35,33,13,3,2,0.18095238095238095,0.3333333333333333,0.3142857142857143,0.12380952380952381,0.02857142857142857,0.01904761904761905,0.5619047619047619,0.047619047619047616
11004,MADEIRA-MAMORE,RO,Norte,2014,65,2,63,65,65,50,5,28,19,10,2,1,0.07692307692307693,0.4307692307692308,0.2923076923076923,0.15384615384615385,0.03076923076923077,0.015384615384615385,0.7692307692307693,0.046153846153846156
11004,MADEIRA-MAMORE,RO,Norte,2015,17,1,17,17,17,11,0,5,9,1,0,2,0.0,0.29411764705882354,0.5294117647058824,0.058823529411764705,0.0,0.11764705882352941,0.6470588235294118,0.11764705882352941
11004,MADEIRA-MAMORE,RO,Norte,2016,13,0,12,13,13,10,1,5,4,3,0,0,0.07692307692307693,0.38461538461538464,0.3076923076923077,0.23076923076923078,0.0,0.0,0.7692307692307693,0.0
11004,MADEIRA-MAMORE,RO,Norte,2017,9,3,8,9,9,8,2,1,3,2,0,1,0.2222222222222222,0.1111111111111111,0.3333333333333333,0.2222222222222222,0.0,0.1111111111111111,0.8888888888888888,0.1111111111111111
11004,MADEIRA-MAMORE,RO,Norte,2018,5,3,5,5,5,4,0,1,0,3,0,1,0.0,0.2,0.0,0.6,0.0,0.2,0.8,0.2
11004,MADEIRA-MAMORE,RO,Norte,2019,7,0,7,7,7,7,0,3,1,3,0,0,0.0,0.42857142857142855,0.14285714285714285,0.42857142857142855,0.0,0.0,1.0,0.0
11004,MADEIRA-MAMORE,RO,Norte,2020,3,1,3,3,3,3,0,0,1,1,1,0,0.0,0.0,0.3333333333333333,0.3333333333333333,0.3333333333333333,0.0,1.0,0.3333333333333333
11004,MADEIRA-MAMORE,RO,Norte,2021,3,0,3,3,3,3,0,1,1,1,0,0,0.0,0.3333333333333333,0.3333333333333333,0.3333333333333333,0.0,0.0,1.0,0.0
11004,MADEIRA-MAMORE,RO,Norte,2022,4,0,4,4,4,3,0,1,0,1,1,1,0.0,0.25,0.0,0.25,0.25,0.25,0.75,0.5
11004,MADEIRA-MAMORE,RO,Norte,2023,8,0,8,8,8,6,1,1,4,1,0,1,0.125,0.125,0.5,0.125,0.0,0.125,0.75,0.125
11004,MADEIRA-MAMORE,RO,Norte,2024,9,1,9,9,9,7,1,3,4,1,0,0,0.1111111111111111,0.3333333333333333,0.4444444444444444,0.1111111111111111,0.0,0.0,0.7777777777777778,0.0
11004,MADEIRA-MAMORE,RO,Norte,2025,9,0,8,9,9,5,0,1,5,2,1,0,0.0,0.1111111111111111,0.5555555555555556,0.2222222222222222,0.1111111111111111,0.0,0.5555555555555556,0.1111111111111111
11005,ZONA DA MATA,RO,Norte,2007,0,0,0,0,0,0,0,0,0,0,0,0,,,,,,,,
11005,ZONA DA MATA,RO,Norte,2008,1,0,1,1,1,0,0,0,1,0,0,0,0.0,0.0,1.0,0.0,0.0,0.0,0.0,0.0
11005,ZONA DA MATA,RO,Norte,2009,1,0,1,1,1,1,0,1,0,0,0,0,0.0,1.0,0.0,0.0,0.0,0.0,1.0,0.0
11005,ZONA DA MATA,RO,Norte,2010,1,0,1,1,1,1,0,0,1,0,0,0,0.0,0.0,1.0,0.0,0.0,0.0,1.0,0.0
11005,ZONA DA MATA,RO,Norte,2011,1,0,1,1,1,0,1,0,0,0,0,0,1.0,0.0,0.0,0.0,0.0,0.0,0.0,0.0
11005,ZONA DA MATA,RO,Norte,2012,0,0,0,0,0,0,0,0,0,0,0,0,,,,,,,,
11005,ZONA DA MATA,RO,Norte,2013,1,0,1,1,1,1,0,1,0,0,0,0,0.0,1.0,0.0,0.0,0.0,0.0,1.0,0.0
11005,ZONA DA MATA,RO,Norte,2014,8,0,8,8,8,7,1,1,3,3,0,0,0.125,0.125,0.375,0.375,0.0,0.0,0.875,0.0
11005,ZONA DA MATA,RO,Norte,2015,2,0,2,2,2,2,0,1,0,0,1,0,0.0,0.5,0.0,0.0,0.5,0.0,1.0,0.5
11005,ZONA DA MATA,RO,Norte,2016,6,0,6,6,6,4,1,2,3,0,0,0,0.16666666666666666,0.3333333333333333,0.5,0.0,0.0,0.0,0.6666666666666666,0.0
11005,ZONA DA MATA,RO,Norte,2017,1,0,1,1,1,1,0,0,0,1,0,0,0.0,0.0,0.0,1.0,0.0,0.0,1.0,0.0
11005,ZONA DA MATA,RO,Norte,2018,1,0,1,1,1,1,0,0,1,0,0,0,0.0,0.0,1.0,0.0,0.0,0.0,1.0,0.0
11005,ZONA DA MATA,RO,Norte,2019,3,0,3,3,3,3,0,0,1,1,1,0,0.0,0.0,0.3333333333333333,0.3333333333333333,0.3333333333333333,0.0,1.0,0.3333333333333333
11005,ZONA DA MATA,RO,Norte,2020,1,0,0,1,1,0,0,1,0,0,0,0,0.0,1.0,0.0,0.0,0.0,0.0,0.0,0.0
11005,ZONA DA MATA,RO,Norte,2021,1,0,1,1,1,1,0,0,1,0,0,0,0.0,0.0,1.0,0.0,0.0,0.0,1.0,0.0
11005,ZONA DA MATA,RO,Norte,2022,3,0,3,3,3,1,2,0,0,1,0,0,0.6666666666666666,0.0,0.0,0.3333333333333333,0.0,0.0,0.3333333333333333,0.0
11005,ZONA DA MATA,RO,Norte,2023,3,1,3,3,3,3,1,1,0,0,1,0,0.3333333333333333,0.3333333333333333,0.0,0.0,0.3333333333333333,0.0,1.0,0.3333333333333333
11005,ZONA DA MATA,RO,Norte,2024,4,0,3,4,4,3,2,0,1,1,0,0,0.5,0.0,0.25,0.25,0.0,0.0,0.75,0.0
11005,ZONA DA MATA,RO,Norte,2025,2,0,2,2,2,2,0,0,0,0,2,0,0.0,0.0,0.0,0.0,1.0,0.0,1.0,1.0
11006,CONE SUL,RO,Norte,2007,0,0,0,0,0,0,0,0,0,0,0,0,,,,,,,,
11006,CONE SUL,RO,Norte,2008,0,0,0,0,0,0,0,0,0,0,0,0,,,,,,,,
11006,CONE SUL,RO,Norte,2009,0,0,0,0,0,0,0,0,0,0,0,0,,,,,,,,
11006,CONE SUL,RO,Norte,2010,2,0,2,2,2,1,0,0,1,1,0,0,0.0,0.0,0.5,0.5,0.0,0.0,0.5,0.0
11006,CONE SUL,RO,Norte,2011,0,0,0,0,0,0,0,0,0,0,0,0,,,,,,,,
11006,CONE SUL,RO,Norte,2012,1,1,1,1,1,1,0,0,1,0,0,0,0.0,0.0,1.0,0.0,0.0,0.0,1.0,0.0
11006,CONE SUL,RO,Norte,2013,4,1,4,4,4,2,1,1,2,0,0,0,0.25,0.25,0.5,0.0,0.0,0.0,0.5,0.0
11006,CONE SUL,RO,Norte,2014,4,0,4,4,4,3,1,1,1,0,1,0,0.25,0.25,0.25,0.0,0.25,0.0,0.75,0.25
11006,CONE SUL,RO,Norte,2015,1,0,1,1,1,0,0,0,1,0,0,0,0.0,0.0,1.0,0.0,0.0,0.0,0.0,0.0
11006,CONE SUL,RO,Norte,2016,0,0,0,0,0,0,0,0,0,0,0,0,,,,,,,,
11006,CONE SUL,RO,Norte,2017,1,0,0,1,1,1,0,0,1,0,0,0,0.0,0.0,1.0,0.0,0.0,0.0,1.0,0.0
11006,CONE SUL,RO,Norte,2018,0,0,0,0,0,0,0,0,0,0,0,0,,,,,,,,
11006,CONE SUL,RO,Norte,2019,2,0,2,2,2,2,0,1,0,1,0,0,0.0,0.5,0.0,0.5,0.0,0.0,1.0,0.0
11006,CONE SUL,RO,Norte,2020,0,0,0,0,0,0,0,0,0,0,0,0,,,,,,,,
11006,CONE SUL,RO,Norte,2021,1,0,1,1,1,1,0,1,0,0,0,0,0.0,1.0,0.0,0.0,0.0,0.0,1.0,0.0
11006,CONE SUL,RO,Norte,2022,0,0,0,0,0,0,0,0,0,0,0,0,,,,,,,,
11006,CONE SUL,RO,Norte,2023,0,0,0,0,0,0,0,0,0,0,0,0,,,,,,,,
11006,CONE SUL,RO,Norte,2024,1,0,0,1,1,0,0,1,0,0,0,0,0.0,1.0,0.0,0.0,0.0,0.0,0.0,0.0
11006,CONE SUL,RO,Norte,2025,3,0,2,3,3,2,0,1,0,1,0,1,0.0,0.3333333333333333,0.0,0.3333333333333333,0.0,0.3333333333333333,0.6666666666666666,0.3333333333333333
11007,VALE DO GUAPORE,RO,Norte,2007,0,0,0,0,0,0,0,0,0,0,0,0,,,,,,,,
11007,VALE DO GUAPORE,RO,Norte,2008,0,0,0,0,0,0,0,0,0,0,0,0,,,,,,,,
11007,VALE DO GUAPORE,RO,Norte,2009,0,0,0,0,0,0,0,0,0,0,0,0,,,,,,,,
11007,VALE DO GUAPORE,RO,Norte,2010,0,0,0,0,0,0,0,0,0,0,0,0,,,,,,,,
11007,VALE DO GUAPORE,RO,Norte,2011,0,0,0,0,0,0,0,0,0,0,0,0,,,,,,,,
11007,VALE DO GUAPORE,RO,Norte,2012,1,0,1,1,1,1,0,0,0,0,1,0,0.0,0.0,0.0,0.0,1.0,0.0,1.0,1.0
11007,VALE DO GUAPORE,RO,Norte,2013,0,0,0,0,0,0,0,0,0,0,0,0,,,,,,,,
11007,VALE DO GUAPORE,RO,Norte,2014,0,0,0,0,0,0,0,0,0,0,0,0,,,,,,,,
11007,VALE DO GUAPORE,RO,Norte,2015,0,0,0,0,0,0,0,0,0,0,0,0,,,,,,,,
11007,VALE DO GUAPORE,RO,Norte,2016,0,0,0,0,0,0,0,0,0,0,0,0,,,,,,,,
11007,VALE DO GUAPORE,RO,Norte,2017,0,0,0,0,0,0,0,0,0,0,0,0,,,,,,,,
11007,VALE DO GUAPORE,RO,Norte,2018,1,0,1,1,1,1,0,0,0,1,0,0,0.0,0.0,0.0,1.0,0.0,0.0,1.0,0.0
11007,VALE DO GUAPORE,RO,Norte,2019,0,0,0,0,0,0,0,0,0,0,0,0,,,,,,,,
11007,VALE DO GUAPORE,RO,Norte,2020,0,0,0,0,0,0,0,0,0,0,0,0,,,,,,,,
11007,VALE DO GUAPORE,RO,Norte,2021,0,0,0,0,0,0,0,0,0,0,0,0,,,,,,,,
11007,VALE DO GUAPORE,RO,Norte,2022,0,0,0,0,0,0,0,0,0,0,0,0,,,,,,,,
11007,VALE DO GUAPORE,RO,Norte,2023,0,0,0,0,0,0,0,0,0,0,0,0,,,,,,,,
11007,VALE DO GUAPORE,RO,Norte,2024,0,0,0,0,0,0,0,0,0,0,0,0,,,,,,,,
11007,VALE DO GUAPORE,RO,Norte,2025,3,1,3,3,3,1,0,1,0,2,0,0,0.0,0.3333333333333333,0.0,0.6666666666666666,0.0,0.0,0.3333333333333333,0.0
12001,ALTO ACRE,AC,Norte,2007,0,0,0,0,0,0,0,0,0,0,0,0,,,,,,,,
12001,ALTO ACRE,AC,Norte,2008,0,0,0,0,0,0,0,0,0,0,0,0,,,,,,,,
12001,ALTO ACRE,AC,Norte,2009,1,0,1,1,1,0,0,0,0,0,1,0,0.0,0.0,0.0,0.0,1.0,0.0,0.0,1.0
12001,ALTO ACRE,AC,Norte,2010,1,0,1,1,1,0,0,1,0,0,0,0,0.0,1.0,0.0,0.0,0.0,0.0,0.0,0.0
12001,ALTO ACRE,AC,Norte,2011,9,0,9,9,9,5,0,1,6,1,0,1,0.0,0.1111111111111111,0.6666666666666666,0.1111111111111111,0.0,0.1111111111111111,0.5555555555555556,0.1111111111111111
12001,ALTO ACRE,AC,Norte,2012,7,0,6,7,7,5,1,2,2,1,1,0,0.14285714285714285,0.2857142857142857,0.2857142857142857,0.14285714285714285,0.14285714285714285,0.0,0.7142857142857143,0.14285714285714285
12001,ALTO ACRE,AC,Norte,2013,8,0,8,8,8,5,0,2,4,2,0,0,0.0,0.25,0.5,0.25,0.0,0.0,0.625,0.0
12001,ALTO ACRE,AC,Norte,2014,13,0,12,13,13,7,2,7,0,3,1,0,0.15384615384615385,0.5384615384615384,0.0,0.23076923076923078,0.07692307692307693,0.0,0.5384615384615384,0.07692307692307693
12001,ALTO ACRE,AC,Norte,2015,23,0,22,23,23,16,7,9,4,2,1,0,0.30434782608695654,0.391304347826087,0.17391304347826086,0.08695652173913043,0.043478260869565216,0.0,0.6956521739130435,0.043478260869565216
12001,ALTO ACRE,AC,Norte,2016,3,0,3,3,3,2,2,1,0,0,0,0,0.6666666666666666,0.3333333333333333,0.0,0.0,0.0,0.0,0.6666666666666666,0.0
12001,ALTO ACRE,AC,Norte,2017,5,0,5,5,5,4,0,3,1,1,0,0,0.0,0.6,0.2,0.2,0.0,0.0,0.8,0.0
12001,ALTO ACRE,AC,Norte,2018,1,0,1,1,1,1,0,0,1,0,0,0,0.0,0.0,1.0,0.0,0.0,0.0,1.0,0.0
12001,ALTO ACRE,AC,Norte,2019,6,0,6,6,6,6,0,2,1,3,0,0,0.0,0.3333333333333333,0.16666666666666666,0.5,0.0,0.0,1.0,0.0
12001,ALTO ACRE,AC,Norte,2020,6,0,5,6,6,3,4,1,0,1,0,0,0.6666666666666666,0.16666666666666666,0.0,0.16666666666666666,0.0,0.0,0.5,0.0
12001,ALTO ACRE,AC,Norte,2021,3,0,3,3,3,0,2,0,1,0,0,0,0.6666666666666666,0.0,0.3333333333333333,0.0,0.0,0.0,0.0,0.0
12001,ALTO ACRE,AC,Norte,2022,4,0,2,4,4,4,2,0,1,0,0,1,0.5,0.0,0.25,0.0,0.0,0.25,1.0,0.25
12001,ALTO ACRE,AC,Norte,2023,5,0,5,5,5,3,2,1,1,1,0,0,0.4,0.2,0.2,0.2,0.0,0.0,0.6,0.0
12001,ALTO ACRE,AC,Norte,2024,2,0,2,2,2,1,0,0,1,1,0,0,0.0,0.0,0.5,0.5,0.0,0.0,0.5,0.0
12001,ALTO ACRE,AC,Norte,2025,0,0,0,0,0,0,0,0,0,0,0,0,,,,,,,,
12002,BAIXO ACRE E PURUS,AC,Norte,2007,23,0,23,23,23,13,8,9,2,4,0,0,0.34782608695652173,0.391304347826087,0.08695652173913043,0.17391304347826086,0.0,0.0,0.5652173913043478,0.0
12002,BAIXO ACRE E PURUS,AC,Norte,2008,38,4,38,38,38,27,18,10,7,2,1,0,0.47368421052631576,0.2631578947368421,0.18421052631578946,0.05263157894736842,0.02631578947368421,0.0,0.7105263157894737,0.02631578947368421
12002,BAIXO ACRE E PURUS,AC,Norte,2009,66,6,66,66,66,41,15,23,16,7,3,2,0.22727272727272727,0.3484848484848485,0.24242424242424243,0.10606060606060606,0.045454545454545456,0.030303030303030304,0.6212121212121212,0.07575757575757576
12002,BAIXO ACRE E PURUS,AC,Norte,2010,40,4,40,40,40,21,6,8,14,10,2,0,0.15,0.2,0.35,0.25,0.05,0.0,0.525,0.05
12002,BAIXO ACRE E PURUS,AC,Norte,2011,105,5,103,105,105,59,17,40,29,11,7,1,0.1619047619047619,0.38095238095238093,0.2761904761904762,0.10476190476190476,0.06666666666666667,0.009523809523809525,0.5619047619047619,0.0761904761904762
12002,BAIXO ACRE E PURUS,AC,Norte,2012,240,5,239,240,240,139,37,71,86,24,20,2,0.15416666666666667,0.29583333333333334,0.35833333333333334,0.1,0.08333333333333333,0.008333333333333333,0.5791666666666667,0.09166666666666666
12002,BAIXO ACRE E PURUS,AC,Norte,2013,461,1,458,461,461,281,73,141,159,66,15,7,0.15835140997830802,0.30585683297180044,0.34490238611713664,0.14316702819956617,0.03253796095444685,0.015184381778741865,0.6095444685466378,0.04772234273318872
12002,BAIXO ACRE E PURUS,AC,Norte,2014,943,6,939,943,943,608,189,329,214,159,32,20,0.20042417815482502,0.3488865323435843,0.22693531283138918,0.16861081654294804,0.033934252386002124,0.021208907741251327,0.6447507953340403,0.055143160127253454
12002,BAIXO ACRE E PURUS,AC,Norte,2015,818,2,817,818,818,533,120,292,216,127,40,23,0.1466992665036675,0.3569682151589242,0.26405867970660146,0.1552567237163814,0.0488997555012225,0.028117359413202935,0.6515892420537898,0.07701711491442544
12002,BAIXO ACRE E PURUS,AC,Norte,2016,134,1,134,134,134,96,18,50,32,31,3,0,0.13432835820895522,0.373134328358209,0.23880597014925373,0.23134328358208955,0.022388059701492536,0.0,0.7164179104477612,0.022388059701492536
12002,BAIXO ACRE E PURUS,AC,Norte,2017,132,2,130,132,132,95,9,38,50,27,6,2,0.06818181818181818,0.2878787878787879,0.3787878787878788,0.20454545454545456,0.045454545454545456,0.015151515151515152,0.7196969696969697,0.06060606060606061
12002,BAIXO ACRE E PURUS,AC,Norte,2018,123,1,114,123,123,76,22,42,32,21,5,1,0.17886178861788618,0.34146341463414637,0.2601626016260163,0.17073170731707318,0.04065040650406504,0.008130081300813009,0.6178861788617886,0.04878048780487805
12002,BAIXO ACRE E PURUS,AC,Norte,2019,110,0,107,110,110,61,15,34,40,13,3,5,0.13636363636363635,0.3090909090909091,0.36363636363636365,0.11818181818181818,0.02727272727272727,0.045454545454545456,0.5545454545454546,0.07272727272727272
12002,BAIXO ACRE E PURUS,AC,Norte,2020,66,0,64,66,66,35,2,22,21,13,6,2,0.030303030303030304,0.3333333333333333,0.3181818181818182,0.19696969696969696,0.09090909090909091,0.030303030303030304,0.5303030303030303,0.12121212121212122
12002,BAIXO ACRE E PURUS,AC,Norte,2021,47,0,45,47,47,39,8,11,20,7,1,0,0.1702127659574468,0.23404255319148937,0.425531914893617,0.14893617021276595,0.02127659574468085,0.0,0.8297872340425532,0.02127659574468085
12002,BAIXO ACRE E PURUS,AC,Norte,2022,36,1,35,36,36,22,4,10,10,8,2,2,0.1111111111111111,0.2777777777777778,0.2777777777777778,0.2222222222222222,0.05555555555555555,0.05555555555555555,0.6111111111111112,0.1111111111111111
12002,BAIXO ACRE E PURUS,AC,Norte,2023,83,1,82,83,83,57,8,21,28,17,6,3,0.0963855421686747,0.25301204819277107,0.3373493975903614,0.20481927710843373,0.07228915662650602,0.03614457831325301,0.6867469879518072,0.10843373493975902
12002,BAIXO ACRE E PURUS,AC,Norte,2024,24,1,24,24,24,16,4,4,8,6,1,1,0.16666666666666666,0.16666666666666666,0.3333333333333333,0.25,0.041666666666666664,0.041666666666666664,0.6666666666666666,0.08333333333333333
12002,BAIXO ACRE E PURUS,AC,Norte,2025,47,1,47,47,47,30,6,15,12,13,0,1,0.1276595744680851,0.3191489361702128,0.2553191489361702,0.2765957446808511,0.0,0.02127659574468085,0.6382978723404256,0.02127659574468085
12003,JURUA E TARAUACA/ENVIRA,AC,Norte,2007,1,0,1,1,1,1,0,0,1,0,0,0,0.0,0.0,1.0,0.0,0.0,0.0,1.0,0.0
12003,JURUA E TARAUACA/ENVIRA,AC,Norte,2008,1,0,1,1,1,1,0,0,1,0,0,0,0.0,0.0,1.0,0.0,0.0,0.0,1.0,0.0
12003,JURUA E TARAUACA/ENVIRA,AC,Norte,2009,2,0,2,2,2,2,1,1,0,0,0,0,0.5,0.5,0.0,0.0,0.0,0.0,1.0,0.0
12003,JURUA E TARAUACA/ENVIRA,AC,Norte,2010,3,1,3,3,3,3,1,1,1,0,0,0,0.3333333333333333,0.3333333333333333,0.3333333333333333,0.0,0.0,0.0,1.0,0.0
12003,JURUA E TARAUACA/ENVIRA,AC,Norte,2011,21,1,21,21,21,14,6,3,9,1,2,0,0.2857142857142857,0.14285714285714285,0.42857142857142855,0.047619047619047616,0.09523809523809523,0.0,0.6666666666666666,0.09523809523809523
12003,JURUA E TARAUACA/ENVIRA,AC,Norte,2012,8,0,8,8,8,8,4,2,0,2,0,0,0.5,0.25,0.0,0.25,0.0,0.0,1.0,0.0
12003,JURUA E TARAUACA/ENVIRA,AC,Norte,2013,54,2,52,54,54,31,9,19,17,6,1,2,0.16666666666666666,0.35185185185185186,0.3148148148148148,0.1111111111111111,0.018518518518518517,0.037037037037037035,0.5740740740740741,0.05555555555555555
12003,JURUA E TARAUACA/ENVIRA,AC,Norte,2014,249,1,248,249,249,139,34,86,91,30,6,2,0.13654618473895583,0.3453815261044177,0.3654618473895582,0.12048192771084337,0.024096385542168676,0.008032128514056224,0.5582329317269076,0.0321285140562249
12003,JURUA E TARAUACA/ENVIRA,AC,Norte,2015,103,0,99,103,103,70,23,39,26,12,3,0,0.22330097087378642,0.3786407766990291,0.2524271844660194,0.11650485436893204,0.02912621359223301,0.0,0.6796116504854369,0.02912621359223301
12003,JURUA E TARAUACA/ENVIRA,AC,Norte,2016,45,0,45,45,45,34,10,17,10,8,0,0,0.2222222222222222,0.37777777777777777,0.2222222222222222,0.17777777777777778,0.0,0.0,0.7555555555555555,0.0
12003,JURUA E TARAUACA/ENVIRA,AC,Norte,2017,84,0,82,84,84,47,19,24,23,13,4,1,0.2261904761904762,0.2857142857142857,0.27380952380952384,0.15476190476190477,0.047619047619047616,0.011904761904761904,0.5595238095238095,0.05952380952380952
12003,JURUA E TARAUACA/ENVIRA,AC,Norte,2018,37,1,35,37,37,25,10,12,10,4,0,1,0.2702702702702703,0.32432432432432434,0.2702702702702703,0.10810810810810811,0.0,0.02702702702702703,0.6756756756756757,0.02702702702702703
12003,JURUA E TARAUACA/ENVIRA,AC,Norte,2019,92,0,89,92,92,55,16,37,22,12,2,3,0.17391304347826086,0.40217391304347827,0.2391304347826087,0.13043478260869565,0.021739130434782608,0.03260869565217391,0.5978260869565217,0.05434782608695652
12003,JURUA E TARAUACA/ENVIRA,AC,Norte,2020,77,0,77,77,77,50,13,9,28,20,3,4,0.16883116883116883,0.11688311688311688,0.36363636363636365,0.2597402597402597,0.03896103896103896,0.05194805194805195,0.6493506493506493,0.09090909090909091
12003,JURUA E TARAUACA/ENVIRA,AC,Norte,2021,82,1,76,82,82,42,11,19,27,17,6,2,0.13414634146341464,0.23170731707317074,0.32926829268292684,0.2073170731707317,0.07317073170731707,0.024390243902439025,0.5121951219512195,0.0975609756097561
12003,JURUA E TARAUACA/ENVIRA,AC,Norte,2022,47,0,44,47,47,32,7,11,13,9,4,3,0.14893617021276595,0.23404255319148937,0.2765957446808511,0.19148936170212766,0.0851063829787234,0.06382978723404255,0.6808510638297872,0.14893617021276595
12003,JURUA E TARAUACA/ENVIRA,AC,Norte,2023,75,1,73,75,75,49,19,19,24,9,4,0,0.25333333333333335,0.25333333333333335,0.32,0.12,0.05333333333333334,0.0,0.6533333333333333,0.05333333333333334
12003,JURUA E TARAUACA/ENVIRA,AC,Norte,2024,80,0,77,80,80,54,12,23,17,17,10,1,0.15,0.2875,0.2125,0.2125,0.125,0.0125,0.675,0.1375
12003,JURUA E TARAUACA/ENVIRA,AC,Norte,2025,60,0,58,60,60,38,9,19,16,13,1,2,0.15,0.31666666666666665,0.26666666666666666,0.21666666666666667,0.016666666666666666,0.03333333333333333,0.6333333333333333,0.05
13001,"MANAUS, ENTORNO E ALTO RIO NEGRO",AM,Norte,2007,42,4,41,42,42,35,3,16,16,4,3,0,0.07142857142857142,0.38095238095238093,0.38095238095238093,0.09523809523809523,0.07142857142857142,0.0,0.8333333333333334,0.07142857142857142
13001,"MANAUS, ENTORNO E ALTO RIO NEGRO",AM,Norte,2008,41,5,41,41,41,33,1,18,13,6,2,1,0.024390243902439025,0.43902439024390244,0.3170731707317073,0.14634146341463414,0.04878048780487805,0.024390243902439025,0.8048780487804879,0.07317073170731708
13001,"MANAUS, ENTORNO E ALTO RIO NEGRO",AM,Norte,2009,50,8,50,50,50,43,7,20,18,5,0,0,0.14,0.4,0.36,0.1,0.0,0.0,0.86,0.0
13001,"MANAUS, ENTORNO E ALTO RIO NEGRO",AM,Norte,2010,31,5,31,31,31,25,4,7,10,8,2,0,0.12903225806451613,0.22580645161290322,0.3225806451612903,0.25806451612903225,0.06451612903225806,0.0,0.8064516129032258,0.06451612903225806
13001,"MANAUS, ENTORNO E ALTO RIO NEGRO",AM,Norte,2011,62,5,61,62,62,47,9,18,17,13,3,2,0.14516129032258066,0.2903225806451613,0.27419354838709675,0.20967741935483872,0.04838709677419355,0.03225806451612903,0.7580645161290323,0.08064516129032258
13001,"MANAUS, ENTORNO E ALTO RIO NEGRO",AM,Norte,2012,55,5,53,55,55,47,10,16,20,5,4,0,0.18181818181818182,0.2909090909090909,0.36363636363636365,0.09090909090909091,0.07272727272727272,0.0,0.8545454545454545,0.07272727272727272
13001,"MANAUS, ENTORNO E ALTO RIO NEGRO",AM,Norte,2013,55,7,50,54,55,44,8,16,15,11,4,0,0.14814814814814814,0.2962962962962963,0.2777777777777778,0.2037037037037037,0.07407407407407407,0.0,0.8,0.07407407407407407
13001,"MANAUS, ENTORNO E ALTO RIO NEGRO",AM,Norte,2014,67,4,63,67,67,56,6,24,20,13,3,1,0.08955223880597014,0.3582089552238806,0.29850746268656714,0.19402985074626866,0.04477611940298507,0.014925373134328358,0.835820895522388,0.05970149253731343
13001,"MANAUS, ENTORNO E ALTO RIO NEGRO",AM,Norte,2015,53,5,51,53,53,47,4,24,17,6,2,0,0.07547169811320754,0.4528301886792453,0.32075471698113206,0.11320754716981132,0.03773584905660377,0.0,0.8867924528301887,0.03773584905660377
13001,"MANAUS, ENTORNO E ALTO RIO NEGRO",AM,Norte,2016,33,4,33,33,33,31,1,15,9,6,1,1,0.030303030303030304,0.45454545454545453,0.2727272727272727,0.18181818181818182,0.030303030303030304,0.030303030303030304,0.9393939393939394,0.06060606060606061
13001,"MANAUS, ENTORNO E ALTO RIO NEGRO",AM,Norte,2017,57,7,54,57,57,48,2,25,13,11,4,2,0.03508771929824561,0.43859649122807015,0.22807017543859648,0.19298245614035087,0.07017543859649122,0.03508771929824561,0.8421052631578947,0.10526315789473684
13001,"MANAUS, ENTORNO E ALTO RIO NEGRO",AM,Norte,2018,37,5,34,37,37,32,1,11,12,9,4,0,0.02702702702702703,0.2972972972972973,0.32432432432432434,0.24324324324324326,0.10810810810810811,0.0,0.8648648648648649,0.10810810810810811
13001,"MANAUS, ENTORNO E ALTO RIO NEGRO",AM,Norte,2019,33,5,32,33,33,31,1,12,12,8,0,0,0.030303030303030304,0.36363636363636365,0.36363636363636365,0.24242424242424243,0.0,0.0,0.9393939393939394,0.0
13001,"MANAUS, ENTORNO E ALTO RIO NEGRO",AM,Norte,2020,21,2,20,21,21,19,0,8,7,6,0,0,0.0,0.38095238095238093,0.3333333333333333,0.2857142857142857,0.0,0.0,0.9047619047619048,0.0
13001,"MANAUS, ENTORNO E ALTO RIO NEGRO",AM,Norte,2021,30,2,30,30,30,26,0,14,8,5,3,0,0.0,0.4666666666666667,0.26666666666666666,0.16666666666666666,0.1,0.0,0.8666666666666667,0.1
13001,"MANAUS, ENTORNO E ALTO RIO NEGRO",AM,Norte,2022,30,4,29,30,30,27,2,7,13,3,4,1,0.06666666666666667,0.23333333333333334,0.43333333333333335,0.1,0.13333333333333333,0.03333333333333333,0.9,0.16666666666666666
13001,"MANAUS, ENTORNO E ALTO RIO NEGRO",AM,Norte,2023,23,3,23,23,23,23,1,6,7,8,1,0,0.043478260869565216,0.2608695652173913,0.30434782608695654,0.34782608695652173,0.043478260869565216,0.0,1.0,0.043478260869565216
13001,"MANAUS, ENTORNO E ALTO RIO NEGRO",AM,Norte,2024,32,5,30,32,32,31,1,10,12,4,5,0,0.03125,0.3125,0.375,0.125,0.15625,0.0,0.96875,0.15625
13001,"MANAUS, ENTORNO E ALTO RIO NEGRO",AM,Norte,2025,39,7,38,39,39,32,6,11,8,10,4,0,0.15384615384615385,0.28205128205128205,0.20512820512820512,0.2564102564102564,0.10256410256410256,0.0,0.8205128205128205,0.10256410256410256
13002,RIO NEGRO E SOLIMOES,AM,Norte,2007,0,0,0,0,0,0,0,0,0,0,0,0,,,,,,,,
13002,RIO NEGRO E SOLIMOES,AM,Norte,2008,0,0,0,0,0,0,0,0,0,0,0,0,,,,,,,,
13002,RIO NEGRO E SOLIMOES,AM,Norte,2009,4,0,4,4,4,4,0,1,3,0,0,0,0.0,0.25,0.75,0.0,0.0,0.0,1.0,0.0
13002,RIO NEGRO E SOLIMOES,AM,Norte,2010,1,0,1,1,1,1,0,1,0,0,0,0,0.0,1.0,0.0,0.0,0.0,0.0,1.0,0.0
13002,RIO NEGRO E SOLIMOES,AM,Norte,2011,1,0,1,1,1,0,0,0,1,0,0,0,0.0,0.0,1.0,0.0,0.0,0.0,0.0,0.0
13002,RIO NEGRO E SOLIMOES,AM,Norte,2012,7,1,6,7,7,7,0,4,1,2,0,0,0.0,0.5714285714285714,0.14285714285714285,0.2857142857142857,0.0,0.0,1.0,0.0
13002,RIO NEGRO E SOLIMOES,AM,Norte,2013,4,0,3,4,4,4,1,0,3,0,0,0,0.25,0.0,0.75,0.0,0.0,0.0,1.0,0.0
13002,RIO NEGRO E SOLIMOES,AM,Norte,2014,1,0,1,1,1,1,1,0,0,0,0,0,1.0,0.0,0.0,0.0,0.0,0.0,1.0,0.0
13002,RIO NEGRO E SOLIMOES,AM,Norte,2015,2,0,2,2,2,2,1,0,0,0,1,0,0.5,0.0,0.0,0.0,0.5,0.0,1.0,0.5
13002,RIO NEGRO E SOLIMOES,AM,Norte,2016,4,0,4,4,4,3,0,1,2,0,1,0,0.0,0.25,0.5,0.0,0.25,0.0,0.75,0.25
13002,RIO NEGRO E SOLIMOES,AM,Norte,2017,3,0,3,3,3,3,0,2,1,0,0,0,0.0,0.6666666666666666,0.3333333333333333,0.0,0.0,0.0,1.0,0.0
13002,RIO NEGRO E SOLIMOES,AM,Norte,2018,4,0,2,4,4,3,1,0,2,0,0,1,0.25,0.0,0.5,0.0,0.0,0.25,0.75,0.25
13002,RIO NEGRO E SOLIMOES,AM,Norte,2019,3,1,2,3,3,3,0,1,2,0,0,0,0.0,0.3333333333333333,0.6666666666666666,0.0,0.0,0.0,1.0,0.0
13002,RIO NEGRO E SOLIMOES,AM,Norte,2020,1,0,1,1,1,1,0,0,1,0,0,0,0.0,0.0,1.0,0.0,0.0,0.0,1.0,0.0
13002,RIO NEGRO E SOLIMOES,AM,Norte,2021,2,1,2,2,2,2,0,0,0,2,0,0,0.0,0.0,0.0,1.0,0.0,0.0,1.0,0.0
13002,RIO NEGRO E SOLIMOES,AM,Norte,2022,6,1,6,6,6,6,2,0,3,1,0,0,0.3333333333333333,0.0,0.5,0.16666666666666666,0.0,0.0,1.0,0.0
13002,RIO NEGRO E SOLIMOES,AM,Norte,2023,1,0,0,1,1,1,0,0,0,1,0,0,0.0,0.0,0.0,1.0,0.0,0.0,1.0,0.0
13002,RIO NEGRO E SOLIMOES,AM,Norte,2024,3,0,3,3,3,3,0,0,1,1,1,0,0.0,0.0,0.3333333333333333,0.3333333333333333,0.3333333333333333,0.0,1.0,0.3333333333333333
13002,RIO NEGRO E SOLIMOES,AM,Norte,2025,14,1,10,14,14,13,1,4,7,1,1,0,0.07142857142857142,0.2857142857142857,0.5,0.07142857142857142,0.07142857142857142,0.0,0.9285714285714286,0.07142857142857142
13003,RIO MADEIRA,AM,Norte,2007,1,0,1,1,1,0,0,0,0,1,0,0,0.0,0.0,0.0,1.0,0.0,0.0,0.0,0.0
13003,RIO MADEIRA,AM,Norte,2008,0,0,0,0,0,0,0,0,0,0,0,0,,,,,,,,
13003,RIO MADEIRA,AM,Norte,2009,0,0,0,0,0,0,0,0,0,0,0,0,,,,,,,,
13003,RIO MADEIRA,AM,Norte,2010,1,0,1,1,1,1,0,1,0,0,0,0,0.0,1.0,0.0,0.0,0.0,0.0,1.0,0.0
13003,RIO MADEIRA,AM,Norte,2011,3,0,3,3,3,3,1,0,2,0,0,0,0.3333333333333333,0.0,0.6666666666666666,0.0,0.0,0.0,1.0,0.0
13003,RIO MADEIRA,AM,Norte,2012,0,0,0,0,0,0,0,0,0,0,0,0,,,,,,,,
13003,RIO MADEIRA,AM,Norte,2013,1,0,0,1,1,0,0,1,0,0,0,0,0.0,1.0,0.0,0.0,0.0,0.0,0.0,0.0
13003,RIO MADEIRA,AM,Norte,2014,9,0,9,9,9,8,2,2,5,0,0,0,0.2222222222222222,0.2222222222222222,0.5555555555555556,0.0,0.0,0.0,0.8888888888888888,0.0
13003,RIO MADEIRA,AM,Norte,2015,0,0,0,0,0,0,0,0,0,0,0,0,,,,,,,,
13003,RIO MADEIRA,AM,Norte,2016,2,0,2,2,2,2,1,1,0,0,0,0,0.5,0.5,0.0,0.0,0.0,0.0,1.0,0.0
13003,RIO MADEIRA,AM,Norte,2017,0,0,0,0,0,0,0,0,0,0,0,0,,,,,,,,
13003,RIO MADEIRA,AM,Norte,2018,5,1,5,5,5,5,0,4,1,0,0,0,0.0,0.8,0.2,0.0,0.0,0.0,1.0,0.0
13003,RIO MADEIRA,AM,Norte,2019,1,0,1,1,1,1,0,1,0,0,0,0,0.0,1.0,0.0,0.0,0.0,0.0,1.0,0.0
13003,RIO MADEIRA,AM,Norte,2020,0,0,0,0,0,0,0,0,0,0,0,0,,,,,,,,
13003,RIO MADEIRA,AM,Norte,2021,0,0,0,0,0,0,0,0,0,0,0,0,,,,,,,,
13003,RIO MADEIRA,AM,Norte,2022,0,0,0,0,0,0,0,0,0,0,0,0,,,,,,,,
13003,RIO MADEIRA,AM,Norte,2023,1,0,1,1,1,0,0,0,0,1,0,0,0.0,0.0,0.0,1.0,0.0,0.0,0.0,0.0
13003,RIO MADEIRA,AM,Norte,2024,2,1,2,2,2,1,0,1,0,0,0,1,0.0,0.5,0.0,0.0,0.0,0.5,0.5,0.5
13003,RIO MADEIRA,AM,Norte,2025,2,0,2,2,2,2,0,0,0,2,0,0,0.0,0.0,0.0,1.0,0.0,0.0,1.0,0.0
13004,MEDIO AMAZONAS,AM,Norte,2007,0,0,0,0,0,0,0,0,0,0,0,0,,,,,,,,
13004,MEDIO AMAZONAS,AM,Norte,2008,3,1,3,3,3,2,0,1,1,0,1,0,0.0,0.3333333333333333,0.3333333333333333,0.0,0.3333333333333333,0.0,0.6666666666666666,0.3333333333333333
13004,MEDIO AMAZONAS,AM,Norte,2009,2,0,2,2,2,2,0,0,1,1,0,0,0.0,0.0,0.5,0.5,0.0,0.0,1.0,0.0
13004,MEDIO AMAZONAS,AM,Norte,2010,0,0,0,0,0,0,0,0,0,0,0,0,,,,,,,,
13004,MEDIO AMAZONAS,AM,Norte,2011,0,0,0,0,0,0,0,0,0,0,0,0,,,,,,,,
13004,MEDIO AMAZONAS,AM,Norte,2012,0,0,0,0,0,0,0,0,0,0,0,0,,,,,,,,
13004,MEDIO AMAZONAS,AM,Norte,2013,0,0,0,0,0,0,0,0,0,0,0,0,,,,,,,,
13004,MEDIO AMAZONAS,AM,Norte,2014,1,0,1,1,1,1,0,0,1,0,0,0,0.0,0.0,1.0,0.0,0.0,0.0,1.0,0.0
13004,MEDIO AMAZONAS,AM,Norte,2015,4,0,4,4,4,2,1,0,1,2,0,0,0.25,0.0,0.25,0.5,0.0,0.0,0.5,0.0
13004,MEDIO AMAZONAS,AM,Norte,2016,1,0,1,1,1,1,0,0,0,1,0,0,0.0,0.0,0.0,1.0,0.0,0.0,1.0,0.0
13004,MEDIO AMAZONAS,AM,Norte,2017,1,0,1,1,1,1,0,1,0,0,0,0,0.0,1.0,0.0,0.0,0.0,0.0,1.0,0.0
13004,MEDIO AMAZONAS,AM,Norte,2018,2,0,2,2,2,1,2,0,0,0,0,0,1.0,0.0,0.0,0.0,0.0,0.0,0.5,0.0
13004,MEDIO AMAZONAS,AM,Norte,2019,2,0,2,2,2,2,0,1,1,0,0,0,0.0,0.5,0.5,0.0,0.0,0.0,1.0,0.0
13004,MEDIO AMAZONAS,AM,Norte,2020,0,0,0,0,0,0,0,0,0,0,0,0,,,,,,,,
13004,MEDIO AMAZONAS,AM,Norte,2021,1,0,1,1,1,1,0,0,1,0,0,0,0.0,0.0,1.0,0.0,0.0,0.0,1.0,0.0
13004,MEDIO AMAZONAS,AM,Norte,2022,1,0,1,1,1,1,0,0,0,0,0,1,0.0,0.0,0.0,0.0,0.0,1.0,1.0,1.0
13004,MEDIO AMAZONAS,AM,Norte,2023,1,0,1,1,1,1,0,1,0,0,0,0,0.0,1.0,0.0,0.0,0.0,0.0,1.0,0.0
13004,MEDIO AMAZONAS,AM,Norte,2024,1,1,1,1,1,1,0,0,0,1,0,0,0.0,0.0,0.0,1.0,0.0,0.0,1.0,0.0
13004,MEDIO AMAZONAS,AM,Norte,2025,1,0,1,1,1,1,0,0,1,0,0,0,0.0,0.0,1.0,0.0,0.0,0.0,1.0,0.0
13005,BAIXO AMAZONAS,AM,Norte,2007,2,1,2,2,2,1,0,1,1,0,0,0,0.0,0.5,0.5,0.0,0.0,0.0,0.5,0.0
13005,BAIXO AMAZONAS,AM,Norte,2008,2,0,2,2,2,2,0,1,0,1,0,0,0.0,0.5,0.0,0.5,0.0,0.0,1.0,0.0
13005,BAIXO AMAZONAS,AM,Norte,2009,1,0,1,1,1,1,0,1,0,0,0,0,0.0,1.0,0.0,0.0,0.0,0.0,1.0,0.0
13005,BAIXO AMAZONAS,AM,Norte,2010,3,1,3,3,3,2,0,2,1,0,0,0,0.0,0.6666666666666666,0.3333333333333333,0.0,0.0,0.0,0.6666666666666666,0.0
13005,BAIXO AMAZONAS,AM,Norte,2011,4,1,3,4,4,4,1,1,2,0,0,0,0.25,0.25,0.5,0.0,0.0,0.0,1.0,0.0
13005,BAIXO AMAZONAS,AM,Norte,2012,4,0,4,4,4,2,0,1,0,3,0,0,0.0,0.25,0.0,0.75,0.0,0.0,0.5,0.0
13005,BAIXO AMAZONAS,AM,Norte,2013,2,0,2,2,2,1,0,2,0,0,0,0,0.0,1.0,0.0,0.0,0.0,0.0,0.5,0.0
13005,BAIXO AMAZONAS,AM,Norte,2014,5,0,5,5,5,5,0,4,0,1,0,0,0.0,0.8,0.0,0.2,0.0,0.0,1.0,0.0
13005,BAIXO AMAZONAS,AM,Norte,2015,6,1,6,6,6,6,1,3,0,2,0,0,0.16666666666666666,0.5,0.0,0.3333333333333333,0.0,0.0,1.0,0.0
13005,BAIXO AMAZONAS,AM,Norte,2016,8,2,8,8,8,6,0,3,5,0,0,0,0.0,0.375,0.625,0.0,0.0,0.0,0.75,0.0
13005,BAIXO AMAZONAS,AM,Norte,2017,5,1,5,5,5,3,0,3,0,1,1,0,0.0,0.6,0.0,0.2,0.2,0.0,0.6,0.2
13005,BAIXO AMAZONAS,AM,Norte,2018,8,0,8,8,8,7,0,0,4,0,3,1,0.0,0.0,0.5,0.0,0.375,0.125,0.875,0.5
13005,BAIXO AMAZONAS,AM,Norte,2019,4,0,4,4,4,3,1,1,2,0,0,0,0.25,0.25,0.5,0.0,0.0,0.0,0.75,0.0
13005,BAIXO AMAZONAS,AM,Norte,2020,0,0,0,0,0,0,0,0,0,0,0,0,,,,,,,,
13005,BAIXO AMAZONAS,AM,Norte,2021,2,0,2,2,2,2,0,0,2,0,0,0,0.0,0.0,1.0,0.0,0.0,0.0,1.0,0.0
13005,BAIXO AMAZONAS,AM,Norte,2022,2,0,1,2,2,2,0,2,0,0,0,0,0.0,1.0,0.0,0.0,0.0,0.0,1.0,0.0
13005,BAIXO AMAZONAS,AM,Norte,2023,0,0,0,0,0,0,0,0,0,0,0,0,,,,,,,,
13005,BAIXO AMAZONAS,AM,Norte,2024,1,0,1,1,1,1,0,1,0,0,0,0,0.0,1.0,0.0,0.0,0.0,0.0,1.0,0.0
13005,BAIXO AMAZONAS,AM,Norte,2025,1,0,1,1,1,1,0,0,0,1,0,0,0.0,0.0,0.0,1.0,0.0,0.0,1.0,0.0
13006,REGIONAL PURUS,AM,Norte,2007,0,0,0,0,0,0,0,0,0,0,0,0,,,,,,,,
13006,REGIONAL PURUS,AM,Norte,2008,3,1,3,3,3,3,2,1,0,0,0,0,0.6666666666666666,0.3333333333333333,0.0,0.0,0.0,0.0,1.0,0.0
13006,REGIONAL PURUS,AM,Norte,2009,0,0,0,0,0,0,0,0,0,0,0,0,,,,,,,,
13006,REGIONAL PURUS,AM,Norte,2010,1,0,1,1,1,1,0,1,0,0,0,0,0.0,1.0,0.0,0.0,0.0,0.0,1.0,0.0
13006,REGIONAL PURUS,AM,Norte,2011,1,0,1,1,1,0,0,1,0,0,0,0,0.0,1.0,0.0,0.0,0.0,0.0,0.0,0.0
13006,REGIONAL PURUS,AM,Norte,2012,7,0,7,7,7,6,2,0,3,1,1,0,0.2857142857142857,0.0,0.42857142857142855,0.14285714285714285,0.14285714285714285,0.0,0.8571428571428571,0.14285714285714285
13006,REGIONAL PURUS,AM,Norte,2013,9,0,9,9,9,6,0,3,4,2,0,0,0.0,0.3333333333333333,0.4444444444444444,0.2222222222222222,0.0,0.0,0.6666666666666666,0.0
13006,REGIONAL PURUS,AM,Norte,2014,15,1,14,15,15,6,2,3,4,3,1,2,0.13333333333333333,0.2,0.26666666666666666,0.2,0.06666666666666667,0.13333333333333333,0.4,0.2
13006,REGIONAL PURUS,AM,Norte,2015,12,0,11,12,12,10,3,3,2,4,0,0,0.25,0.25,0.16666666666666666,0.3333333333333333,0.0,0.0,0.8333333333333334,0.0
13006,REGIONAL PURUS,AM,Norte,2016,2,0,2,2,2,2,0,1,1,0,0,0,0.0,0.5,0.5,0.0,0.0,0.0,1.0,0.0
13006,REGIONAL PURUS,AM,Norte,2017,3,0,3,3,3,3,1,1,1,0,0,0,0.3333333333333333,0.3333333333333333,0.3333333333333333,0.0,0.0,0.0,1.0,0.0
13006,REGIONAL PURUS,AM,Norte,2018,5,0,0,5,5,3,1,2,1,1,0,0,0.2,0.4,0.2,0.2,0.0,0.0,0.6,0.0
13006,REGIONAL PURUS,AM,Norte,2019,0,0,0,0,0,0,0,0,0,0,0,0,,,,,,,,
13006,REGIONAL PURUS,AM,Norte,2020,4,0,4,4,4,3,1,0,0,1,1,1,0.25,0.0,0.0,0.25,0.25,0.25,0.75,0.5
13006,REGIONAL PURUS,AM,Norte,2021,1,0,1,1,1,1,0,1,0,0,0,0,0.0,1.0,0.0,0.0,0.0,0.0,1.0,0.0
13006,REGIONAL PURUS,AM,Norte,2022,1,0,0,1,1,1,0,1,0,0,0,0,0.0,1.0,0.0,0.0,0.0,0.0,1.0,0.0
13006,REGIONAL PURUS,AM,Norte,2023,5,0,1,5,5,5,0,0,1,2,0,2,0.0,0.0,0.2,0.4,0.0,0.4,1.0,0.4
13006,REGIONAL PURUS,AM,Norte,2024,1,0,1,1,1,0,0,0,1,0,0,0,0.0,0.0,1.0,0.0,0.0,0.0,0.0,0.0
13006,REGIONAL PURUS,AM,Norte,2025,2,0,2,2,2,2,0,0,1,1,0,0,0.0,0.0,0.5,0.5,0.0,0.0,1.0,0.0
13007,REGIONAL JURUA,AM,Norte,2007,2,0,2,2,2,0,0,0,2,0,0,0,0.0,0.0,1.0,0.0,0.0,0.0,0.0,0.0
13007,REGIONAL JURUA,AM,Norte,2008,0,0,0,0,0,0,0,0,0,0,0,0,,,,,,,,
13007,REGIONAL JURUA,AM,Norte,2009,0,0,0,0,0,0,0,0,0,0,0,0,,,,,,,,
13007,REGIONAL JURUA,AM,Norte,2010,1,0,1,1,1,0,0,1,0,0,0,0,0.0,1.0,0.0,0.0,0.0,0.0,0.0,0.0
13007,REGIONAL JURUA,AM,Norte,2011,0,0,0,0,0,0,0,0,0,0,0,0,,,,,,,,
13007,REGIONAL JURUA,AM,Norte,2012,0,0,0,0,0,0,0,0,0,0,0,0,,,,,,,,
13007,REGIONAL JURUA,AM,Norte,2013,0,0,0,0,0,0,0,0,0,0,0,0,,,,,,,,
13007,REGIONAL JURUA,AM,Norte,2014,0,0,0,0,0,0,0,0,0,0,0,0,,,,,,,,
13007,REGIONAL JURUA,AM,Norte,2015,2,0,0,2,2,1,0,1,0,1,0,0,0.0,0.5,0.0,0.5,0.0,0.0,0.5,0.0
13007,REGIONAL JURUA,AM,Norte,2016,0,0,0,0,0,0,0,0,0,0,0,0,,,,,,,,
13007,REGIONAL JURUA,AM,Norte,2017,2,0,0,2,2,2,1,1,0,0,0,0,0.5,0.5,0.0,0.0,0.0,0.0,1.0,0.0
13007,REGIONAL JURUA,AM,Norte,2018,1,0,1,1,1,0,0,0,0,1,0,0,0.0,0.0,0.0,1.0,0.0,0.0,0.0,0.0
13007,REGIONAL JURUA,AM,Norte,2019,3,0,3,3,3,2,0,0,2,0,1,0,0.0,0.0,0.6666666666666666,0.0,0.3333333333333333,0.0,0.6666666666666666,0.3333333333333333
13007,REGIONAL JURUA,AM,Norte,2020,4,0,4,4,4,3,0,0,3,1,0,0,0.0,0.0,0.75,0.25,0.0,0.0,0.75,0.0
13007,REGIONAL JURUA,AM,Norte,2021,3,0,2,3,3,0,0,1,2,0,0,0,0.0,0.3333333333333333,0.6666666666666666,0.0,0.0,0.0,0.0,0.0
13007,REGIONAL JURUA,AM,Norte,2022,1,0,1,1,1,1,0,1,0,0,0,0,0.0,1.0,0.0,0.0,0.0,0.0,1.0,0.0
13007,REGIONAL JURUA,AM,Norte,2023,6,0,5,6,6,4,2,1,2,0,1,0,0.3333333333333333,0.16666666666666666,0.3333333333333333,0.0,0.16666666666666666,0.0,0.6666666666666666,0.16666666666666666
13007,REGIONAL JURUA,AM,Norte,2024,6,0,6,6,6,4,0,2,1,2,1,0,0.0,0.3333333333333333,0.16666666666666666,0.3333333333333333,0.16666666666666666,0.0,0.6666666666666666,0.16666666666666666
13007,REGIONAL JURUA,AM,Norte,2025,10,0,10,10,10,7,0,1,5,3,0,1,0.0,0.1,0.5,0.3,0.0,0.1,0.7,0.1
13008,TRIANGULO,AM,Norte,2007,0,0,0,0,0,0,0,0,0,0,0,0,,,,,,,,
13008,TRIANGULO,AM,Norte,2008,0,0,0,0,0,0,0,0,0,0,0,0,,,,,,,,
13008,TRIANGULO,AM,Norte,2009,1,1,1,1,1,1,0,0,0,1,0,0,0.0,0.0,0.0,1.0,0.0,0.0,1.0,0.0
13008,TRIANGULO,AM,Norte,2010,0,0,0,0,0,0,0,0,0,0,0,0,,,,,,,,
13008,TRIANGULO,AM,Norte,2011,1,0,1,1,1,0,0,1,0,0,0,0,0.0,1.0,0.0,0.0,0.0,0.0,0.0,0.0
13008,TRIANGULO,AM,Norte,2012,1,0,1,1,1,1,0,0,0,1,0,0,0.0,0.0,0.0,1.0,0.0,0.0,1.0,0.0
13008,TRIANGULO,AM,Norte,2013,2,1,1,2,2,2,0,0,2,0,0,0,0.0,0.0,1.0,0.0,0.0,0.0,1.0,0.0
13008,TRIANGULO,AM,Norte,2014,1,0,1,1,1,1,1,0,0,0,0,0,1.0,0.0,0.0,0.0,0.0,0.0,1.0,0.0
13008,TRIANGULO,AM,Norte,2015,1,0,1,1,1,1,0,1,0,0,0,0,0.0,1.0,0.0,0.0,0.0,0.0,1.0,0.0
13008,TRIANGULO,AM,Norte,2016,1,0,1,1,1,1,1,0,0,0,0,0,1.0,0.0,0.0,0.0,0.0,0.0,1.0,0.0
13008,TRIANGULO,AM,Norte,2017,2,0,2,2,2,2,0,2,0,0,0,0,0.0,1.0,0.0,0.0,0.0,0.0,1.0,0.0
13008,TRIANGULO,AM,Norte,2018,1,0,1,1,1,0,0,0,0,0,1,0,0.0,0.0,0.0,0.0,1.0,0.0,0.0,1.0
13008,TRIANGULO,AM,Norte,2019,1,0,1,1,1,1,0,0,1,0,0,0,0.0,0.0,1.0,0.0,0.0,0.0,1.0,0.0
13008,TRIANGULO,AM,Norte,2020,1,0,1,1,1,1,0,1,0,0,0,0,0.0,1.0,0.0,0.0,0.0,0.0,1.0,0.0
13008,TRIANGULO,AM,Norte,2021,0,0,0,0,0,0,0,0,0,0,0,0,,,,,,,,
13008,TRIANGULO,AM,Norte,2022,2,0,1,2,2,2,1,1,0,0,0,0,0.5,0.5,0.0,0.0,0.0,0.0,1.0,0.0
13008,TRIANGULO,AM,Norte,2023,0,0,0,0,0,0,0,0,0,0,0,0,,,,,,,,
13008,TRIANGULO,AM,Norte,2024,2,0,2,2,2,1,0,1,0,1,0,0,0.0,0.5,0.0,0.5,0.0,0.0,0.5,0.0
13008,TRIANGULO,AM,Norte,2025,1,0,1,1,1,1,0,0,0,0,1,0,0.0,0.0,0.0,0.0,1.0,0.0,1.0,1.0
13009,ALTO SOLIMOES,AM,Norte,2007,0,0,0,0,0,0,0,0,0,0,0,0,,,,,,,,
13009,ALTO SOLIMOES,AM,Norte,2008,1,1,1,1,1,1,0,0,1,0,0,0,0.0,0.0,1.0,0.0,0.0,0.0,1.0,0.0
13009,ALTO SOLIMOES,AM,Norte,2009,2,2,2,2,2,1,0,2,0,0,0,0,0.0,1.0,0.0,0.0,0.0,0.0,0.5,0.0
13009,ALTO SOLIMOES,AM,Norte,2010,2,0,2,2,2,2,0,2,0,0,0,0,0.0,1.0,0.0,0.0,0.0,0.0,1.0,0.0
13009,ALTO SOLIMOES,AM,Norte,2011,4,0,4,4,4,4,0,0,2,2,0,0,0.0,0.0,0.5,0.5,0.0,0.0,1.0,0.0
13009,ALTO SOLIMOES,AM,Norte,2012,1,0,1,1,1,1,0,1,0,0,0,0,0.0,1.0,0.0,0.0,0.0,0.0,1.0,0.0
13009,ALTO SOLIMOES,AM,Norte,2013,0,0,0,0,0,0,0,0,0,0,0,0,,,,,,,,
13009,ALTO SOLIMOES,AM,Norte,2014,1,0,1,1,1,0,0,1,0,0,0,0,0.0,1.0,0.0,0.0,0.0,0.0,0.0,0.0
13009,ALTO SOLIMOES,AM,Norte,2015,1,0,0,1,1,1,0,0,1,0,0,0,0.0,0.0,1.0,0.0,0.0,0.0,1.0,0.0
13009,ALTO SOLIMOES,AM,Norte,2016,0,0,0,0,0,0,0,0,0,0,0,0,,,,,,,,
13009,ALTO SOLIMOES,AM,Norte,2017,1,0,0,1,1,1,0,1,0,0,0,0,0.0,1.0,0.0,0.0,0.0,0.0,1.0,0.0
13009,ALTO SOLIMOES,AM,Norte,2018,1,0,1,1,1,1,0,1,0,0,0,0,0.0,1.0,0.0,0.0,0.0,0.0,1.0,0.0
13009,ALTO SOLIMOES,AM,Norte,2019,2,1,2,2,2,2,0,2,0,0,0,0,0.0,1.0,0.0,0.0,0.0,0.0,1.0,0.0
13009,ALTO SOLIMOES,AM,Norte,2020,3,1,3,3,3,2,0,2,1,0,0,0,0.0,0.6666666666666666,0.3333333333333333,0.0,0.0,0.0,0.6666666666666666,0.0
13009,ALTO SOLIMOES,AM,Norte,2021,2,0,2,2,2,1,0,0,0,1,1,0,0.0,0.0,0.0,0.5,0.5,0.0,0.5,0.5
13009,ALTO SOLIMOES,AM,Norte,2022,3,0,2,3,3,3,1,1,0,0,1,0,0.3333333333333333,0.3333333333333333,0.0,0.0,0.3333333333333333,0.0,1.0,0.3333333333333333
13009,ALTO SOLIMOES,AM,Norte,2023,1,0,1,1,1,1,0,1,0,0,0,0,0.0,1.0,0.0,0.0,0.0,0.0,1.0,0.0
13009,ALTO SOLIMOES,AM,Norte,2024,1,0,1,1,1,1,1,0,0,0,0,0,1.0,0.0,0.0,0.0,0.0,0.0,1.0,0.0
13009,ALTO SOLIMOES,AM,Norte,2025,1,0,1,1,1,1,0,0,1,0,0,0,0.0,0.0,1.0,0.0,0.0,0.0,1.0,0.0
14001,CENTRO NORTE,RR,Norte,2007,1,0,1,1,1,0,0,0,0,1,0,0,0.0,0.0,0.0,1.0,0.0,0.0,0.0,0.0
14001,CENTRO NORTE,RR,Norte,2008,1,1,1,1,1,1,0,1,0,0,0,0,0.0,1.0,0.0,0.0,0.0,0.0,1.0,0.0
14001,CENTRO NORTE,RR,Norte,2009,0,0,0,0,0,0,0,0,0,0,0,0,,,,,,,,
14001,CENTRO NORTE,RR,Norte,2010,1,0,1,1,1,0,0,0,0,0,1,0,0.0,0.0,0.0,0.0,1.0,0.0,0.0,1.0
14001,CENTRO NORTE,RR,Norte,2011,0,0,0,0,0,0,0,0,0,0,0,0,,,,,,,,
14001,CENTRO NORTE,RR,Norte,2012,1,0,1,1,1,1,0,0,1,0,0,0,0.0,0.0,1.0,0.0,0.0,0.0,1.0,0.0
14001,CENTRO NORTE,RR,Norte,2013,1,0,1,1,1,1,0,1,0,0,0,0,0.0,1.0,0.0,0.0,0.0,0.0,1.0,0.0
14001,CENTRO NORTE,RR,Norte,2014,4,0,1,4,4,1,0,1,1,2,0,0,0.0,0.25,0.25,0.5,0.0,0.0,0.25,0.0
14001,CENTRO NORTE,RR,Norte,2015,1,0,0,1,1,0,0,1,0,0,0,0,0.0,1.0,0.0,0.0,0.0,0.0,0.0,0.0
14001,CENTRO NORTE,RR,Norte,2016,0,0,0,0,0,0,0,0,0,0,0,0,,,,,,,,
14001,CENTRO NORTE,RR,Norte,2017,2,0,2,2,2,2,0,0,2,0,0,0,0.0,0.0,1.0,0.0,0.0,0.0,1.0,0.0
14001,CENTRO NORTE,RR,Norte,2018,2,0,2,2,2,2,0,0,2,0,0,0,0.0,0.0,1.0,0.0,0.0,0.0,1.0,0.0
14001,CENTRO NORTE,RR,Norte,2019,3,0,1,3,3,3,0,0,2,1,0,0,0.0,0.0,0.6666666666666666,0.3333333333333333,0.0,0.0,1.0,0.0
14001,CENTRO NORTE,RR,Norte,2020,1,0,1,1,1,1,0,1,0,0,0,0,0.0,1.0,0.0,0.0,0.0,0.0,1.0,0.0
14001,CENTRO NORTE,RR,Norte,2021,3,0,3,3,3,3,2,0,0,1,0,0,0.6666666666666666,0.0,0.0,0.3333333333333333,0.0,0.0,1.0,0.0
14001,CENTRO NORTE,RR,Norte,2022,4,1,3,4,4,4,0,2,1,1,0,0,0.0,0.5,0.25,0.25,0.0,0.0,1.0,0.0
14001,CENTRO NORTE,RR,Norte,2023,2,0,1,2,2,0,1,1,0,0,0,0,0.5,0.5,0.0,0.0,0.0,0.0,0.0,0.0
14001,CENTRO NORTE,RR,Norte,2024,2,0,0,2,2,2,0,1,1,0,0,0,0.0,0.5,0.5,0.0,0.0,0.0,1.0,0.0
14001,CENTRO NORTE,RR,Norte,2025,4,0,4,4,4,2,0,4,0,0,0,0,0.0,1.0,0.0,0.0,0.0,0.0,0.5,0.0
14002,SUL,RR,Norte,2007,1,0,0,1,1,1,0,0,1,0,0,0,0.0,0.0,1.0,0.0,0.0,0.0,1.0,0.0
14002,SUL,RR,Norte,2008,3,0,3,3,3,2,0,2,1,0,0,0,0.0,0.6666666666666666,0.3333333333333333,0.0,0.0,0.0,0.6666666666666666,0.0
14002,SUL,RR,Norte,2009,1,0,0,1,1,0,0,1,0,0,0,0,0.0,1.0,0.0,0.0,0.0,0.0,0.0,0.0
14002,SUL,RR,Norte,2010,1,0,1,1,1,0,0,1,0,0,0,0,0.0,1.0,0.0,0.0,0.0,0.0,0.0,0.0
14002,SUL,RR,Norte,2011,0,0,0,0,0,0,0,0,0,0,0,0,,,,,,,,
14002,SUL,RR,Norte,2012,1,0,0,1,1,1,0,1,0,0,0,0,0.0,1.0,0.0,0.0,0.0,0.0,1.0,0.0
14002,SUL,RR,Norte,2013,4,0,1,4,4,3,0,1,2,1,0,0,0.0,0.25,0.5,0.25,0.0,0.0,0.75,0.0
14002,SUL,RR,Norte,2014,0,0,0,0,0,0,0,0,0,0,0,0,,,,,,,,
14002,SUL,RR,Norte,2015,0,0,0,0,0,0,0,0,0,0,0,0,,,,,,,,
14002,SUL,RR,Norte,2016,0,0,0,0,0,0,0,0,0,0,0,0,,,,,,,,
14002,SUL,RR,Norte,2017,0,0,0,0,0,0,0,0,0,0,0,0,,,,,,,,
14002,SUL,RR,Norte,2018,0,0,0,0,0,0,0,0,0,0,0,0,,,,,,,,
14002,SUL,RR,Norte,2019,0,0,0,0,0,0,0,0,0,0,0,0,,,,,,,,
14002,SUL,RR,Norte,2020,0,0,0,0,0,0,0,0,0,0,0,0,,,,,,,,
14002,SUL,RR,Norte,2021,1,0,1,1,1,1,0,0,0,0,1,0,0.0,0.0,0.0,0.0,1.0,0.0,1.0,1.0
14002,SUL,RR,Norte,2022,2,0,1,2,2,2,0,1,1,0,0,0,0.0,0.5,0.5,0.0,0.0,0.0,1.0,0.0
14002,SUL,RR,Norte,2023,0,0,0,0,0,0,0,0,0,0,0,0,,,,,,,,
14002,SUL,RR,Norte,2024,1,0,0,1,1,1,1,0,0,0,0,0,1.0,0.0,0.0,0.0,0.0,0.0,1.0,0.0
14002,SUL,RR,Norte,2025,1,0,1,1,1,1,0,0,1,0,0,0,0.0,0.0,1.0,0.0,0.0,0.0,1.0,0.0
15001,ARAGUAIA,PA,Norte,2007,1,0,1,1,1,1,0,0,1,0,0,0,0.0,0.0,1.0,0.0,0.0,0.0,1.0,0.0
15001,ARAGUAIA,PA,Norte,2008,2,0,2,2,2,2,0,0,0,2,0,0,0.0,0.0,0.0,1.0,0.0,0.0,1.0,0.0
15001,ARAGUAIA,PA,Norte,2009,1,0,1,1,1,1,0,1,0,0,0,0,0.0,1.0,0.0,0.0,0.0,0.0,1.0,0.0
15001,ARAGUAIA,PA,Norte,2010,0,0,0,0,0,0,0,0,0,0,0,0,,,,,,,,
15001,ARAGUAIA,PA,Norte,2011,3,0,3,3,3,3,1,1,1,0,0,0,0.3333333333333333,0.3333333333333333,0.3333333333333333,0.0,0.0,0.0,1.0,0.0
15001,ARAGUAIA,PA,Norte,2012,1,0,1,1,1,0,0,1,0,0,0,0,0.0,1.0,0.0,0.0,0.0,0.0,0.0,0.0
15001,ARAGUAIA,PA,Norte,2013,0,0,0,0,0,0,0,0,0,0,0,0,,,,,,,,
15001,ARAGUAIA,PA,Norte,2014,0,0,0,0,0,0,0,0,0,0,0,0,,,,,,,,
15001,ARAGUAIA,PA,Norte,2015,0,0,0,0,0,0,0,0,0,0,0,0,,,,,,,,
15001,ARAGUAIA,PA,Norte,2016,0,0,0,0,0,0,0,0,0,0,0,0,,,,,,,,
15001,ARAGUAIA,PA,Norte,2017,0,0,0,0,0,0,0,0,0,0,0,0,,,,,,,,
15001,ARAGUAIA,PA,Norte,2018,1,0,1,1,1,1,0,1,0,0,0,0,0.0,1.0,0.0,0.0,0.0,0.0,1.0,0.0
15001,ARAGUAIA,PA,Norte,2019,1,0,1,1,1,0,0,0,1,0,0,0,0.0,0.0,1.0,0.0,0.0,0.0,0.0,0.0
15001,ARAGUAIA,PA,Norte,2020,0,0,0,0,0,0,0,0,0,0,0,0,,,,,,,,
15001,ARAGUAIA,PA,Norte,2021,0,0,0,0,0,0,0,0,0,0,0,0,,,,,,,,
15001,ARAGUAIA,PA,Norte,2022,2,0,2,2,2,2,0,2,0,0,0,0,0.0,1.0,0.0,0.0,0.0,0.0,1.0,0.0
15001,ARAGUAIA,PA,Norte,2023,0,0,0,0,0,0,0,0,0,0,0,0,,,,,,,,
15001,ARAGUAIA,PA,Norte,2024,3,0,3,3,3,1,0,2,1,0,0,0,0.0,0.6666666666666666,0.3333333333333333,0.0,0.0,0.0,0.3333333333333333,0.0
15001,ARAGUAIA,PA,Norte,2025,5,0,2,5,5,4,0,1,3,1,0,0,0.0,0.2,0.6,0.2,0.0,0.0,0.8,0.0
15002,BAIXO AMAZONAS,PA,Norte,2007,2,0,2,2,2,2,0,1,0,1,0,0,0.0,0.5,0.0,0.5,0.0,0.0,1.0,0.0
15002,BAIXO AMAZONAS,PA,Norte,2008,10,0,10,10,10,9,2,6,1,1,0,0,0.2,0.6,0.1,0.1,0.0,0.0,0.9,0.0
15002,BAIXO AMAZONAS,PA,Norte,2009,6,1,6,6,6,5,0,3,1,2,0,0,0.0,0.5,0.16666666666666666,0.3333333333333333,0.0,0.0,0.8333333333333334,0.0
15002,BAIXO AMAZONAS,PA,Norte,2010,9,3,9,9,9,3,0,0,1,8,0,0,0.0,0.0,0.1111111111111111,0.8888888888888888,0.0,0.0,0.3333333333333333,0.0
15002,BAIXO AMAZONAS,PA,Norte,2011,19,4,19,19,19,13,0,4,4,8,1,2,0.0,0.21052631578947367,0.21052631578947367,0.42105263157894735,0.05263157894736842,0.10526315789473684,0.6842105263157895,0.15789473684210525
15002,BAIXO AMAZONAS,PA,Norte,2012,13,1,13,13,13,10,2,2,4,3,1,1,0.15384615384615385,0.15384615384615385,0.3076923076923077,0.23076923076923078,0.07692307692307693,0.07692307692307693,0.7692307692307693,0.15384615384615385
15002,BAIXO AMAZONAS,PA,Norte,2013,22,3,21,22,22,16,2,8,6,3,3,0,0.09090909090909091,0.36363636363636365,0.2727272727272727,0.13636363636363635,0.13636363636363635,0.0,0.7272727272727273,0.13636363636363635
15002,BAIXO AMAZONAS,PA,Norte,2014,20,3,20,20,20,15,1,7,6,4,1,1,0.05,0.35,0.3,0.2,0.05,0.05,0.75,0.1
15002,BAIXO AMAZONAS,PA,Norte,2015,18,3,18,18,18,16,2,6,4,4,2,0,0.1111111111111111,0.3333333333333333,0.2222222222222222,0.2222222222222222,0.1111111111111111,0.0,0.8888888888888888,0.1111111111111111
15002,BAIXO AMAZONAS,PA,Norte,2016,7,0,7,7,7,5,0,2,3,2,0,0,0.0,0.2857142857142857,0.42857142857142855,0.2857142857142857,0.0,0.0,0.7142857142857143,0.0
15002,BAIXO AMAZONAS,PA,Norte,2017,3,0,3,3,3,2,0,0,2,0,0,1,0.0,0.0,0.6666666666666666,0.0,0.0,0.3333333333333333,0.6666666666666666,0.3333333333333333
15002,BAIXO AMAZONAS,PA,Norte,2018,8,1,7,8,8,6,1,2,3,1,1,0,0.125,0.25,0.375,0.125,0.125,0.0,0.75,0.125
15002,BAIXO AMAZONAS,PA,Norte,2019,7,0,6,7,7,6,0,5,1,1,0,0,0.0,0.7142857142857143,0.14285714285714285,0.14285714285714285,0.0,0.0,0.8571428571428571,0.0
15002,BAIXO AMAZONAS,PA,Norte,2020,4,1,4,4,4,4,1,0,2,0,1,0,0.25,0.0,0.5,0.0,0.25,0.0,1.0,0.25
15002,BAIXO AMAZONAS,PA,Norte,2021,2,0,1,2,2,2,0,0,1,1,0,0,0.0,0.0,0.5,0.5,0.0,0.0,1.0,0.0
15002,BAIXO AMAZONAS,PA,Norte,2022,9,1,8,9,9,8,0,3,2,4,0,0,0.0,0.3333333333333333,0.2222222222222222,0.4444444444444444,0.0,0.0,0.8888888888888888,0.0
15002,BAIXO AMAZONAS,PA,Norte,2023,8,4,7,8,8,8,0,3,2,3,0,0,0.0,0.375,0.25,0.375,0.0,0.0,1.0,0.0
15002,BAIXO AMAZONAS,PA,Norte,2024,11,0,9,11,11,11,1,4,5,1,0,0,0.09090909090909091,0.36363636363636365,0.45454545454545453,0.09090909090909091,0.0,0.0,1.0,0.0
15002,BAIXO AMAZONAS,PA,Norte,2025,23,0,22,23,23,20,2,9,7,4,1,0,0.08695652173913043,0.391304347826087,0.30434782608695654,0.17391304347826086,0.043478260869565216,0.0,0.8695652173913043,0.043478260869565216
15003,CARAJAS,PA,Norte,2007,0,0,0,0,0,0,0,0,0,0,0,0,,,,,,,,
15003,CARAJAS,PA,Norte,2008,1,1,1,1,1,1,0,0,0,0,1,0,0.0,0.0,0.0,0.0,1.0,0.0,1.0,1.0
15003,CARAJAS,PA,Norte,2009,1,0,1,1,1,1,0,0,1,0,0,0,0.0,0.0,1.0,0.0,0.0,0.0,1.0,0.0
15003,CARAJAS,PA,Norte,2010,1,0,1,1,1,0,0,0,1,0,0,0,0.0,0.0,1.0,0.0,0.0,0.0,0.0,0.0
15003,CARAJAS,PA,Norte,2011,1,0,1,1,1,1,0,0,0,1,0,0,0.0,0.0,0.0,1.0,0.0,0.0,1.0,0.0
15003,CARAJAS,PA,Norte,2012,0,0,0,0,0,0,0,0,0,0,0,0,,,,,,,,
15003,CARAJAS,PA,Norte,2013,6,0,6,6,6,4,1,2,1,2,0,0,0.16666666666666666,0.3333333333333333,0.16666666666666666,0.3333333333333333,0.0,0.0,0.6666666666666666,0.0
15003,CARAJAS,PA,Norte,2014,1,0,1,1,1,1,0,1,0,0,0,0,0.0,1.0,0.0,0.0,0.0,0.0,1.0,0.0
15003,CARAJAS,PA,Norte,2015,1,0,1,1,1,1,0,0,1,0,0,0,0.0,0.0,1.0,0.0,0.0,0.0,1.0,0.0
15003,CARAJAS,PA,Norte,2016,1,0,1,1,1,0,0,0,1,0,0,0,0.0,0.0,1.0,0.0,0.0,0.0,0.0,0.0
15003,CARAJAS,PA,Norte,2017,2,0,2,2,2,2,0,1,0,1,0,0,0.0,0.5,0.0,0.5,0.0,0.0,1.0,0.0
15003,CARAJAS,PA,Norte,2018,1,0,0,1,1,1,0,1,0,0,0,0,0.0,1.0,0.0,0.0,0.0,0.0,1.0,0.0
15003,CARAJAS,PA,Norte,2019,2,1,2,2,2,2,1,1,0,0,0,0,0.5,0.5,0.0,0.0,0.0,0.0,1.0,0.0
15003,CARAJAS,PA,Norte,2020,1,0,0,1,1,1,0,1,0,0,0,0,0.0,1.0,0.0,0.0,0.0,0.0,1.0,0.0
15003,CARAJAS,PA,Norte,2021,1,0,1,1,1,1,0,0,0,0,1,0,0.0,0.0,0.0,0.0,1.0,0.0,1.0,1.0
15003,CARAJAS,PA,Norte,2022,4,0,4,4,4,4,1,2,0,1,0,0,0.25,0.5,0.0,0.25,0.0,0.0,1.0,0.0
15003,CARAJAS,PA,Norte,2023,2,0,2,2,2,2,1,0,0,1,0,0,0.5,0.0,0.0,0.5,0.0,0.0,1.0,0.0
15003,CARAJAS,PA,Norte,2024,1,0,1,1,1,1,0,0,0,0,1,0,0.0,0.0,0.0,0.0,1.0,0.0,1.0,1.0
15003,CARAJAS,PA,Norte,2025,6,1,4,6,6,4,1,0,3,1,1,0,0.16666666666666666,0.0,0.5,0.16666666666666666,0.16666666666666666,0.0,0.6666666666666666,0.16666666666666666
15004,LAGO DE TUCURUI,PA,Norte,2007,0,0,0,0,0,0,0,0,0,0,0,0,,,,,,,,
15004,LAGO DE TUCURUI,PA,Norte,2008,1,0,0,1,1,1,0,0,0,1,0,0,0.0,0.0,0.0,1.0,0.0,0.0,1.0,0.0
15004,LAGO DE TUCURUI,PA,Norte,2009,1,0,1,1,1,1,1,0,0,0,0,0,1.0,0.0,0.0,0.0,0.0,0.0,1.0,0.0
15004,LAGO DE TUCURUI,PA,Norte,2010,2,1,2,2,2,1,0,2,0,0,0,0,0.0,1.0,0.0,0.0,0.0,0.0,0.5,0.0
15004,LAGO DE TUCURUI,PA,Norte,2011,0,0,0,0,0,0,0,0,0,0,0,0,,,,,,,,
15004,LAGO DE TUCURUI,PA,Norte,2012,0,0,0,0,0,0,0,0,0,0,0,0,,,,,,,,
15004,LAGO DE TUCURUI,PA,Norte,2013,1,0,1,1,1,1,0,1,0,0,0,0,0.0,1.0,0.0,0.0,0.0,0.0,1.0,0.0
15004,LAGO DE TUCURUI,PA,Norte,2014,1,0,1,1,1,0,0,0,0,0,1,0,0.0,0.0,0.0,0.0,1.0,0.0,0.0,1.0
15004,LAGO DE TUCURUI,PA,Norte,2015,0,0,0,0,0,0,0,0,0,0,0,0,,,,,,,,
15004,LAGO DE TUCURUI,PA,Norte,2016,1,0,0,1,1,0,0,0,1,0,0,0,0.0,0.0,1.0,0.0,0.0,0.0,0.0,0.0
15004,LAGO DE TUCURUI,PA,Norte,2017,0,0,0,0,0,0,0,0,0,0,0,0,,,,,,,,
15004,LAGO DE TUCURUI,PA,Norte,2018,0,0,0,0,0,0,0,0,0,0,0,0,,,,,,,,
15004,LAGO DE TUCURUI,PA,Norte,2019,1,0,1,1,1,1,0,0,0,0,1,0,0.0,0.0,0.0,0.0,1.0,0.0,1.0,1.0
15004,LAGO DE TUCURUI,PA,Norte,2020,0,0,0,0,0,0,0,0,0,0,0,0,,,,,,,,
15004,LAGO DE TUCURUI,PA,Norte,2021,0,0,0,0,0,0,0,0,0,0,0,0,,,,,,,,
15004,LAGO DE TUCURUI,PA,Norte,2022,0,0,0,0,0,0,0,0,0,0,0,0,,,,,,,,
15004,LAGO DE TUCURUI,PA,Norte,2023,1,0,1,1,1,1,0,1,0,0,0,0,0.0,1.0,0.0,0.0,0.0,0.0,1.0,0.0
15004,LAGO DE TUCURUI,PA,Norte,2024,1,1,1,1,1,1,1,0,0,0,0,0,1.0,0.0,0.0,0.0,0.0,0.0,1.0,0.0
15004,LAGO DE TUCURUI,PA,Norte,2025,1,0,1,1,1,1,0,0,0,0,0,1,0.0,0.0,0.0,0.0,0.0,1.0,1.0,1.0
15006,METROPOLITANA I,PA,Norte,2007,84,14,72,84,84,59,3,35,21,17,7,1,0.03571428571428571,0.4166666666666667,0.25,0.20238095238095238,0.08333333333333333,0.011904761904761904,0.7023809523809523,0.09523809523809523
15006,METROPOLITANA I,PA,Norte,2008,97,9,78,97,97,83,11,42,20,16,1,7,0.1134020618556701,0.4329896907216495,0.20618556701030927,0.16494845360824742,0.010309278350515464,0.07216494845360824,0.8556701030927835,0.08247422680412371
15006,METROPOLITANA I,PA,Norte,2009,67,5,64,67,67,53,5,23,22,12,4,1,0.07462686567164178,0.34328358208955223,0.3283582089552239,0.1791044776119403,0.05970149253731343,0.014925373134328358,0.7910447761194029,0.07462686567164178
15006,METROPOLITANA I,PA,Norte,2010,57,8,54,57,57,47,3,25,13,12,3,1,0.05263157894736842,0.43859649122807015,0.22807017543859648,0.21052631578947367,0.05263157894736842,0.017543859649122806,0.8245614035087719,0.07017543859649122
15006,METROPOLITANA I,PA,Norte,2011,68,8,62,68,68,53,4,27,17,12,4,4,0.058823529411764705,0.39705882352941174,0.25,0.17647058823529413,0.058823529411764705,0.058823529411764705,0.7794117647058824,0.11764705882352941
15006,METROPOLITANA I,PA,Norte,2012,36,5,31,36,36,27,4,12,12,6,2,0,0.1111111111111111,0.3333333333333333,0.3333333333333333,0.16666666666666666,0.05555555555555555,0.0,0.75,0.05555555555555555
15006,METROPOLITANA I,PA,Norte,2013,74,9,63,74,74,57,6,26,21,14,3,4,0.08108108108108109,0.35135135135135137,0.28378378378378377,0.1891891891891892,0.04054054054054054,0.05405405405405406,0.7702702702702703,0.0945945945945946
15006,METROPOLITANA I,PA,Norte,2014,75,9,61,75,75,60,9,23,24,13,5,1,0.12,0.30666666666666664,0.32,0.17333333333333334,0.06666666666666667,0.013333333333333334,0.8,0.08
15006,METROPOLITANA I,PA,Norte,2015,75,16,66,75,75,64,5,24,20,19,4,3,0.06666666666666667,0.32,0.26666666666666666,0.25333333333333335,0.05333333333333334,0.04,0.8533333333333334,0.09333333333333334
15006,METROPOLITANA I,PA,Norte,2016,61,6,54,61,61,45,6,23,16,8,6,2,0.09836065573770492,0.3770491803278688,0.26229508196721313,0.13114754098360656,0.09836065573770492,0.03278688524590164,0.7377049180327869,0.13114754098360656
15006,METROPOLITANA I,PA,Norte,2017,71,9,65,71,71,57,7,16,24,11,8,5,0.09859154929577464,0.22535211267605634,0.3380281690140845,0.15492957746478872,0.11267605633802817,0.07042253521126761,0.8028169014084507,0.18309859154929578
15006,METROPOLITANA I,PA,Norte,2018,70,13,57,70,70,57,6,18,19,23,2,2,0.08571428571428572,0.2571428571428571,0.2714285714285714,0.32857142857142857,0.02857142857142857,0.02857142857142857,0.8142857142857143,0.05714285714285714
15006,METROPOLITANA I,PA,Norte,2019,84,10,69,84,84,71,2,30,20,22,9,1,0.023809523809523808,0.35714285714285715,0.23809523809523808,0.2619047619047619,0.10714285714285714,0.011904761904761904,0.8452380952380952,0.11904761904761904
15006,METROPOLITANA I,PA,Norte,2020,34,6,28,34,34,27,2,8,13,6,5,0,0.058823529411764705,0.23529411764705882,0.38235294117647056,0.17647058823529413,0.14705882352941177,0.0,0.7941176470588235,0.14705882352941177
15006,METROPOLITANA I,PA,Norte,2021,38,8,32,38,38,26,7,6,9,12,4,0,0.18421052631578946,0.15789473684210525,0.23684210526315788,0.3157894736842105,0.10526315789473684,0.0,0.6842105263157895,0.10526315789473684
15006,METROPOLITANA I,PA,Norte,2022,44,4,38,44,44,37,1,14,17,7,4,1,0.022727272727272728,0.3181818181818182,0.38636363636363635,0.1590909090909091,0.09090909090909091,0.022727272727272728,0.8409090909090909,0.11363636363636365
15006,METROPOLITANA I,PA,Norte,2023,32,5,30,32,32,31,2,9,10,7,2,2,0.0625,0.28125,0.3125,0.21875,0.0625,0.0625,0.96875,0.125
15006,METROPOLITANA I,PA,Norte,2024,49,10,44,49,49,36,7,16,11,9,5,1,0.14285714285714285,0.32653061224489793,0.22448979591836735,0.1836734693877551,0.10204081632653061,0.02040816326530612,0.7346938775510204,0.12244897959183673
15006,METROPOLITANA I,PA,Norte,2025,53,5,39,53,53,43,0,10,15,20,6,2,0.0,0.18867924528301888,0.2830188679245283,0.37735849056603776,0.11320754716981132,0.03773584905660377,0.8113207547169812,0.1509433962264151
15007,METROPOLITANA II,PA,Norte,2007,6,0,5,6,6,4,1,3,0,2,0,0,0.16666666666666666,0.5,0.0,0.3333333333333333,0.0,0.0,0.6666666666666666,0.0
15007,METROPOLITANA II,PA,Norte,2008,3,0,1,3,3,1,0,1,2,0,0,0,0.0,0.3333333333333333,0.6666666666666666,0.0,0.0,0.0,0.3333333333333333,0.0
15007,METROPOLITANA II,PA,Norte,2009,1,0,1,1,1,1,0,1,0,0,0,0,0.0,1.0,0.0,0.0,0.0,0.0,1.0,0.0
15007,METROPOLITANA II,PA,Norte,2010,3,0,2,3,3,2,0,1,1,1,0,0,0.0,0.3333333333333333,0.3333333333333333,0.3333333333333333,0.0,0.0,0.6666666666666666,0.0
15007,METROPOLITANA II,PA,Norte,2011,1,1,1,1,1,1,0,0,0,1,0,0,0.0,0.0,0.0,1.0,0.0,0.0,1.0,0.0
15007,METROPOLITANA II,PA,Norte,2012,1,0,1,1,1,0,0,0,1,0,0,0,0.0,0.0,1.0,0.0,0.0,0.0,0.0,0.0
15007,METROPOLITANA II,PA,Norte,2013,2,0,2,2,2,1,0,0,2,0,0,0,0.0,0.0,1.0,0.0,0.0,0.0,0.5,0.0
15007,METROPOLITANA II,PA,Norte,2014,3,0,2,3,3,3,0,2,0,1,0,0,0.0,0.6666666666666666,0.0,0.3333333333333333,0.0,0.0,1.0,0.0
15007,METROPOLITANA II,PA,Norte,2015,4,2,4,4,4,4,0,1,3,0,0,0,0.0,0.25,0.75,0.0,0.0,0.0,1.0,0.0
15007,METROPOLITANA II,PA,Norte,2016,2,0,1,2,2,2,0,1,0,1,0,0,0.0,0.5,0.0,0.5,0.0,0.0,1.0,0.0
15007,METROPOLITANA II,PA,Norte,2017,2,1,1,2,2,2,0,0,1,0,1,0,0.0,0.0,0.5,0.0,0.5,0.0,1.0,0.5
15007,METROPOLITANA II,PA,Norte,2018,4,1,3,4,4,3,0,3,0,1,0,0,0.0,0.75,0.0,0.25,0.0,0.0,0.75,0.0
15007,METROPOLITANA II,PA,Norte,2019,10,1,8,10,10,8,0,4,4,0,2,0,0.0,0.4,0.4,0.0,0.2,0.0,0.8,0.2
15007,METROPOLITANA II,PA,Norte,2020,2,0,2,2,2,1,0,1,1,0,0,0,0.0,0.5,0.5,0.0,0.0,0.0,0.5,0.0
15007,METROPOLITANA II,PA,Norte,2021,2,1,2,2,2,2,0,0,1,0,1,0,0.0,0.0,0.5,0.0,0.5,0.0,1.0,0.5
15007,METROPOLITANA II,PA,Norte,2022,3,0,2,3,3,3,0,2,0,1,0,0,0.0,0.6666666666666666,0.0,0.3333333333333333,0.0,0.0,1.0,0.0
15007,METROPOLITANA II,PA,Norte,2023,2,0,2,2,2,2,0,0,1,0,1,0,0.0,0.0,0.5,0.0,0.5,0.0,1.0,0.5
15007,METROPOLITANA II,PA,Norte,2024,3,0,2,3,3,2,1,0,1,1,0,0,0.3333333333333333,0.0,0.3333333333333333,0.3333333333333333,0.0,0.0,0.6666666666666666,0.0
15007,METROPOLITANA II,PA,Norte,2025,3,0,2,3,3,2,0,2,0,1,0,0,0.0,0.6666666666666666,0.0,0.3333333333333333,0.0,0.0,0.6666666666666666,0.0
15008,METROPOLITANA III,PA,Norte,2007,2,0,2,2,2,2,1,1,0,0,0,0,0.5,0.5,0.0,0.0,0.0,0.0,1.0,0.0
15008,METROPOLITANA III,PA,Norte,2008,0,0,0,0,0,0,0,0,0,0,0,0,,,,,,,,
15008,METROPOLITANA III,PA,Norte,2009,8,2,8,8,8,6,0,4,1,3,0,0,0.0,0.5,0.125,0.375,0.0,0.0,0.75,0.0
15008,METROPOLITANA III,PA,Norte,2010,4,1,4,4,4,4,0,2,2,0,0,0,0.0,0.5,0.5,0.0,0.0,0.0,1.0,0.0
15008,METROPOLITANA III,PA,Norte,2011,19,0,17,19,19,10,7,3,5,3,1,0,0.3684210526315789,0.15789473684210525,0.2631578947368421,0.15789473684210525,0.05263157894736842,0.0,0.5263157894736842,0.05263157894736842
15008,METROPOLITANA III,PA,Norte,2012,39,0,35,39,39,17,7,15,9,4,3,1,0.1794871794871795,0.38461538461538464,0.23076923076923078,0.10256410256410256,0.07692307692307693,0.02564102564102564,0.4358974358974359,0.10256410256410256
15008,METROPOLITANA III,PA,Norte,2013,6,1,6,6,6,5,1,3,2,0,0,0,0.16666666666666666,0.5,0.3333333333333333,0.0,0.0,0.0,0.8333333333333334,0.0
15008,METROPOLITANA III,PA,Norte,2014,14,0,12,14,14,7,1,8,5,0,0,0,0.07142857142857142,0.5714285714285714,0.35714285714285715,0.0,0.0,0.0,0.5,0.0
15008,METROPOLITANA III,PA,Norte,2015,22,2,22,22,22,14,4,5,7,1,3,2,0.18181818181818182,0.22727272727272727,0.3181818181818182,0.045454545454545456,0.13636363636363635,0.09090909090909091,0.6363636363636364,0.22727272727272727
15008,METROPOLITANA III,PA,Norte,2016,10,0,9,10,10,4,0,4,4,2,0,0,0.0,0.4,0.4,0.2,0.0,0.0,0.4,0.0
15008,METROPOLITANA III,PA,Norte,2017,19,0,16,19,19,10,4,6,6,2,1,0,0.21052631578947367,0.3157894736842105,0.3157894736842105,0.10526315789473684,0.05263157894736842,0.0,0.5263157894736842,0.05263157894736842
15008,METROPOLITANA III,PA,Norte,2018,29,0,22,29,29,13,3,8,6,11,1,0,0.10344827586206896,0.27586206896551724,0.20689655172413793,0.3793103448275862,0.034482758620689655,0.0,0.4482758620689655,0.034482758620689655
15008,METROPOLITANA III,PA,Norte,2019,11,0,11,11,11,7,1,4,4,1,1,0,0.09090909090909091,0.36363636363636365,0.36363636363636365,0.09090909090909091,0.09090909090909091,0.0,0.6363636363636364,0.09090909090909091
15008,METROPOLITANA III,PA,Norte,2020,7,0,7,7,7,3,0,3,4,0,0,0,0.0,0.42857142857142855,0.5714285714285714,0.0,0.0,0.0,0.42857142857142855,0.0
15008,METROPOLITANA III,PA,Norte,2021,3,1,3,3,3,1,0,1,2,0,0,0,0.0,0.3333333333333333,0.6666666666666666,0.0,0.0,0.0,0.3333333333333333,0.0
15008,METROPOLITANA III,PA,Norte,2022,9,0,9,9,9,9,0,3,3,1,1,1,0.0,0.3333333333333333,0.3333333333333333,0.1111111111111111,0.1111111111111111,0.1111111111111111,1.0,0.2222222222222222
15008,METROPOLITANA III,PA,Norte,2023,23,1,22,23,23,14,5,6,5,3,3,1,0.21739130434782608,0.2608695652173913,0.21739130434782608,0.13043478260869565,0.13043478260869565,0.043478260869565216,0.6086956521739131,0.17391304347826086
15008,METROPOLITANA III,PA,Norte,2024,30,0,27,30,30,16,6,9,9,5,0,1,0.2,0.3,0.3,0.16666666666666666,0.0,0.03333333333333333,0.5333333333333333,0.03333333333333333
15008,METROPOLITANA III,PA,Norte,2025,23,0,21,23,23,17,0,11,5,6,1,0,0.0,0.4782608695652174,0.21739130434782608,0.2608695652173913,0.043478260869565216,0.0,0.7391304347826086,0.043478260869565216
15009,RIO CAETES,PA,Norte,2007,6,1,6,6,6,6,0,4,1,1,0,0,0.0,0.6666666666666666,0.16666666666666666,0.16666666666666666,0.0,0.0,1.0,0.0
15009,RIO CAETES,PA,Norte,2008,11,3,11,11,11,9,0,2,3,4,2,0,0.0,0.18181818181818182,0.2727272727272727,0.36363636363636365,0.18181818181818182,0.0,0.8181818181818182,0.18181818181818182
15009,RIO CAETES,PA,Norte,2009,8,2,5,8,8,7,0,3,1,4,0,0,0.0,0.375,0.125,0.5,0.0,0.0,0.875,0.0
15009,RIO CAETES,PA,Norte,2010,2,1,2,2,2,2,0,1,1,0,0,0,0.0,0.5,0.5,0.0,0.0,0.0,1.0,0.0
15009,RIO CAETES,PA,Norte,2011,4,0,2,4,4,4,1,1,1,1,0,0,0.25,0.25,0.25,0.25,0.0,0.0,1.0,0.0
15009,RIO CAETES,PA,Norte,2012,2,0,2,2,2,2,0,1,1,0,0,0,0.0,0.5,0.5,0.0,0.0,0.0,1.0,0.0
15009,RIO CAETES,PA,Norte,2013,3,0,2,3,3,3,0,0,0,0,2,1,0.0,0.0,0.0,0.0,0.6666666666666666,0.3333333333333333,1.0,1.0
15009,RIO CAETES,PA,Norte,2014,5,0,5,5,5,4,0,0,2,1,1,1,0.0,0.0,0.4,0.2,0.2,0.2,0.8,0.4
15009,RIO CAETES,PA,Norte,2015,5,1,4,5,5,4,0,1,2,2,0,0,0.0,0.2,0.4,0.4,0.0,0.0,0.8,0.0
15009,RIO CAETES,PA,Norte,2016,9,1,6,9,9,5,0,3,4,1,1,0,0.0,0.3333333333333333,0.4444444444444444,0.1111111111111111,0.1111111111111111,0.0,0.5555555555555556,0.1111111111111111
15009,RIO CAETES,PA,Norte,2017,6,0,4,6,6,6,1,5,0,0,0,0,0.16666666666666666,0.8333333333333334,0.0,0.0,0.0,0.0,1.0,0.0
15009,RIO CAETES,PA,Norte,2018,14,1,12,14,14,12,1,2,8,2,1,0,0.07142857142857142,0.14285714285714285,0.5714285714285714,0.14285714285714285,0.07142857142857142,0.0,0.8571428571428571,0.07142857142857142
15009,RIO CAETES,PA,Norte,2019,5,0,1,5,5,5,1,2,1,1,0,0,0.2,0.4,0.2,0.2,0.0,0.0,1.0,0.0
15009,RIO CAETES,PA,Norte,2020,7,1,4,7,7,6,1,1,3,2,0,0,0.14285714285714285,0.14285714285714285,0.42857142857142855,0.2857142857142857,0.0,0.0,0.8571428571428571,0.0
15009,RIO CAETES,PA,Norte,2021,0,0,0,0,0,0,0,0,0,0,0,0,,,,,,,,
15009,RIO CAETES,PA,Norte,2022,4,3,4,4,4,4,0,2,0,2,0,0,0.0,0.5,0.0,0.5,0.0,0.0,1.0,0.0
15009,RIO CAETES,PA,Norte,2023,7,2,6,7,7,7,0,1,5,1,0,0,0.0,0.14285714285714285,0.7142857142857143,0.14285714285714285,0.0,0.0,1.0,0.0
15009,RIO CAETES,PA,Norte,2024,2,0,2,2,2,2,0,0,1,1,0,0,0.0,0.0,0.5,0.5,0.0,0.0,1.0,0.0
15009,RIO CAETES,PA,Norte,2025,1,0,1,1,1,1,0,1,0,0,0,0,0.0,1.0,0.0,0.0,0.0,0.0,1.0,0.0
15010,TAPAJOS,PA,Norte,2007,1,1,1,1,1,1,0,0,0,1,0,0,0.0,0.0,0.0,1.0,0.0,0.0,1.0,0.0
15010,TAPAJOS,PA,Norte,2008,0,0,0,0,0,0,0,0,0,0,0,0,,,,,,,,
15010,TAPAJOS,PA,Norte,2009,0,0,0,0,0,0,0,0,0,0,0,0,,,,,,,,
15010,TAPAJOS,PA,Norte,2010,0,0,0,0,0,0,0,0,0,0,0,0,,,,,,,,
15010,TAPAJOS,PA,Norte,2011,1,0,1,1,1,1,0,1,0,0,0,0,0.0,1.0,0.0,0.0,0.0,0.0,1.0,0.0
15010,TAPAJOS,PA,Norte,2012,1,0,1,1,1,1,0,0,0,1,0,0,0.0,0.0,0.0,1.0,0.0,0.0,1.0,0.0
15010,TAPAJOS,PA,Norte,2013,1,0,1,1,1,1,0,1,0,0,0,0,0.0,1.0,0.0,0.0,0.0,0.0,1.0,0.0
15010,TAPAJOS,PA,Norte,2014,0,0,0,0,0,0,0,0,0,0,0,0,,,,,,,,
15010,TAPAJOS,PA,Norte,2015,0,0,0,0,0,0,0,0,0,0,0,0,,,,,,,,
15010,TAPAJOS,PA,Norte,2016,0,0,0,0,0,0,0,0,0,0,0,0,,,,,,,,
15010,TAPAJOS,PA,Norte,2017,3,2,3,3,3,3,0,0,2,0,1,0,0.0,0.0,0.6666666666666666,0.0,0.3333333333333333,0.0,1.0,0.3333333333333333
15010,TAPAJOS,PA,Norte,2018,0,0,0,0,0,0,0,0,0,0,0,0,,,,,,,,
15010,TAPAJOS,PA,Norte,2019,4,0,3,4,4,3,0,0,2,2,0,0,0.0,0.0,0.5,0.5,0.0,0.0,0.75,0.0
15010,TAPAJOS,PA,Norte,2020,1,0,0,1,1,1,0,1,0,0,0,0,0.0,1.0,0.0,0.0,0.0,0.0,1.0,0.0
15010,TAPAJOS,PA,Norte,2021,1,0,1,1,1,1,1,0,0,0,0,0,1.0,0.0,0.0,0.0,0.0,0.0,1.0,0.0
15010,TAPAJOS,PA,Norte,2022,2,0,2,2,2,2,1,0,0,1,0,0,0.5,0.0,0.0,0.5,0.0,0.0,1.0,0.0
15010,TAPAJOS,PA,Norte,2023,0,0,0,0,0,0,0,0,0,0,0,0,,,,,,,,
15010,TAPAJOS,PA,Norte,2024,1,0,1,1,1,1,0,1,0,0,0,0,0.0,1.0,0.0,0.0,0.0,0.0,1.0,0.0
15010,TAPAJOS,PA,Norte,2025,1,0,1,1,1,0,0,0,1,0,0,0,0.0,0.0,1.0,0.0,0.0,0.0,0.0,0.0
15011,TOCANTINS,PA,Norte,2007,6,3,5,6,6,6,1,2,2,1,0,0,0.16666666666666666,0.3333333333333333,0.3333333333333333,0.16666666666666666,0.0,0.0,1.0,0.0
15011,TOCANTINS,PA,Norte,2008,10,0,2,10,10,10,3,2,2,2,0,1,0.3,0.2,0.2,0.2,0.0,0.1,1.0,0.1
15011,TOCANTINS,PA,Norte,2009,7,1,2,7,7,6,2,2,2,1,0,0,0.2857142857142857,0.2857142857142857,0.2857142857142857,0.14285714285714285,0.0,0.0,0.8571428571428571,0.0
15011,TOCANTINS,PA,Norte,2010,12,2,9,12,12,11,1,3,6,0,0,2,0.08333333333333333,0.25,0.5,0.0,0.0,0.16666666666666666,0.9166666666666666,0.16666666666666666
15011,TOCANTINS,PA,Norte,2011,9,1,8,9,9,7,2,4,2,0,0,1,0.2222222222222222,0.4444444444444444,0.2222222222222222,0.0,0.0,0.1111111111111111,0.7777777777777778,0.1111111111111111
15011,TOCANTINS,PA,Norte,2012,7,1,5,7,7,6,1,3,2,1,0,0,0.14285714285714285,0.42857142857142855,0.2857142857142857,0.14285714285714285,0.0,0.0,0.8571428571428571,0.0
15011,TOCANTINS,PA,Norte,2013,8,0,6,8,8,6,0,1,3,3,1,0,0.0,0.125,0.375,0.375,0.125,0.0,0.75,0.125
15011,TOCANTINS,PA,Norte,2014,5,0,4,5,5,3,2,1,1,1,0,0,0.4,0.2,0.2,0.2,0.0,0.0,0.6,0.0
15011,TOCANTINS,PA,Norte,2015,0,0,0,0,0,0,0,0,0,0,0,0,,,,,,,,
15011,TOCANTINS,PA,Norte,2016,8,1,5,8,8,7,0,1,6,1,0,0,0.0,0.125,0.75,0.125,0.0,0.0,0.875,0.0
15011,TOCANTINS,PA,Norte,2017,12,3,10,12,12,11,2,4,4,0,1,1,0.16666666666666666,0.3333333333333333,0.3333333333333333,0.0,0.08333333333333333,0.08333333333333333,0.9166666666666666,0.16666666666666666
15011,TOCANTINS,PA,Norte,2018,10,0,4,10,10,10,0,2,3,4,0,1,0.0,0.2,0.3,0.4,0.0,0.1,1.0,0.1
15011,TOCANTINS,PA,Norte,2019,7,3,6,7,7,6,0,4,0,2,1,0,0.0,0.5714285714285714,0.0,0.2857142857142857,0.14285714285714285,0.0,0.8571428571428571,0.14285714285714285
15011,TOCANTINS,PA,Norte,2020,4,2,4,4,4,2,0,1,1,1,1,0,0.0,0.25,0.25,0.25,0.25,0.0,0.5,0.25
15011,TOCANTINS,PA,Norte,2021,7,0,6,7,7,5,0,2,0,4,0,1,0.0,0.2857142857142857,0.0,0.5714285714285714,0.0,0.14285714285714285,0.7142857142857143,0.14285714285714285
15011,TOCANTINS,PA,Norte,2022,20,4,19,20,20,18,4,7,6,3,0,0,0.2,0.35,0.3,0.15,0.0,0.0,0.9,0.0
15011,TOCANTINS,PA,Norte,2023,14,2,14,14,14,12,1,5,4,2,2,0,0.07142857142857142,0.35714285714285715,0.2857142857142857,0.14285714285714285,0.14285714285714285,0.0,0.8571428571428571,0.14285714285714285
15011,TOCANTINS,PA,Norte,2024,18,3,18,18,18,16,3,5,7,2,1,0,0.16666666666666666,0.2777777777777778,0.3888888888888889,0.1111111111111111,0.05555555555555555,0.0,0.8888888888888888,0.05555555555555555
15011,TOCANTINS,PA,Norte,2025,21,3,18,21,21,17,3,6,2,5,3,2,0.14285714285714285,0.2857142857142857,0.09523809523809523,0.23809523809523808,0.14285714285714285,0.09523809523809523,0.8095238095238095,0.23809523809523808
15012,XINGU,PA,Norte,2007,0,0,0,0,0,0,0,0,0,0,0,0,,,,,,,,
15012,XINGU,PA,Norte,2008,0,0,0,0,0,0,0,0,0,0,0,0,,,,,,,,
15012,XINGU,PA,Norte,2009,3,0,3,3,3,3,0,1,2,0,0,0,0.0,0.3333333333333333,0.6666666666666666,0.0,0.0,0.0,1.0,0.0
15012,XINGU,PA,Norte,2010,1,1,1,1,1,1,0,1,0,0,0,0,0.0,1.0,0.0,0.0,0.0,0.0,1.0,0.0
15012,XINGU,PA,Norte,2011,0,0,0,0,0,0,0,0,0,0,0,0,,,,,,,,
15012,XINGU,PA,Norte,2012,0,0,0,0,0,0,0,0,0,0,0,0,,,,,,,,
15012,XINGU,PA,Norte,2013,2,1,1,2,2,2,0,2,0,0,0,0,0.0,1.0,0.0,0.0,0.0,0.0,1.0,0.0
15012,XINGU,PA,Norte,2014,0,0,0,0,0,0,0,0,0,0,0,0,,,,,,,,
15012,XINGU,PA,Norte,2015,1,0,0,1,1,1,0,0,1,0,0,0,0.0,0.0,1.0,0.0,0.0,0.0,1.0,0.0
15012,XINGU,PA,Norte,2016,0,0,0,0,0,0,0,0,0,0,0,0,,,,,,,,
15012,XINGU,PA,Norte,2017,1,0,0,1,1,1,0,0,0,0,1,0,0.0,0.0,0.0,0.0,1.0,0.0,1.0,1.0
15012,XINGU,PA,Norte,2018,0,0,0,0,0,0,0,0,0,0,0,0,,,,,,,,
15012,XINGU,PA,Norte,2019,1,0,1,1,1,1,0,0,1,0,0,0,0.0,0.0,1.0,0.0,0.0,0.0,1.0,0.0
15012,XINGU,PA,Norte,2020,1,0,1,1,1,1,0,0,0,1,0,0,0.0,0.0,0.0,1.0,0.0,0.0,1.0,0.0
15012,XINGU,PA,Norte,2021,0,0,0,0,0,0,0,0,0,0,0,0,,,,,,,,
15012,XINGU,PA,Norte,2022,1,1,1,1,1,1,0,1,0,0,0,0,0.0,1.0,0.0,0.0,0.0,0.0,1.0,0.0
15012,XINGU,PA,Norte,2023,2,0,2,2,2,1,1,0,1,0,0,0,0.5,0.0,0.5,0.0,0.0,0.0,0.5,0.0
15012,XINGU,PA,Norte,2024,2,0,2,2,2,2,1,0,0,1,0,0,0.5,0.0,0.0,0.5,0.0,0.0,1.0,0.0
15012,XINGU,PA,Norte,2025,3,0,3,3,3,2,0,1,0,1,1,0,0.0,0.3333333333333333,0.0,0.3333333333333333,0.3333333333333333,0.0,0.6666666666666666,0.3333333333333333
15013,MARAJO I,PA,Norte,2007,3,0,2,3,3,3,0,1,2,0,0,0,0.0,0.3333333333333333,0.6666666666666666,0.0,0.0,0.0,1.0,0.0
15013,MARAJO I,PA,Norte,2008,3,0,1,3,3,2,3,0,0,0,0,0,1.0,0.0,0.0,0.0,0.0,0.0,0.6666666666666666,0.0
15013,MARAJO I,PA,Norte,2009,1,0,1,1,1,1,1,0,0,0,0,0,1.0,0.0,0.0,0.0,0.0,0.0,1.0,0.0
15013,MARAJO I,PA,Norte,2010,0,0,0,0,0,0,0,0,0,0,0,0,,,,,,,,
15013,MARAJO I,PA,Norte,2011,1,0,1,1,1,1,0,0,1,0,0,0,0.0,0.0,1.0,0.0,0.0,0.0,1.0,0.0
15013,MARAJO I,PA,Norte,2012,2,0,1,2,2,1,1,0,0,0,1,0,0.5,0.0,0.0,0.0,0.5,0.0,0.5,0.5
15013,MARAJO I,PA,Norte,2013,1,0,1,1,1,0,1,0,0,0,0,0,1.0,0.0,0.0,0.0,0.0,0.0,0.0,0.0
15013,MARAJO I,PA,Norte,2014,11,0,7,11,11,9,8,2,1,0,0,0,0.7272727272727273,0.18181818181818182,0.09090909090909091,0.0,0.0,0.0,0.8181818181818182,0.0
15013,MARAJO I,PA,Norte,2015,3,0,2,3,3,3,2,0,0,1,0,0,0.6666666666666666,0.0,0.0,0.3333333333333333,0.0,0.0,1.0,0.0
15013,MARAJO I,PA,Norte,2016,12,0,7,12,12,8,4,4,1,3,0,0,0.3333333333333333,0.3333333333333333,0.08333333333333333,0.25,0.0,0.0,0.6666666666666666,0.0
15013,MARAJO I,PA,Norte,2017,5,0,3,5,5,3,1,1,0,2,1,0,0.2,0.2,0.0,0.4,0.2,0.0,0.6,0.2
15013,MARAJO I,PA,Norte,2018,5,0,3,5,5,4,0,3,2,0,0,0,0.0,0.6,0.4,0.0,0.0,0.0,0.8,0.0
15013,MARAJO I,PA,Norte,2019,5,0,4,5,5,4,0,1,1,3,0,0,0.0,0.2,0.2,0.6,0.0,0.0,0.8,0.0
15013,MARAJO I,PA,Norte,2020,1,0,1,1,1,0,0,0,1,0,0,0,0.0,0.0,1.0,0.0,0.0,0.0,0.0,0.0
15013,MARAJO I,PA,Norte,2021,1,0,0,1,1,1,0,0,0,0,1,0,0.0,0.0,0.0,0.0,1.0,0.0,1.0,1.0
15013,MARAJO I,PA,Norte,2022,6,1,6,6,6,5,2,2,0,1,1,0,0.3333333333333333,0.3333333333333333,0.0,0.16666666666666666,0.16666666666666666,0.0,0.8333333333333334,0.16666666666666666
15013,MARAJO I,PA,Norte,2023,1,0,1,1,1,1,1,0,0,0,0,0,1.0,0.0,0.0,0.0,0.0,0.0,1.0,0.0
15013,MARAJO I,PA,Norte,2024,4,0,3,4,4,4,1,1,1,1,0,0,0.25,0.25,0.25,0.25,0.0,0.0,1.0,0.0
15013,MARAJO I,PA,Norte,2025,9,1,8,9,9,7,1,4,1,2,0,1,0.1111111111111111,0.4444444444444444,0.1111111111111111,0.2222222222222222,0.0,0.1111111111111111,0.7777777777777778,0.1111111111111111
15014,MARAJO II,PA,Norte,2007,1,0,1,1,1,1,0,1,0,0,0,0,0.0,1.0,0.0,0.0,0.0,0.0,1.0,0.0
15014,MARAJO II,PA,Norte,2008,0,0,0,0,0,0,0,0,0,0,0,0,,,,,,,,
15014,MARAJO II,PA,Norte,2009,3,0,3,3,3,2,2,1,0,0,0,0,0.6666666666666666,0.3333333333333333,0.0,0.0,0.0,0.0,0.6666666666666666,0.0
15014,MARAJO II,PA,Norte,2010,7,0,7,7,7,6,4,0,2,1,0,0,0.5714285714285714,0.0,0.2857142857142857,0.14285714285714285,0.0,0.0,0.8571428571428571,0.0
15014,MARAJO II,PA,Norte,2011,4,0,4,4,4,4,0,0,1,2,1,0,0.0,0.0,0.25,0.5,0.25,0.0,1.0,0.25
15014,MARAJO II,PA,Norte,2012,2,1,2,2,2,2,1,1,0,0,0,0,0.5,0.5,0.0,0.0,0.0,0.0,1.0,0.0
15014,MARAJO II,PA,Norte,2013,3,1,3,3,3,3,0,0,0,3,0,0,0.0,0.0,0.0,1.0,0.0,0.0,1.0,0.0
15014,MARAJO II,PA,Norte,2014,10,2,10,10,10,6,4,2,1,2,1,0,0.4,0.2,0.1,0.2,0.1,0.0,0.6,0.1
15014,MARAJO II,PA,Norte,2015,6,2,6,6,6,4,1,1,1,3,0,0,0.16666666666666666,0.16666666666666666,0.16666666666666666,0.5,0.0,0.0,0.6666666666666666,0.0
15014,MARAJO II,PA,Norte,2016,15,3,12,15,15,8,4,5,3,3,0,0,0.26666666666666666,0.3333333333333333,0.2,0.2,0.0,0.0,0.5333333333333333,0.0
15014,MARAJO II,PA,Norte,2017,5,1,4,5,5,3,2,0,2,1,0,0,0.4,0.0,0.4,0.2,0.0,0.0,0.6,0.0
15014,MARAJO II,PA,Norte,2018,6,2,6,6,6,4,1,3,2,0,0,0,0.16666666666666666,0.5,0.3333333333333333,0.0,0.0,0.0,0.6666666666666666,0.0
15014,MARAJO II,PA,Norte,2019,11,2,9,11,11,8,5,2,3,1,0,0,0.45454545454545453,0.18181818181818182,0.2727272727272727,0.09090909090909091,0.0,0.0,0.7272727272727273,0.0
15014,MARAJO II,PA,Norte,2020,10,4,9,10,10,7,1,3,2,3,1,0,0.1,0.3,0.2,0.3,0.1,0.0,0.7,0.1
15014,MARAJO II,PA,Norte,2021,4,0,4,4,4,4,1,2,1,0,0,0,0.25,0.5,0.25,0.0,0.0,0.0,1.0,0.0
15014,MARAJO II,PA,Norte,2022,2,0,2,2,2,2,0,1,0,0,0,1,0.0,0.5,0.0,0.0,0.0,0.5,1.0,0.5
15014,MARAJO II,PA,Norte,2023,2,0,2,2,2,2,0,2,0,0,0,0,0.0,1.0,0.0,0.0,0.0,0.0,1.0,0.0
15014,MARAJO II,PA,Norte,2024,5,0,4,5,5,5,3,0,1,1,0,0,0.6,0.0,0.2,0.2,0.0,0.0,1.0,0.0
15014,MARAJO II,PA,Norte,2025,9,0,8,9,9,9,3,3,2,1,0,0,0.3333333333333333,0.3333333333333333,0.2222222222222222,0.1111111111111111,0.0,0.0,1.0,0.0
16001,AREA CENTRAL,AP,Norte,2007,47,0,40,47,47,25,8,16,12,7,3,1,0.1702127659574468,0.3404255319148936,0.2553191489361702,0.14893617021276595,0.06382978723404255,0.02127659574468085,0.5319148936170213,0.0851063829787234
16001,AREA CENTRAL,AP,Norte,2008,72,0,67,72,72,47,27,25,9,7,3,1,0.375,0.3472222222222222,0.125,0.09722222222222222,0.041666666666666664,0.013888888888888888,0.6527777777777778,0.05555555555555555
16001,AREA CENTRAL,AP,Norte,2009,70,1,67,70,70,43,30,22,8,9,1,0,0.42857142857142855,0.3142857142857143,0.11428571428571428,0.12857142857142856,0.014285714285714285,0.0,0.6142857142857143,0.014285714285714285
16001,AREA CENTRAL,AP,Norte,2010,41,0,38,41,41,26,18,10,9,3,0,1,0.43902439024390244,0.24390243902439024,0.21951219512195122,0.07317073170731707,0.0,0.024390243902439025,0.6341463414634146,0.024390243902439025
16001,AREA CENTRAL,AP,Norte,2011,69,3,68,69,69,50,37,15,8,7,1,1,0.5362318840579711,0.21739130434782608,0.11594202898550725,0.10144927536231885,0.014492753623188406,0.014492753623188406,0.7246376811594203,0.028985507246376812
16001,AREA CENTRAL,AP,Norte,2012,53,0,52,53,53,31,23,8,12,6,2,2,0.4339622641509434,0.1509433962264151,0.22641509433962265,0.11320754716981132,0.03773584905660377,0.03773584905660377,0.5849056603773585,0.07547169811320754
16001,AREA CENTRAL,AP,Norte,2013,33,0,29,33,33,20,15,8,7,3,0,0,0.45454545454545453,0.24242424242424243,0.21212121212121213,0.09090909090909091,0.0,0.0,0.6060606060606061,0.0
16001,AREA CENTRAL,AP,Norte,2014,50,4,47,50,50,28,20,16,9,4,1,0,0.4,0.32,0.18,0.08,0.02,0.0,0.56,0.02
16001,AREA CENTRAL,AP,Norte,2015,37,0,28,37,37,26,14,10,9,4,0,0,0.3783783783783784,0.2702702702702703,0.24324324324324326,0.10810810810810811,0.0,0.0,0.7027027027027027,0.0
16001,AREA CENTRAL,AP,Norte,2016,54,3,42,54,54,40,18,16,9,8,2,1,0.3333333333333333,0.2962962962962963,0.16666666666666666,0.14814814814814814,0.037037037037037035,0.018518518518518517,0.7407407407407407,0.05555555555555555
16001,AREA CENTRAL,AP,Norte,2017,32,1,24,32,32,24,5,14,6,6,1,0,0.15625,0.4375,0.1875,0.1875,0.03125,0.0,0.75,0.03125
16001,AREA CENTRAL,AP,Norte,2018,47,6,45,47,47,34,13,14,10,8,1,1,0.2765957446808511,0.2978723404255319,0.2127659574468085,0.1702127659574468,0.02127659574468085,0.02127659574468085,0.723404255319149,0.0425531914893617
16001,AREA CENTRAL,AP,Norte,2019,42,5,37,42,42,30,17,12,4,7,1,1,0.40476190476190477,0.2857142857142857,0.09523809523809523,0.16666666666666666,0.023809523809523808,0.023809523809523808,0.7142857142857143,0.047619047619047616
16001,AREA CENTRAL,AP,Norte,2020,13,1,11,13,13,8,1,3,2,4,3,0,0.07692307692307693,0.23076923076923078,0.15384615384615385,0.3076923076923077,0.23076923076923078,0.0,0.6153846153846154,0.23076923076923078
16001,AREA CENTRAL,AP,Norte,2021,30,1,26,30,30,25,6,9,6,7,0,2,0.2,0.3,0.2,0.23333333333333334,0.0,0.06666666666666667,0.8333333333333334,0.06666666666666667
16001,AREA CENTRAL,AP,Norte,2022,17,2,14,17,17,15,4,6,5,2,0,0,0.23529411764705882,0.35294117647058826,0.29411764705882354,0.11764705882352941,0.0,0.0,0.8823529411764706,0.0
16001,AREA CENTRAL,AP,Norte,2023,12,0,8,12,12,9,4,5,0,2,0,1,0.3333333333333333,0.4166666666666667,0.0,0.16666666666666666,0.0,0.08333333333333333,0.75,0.08333333333333333
16001,AREA CENTRAL,AP,Norte,2024,25,0,24,25,25,12,6,5,5,7,0,2,0.24,0.2,0.2,0.28,0.0,0.08,0.48,0.08
16001,AREA CENTRAL,AP,Norte,2025,20,1,17,20,20,16,4,7,3,1,4,1,0.2,0.35,0.15,0.05,0.2,0.05,0.8,0.25
16002,AREA NORTE,AP,Norte,2007,0,0,0,0,0,0,0,0,0,0,0,0,,,,,,,,
16002,AREA NORTE,AP,Norte,2008,1,0,1,1,1,1,0,0,0,0,0,1,0.0,0.0,0.0,0.0,0.0,1.0,1.0,1.0
16002,AREA NORTE,AP,Norte,2009,3,0,3,3,3,2,2,1,0,0,0,0,0.6666666666666666,0.3333333333333333,0.0,0.0,0.0,0.0,0.6666666666666666,0.0
16002,AREA NORTE,AP,Norte,2010,0,0,0,0,0,0,0,0,0,0,0,0,,,,,,,,
16002,AREA NORTE,AP,Norte,2011,2,0,2,2,2,2,0,1,1,0,0,0,0.0,0.5,0.5,0.0,0.0,0.0,1.0,0.0
16002,AREA NORTE,AP,Norte,2012,3,0,2,3,3,3,2,1,0,0,0,0,0.6666666666666666,0.3333333333333333,0.0,0.0,0.0,0.0,1.0,0.0
16002,AREA NORTE,AP,Norte,2013,0,0,0,0,0,0,0,0,0,0,0,0,,,,,,,,
16002,AREA NORTE,AP,Norte,2014,3,0,1,3,3,2,1,2,0,0,0,0,0.3333333333333333,0.6666666666666666,0.0,0.0,0.0,0.0,0.6666666666666666,0.0
16002,AREA NORTE,AP,Norte,2015,1,0,0,1,1,0,0,1,0,0,0,0,0.0,1.0,0.0,0.0,0.0,0.0,0.0,0.0
16002,AREA NORTE,AP,Norte,2016,0,0,0,0,0,0,0,0,0,0,0,0,,,,,,,,
16002,AREA NORTE,AP,Norte,2017,1,0,1,1,1,1,0,0,1,0,0,0,0.0,0.0,1.0,0.0,0.0,0.0,1.0,0.0
16002,AREA NORTE,AP,Norte,2018,1,0,1,1,1,1,0,0,1,0,0,0,0.0,0.0,1.0,0.0,0.0,0.0,1.0,0.0
16002,AREA NORTE,AP,Norte,2019,1,0,1,1,1,0,0,1,0,0,0,0,0.0,1.0,0.0,0.0,0.0,0.0,0.0,0.0
16002,AREA NORTE,AP,Norte,2020,1,0,0,1,1,1,0,1,0,0,0,0,0.0,1.0,0.0,0.0,0.0,0.0,1.0,0.0
16002,AREA NORTE,AP,Norte,2021,0,0,0,0,0,0,0,0,0,0,0,0,,,,,,,,
16002,AREA NORTE,AP,Norte,2022,7,2,6,7,7,6,0,3,4,0,0,0,0.0,0.42857142857142855,0.5714285714285714,0.0,0.0,0.0,0.8571428571428571,0.0
16002,AREA NORTE,AP,Norte,2023,2,0,1,2,2,1,0,0,2,0,0,0,0.0,0.0,1.0,0.0,0.0,0.0,0.5,0.0
16002,AREA NORTE,AP,Norte,2024,2,0,1,2,2,0,2,0,0,0,0,0,1.0,0.0,0.0,0.0,0.0,0.0,0.0,0.0
16002,AREA NORTE,AP,Norte,2025,4,0,4,4,4,1,2,2,0,0,0,0,0.5,0.5,0.0,0.0,0.0,0.0,0.25,0.0
16003,AREA SUDOESTE,AP,Norte,2007,11,0,11,11,11,6,4,6,0,1,0,0,0.36363636363636365,0.5454545454545454,0.0,0.09090909090909091,0.0,0.0,0.5454545454545454,0.0
16003,AREA SUDOESTE,AP,Norte,2008,17,1,16,17,17,7,7,6,2,1,1,0,0.4117647058823529,0.35294117647058826,0.11764705882352941,0.058823529411764705,0.058823529411764705,0.0,0.4117647058823529,0.058823529411764705
16003,AREA SUDOESTE,AP,Norte,2009,22,0,21,22,22,16,9,5,4,1,1,2,0.4090909090909091,0.22727272727272727,0.18181818181818182,0.045454545454545456,0.045454545454545456,0.09090909090909091,0.7272727272727273,0.13636363636363635
16003,AREA SUDOESTE,AP,Norte,2010,20,0,20,20,20,15,8,6,3,1,0,2,0.4,0.3,0.15,0.05,0.0,0.1,0.75,0.1
16003,AREA SUDOESTE,AP,Norte,2011,25,0,20,25,25,19,16,3,3,3,0,0,0.64,0.12,0.12,0.12,0.0,0.0,0.76,0.0
16003,AREA SUDOESTE,AP,Norte,2012,22,2,11,22,22,15,16,4,0,1,0,1,0.7272727272727273,0.18181818181818182,0.0,0.045454545454545456,0.0,0.045454545454545456,0.6818181818181818,0.045454545454545456
16003,AREA SUDOESTE,AP,Norte,2013,13,0,12,13,13,9,8,4,1,0,0,0,0.6153846153846154,0.3076923076923077,0.07692307692307693,0.0,0.0,0.0,0.6923076923076923,0.0
16003,AREA SUDOESTE,AP,Norte,2014,20,2,18,20,20,15,12,4,1,1,1,1,0.6,0.2,0.05,0.05,0.05,0.05,0.75,0.1
16003,AREA SUDOESTE,AP,Norte,2015,9,0,8,9,9,8,3,3,2,1,0,0,0.3333333333333333,0.3333333333333333,0.2222222222222222,0.1111111111111111,0.0,0.0,0.8888888888888888,0.0
16003,AREA SUDOESTE,AP,Norte,2016,25,0,20,25,25,18,8,7,8,1,1,0,0.32,0.28,0.32,0.04,0.04,0.0,0.72,0.04
16003,AREA SUDOESTE,AP,Norte,2017,26,1,25,26,26,21,4,11,6,4,1,0,0.15384615384615385,0.4230769230769231,0.23076923076923078,0.15384615384615385,0.038461538461538464,0.0,0.8076923076923077,0.038461538461538464
16003,AREA SUDOESTE,AP,Norte,2018,27,1,27,27,27,19,3,8,9,4,2,1,0.1111111111111111,0.2962962962962963,0.3333333333333333,0.14814814814814814,0.07407407407407407,0.037037037037037035,0.7037037037037037,0.1111111111111111
16003,AREA SUDOESTE,AP,Norte,2019,17,0,16,17,17,15,8,3,1,3,2,0,0.47058823529411764,0.17647058823529413,0.058823529411764705,0.17647058823529413,0.11764705882352941,0.0,0.8823529411764706,0.11764705882352941
16003,AREA SUDOESTE,AP,Norte,2020,7,2,6,7,7,7,1,2,3,1,0,0,0.14285714285714285,0.2857142857142857,0.42857142857142855,0.14285714285714285,0.0,0.0,1.0,0.0
16003,AREA SUDOESTE,AP,Norte,2021,7,0,7,7,7,4,1,4,1,1,0,0,0.14285714285714285,0.5714285714285714,0.14285714285714285,0.14285714285714285,0.0,0.0,0.5714285714285714,0.0
16003,AREA SUDOESTE,AP,Norte,2022,10,0,9,10,10,7,0,5,2,1,2,0,0.0,0.5,0.2,0.1,0.2,0.0,0.7,0.2
16003,AREA SUDOESTE,AP,Norte,2023,8,1,8,8,8,8,1,4,0,3,0,0,0.125,0.5,0.0,0.375,0.0,0.0,1.0,0.0
16003,AREA SUDOESTE,AP,Norte,2024,16,0,14,16,16,11,3,1,5,3,3,1,0.1875,0.0625,0.3125,0.1875,0.1875,0.0625,0.6875,0.25
16003,AREA SUDOESTE,AP,Norte,2025,11,1,10,11,11,11,3,5,0,1,0,2,0.2727272727272727,0.45454545454545453,0.0,0.09090909090909091,0.0,0.18181818181818182,1.0,0.18181818181818182
17001,MEDIO NORTE ARAGUAIA,TO,Norte,2007,0,0,0,0,0,0,0,0,0,0,0,0,,,,,,,,
17001,MEDIO NORTE ARAGUAIA,TO,Norte,2008,0,0,0,0,0,0,0,0,0,0,0,0,,,,,,,,
17001,MEDIO NORTE ARAGUAIA,TO,Norte,2009,1,0,1,1,1,0,0,1,0,0,0,0,0.0,1.0,0.0,0.0,0.0,0.0,0.0,0.0
17001,MEDIO NORTE ARAGUAIA,TO,Norte,2010,0,0,0,0,0,0,0,0,0,0,0,0,,,,,,,,
17001,MEDIO NORTE ARAGUAIA,TO,Norte,2011,0,0,0,0,0,0,0,0,0,0,0,0,,,,,,,,
17001,MEDIO NORTE ARAGUAIA,TO,Norte,2012,1,0,1,1,1,0,1,0,0,0,0,0,1.0,0.0,0.0,0.0,0.0,0.0,0.0,0.0
17001,MEDIO NORTE ARAGUAIA,TO,Norte,2013,0,0,0,0,0,0,0,0,0,0,0,0,,,,,,,,
17001,MEDIO NORTE ARAGUAIA,TO,Norte,2014,2,0,2,2,2,2,0,0,1,0,1,0,0.0,0.0,0.5,0.0,0.5,0.0,1.0,0.5
17001,MEDIO NORTE ARAGUAIA,TO,Norte,2015,1,0,1,1,1,1,0,0,1,0,0,0,0.0,0.0,1.0,0.0,0.0,0.0,1.0,0.0
17001,MEDIO NORTE ARAGUAIA,TO,Norte,2016,0,0,0,0,0,0,0,0,0,0,0,0,,,,,,,,
17001,MEDIO NORTE ARAGUAIA,TO,Norte,2017,0,0,0,0,0,0,0,0,0,0,0,0,,,,,,,,
17001,MEDIO NORTE ARAGUAIA,TO,Norte,2018,1,0,1,1,1,1,0,0,1,0,0,0,0.0,0.0,1.0,0.0,0.0,0.0,1.0,0.0
17001,MEDIO NORTE ARAGUAIA,TO,Norte,2019,1,0,0,1,1,0,0,0,1,0,0,0,0.0,0.0,1.0,0.0,0.0,0.0,0.0,0.0
17001,MEDIO NORTE ARAGUAIA,TO,Norte,2020,0,0,0,0,0,0,0,0,0,0,0,0,,,,,,,,
17001,MEDIO NORTE ARAGUAIA,TO,Norte,2021,0,0,0,0,0,0,0,0,0,0,0,0,,,,,,,,
17001,MEDIO NORTE ARAGUAIA,TO,Norte,2022,1,0,1,1,1,1,0,0,0,1,0,0,0.0,0.0,0.0,1.0,0.0,0.0,1.0,0.0
17001,MEDIO NORTE ARAGUAIA,TO,Norte,2023,2,0,2,2,2,2,0,1,0,1,0,0,0.0,0.5,0.0,0.5,0.0,0.0,1.0,0.0
17001,MEDIO NORTE ARAGUAIA,TO,Norte,2024,3,0,3,3,3,1,0,1,2,0,0,0,0.0,0.3333333333333333,0.6666666666666666,0.0,0.0,0.0,0.3333333333333333,0.0
17001,MEDIO NORTE ARAGUAIA,TO,Norte,2025,2,0,2,2,2,2,0,1,1,0,0,0,0.0,0.5,0.5,0.0,0.0,0.0,1.0,0.0
17002,BICO DO PAPAGAIO,TO,Norte,2007,0,0,0,0,0,0,0,0,0,0,0,0,,,,,,,,
17002,BICO DO PAPAGAIO,TO,Norte,2008,0,0,0,0,0,0,0,0,0,0,0,0,,,,,,,,
17002,BICO DO PAPAGAIO,TO,Norte,2009,0,0,0,0,0,0,0,0,0,0,0,0,,,,,,,,
17002,BICO DO PAPAGAIO,TO,Norte,2010,0,0,0,0,0,0,0,0,0,0,0,0,,,,,,,,
17002,BICO DO PAPAGAIO,TO,Norte,2011,0,0,0,0,0,0,0,0,0,0,0,0,,,,,,,,
17002,BICO DO PAPAGAIO,TO,Norte,2012,0,0,0,0,0,0,0,0,0,0,0,0,,,,,,,,
17002,BICO DO PAPAGAIO,TO,Norte,2013,1,0,1,1,1,1,0,1,0,0,0,0,0.0,1.0,0.0,0.0,0.0,0.0,1.0,0.0
17002,BICO DO PAPAGAIO,TO,Norte,2014,0,0,0,0,0,0,0,0,0,0,0,0,,,,,,,,
17002,BICO DO PAPAGAIO,TO,Norte,2015,0,0,0,0,0,0,0,0,0,0,0,0,,,,,,,,
17002,BICO DO PAPAGAIO,TO,Norte,2016,0,0,0,0,0,0,0,0,0,0,0,0,,,,,,,,
17002,BICO DO PAPAGAIO,TO,Norte,2017,1,0,1,1,1,1,0,0,1,0,0,0,0.0,0.0,1.0,0.0,0.0,0.0,1.0,0.0
17002,BICO DO PAPAGAIO,TO,Norte,2018,0,0,0,0,0,0,0,0,0,0,0,0,,,,,,,,
17002,BICO DO PAPAGAIO,TO,Norte,2019,1,0,0,1,1,1,0,1,0,0,0,0,0.0,1.0,0.0,0.0,0.0,0.0,1.0,0.0
17002,BICO DO PAPAGAIO,TO,Norte,2020,1,0,1,1,1,1,1,0,0,0,0,0,1.0,0.0,0.0,0.0,0.0,0.0,1.0,0.0
17002,BICO DO PAPAGAIO,TO,Norte,2021,0,0,0,0,0,0,0,0,0,0,0,0,,,,,,,,
17002,BICO DO PAPAGAIO,TO,Norte,2022,0,0,0,0,0,0,0,0,0,0,0,0,,,,,,,,
17002,BICO DO PAPAGAIO,TO,Norte,2023,0,0,0,0,0,0,0,0,0,0,0,0,,,,,,,,
17002,BICO DO PAPAGAIO,TO,Norte,2024,1,0,0,1,1,1,0,0,0,0,0,1,0.0,0.0,0.0,0.0,0.0,1.0,1.0,1.0
17002,BICO DO PAPAGAIO,TO,Norte,2025,4,0,3,4,4,3,0,0,1,2,1,0,0.0,0.0,0.25,0.5,0.25,0.0,0.75,0.25
17003,SUDESTE,TO,Norte,2007,0,0,0,0,0,0,0,0,0,0,0,0,,,,,,,,
17003,SUDESTE,TO,Norte,2008,0,0,0,0,0,0,0,0,0,0,0,0,,,,,,,,
17003,SUDESTE,TO,Norte,2009,0,0,0,0,0,0,0,0,0,0,0,0,,,,,,,,
17003,SUDESTE,TO,Norte,2010,0,0,0,0,0,0,0,0,0,0,0,0,,,,,,,,
17003,SUDESTE,TO,Norte,2011,0,0,0,0,0,0,0,0,0,0,0,0,,,,,,,,
17003,SUDESTE,TO,Norte,2012,0,0,0,0,0,0,0,0,0,0,0,0,,,,,,,,
17003,SUDESTE,TO,Norte,2013,0,0,0,0,0,0,0,0,0,0,0,0,,,,,,,,
17003,SUDESTE,TO,Norte,2014,0,0,0,0,0,0,0,0,0,0,0,0,,,,,,,,
17003,SUDESTE,TO,Norte,2015,0,0,0,0,0,0,0,0,0,0,0,0,,,,,,,,
17003,SUDESTE,TO,Norte,2016,0,0,0,0,0,0,0,0,0,0,0,0,,,,,,,,
17003,SUDESTE,TO,Norte,2017,0,0,0,0,0,0,0,0,0,0,0,0,,,,,,,,
17003,SUDESTE,TO,Norte,2018,1,0,0,1,1,0,0,0,0,1,0,0,0.0,0.0,0.0,1.0,0.0,0.0,0.0,0.0
17003,SUDESTE,TO,Norte,2019,1,0,1,1,1,1,1,0,0,0,0,0,1.0,0.0,0.0,0.0,0.0,0.0,1.0,0.0
17003,SUDESTE,TO,Norte,2020,0,0,0,0,0,0,0,0,0,0,0,0,,,,,,,,
17003,SUDESTE,TO,Norte,2021,0,0,0,0,0,0,0,0,0,0,0,0,,,,,,,,
17003,SUDESTE,TO,Norte,2022,0,0,0,0,0,0,0,0,0,0,0,0,,,,,,,,
17003,SUDESTE,TO,Norte,2023,0,0,0,0,0,0,0,0,0,0,0,0,,,,,,,,
17003,SUDESTE,TO,Norte,2024,0,0,0,0,0,0,0,0,0,0,0,0,,,,,,,,
17003,SUDESTE,TO,Norte,2025,2,0,1,2,2,2,1,1,0,0,0,0,0.5,0.5,0.0,0.0,0.0,0.0,1.0,0.0
17004,CERRADO TOCANTINS ARAGUAIA,TO,Norte,2007,0,0,0,0,0,0,0,0,0,0,0,0,,,,,,,,
17004,CERRADO TOCANTINS ARAGUAIA,TO,Norte,2008,0,0,0,0,0,0,0,0,0,0,0,0,,,,,,,,
17004,CERRADO TOCANTINS ARAGUAIA,TO,Norte,2009,0,0,0,0,0,0,0,0,0,0,0,0,,,,,,,,
17004,CERRADO TOCANTINS ARAGUAIA,TO,Norte,2010,0,0,0,0,0,0,0,0,0,0,0,0,,,,,,,,
17004,CERRADO TOCANTINS ARAGUAIA,TO,Norte,2011,2,0,2,2,2,1,0,1,1,0,0,0,0.0,0.5,0.5,0.0,0.0,0.0,0.5,0.0
17004,CERRADO TOCANTINS ARAGUAIA,TO,Norte,2012,1,0,1,1,1,0,1,0,0,0,0,0,1.0,0.0,0.0,0.0,0.0,0.0,0.0,0.0
17004,CERRADO TOCANTINS ARAGUAIA,TO,Norte,2013,8,0,7,8,8,4,0,2,4,1,1,0,0.0,0.25,0.5,0.125,0.125,0.0,0.5,0.125
17004,CERRADO TOCANTINS ARAGUAIA,TO,Norte,2014,0,0,0,0,0,0,0,0,0,0,0,0,,,,,,,,
17004,CERRADO TOCANTINS ARAGUAIA,TO,Norte,2015,0,0,0,0,0,0,0,0,0,0,0,0,,,,,,,,
17004,CERRADO TOCANTINS ARAGUAIA,TO,Norte,2016,0,0,0,0,0,0,0,0,0,0,0,0,,,,,,,,
17004,CERRADO TOCANTINS ARAGUAIA,TO,Norte,2017,0,0,0,0,0,0,0,0,0,0,0,0,,,,,,,,
17004,CERRADO TOCANTINS ARAGUAIA,TO,Norte,2018,3,0,3,3,3,2,1,0,2,0,0,0,0.3333333333333333,0.0,0.6666666666666666,0.0,0.0,0.0,0.6666666666666666,0.0
17004,CERRADO TOCANTINS ARAGUAIA,TO,Norte,2019,2,0,2,2,2,2,0,0,1,0,1,0,0.0,0.0,0.5,0.0,0.5,0.0,1.0,0.5
17004,CERRADO TOCANTINS ARAGUAIA,TO,Norte,2020,0,0,0,0,0,0,0,0,0,0,0,0,,,,,,,,
17004,CERRADO TOCANTINS ARAGUAIA,TO,Norte,2021,0,0,0,0,0,0,0,0,0,0,0,0,,,,,,,,
17004,CERRADO TOCANTINS ARAGUAIA,TO,Norte,2022,4,0,4,4,4,2,1,1,2,0,0,0,0.25,0.25,0.5,0.0,0.0,0.0,0.5,0.0
17004,CERRADO TOCANTINS ARAGUAIA,TO,Norte,2023,12,0,11,12,12,7,2,0,7,3,0,0,0.16666666666666666,0.0,0.5833333333333334,0.25,0.0,0.0,0.5833333333333334,0.0
17004,CERRADO TOCANTINS ARAGUAIA,TO,Norte,2024,5,0,4,5,5,3,0,4,0,0,0,1,0.0,0.8,0.0,0.0,0.0,0.2,0.6,0.2
17004,CERRADO TOCANTINS ARAGUAIA,TO,Norte,2025,0,0,0,0,0,0,0,0,0,0,0,0,,,,,,,,
17005,ILHA DO BANANAL,TO,Norte,2007,0,0,0,0,0,0,0,0,0,0,0,0,,,,,,,,
17005,ILHA DO BANANAL,TO,Norte,2008,0,0,0,0,0,0,0,0,0,0,0,0,,,,,,,,
17005,ILHA DO BANANAL,TO,Norte,2009,0,0,0,0,0,0,0,0,0,0,0,0,,,,,,,,
17005,ILHA DO BANANAL,TO,Norte,2010,0,0,0,0,0,0,0,0,0,0,0,0,,,,,,,,
17005,ILHA DO BANANAL,TO,Norte,2011,0,0,0,0,0,0,0,0,0,0,0,0,,,,,,,,
17005,ILHA DO BANANAL,TO,Norte,2012,0,0,0,0,0,0,0,0,0,0,0,0,,,,,,,,
17005,ILHA DO BANANAL,TO,Norte,2013,0,0,0,0,0,0,0,0,0,0,0,0,,,,,,,,
17005,ILHA DO BANANAL,TO,Norte,2014,0,0,0,0,0,0,0,0,0,0,0,0,,,,,,,,
17005,ILHA DO BANANAL,TO,Norte,2015,0,0,0,0,0,0,0,0,0,0,0,0,,,,,,,,
17005,ILHA DO BANANAL,TO,Norte,2016,0,0,0,0,0,0,0,0,0,0,0,0,,,,,,,,
17005,ILHA DO BANANAL,TO,Norte,2017,0,0,0,0,0,0,0,0,0,0,0,0,,,,,,,,
17005,ILHA DO BANANAL,TO,Norte,2018,3,0,2,3,3,3,0,0,1,1,0,1,0.0,0.0,0.3333333333333333,0.3333333333333333,0.0,0.3333333333333333,1.0,0.3333333333333333
17005,ILHA DO BANANAL,TO,Norte,2019,1,0,1,1,1,1,0,0,1,0,0,0,0.0,0.0,1.0,0.0,0.0,0.0,1.0,0.0
17005,ILHA DO BANANAL,TO,Norte,2020,0,0,0,0,0,0,0,0,0,0,0,0,,,,,,,,
17005,ILHA DO BANANAL,TO,Norte,2021,0,0,0,0,0,0,0,0,0,0,0,0,,,,,,,,
17005,ILHA DO BANANAL,TO,Norte,2022,1,0,1,1,1,0,0,1,0,0,0,0,0.0,1.0,0.0,0.0,0.0,0.0,0.0,0.0
17005,ILHA DO BANANAL,TO,Norte,2023,2,0,2,2,2,2,0,0,1,1,0,0,0.0,0.0,0.5,0.5,0.0,0.0,1.0,0.0
17005,ILHA DO BANANAL,TO,Norte,2024,0,0,0,0,0,0,0,0,0,0,0,0,,,,,,,,
17005,ILHA DO BANANAL,TO,Norte,2025,0,0,0,0,0,0,0,0,0,0,0,0,,,,,,,,
17006,CAPIM DOURADO,TO,Norte,2007,0,0,0,0,0,0,0,0,0,0,0,0,,,,,,,,
17006,CAPIM DOURADO,TO,Norte,2008,0,0,0,0,0,0,0,0,0,0,0,0,,,,,,,,
17006,CAPIM DOURADO,TO,Norte,2009,0,0,0,0,0,0,0,0,0,0,0,0,,,,,,,,
17006,CAPIM DOURADO,TO,Norte,2010,1,0,1,1,1,0,0,1,0,0,0,0,0.0,1.0,0.0,0.0,0.0,0.0,0.0,0.0
17006,CAPIM DOURADO,TO,Norte,2011,0,0,0,0,0,0,0,0,0,0,0,0,,,,,,,,
17006,CAPIM DOURADO,TO,Norte,2012,2,0,2,2,2,1,0,2,0,0,0,0,0.0,1.0,0.0,0.0,0.0,0.0,0.5,0.0
17006,CAPIM DOURADO,TO,Norte,2013,2,0,2,2,2,2,1,0,1,0,0,0,0.5,0.0,0.5,0.0,0.0,0.0,1.0,0.0
17006,CAPIM DOURADO,TO,Norte,2014,0,0,0,0,0,0,0,0,0,0,0,0,,,,,,,,
17006,CAPIM DOURADO,TO,Norte,2015,0,0,0,0,0,0,0,0,0,0,0,0,,,,,,,,
17006,CAPIM DOURADO,TO,Norte,2016,0,0,0,0,0,0,0,0,0,0,0,0,,,,,,,,
17006,CAPIM DOURADO,TO,Norte,2017,0,0,0,0,0,0,0,0,0,0,0,0,,,,,,,,
17006,CAPIM DOURADO,TO,Norte,2018,1,0,1,1,1,0,0,0,1,0,0,0,0.0,0.0,1.0,0.0,0.0,0.0,0.0,0.0
17006,CAPIM DOURADO,TO,Norte,2019,1,0,1,1,1,1,0,1,0,0,0,0,0.0,1.0,0.0,0.0,0.0,0.0,1.0,0.0
17006,CAPIM DOURADO,TO,Norte,2020,0,0,0,0,0,0,0,0,0,0,0,0,,,,,,,,
17006,CAPIM DOURADO,TO,Norte,2021,1,0,1,1,1,1,0,0,1,0,0,0,0.0,0.0,1.0,0.0,0.0,0.0,1.0,0.0
17006,CAPIM DOURADO,TO,Norte,2022,2,0,1,2,2,1,0,0,2,0,0,0,0.0,0.0,1.0,0.0,0.0,0.0,0.5,0.0
17006,CAPIM DOURADO,TO,Norte,2023,0,0,0,0,0,0,0,0,0,0,0,0,,,,,,,,
17006,CAPIM DOURADO,TO,Norte,2024,1,0,1,1,1,0,1,0,0,0,0,0,1.0,0.0,0.0,0.0,0.0,0.0,0.0,0.0
17006,CAPIM DOURADO,TO,Norte,2025,1,0,1,1,1,0,0,0,0,1,0,0,0.0,0.0,0.0,1.0,0.0,0.0,0.0,0.0
17007,CANTAO,TO,Norte,2007,0,0,0,0,0,0,0,0,0,0,0,0,,,,,,,,
17007,CANTAO,TO,Norte,2008,0,0,0,0,0,0,0,0,0,0,0,0,,,,,,,,
17007,CANTAO,TO,Norte,2009,0,0,0,0,0,0,0,0,0,0,0,0,,,,,,,,
17007,CANTAO,TO,Norte,2010,0,0,0,0,0,0,0,0,0,0,0,0,,,,,,,,
17007,CANTAO,TO,Norte,2011,1,0,0,1,1,1,0,0,0,0,0,1,0.0,0.0,0.0,0.0,0.0,1.0,1.0,1.0
17007,CANTAO,TO,Norte,2012,0,0,0,0,0,0,0,0,0,0,0,0,,,,,,,,
17007,CANTAO,TO,Norte,2013,0,0,0,0,0,0,0,0,0,0,0,0,,,,,,,,
17007,CANTAO,TO,Norte,2014,0,0,0,0,0,0,0,0,0,0,0,0,,,,,,,,
17007,CANTAO,TO,Norte,2015,0,0,0,0,0,0,0,0,0,0,0,0,,,,,,,,
17007,CANTAO,TO,Norte,2016,3,0,3,3,3,1,0,0,0,1,0,2,0.0,0.0,0.0,0.3333333333333333,0.0,0.6666666666666666,0.3333333333333333,0.6666666666666666
17007,CANTAO,TO,Norte,2017,1,0,1,1,1,1,0,0,1,0,0,0,0.0,0.0,1.0,0.0,0.0,0.0,1.0,0.0
17007,CANTAO,TO,Norte,2018,1,0,1,1,1,1,0,0,0,1,0,0,0.0,0.0,0.0,1.0,0.0,0.0,1.0,0.0
17007,CANTAO,TO,Norte,2019,0,0,0,0,0,0,0,0,0,0,0,0,,,,,,,,
17007,CANTAO,TO,Norte,2020,0,0,0,0,0,0,0,0,0,0,0,0,,,,,,,,
17007,CANTAO,TO,Norte,2021,1,0,1,1,1,1,0,0,0,1,0,0,0.0,0.0,0.0,1.0,0.0,0.0,1.0,0.0
17007,CANTAO,TO,Norte,2022,1,0,1,1,1,0,0,1,0,0,0,0,0.0,1.0,0.0,0.0,0.0,0.0,0.0,0.0
17007,CANTAO,TO,Norte,2023,0,0,0,0,0,0,0,0,0,0,0,0,,,,,,,,
17007,CANTAO,TO,Norte,2024,1,1,1,1,1,0,0,0,0,1,0,0,0.0,0.0,0.0,1.0,0.0,0.0,0.0,0.0
17007,CANTAO,TO,Norte,2025,0,0,0,0,0,0,0,0,0,0,0,0,,,,,,,,
17008,AMOR PERFEITO,TO,Norte,2007,0,0,0,0,0,0,0,0,0,0,0,0,,,,,,,,
17008,AMOR PERFEITO,TO,Norte,2008,1,0,1,1,1,1,0,0,0,1,0,0,0.0,0.0,0.0,1.0,0.0,0.0,1.0,0.0
17008,AMOR PERFEITO,TO,Norte,2009,0,0,0,0,0,0,0,0,0,0,0,0,,,,,,,,
17008,AMOR PERFEITO,TO,Norte,2010,1,0,1,1,1,1,0,1,0,0,0,0,0.0,1.0,0.0,0.0,0.0,0.0,1.0,0.0
17008,AMOR PERFEITO,TO,Norte,2011,0,0,0,0,0,0,0,0,0,0,0,0,,,,,,,,
17008,AMOR PERFEITO,TO,Norte,2012,0,0,0,0,0,0,0,0,0,0,0,0,,,,,,,,
17008,AMOR PERFEITO,TO,Norte,2013,0,0,0,0,0,0,0,0,0,0,0,0,,,,,,,,
17008,AMOR PERFEITO,TO,Norte,2014,0,0,0,0,0,0,0,0,0,0,0,0,,,,,,,,
17008,AMOR PERFEITO,TO,Norte,2015,0,0,0,0,0,0,0,0,0,0,0,0,,,,,,,,
17008,AMOR PERFEITO,TO,Norte,2016,0,0,0,0,0,0,0,0,0,0,0,0,,,,,,,,
17008,AMOR PERFEITO,TO,Norte,2017,1,0,1,1,1,1,0,1,0,0,0,0,0.0,1.0,0.0,0.0,0.0,0.0,1.0,0.0
17008,AMOR PERFEITO,TO,Norte,2018,2,0,1,2,2,0,0,1,1,0,0,0,0.0,0.5,0.5,0.0,0.0,0.0,0.0,0.0
17008,AMOR PERFEITO,TO,Norte,2019,2,0,2,2,2,1,0,0,1,1,0,0,0.0,0.0,0.5,0.5,0.0,0.0,0.5,0.0
17008,AMOR PERFEITO,TO,Norte,2020,1,0,0,1,1,1,0,1,0,0,0,0,0.0,1.0,0.0,0.0,0.0,0.0,1.0,0.0
17008,AMOR PERFEITO,TO,Norte,2021,0,0,0,0,0,0,0,0,0,0,0,0,,,,,,,,
17008,AMOR PERFEITO,TO,Norte,2022,2,0,1,2,2,2,0,1,0,1,0,0,0.0,0.5,0.0,0.5,0.0,0.0,1.0,0.0
17008,AMOR PERFEITO,TO,Norte,2023,1,0,1,1,1,0,1,0,0,0,0,0,1.0,0.0,0.0,0.0,0.0,0.0,0.0,0.0
17008,AMOR PERFEITO,TO,Norte,2024,2,0,2,2,2,1,1,0,0,1,0,0,0.5,0.0,0.0,0.5,0.0,0.0,0.5,0.0
17008,AMOR PERFEITO,TO,Norte,2025,2,1,2,2,2,2,0,2,0,0,0,0,0.0,1.0,0.0,0.0,0.0,0.0,1.0,0.0
21001,ACAILANDIA,MA,Nordeste,2007,0,0,0,0,0,0,0,0,0,0,0,0,,,,,,,,
21001,ACAILANDIA,MA,Nordeste,2008,0,0,0,0,0,0,0,0,0,0,0,0,,,,,,,,
21001,ACAILANDIA,MA,Nordeste,2009,0,0,0,0,0,0,0,0,0,0,0,0,,,,,,,,
21001,ACAILANDIA,MA,Nordeste,2010,0,0,0,0,0,0,0,0,0,0,0,0,,,,,,,,
21001,ACAILANDIA,MA,Nordeste,2011,1,0,1,1,1,1,1,0,0,0,0,0,1.0,0.0,0.0,0.0,0.0,0.0,1.0,0.0
21001,ACAILANDIA,MA,Nordeste,2012,0,0,0,0,0,0,0,0,0,0,0,0,,,,,,,,
21001,ACAILANDIA,MA,Nordeste,2013,0,0,0,0,0,0,0,0,0,0,0,0,,,,,,,,
21001,ACAILANDIA,MA,Nordeste,2014,0,0,0,0,0,0,0,0,0,0,0,0,,,,,,,,
21001,ACAILANDIA,MA,Nordeste,2015,0,0,0,0,0,0,0,0,0,0,0,0,,,,,,,,
21001,ACAILANDIA,MA,Nordeste,2016,0,0,0,0,0,0,0,0,0,0,0,0,,,,,,,,
21001,ACAILANDIA,MA,Nordeste,2017,0,0,0,0,0,0,0,0,0,0,0,0,,,,,,,,
21001,ACAILANDIA,MA,Nordeste,2018,0,0,0,0,0,0,0,0,0,0,0,0,,,,,,,,
21001,ACAILANDIA,MA,Nordeste,2019,0,0,0,0,0,0,0,0,0,0,0,0,,,,,,,,
21001,ACAILANDIA,MA,Nordeste,2020,0,0,0,0,0,0,0,0,0,0,0,0,,,,,,,,
21001,ACAILANDIA,MA,Nordeste,2021,0,0,0,0,0,0,0,0,0,0,0,0,,,,,,,,
21001,ACAILANDIA,MA,Nordeste,2022,0,0,0,0,0,0,0,0,0,0,0,0,,,,,,,,
21001,ACAILANDIA,MA,Nordeste,2023,0,0,0,0,0,0,0,0,0,0,0,0,,,,,,,,
21001,ACAILANDIA,MA,Nordeste,2024,2,0,1,2,2,2,0,0,2,0,0,0,0.0,0.0,1.0,0.0,0.0,0.0,1.0,0.0
21001,ACAILANDIA,MA,Nordeste,2025,0,0,0,0,0,0,0,0,0,0,0,0,,,,,,,,
21002,BACABAL,MA,Nordeste,2007,0,0,0,0,0,0,0,0,0,0,0,0,,,,,,,,
21002,BACABAL,MA,Nordeste,2008,3,0,3,3,3,3,0,1,0,1,1,0,0.0,0.3333333333333333,0.0,0.3333333333333333,0.3333333333333333,0.0,1.0,0.3333333333333333
21002,BACABAL,MA,Nordeste,2009,1,0,1,1,1,1,0,1,0,0,0,0,0.0,1.0,0.0,0.0,0.0,0.0,1.0,0.0
21002,BACABAL,MA,Nordeste,2010,0,0,0,0,0,0,0,0,0,0,0,0,,,,,,,,
21002,BACABAL,MA,Nordeste,2011,0,0,0,0,0,0,0,0,0,0,0,0,,,,,,,,
21002,BACABAL,MA,Nordeste,2012,1,0,1,1,1,0,1,0,0,0,0,0,1.0,0.0,0.0,0.0,0.0,0.0,0.0,0.0
21002,BACABAL,MA,Nordeste,2013,1,0,1,1,1,1,0,0,0,1,0,0,0.0,0.0,0.0,1.0,0.0,0.0,1.0,0.0
21002,BACABAL,MA,Nordeste,2014,0,0,0,0,0,0,0,0,0,0,0,0,,,,,,,,
21002,BACABAL,MA,Nordeste,2015,0,0,0,0,0,0,0,0,0,0,0,0,,,,,,,,
21002,BACABAL,MA,Nordeste,2016,0,0,0,0,0,0,0,0,0,0,0,0,,,,,,,,
21002,BACABAL,MA,Nordeste,2017,2,2,2,2,2,0,0,0,2,0,0,0,0.0,0.0,1.0,0.0,0.0,0.0,0.0,0.0
21002,BACABAL,MA,Nordeste,2018,0,0,0,0,0,0,0,0,0,0,0,0,,,,,,,,
21002,BACABAL,MA,Nordeste,2019,3,0,2,3,3,3,0,2,1,0,0,0,0.0,0.6666666666666666,0.3333333333333333,0.0,0.0,0.0,1.0,0.0
21002,BACABAL,MA,Nordeste,2020,0,0,0,0,0,0,0,0,0,0,0,0,,,,,,,,
21002,BACABAL,MA,Nordeste,2021,2,0,2,2,2,2,0,1,1,0,0,0,0.0,0.5,0.5,0.0,0.0,0.0,1.0,0.0
21002,BACABAL,MA,Nordeste,2022,5,0,4,5,5,3,0,1,2,2,0,0,0.0,0.2,0.4,0.4,0.0,0.0,0.6,0.0
21002,BACABAL,MA,Nordeste,2023,2,0,2,2,2,2,1,1,0,0,0,0,0.5,0.5,0.0,0.0,0.0,0.0,1.0,0.0
21002,BACABAL,MA,Nordeste,2024,4,2,4,4,4,4,1,1,2,0,0,0,0.25,0.25,0.5,0.0,0.0,0.0,1.0,0.0
21002,BACABAL,MA,Nordeste,2025,6,0,5,6,6,5,0,1,2,3,0,0,0.0,0.16666666666666666,0.3333333333333333,0.5,0.0,0.0,0.8333333333333334,0.0
21003,BALSAS,MA,Nordeste,2007,0,0,0,0,0,0,0,0,0,0,0,0,,,,,,,,
21003,BALSAS,MA,Nordeste,2008,0,0,0,0,0,0,0,0,0,0,0,0,,,,,,,,
21003,BALSAS,MA,Nordeste,2009,0,0,0,0,0,0,0,0,0,0,0,0,,,,,,,,
21003,BALSAS,MA,Nordeste,2010,0,0,0,0,0,0,0,0,0,0,0,0,,,,,,,,
21003,BALSAS,MA,Nordeste,2011,1,0,1,1,1,1,0,0,0,1,0,0,0.0,0.0,0.0,1.0,0.0,0.0,1.0,0.0
21003,BALSAS,MA,Nordeste,2012,1,0,1,1,1,0,0,0,1,0,0,0,0.0,0.0,1.0,0.0,0.0,0.0,0.0,0.0
21003,BALSAS,MA,Nordeste,2013,0,0,0,0,0,0,0,0,0,0,0,0,,,,,,,,
21003,BALSAS,MA,Nordeste,2014,0,0,0,0,0,0,0,0,0,0,0,0,,,,,,,,
21003,BALSAS,MA,Nordeste,2015,0,0,0,0,0,0,0,0,0,0,0,0,,,,,,,,
21003,BALSAS,MA,Nordeste,2016,0,0,0,0,0,0,0,0,0,0,0,0,,,,,,,,
21003,BALSAS,MA,Nordeste,2017,0,0,0,0,0,0,0,0,0,0,0,0,,,,,,,,
21003,BALSAS,MA,Nordeste,2018,1,0,1,1,1,1,0,1,0,0,0,0,0.0,1.0,0.0,0.0,0.0,0.0,1.0,0.0
21003,BALSAS,MA,Nordeste,2019,2,1,2,2,2,2,0,1,1,0,0,0,0.0,0.5,0.5,0.0,0.0,0.0,1.0,0.0
21003,BALSAS,MA,Nordeste,2020,0,0,0,0,0,0,0,0,0,0,0,0,,,,,,,,
21003,BALSAS,MA,Nordeste,2021,1,1,1,1,1,1,0,0,1,0,0,0,0.0,0.0,1.0,0.0,0.0,0.0,1.0,0.0
21003,BALSAS,MA,Nordeste,2022,0,0,0,0,0,0,0,0,0,0,0,0,,,,,,,,
21003,BALSAS,MA,Nordeste,2023,0,0,0,0,0,0,0,0,0,0,0,0,,,,,,,,
21003,BALSAS,MA,Nordeste,2024,0,0,0,0,0,0,0,0,0,0,0,0,,,,,,,,
21003,BALSAS,MA,Nordeste,2025,0,0,0,0,0,0,0,0,0,0,0,0,,,,,,,,
21004,BARRA DO CORDA,MA,Nordeste,2007,0,0,0,0,0,0,0,0,0,0,0,0,,,,,,,,
21004,BARRA DO CORDA,MA,Nordeste,2008,0,0,0,0,0,0,0,0,0,0,0,0,,,,,,,,
21004,BARRA DO CORDA,MA,Nordeste,2009,2,0,1,2,2,2,0,2,0,0,0,0,0.0,1.0,0.0,0.0,0.0,0.0,1.0,0.0
21004,BARRA DO CORDA,MA,Nordeste,2010,0,0,0,0,0,0,0,0,0,0,0,0,,,,,,,,
21004,BARRA DO CORDA,MA,Nordeste,2011,1,1,1,1,1,1,0,1,0,0,0,0,0.0,1.0,0.0,0.0,0.0,0.0,1.0,0.0
21004,BARRA DO CORDA,MA,Nordeste,2012,5,0,5,5,5,4,2,0,3,0,0,0,0.4,0.0,0.6,0.0,0.0,0.0,0.8,0.0
21004,BARRA DO CORDA,MA,Nordeste,2013,0,0,0,0,0,0,0,0,0,0,0,0,,,,,,,,
21004,BARRA DO CORDA,MA,Nordeste,2014,0,0,0,0,0,0,0,0,0,0,0,0,,,,,,,,
21004,BARRA DO CORDA,MA,Nordeste,2015,0,0,0,0,0,0,0,0,0,0,0,0,,,,,,,,
21004,BARRA DO CORDA,MA,Nordeste,2016,1,0,1,1,1,1,0,0,1,0,0,0,0.0,0.0,1.0,0.0,0.0,0.0,1.0,0.0
21004,BARRA DO CORDA,MA,Nordeste,2017,3,0,3,3,3,3,0,1,1,1,0,0,0.0,0.3333333333333333,0.3333333333333333,0.3333333333333333,0.0,0.0,1.0,0.0
21004,BARRA DO CORDA,MA,Nordeste,2018,0,0,0,0,0,0,0,0,0,0,0,0,,,,,,,,
21004,BARRA DO CORDA,MA,Nordeste,2019,2,0,2,2,2,0,2,0,0,0,0,0,1.0,0.0,0.0,0.0,0.0,0.0,0.0,0.0
21004,BARRA DO CORDA,MA,Nordeste,2020,0,0,0,0,0,0,0,0,0,0,0,0,,,,,,,,
21004,BARRA DO CORDA,MA,Nordeste,2021,0,0,0,0,0,0,0,0,0,0,0,0,,,,,,,,
21004,BARRA DO CORDA,MA,Nordeste,2022,0,0,0,0,0,0,0,0,0,0,0,0,,,,,,,,
21004,BARRA DO CORDA,MA,Nordeste,2023,0,0,0,0,0,0,0,0,0,0,0,0,,,,,,,,
21004,BARRA DO CORDA,MA,Nordeste,2024,0,0,0,0,0,0,0,0,0,0,0,0,,,,,,,,
21004,BARRA DO CORDA,MA,Nordeste,2025,0,0,0,0,0,0,0,0,0,0,0,0,,,,,,,,
21005,CAXIAS,MA,Nordeste,2007,0,0,0,0,0,0,0,0,0,0,0,0,,,,,,,,
21005,CAXIAS,MA,Nordeste,2008,0,0,0,0,0,0,0,0,0,0,0,0,,,,,,,,
21005,CAXIAS,MA,Nordeste,2009,2,0,2,2,2,2,0,2,0,0,0,0,0.0,1.0,0.0,0.0,0.0,0.0,1.0,0.0
21005,CAXIAS,MA,Nordeste,2010,0,0,0,0,0,0,0,0,0,0,0,0,,,,,,,,
21005,CAXIAS,MA,Nordeste,2011,1,0,1,1,1,0,0,0,0,1,0,0,0.0,0.0,0.0,1.0,0.0,0.0,0.0,0.0
21005,CAXIAS,MA,Nordeste,2012,0,0,0,0,0,0,0,0,0,0,0,0,,,,,,,,
21005,CAXIAS,MA,Nordeste,2013,1,0,0,1,1,0,0,0,1,0,0,0,0.0,0.0,1.0,0.0,0.0,0.0,0.0,0.0
21005,CAXIAS,MA,Nordeste,2014,0,0,0,0,0,0,0,0,0,0,0,0,,,,,,,,
21005,CAXIAS,MA,Nordeste,2015,0,0,0,0,0,0,0,0,0,0,0,0,,,,,,,,
21005,CAXIAS,MA,Nordeste,2016,0,0,0,0,0,0,0,0,0,0,0,0,,,,,,,,
21005,CAXIAS,MA,Nordeste,2017,0,0,0,0,0,0,0,0,0,0,0,0,,,,,,,,
21005,CAXIAS,MA,Nordeste,2018,4,0,4,4,4,3,0,3,1,0,0,0,0.0,0.75,0.25,0.0,0.0,0.0,0.75,0.0
21005,CAXIAS,MA,Nordeste,2019,2,0,2,2,2,2,1,0,0,1,0,0,0.5,0.0,0.0,0.5,0.0,0.0,1.0,0.0
21005,CAXIAS,MA,Nordeste,2020,0,0,0,0,0,0,0,0,0,0,0,0,,,,,,,,
21005,CAXIAS,MA,Nordeste,2021,0,0,0,0,0,0,0,0,0,0,0,0,,,,,,,,
21005,CAXIAS,MA,Nordeste,2022,0,0,0,0,0,0,0,0,0,0,0,0,,,,,,,,
21005,CAXIAS,MA,Nordeste,2023,0,0,0,0,0,0,0,0,0,0,0,0,,,,,,,,
21005,CAXIAS,MA,Nordeste,2024,3,0,1,3,3,3,0,1,2,0,0,0,0.0,0.3333333333333333,0.6666666666666666,0.0,0.0,0.0,1.0,0.0
21005,CAXIAS,MA,Nordeste,2025,1,0,1,1,1,1,0,0,0,0,1,0,0.0,0.0,0.0,0.0,1.0,0.0,1.0,1.0
21006,CHAPADINHA,MA,Nordeste,2007,0,0,0,0,0,0,0,0,0,0,0,0,,,,,,,,
21006,CHAPADINHA,MA,Nordeste,2008,0,0,0,0,0,0,0,0,0,0,0,0,,,,,,,,
21006,CHAPADINHA,MA,Nordeste,2009,3,0,1,3,3,2,0,1,0,1,0,1,0.0,0.3333333333333333,0.0,0.3333333333333333,0.0,0.3333333333333333,0.6666666666666666,0.3333333333333333
21006,CHAPADINHA,MA,Nordeste,2010,1,0,1,1,1,0,0,0,0,0,1,0,0.0,0.0,0.0,0.0,1.0,0.0,0.0,1.0
21006,CHAPADINHA,MA,Nordeste,2011,2,0,2,2,2,2,0,1,0,1,0,0,0.0,0.5,0.0,0.5,0.0,0.0,1.0,0.0
21006,CHAPADINHA,MA,Nordeste,2012,0,0,0,0,0,0,0,0,0,0,0,0,,,,,,,,
21006,CHAPADINHA,MA,Nordeste,2013,0,0,0,0,0,0,0,0,0,0,0,0,,,,,,,,
21006,CHAPADINHA,MA,Nordeste,2014,1,1,1,1,1,1,1,0,0,0,0,0,1.0,0.0,0.0,0.0,0.0,0.0,1.0,0.0
21006,CHAPADINHA,MA,Nordeste,2015,4,0,4,4,4,2,0,0,4,0,0,0,0.0,0.0,1.0,0.0,0.0,0.0,0.5,0.0
21006,CHAPADINHA,MA,Nordeste,2016,0,0,0,0,0,0,0,0,0,0,0,0,,,,,,,,
21006,CHAPADINHA,MA,Nordeste,2017,0,0,0,0,0,0,0,0,0,0,0,0,,,,,,,,
21006,CHAPADINHA,MA,Nordeste,2018,0,0,0,0,0,0,0,0,0,0,0,0,,,,,,,,
21006,CHAPADINHA,MA,Nordeste,2019,1,0,1,1,1,1,0,0,1,0,0,0,0.0,0.0,1.0,0.0,0.0,0.0,1.0,0.0
21006,CHAPADINHA,MA,Nordeste,2020,1,0,1,1,1,1,0,0,1,0,0,0,0.0,0.0,1.0,0.0,0.0,0.0,1.0,0.0
21006,CHAPADINHA,MA,Nordeste,2021,0,0,0,0,0,0,0,0,0,0,0,0,,,,,,,,
21006,CHAPADINHA,MA,Nordeste,2022,1,0,1,1,1,1,0,1,0,0,0,0,0.0,1.0,0.0,0.0,0.0,0.0,1.0,0.0
21006,CHAPADINHA,MA,Nordeste,2023,1,0,1,1,1,1,0,0,1,0,0,0,0.0,0.0,1.0,0.0,0.0,0.0,1.0,0.0
21006,CHAPADINHA,MA,Nordeste,2024,0,0,0,0,0,0,0,0,0,0,0,0,,,,,,,,
21006,CHAPADINHA,MA,Nordeste,2025,3,0,2,3,3,3,0,1,1,1,0,0,0.0,0.3333333333333333,0.3333333333333333,0.3333333333333333,0.0,0.0,1.0,0.0
21007,CODO,MA,Nordeste,2007,1,0,1,1,1,1,0,1,0,0,0,0,0.0,1.0,0.0,0.0,0.0,0.0,1.0,0.0
21007,CODO,MA,Nordeste,2008,3,0,2,3,3,2,1,0,2,0,0,0,0.3333333333333333,0.0,0.6666666666666666,0.0,0.0,0.0,0.6666666666666666,0.0
21007,CODO,MA,Nordeste,2009,3,0,2,3,3,3,1,2,0,0,0,0,0.3333333333333333,0.6666666666666666,0.0,0.0,0.0,0.0,1.0,0.0
21007,CODO,MA,Nordeste,2010,1,0,1,1,1,1,0,1,0,0,0,0,0.0,1.0,0.0,0.0,0.0,0.0,1.0,0.0
21007,CODO,MA,Nordeste,2011,2,0,2,2,2,1,1,1,0,0,0,0,0.5,0.5,0.0,0.0,0.0,0.0,0.5,0.0
21007,CODO,MA,Nordeste,2012,0,0,0,0,0,0,0,0,0,0,0,0,,,,,,,,
21007,CODO,MA,Nordeste,2013,1,0,1,1,1,1,1,0,0,0,0,0,1.0,0.0,0.0,0.0,0.0,0.0,1.0,0.0
21007,CODO,MA,Nordeste,2014,0,0,0,0,0,0,0,0,0,0,0,0,,,,,,,,
21007,CODO,MA,Nordeste,2015,0,0,0,0,0,0,0,0,0,0,0,0,,,,,,,,
21007,CODO,MA,Nordeste,2016,1,0,1,1,1,0,0,0,1,0,0,0,0.0,0.0,1.0,0.0,0.0,0.0,0.0,0.0
21007,CODO,MA,Nordeste,2017,1,0,0,1,1,1,0,0,0,1,0,0,0.0,0.0,0.0,1.0,0.0,0.0,1.0,0.0
21007,CODO,MA,Nordeste,2018,1,0,1,1,1,1,0,0,0,1,0,0,0.0,0.0,0.0,1.0,0.0,0.0,1.0,0.0
21007,CODO,MA,Nordeste,2019,2,0,2,2,2,1,0,1,0,1,0,0,0.0,0.5,0.0,0.5,0.0,0.0,0.5,0.0
21007,CODO,MA,Nordeste,2020,0,0,0,0,0,0,0,0,0,0,0,0,,,,,,,,
21007,CODO,MA,Nordeste,2021,0,0,0,0,0,0,0,0,0,0,0,0,,,,,,,,
21007,CODO,MA,Nordeste,2022,2,1,2,2,2,0,0,1,1,0,0,0,0.0,0.5,0.5,0.0,0.0,0.0,0.0,0.0
21007,CODO,MA,Nordeste,2023,0,0,0,0,0,0,0,0,0,0,0,0,,,,,,,,
21007,CODO,MA,Nordeste,2024,1,0,1,1,1,0,0,1,0,0,0,0,0.0,1.0,0.0,0.0,0.0,0.0,0.0,0.0
21007,CODO,MA,Nordeste,2025,3,1,3,3,3,2,2,0,0,0,0,1,0.6666666666666666,0.0,0.0,0.0,0.0,0.3333333333333333,0.6666666666666666,0.3333333333333333
21008,IMPERATRIZ,MA,Nordeste,2007,0,0,0,0,0,0,0,0,0,0,0,0,,,,,,,,
21008,IMPERATRIZ,MA,Nordeste,2008,0,0,0,0,0,0,0,0,0,0,0,0,,,,,,,,
21008,IMPERATRIZ,MA,Nordeste,2009,0,0,0,0,0,0,0,0,0,0,0,0,,,,,,,,
21008,IMPERATRIZ,MA,Nordeste,2010,0,0,0,0,0,0,0,0,0,0,0,0,,,,,,,,
21008,IMPERATRIZ,MA,Nordeste,2011,0,0,0,0,0,0,0,0,0,0,0,0,,,,,,,,
21008,IMPERATRIZ,MA,Nordeste,2012,0,0,0,0,0,0,0,0,0,0,0,0,,,,,,,,
21008,IMPERATRIZ,MA,Nordeste,2013,1,0,1,1,1,0,0,0,1,0,0,0,0.0,0.0,1.0,0.0,0.0,0.0,0.0,0.0
21008,IMPERATRIZ,MA,Nordeste,2014,0,0,0,0,0,0,0,0,0,0,0,0,,,,,,,,
21008,IMPERATRIZ,MA,Nordeste,2015,0,0,0,0,0,0,0,0,0,0,0,0,,,,,,,,
21008,IMPERATRIZ,MA,Nordeste,2016,0,0,0,0,0,0,0,0,0,0,0,0,,,,,,,,
21008,IMPERATRIZ,MA,Nordeste,2017,0,0,0,0,0,0,0,0,0,0,0,0,,,,,,,,
21008,IMPERATRIZ,MA,Nordeste,2018,0,0,0,0,0,0,0,0,0,0,0,0,,,,,,,,
21008,IMPERATRIZ,MA,Nordeste,2019,1,0,0,1,1,1,0,0,0,1,0,0,0.0,0.0,0.0,1.0,0.0,0.0,1.0,0.0
21008,IMPERATRIZ,MA,Nordeste,2020,0,0,0,0,0,0,0,0,0,0,0,0,,,,,,,,
21008,IMPERATRIZ,MA,Nordeste,2021,1,0,1,1,1,1,0,1,0,0,0,0,0.0,1.0,0.0,0.0,0.0,0.0,1.0,0.0
21008,IMPERATRIZ,MA,Nordeste,2022,2,0,1,2,2,1,1,1,0,0,0,0,0.5,0.5,0.0,0.0,0.0,0.0,0.5,0.0
21008,IMPERATRIZ,MA,Nordeste,2023,0,0,0,0,0,0,0,0,0,0,0,0,,,,,,,,
21008,IMPERATRIZ,MA,Nordeste,2024,3,0,2,3,3,2,0,1,1,1,0,0,0.0,0.3333333333333333,0.3333333333333333,0.3333333333333333,0.0,0.0,0.6666666666666666,0.0
21008,IMPERATRIZ,MA,Nordeste,2025,3,0,1,3,3,1,1,1,0,1,0,0,0.3333333333333333,0.3333333333333333,0.0,0.3333333333333333,0.0,0.0,0.3333333333333333,0.0
21009,ITAPECURU MIRIM,MA,Nordeste,2007,2,0,2,2,2,2,1,0,0,1,0,0,0.5,0.0,0.0,0.5,0.0,0.0,1.0,0.0
21009,ITAPECURU MIRIM,MA,Nordeste,2008,0,0,0,0,0,0,0,0,0,0,0,0,,,,,,,,
21009,ITAPECURU MIRIM,MA,Nordeste,2009,2,0,2,2,2,2,0,1,1,0,0,0,0.0,0.5,0.5,0.0,0.0,0.0,1.0,0.0
21009,ITAPECURU MIRIM,MA,Nordeste,2010,4,0,4,4,4,2,0,2,2,0,0,0,0.0,0.5,0.5,0.0,0.0,0.0,0.5,0.0
21009,ITAPECURU MIRIM,MA,Nordeste,2011,3,0,3,3,3,0,3,0,0,0,0,0,1.0,0.0,0.0,0.0,0.0,0.0,0.0,0.0
21009,ITAPECURU MIRIM,MA,Nordeste,2012,0,0,0,0,0,0,0,0,0,0,0,0,,,,,,,,
21009,ITAPECURU MIRIM,MA,Nordeste,2013,0,0,0,0,0,0,0,0,0,0,0,0,,,,,,,,
21009,ITAPECURU MIRIM,MA,Nordeste,2014,0,0,0,0,0,0,0,0,0,0,0,0,,,,,,,,
21009,ITAPECURU MIRIM,MA,Nordeste,2015,1,1,1,1,1,1,0,0,0,1,0,0,0.0,0.0,0.0,1.0,0.0,0.0,1.0,0.0
21009,ITAPECURU MIRIM,MA,Nordeste,2016,1,0,1,1,1,1,0,1,0,0,0,0,0.0,1.0,0.0,0.0,0.0,0.0,1.0,0.0
21009,ITAPECURU MIRIM,MA,Nordeste,2017,2,1,2,2,2,2,0,2,0,0,0,0,0.0,1.0,0.0,0.0,0.0,0.0,1.0,0.0
21009,ITAPECURU MIRIM,MA,Nordeste,2018,1,0,0,1,1,1,0,1,0,0,0,0,0.0,1.0,0.0,0.0,0.0,0.0,1.0,0.0
21009,ITAPECURU MIRIM,MA,Nordeste,2019,2,0,2,2,2,2,0,1,1,0,0,0,0.0,0.5,0.5,0.0,0.0,0.0,1.0,0.0
21009,ITAPECURU MIRIM,MA,Nordeste,2020,3,0,3,3,3,3,0,0,1,2,0,0,0.0,0.0,0.3333333333333333,0.6666666666666666,0.0,0.0,1.0,0.0
21009,ITAPECURU MIRIM,MA,Nordeste,2021,0,0,0,0,0,0,0,0,0,0,0,0,,,,,,,,
21009,ITAPECURU MIRIM,MA,Nordeste,2022,2,0,2,2,2,2,1,0,0,0,1,0,0.5,0.0,0.0,0.0,0.5,0.0,1.0,0.5
21009,ITAPECURU MIRIM,MA,Nordeste,2023,1,0,1,1,1,1,0,0,0,1,0,0,0.0,0.0,0.0,1.0,0.0,0.0,1.0,0.0
21009,ITAPECURU MIRIM,MA,Nordeste,2024,3,0,3,3,3,2,0,2,0,1,0,0,0.0,0.6666666666666666,0.0,0.3333333333333333,0.0,0.0,0.6666666666666666,0.0
21009,ITAPECURU MIRIM,MA,Nordeste,2025,1,0,1,1,1,1,0,0,1,0,0,0,0.0,0.0,1.0,0.0,0.0,0.0,1.0,0.0
21010,PEDREIRAS,MA,Nordeste,2007,1,0,0,1,1,1,0,0,1,0,0,0,0.0,0.0,1.0,0.0,0.0,0.0,1.0,0.0
21010,PEDREIRAS,MA,Nordeste,2008,2,0,2,2,2,1,0,0,0,1,1,0,0.0,0.0,0.0,0.5,0.5,0.0,0.5,0.5
21010,PEDREIRAS,MA,Nordeste,2009,2,0,2,2,2,2,0,2,0,0,0,0,0.0,1.0,0.0,0.0,0.0,0.0,1.0,0.0
21010,PEDREIRAS,MA,Nordeste,2010,0,0,0,0,0,0,0,0,0,0,0,0,,,,,,,,
21010,PEDREIRAS,MA,Nordeste,2011,3,1,3,3,3,3,0,0,1,2,0,0,0.0,0.0,0.3333333333333333,0.6666666666666666,0.0,0.0,1.0,0.0
21010,PEDREIRAS,MA,Nordeste,2012,1,0,1,1,1,1,0,1,0,0,0,0,0.0,1.0,0.0,0.0,0.0,0.0,1.0,0.0
21010,PEDREIRAS,MA,Nordeste,2013,0,0,0,0,0,0,0,0,0,0,0,0,,,,,,,,
21010,PEDREIRAS,MA,Nordeste,2014,1,0,1,1,1,1,1,0,0,0,0,0,1.0,0.0,0.0,0.0,0.0,0.0,1.0,0.0
21010,PEDREIRAS,MA,Nordeste,2015,1,1,1,1,1,1,0,1,0,0,0,0,0.0,1.0,0.0,0.0,0.0,0.0,1.0,0.0
21010,PEDREIRAS,MA,Nordeste,2016,0,0,0,0,0,0,0,0,0,0,0,0,,,,,,,,
21010,PEDREIRAS,MA,Nordeste,2017,1,0,1,1,1,1,1,0,0,0,0,0,1.0,0.0,0.0,0.0,0.0,0.0,1.0,0.0
21010,PEDREIRAS,MA,Nordeste,2018,1,0,1,1,1,1,0,1,0,0,0,0,0.0,1.0,0.0,0.0,0.0,0.0,1.0,0.0
21010,PEDREIRAS,MA,Nordeste,2019,1,0,1,1,1,1,1,0,0,0,0,0,1.0,0.0,0.0,0.0,0.0,0.0,1.0,0.0
21010,PEDREIRAS,MA,Nordeste,2020,0,0,0,0,0,0,0,0,0,0,0,0,,,,,,,,
21010,PEDREIRAS,MA,Nordeste,2021,0,0,0,0,0,0,0,0,0,0,0,0,,,,,,,,
21010,PEDREIRAS,MA,Nordeste,2022,1,0,1,1,1,0,0,0,1,0,0,0,0.0,0.0,1.0,0.0,0.0,0.0,0.0,0.0
21010,PEDREIRAS,MA,Nordeste,2023,7,0,6,7,7,5,1,2,2,1,0,1,0.14285714285714285,0.2857142857142857,0.2857142857142857,0.14285714285714285,0.0,0.14285714285714285,0.7142857142857143,0.14285714285714285
21010,PEDREIRAS,MA,Nordeste,2024,1,0,1,1,1,1,0,0,0,1,0,0,0.0,0.0,0.0,1.0,0.0,0.0,1.0,0.0
21010,PEDREIRAS,MA,Nordeste,2025,1,1,1,1,1,1,0,0,0,1,0,0,0.0,0.0,0.0,1.0,0.0,0.0,1.0,0.0
21011,PINHEIRO,MA,Nordeste,2007,1,0,1,1,1,1,0,0,1,0,0,0,0.0,0.0,1.0,0.0,0.0,0.0,1.0,0.0
21011,PINHEIRO,MA,Nordeste,2008,3,3,3,3,3,1,1,2,0,0,0,0,0.3333333333333333,0.6666666666666666,0.0,0.0,0.0,0.0,0.3333333333333333,0.0
21011,PINHEIRO,MA,Nordeste,2009,1,0,1,1,1,1,0,0,0,1,0,0,0.0,0.0,0.0,1.0,0.0,0.0,1.0,0.0
21011,PINHEIRO,MA,Nordeste,2010,3,0,1,3,3,2,1,1,0,0,1,0,0.3333333333333333,0.3333333333333333,0.0,0.0,0.3333333333333333,0.0,0.6666666666666666,0.3333333333333333
21011,PINHEIRO,MA,Nordeste,2011,1,0,1,1,1,1,0,0,0,0,0,1,0.0,0.0,0.0,0.0,0.0,1.0,1.0,1.0
21011,PINHEIRO,MA,Nordeste,2012,1,1,1,1,1,1,0,0,1,0,0,0,0.0,0.0,1.0,0.0,0.0,0.0,1.0,0.0
21011,PINHEIRO,MA,Nordeste,2013,0,0,0,0,0,0,0,0,0,0,0,0,,,,,,,,
21011,PINHEIRO,MA,Nordeste,2014,1,0,0,1,1,1,0,0,0,1,0,0,0.0,0.0,0.0,1.0,0.0,0.0,1.0,0.0
21011,PINHEIRO,MA,Nordeste,2015,0,0,0,0,0,0,0,0,0,0,0,0,,,,,,,,
21011,PINHEIRO,MA,Nordeste,2016,0,0,0,0,0,0,0,0,0,0,0,0,,,,,,,,
21011,PINHEIRO,MA,Nordeste,2017,0,0,0,0,0,0,0,0,0,0,0,0,,,,,,,,
21011,PINHEIRO,MA,Nordeste,2018,0,0,0,0,0,0,0,0,0,0,0,0,,,,,,,,
21011,PINHEIRO,MA,Nordeste,2019,4,0,4,4,4,3,1,1,1,1,0,0,0.25,0.25,0.25,0.25,0.0,0.0,0.75,0.0
21011,PINHEIRO,MA,Nordeste,2020,0,0,0,0,0,0,0,0,0,0,0,0,,,,,,,,
21011,PINHEIRO,MA,Nordeste,2021,2,0,2,2,2,2,0,0,1,1,0,0,0.0,0.0,0.5,0.5,0.0,0.0,1.0,0.0
21011,PINHEIRO,MA,Nordeste,2022,2,0,2,2,2,2,0,1,1,0,0,0,0.0,0.5,0.5,0.0,0.0,0.0,1.0,0.0
21011,PINHEIRO,MA,Nordeste,2023,0,0,0,0,0,0,0,0,0,0,0,0,,,,,,,,
21011,PINHEIRO,MA,Nordeste,2024,1,1,1,1,1,0,0,1,0,0,0,0,0.0,1.0,0.0,0.0,0.0,0.0,0.0,0.0
21011,PINHEIRO,MA,Nordeste,2025,1,1,1,1,1,0,0,0,0,1,0,0,0.0,0.0,0.0,1.0,0.0,0.0,0.0,0.0
21012,PRESIDENTE DUTRA,MA,Nordeste,2007,0,0,0,0,0,0,0,0,0,0,0,0,,,,,,,,
21012,PRESIDENTE DUTRA,MA,Nordeste,2008,3,0,1,3,3,3,0,2,1,0,0,0,0.0,0.6666666666666666,0.3333333333333333,0.0,0.0,0.0,1.0,0.0
21012,PRESIDENTE DUTRA,MA,Nordeste,2009,2,0,2,2,2,1,0,0,0,0,0,2,0.0,0.0,0.0,0.0,0.0,1.0,0.5,1.0
21012,PRESIDENTE DUTRA,MA,Nordeste,2010,0,0,0,0,0,0,0,0,0,0,0,0,,,,,,,,
21012,PRESIDENTE DUTRA,MA,Nordeste,2011,1,0,1,1,1,1,0,0,0,1,0,0,0.0,0.0,0.0,1.0,0.0,0.0,1.0,0.0
21012,PRESIDENTE DUTRA,MA,Nordeste,2012,0,0,0,0,0,0,0,0,0,0,0,0,,,,,,,,
21012,PRESIDENTE DUTRA,MA,Nordeste,2013,3,0,2,3,3,3,0,1,0,1,0,1,0.0,0.3333333333333333,0.0,0.3333333333333333,0.0,0.3333333333333333,1.0,0.3333333333333333
21012,PRESIDENTE DUTRA,MA,Nordeste,2014,0,0,0,0,0,0,0,0,0,0,0,0,,,,,,,,
21012,PRESIDENTE DUTRA,MA,Nordeste,2015,1,0,1,1,1,0,0,0,1,0,0,0,0.0,0.0,1.0,0.0,0.0,0.0,0.0,0.0
21012,PRESIDENTE DUTRA,MA,Nordeste,2016,0,0,0,0,0,0,0,0,0,0,0,0,,,,,,,,
21012,PRESIDENTE DUTRA,MA,Nordeste,2017,0,0,0,0,0,0,0,0,0,0,0,0,,,,,,,,
21012,PRESIDENTE DUTRA,MA,Nordeste,2018,2,0,1,2,2,0,0,0,0,2,0,0,0.0,0.0,0.0,1.0,0.0,0.0,0.0,0.0
21012,PRESIDENTE DUTRA,MA,Nordeste,2019,1,0,1,1,1,1,0,1,0,0,0,0,0.0,1.0,0.0,0.0,0.0,0.0,1.0,0.0
21012,PRESIDENTE DUTRA,MA,Nordeste,2020,1,0,1,1,1,0,0,0,1,0,0,0,0.0,0.0,1.0,0.0,0.0,0.0,0.0,0.0
21012,PRESIDENTE DUTRA,MA,Nordeste,2021,0,0,0,0,0,0,0,0,0,0,0,0,,,,,,,,
21012,PRESIDENTE DUTRA,MA,Nordeste,2022,1,0,0,1,1,1,1,0,0,0,0,0,1.0,0.0,0.0,0.0,0.0,0.0,1.0,0.0
21012,PRESIDENTE DUTRA,MA,Nordeste,2023,7,0,7,7,7,6,6,1,0,0,0,0,0.8571428571428571,0.14285714285714285,0.0,0.0,0.0,0.0,0.8571428571428571,0.0
21012,PRESIDENTE DUTRA,MA,Nordeste,2024,1,0,1,1,1,1,0,1,0,0,0,0,0.0,1.0,0.0,0.0,0.0,0.0,1.0,0.0
21012,PRESIDENTE DUTRA,MA,Nordeste,2025,0,0,0,0,0,0,0,0,0,0,0,0,,,,,,,,
21013,ROSARIO,MA,Nordeste,2007,2,1,1,2,2,1,0,0,2,0,0,0,0.0,0.0,1.0,0.0,0.0,0.0,0.5,0.0
21013,ROSARIO,MA,Nordeste,2008,1,0,0,1,1,1,1,0,0,0,0,0,1.0,0.0,0.0,0.0,0.0,0.0,1.0,0.0
21013,ROSARIO,MA,Nordeste,2009,1,0,1,1,1,1,0,0,0,1,0,0,0.0,0.0,0.0,1.0,0.0,0.0,1.0,0.0
21013,ROSARIO,MA,Nordeste,2010,2,0,2,2,2,1,0,0,1,1,0,0,0.0,0.0,0.5,0.5,0.0,0.0,0.5,0.0
21013,ROSARIO,MA,Nordeste,2011,0,0,0,0,0,0,0,0,0,0,0,0,,,,,,,,
21013,ROSARIO,MA,Nordeste,2012,0,0,0,0,0,0,0,0,0,0,0,0,,,,,,,,
21013,ROSARIO,MA,Nordeste,2013,0,0,0,0,0,0,0,0,0,0,0,0,,,,,,,,
21013,ROSARIO,MA,Nordeste,2014,1,0,1,1,1,1,0,1,0,0,0,0,0.0,1.0,0.0,0.0,0.0,0.0,1.0,0.0
21013,ROSARIO,MA,Nordeste,2015,0,0,0,0,0,0,0,0,0,0,0,0,,,,,,,,
21013,ROSARIO,MA,Nordeste,2016,0,0,0,0,0,0,0,0,0,0,0,0,,,,,,,,
21013,ROSARIO,MA,Nordeste,2017,1,0,1,1,1,1,0,0,1,0,0,0,0.0,0.0,1.0,0.0,0.0,0.0,1.0,0.0
21013,ROSARIO,MA,Nordeste,2018,1,0,1,1,1,0,0,0,1,0,0,0,0.0,0.0,1.0,0.0,0.0,0.0,0.0,0.0
21013,ROSARIO,MA,Nordeste,2019,1,0,0,1,1,1,0,0,0,1,0,0,0.0,0.0,0.0,1.0,0.0,0.0,1.0,0.0
21013,ROSARIO,MA,Nordeste,2020,0,0,0,0,0,0,0,0,0,0,0,0,,,,,,,,
21013,ROSARIO,MA,Nordeste,2021,0,0,0,0,0,0,0,0,0,0,0,0,,,,,,,,
21013,ROSARIO,MA,Nordeste,2022,0,0,0,0,0,0,0,0,0,0,0,0,,,,,,,,
21013,ROSARIO,MA,Nordeste,2023,1,0,1,1,1,1,0,0,1,0,0,0,0.0,0.0,1.0,0.0,0.0,0.0,1.0,0.0
21013,ROSARIO,MA,Nordeste,2024,1,0,1,1,1,1,1,0,0,0,0,0,1.0,0.0,0.0,0.0,0.0,0.0,1.0,0.0
21013,ROSARIO,MA,Nordeste,2025,4,1,4,4,4,3,0,2,1,1,0,0,0.0,0.5,0.25,0.25,0.0,0.0,0.75,0.0
21014,SANTA INES,MA,Nordeste,2007,0,0,0,0,0,0,0,0,0,0,0,0,,,,,,,,
21014,SANTA INES,MA,Nordeste,2008,3,2,3,3,3,3,0,2,0,1,0,0,0.0,0.6666666666666666,0.0,0.3333333333333333,0.0,0.0,1.0,0.0
21014,SANTA INES,MA,Nordeste,2009,5,2,5,5,5,5,0,1,4,0,0,0,0.0,0.2,0.8,0.0,0.0,0.0,1.0,0.0
21014,SANTA INES,MA,Nordeste,2010,0,0,0,0,0,0,0,0,0,0,0,0,,,,,,,,
21014,SANTA INES,MA,Nordeste,2011,2,0,2,2,2,1,1,1,0,0,0,0,0.5,0.5,0.0,0.0,0.0,0.0,0.5,0.0
21014,SANTA INES,MA,Nordeste,2012,2,1,2,2,2,1,1,0,0,0,1,0,0.5,0.0,0.0,0.0,0.5,0.0,0.5,0.5
21014,SANTA INES,MA,Nordeste,2013,0,0,0,0,0,0,0,0,0,0,0,0,,,,,,,,
21014,SANTA INES,MA,Nordeste,2014,3,0,3,3,3,2,1,0,0,0,1,1,0.3333333333333333,0.0,0.0,0.0,0.3333333333333333,0.3333333333333333,0.6666666666666666,0.6666666666666666
21014,SANTA INES,MA,Nordeste,2015,1,0,1,1,1,0,0,1,0,0,0,0,0.0,1.0,0.0,0.0,0.0,0.0,0.0,0.0
21014,SANTA INES,MA,Nordeste,2016,0,0,0,0,0,0,0,0,0,0,0,0,,,,,,,,
21014,SANTA INES,MA,Nordeste,2017,0,0,0,0,0,0,0,0,0,0,0,0,,,,,,,,
21014,SANTA INES,MA,Nordeste,2018,1,0,1,1,1,1,0,0,1,0,0,0,0.0,0.0,1.0,0.0,0.0,0.0,1.0,0.0
21014,SANTA INES,MA,Nordeste,2019,3,1,3,3,3,2,0,1,1,1,0,0,0.0,0.3333333333333333,0.3333333333333333,0.3333333333333333,0.0,0.0,0.6666666666666666,0.0
21014,SANTA INES,MA,Nordeste,2020,1,0,1,1,1,0,0,0,0,1,0,0,0.0,0.0,0.0,1.0,0.0,0.0,0.0,0.0
21014,SANTA INES,MA,Nordeste,2021,1,0,0,1,1,1,0,0,1,0,0,0,0.0,0.0,1.0,0.0,0.0,0.0,1.0,0.0
21014,SANTA INES,MA,Nordeste,2022,0,0,0,0,0,0,0,0,0,0,0,0,,,,,,,,
21014,SANTA INES,MA,Nordeste,2023,5,0,5,5,5,4,0,0,3,2,0,0,0.0,0.0,0.6,0.4,0.0,0.0,0.8,0.0
21014,SANTA INES,MA,Nordeste,2024,2,0,2,2,2,1,0,1,0,1,0,0,0.0,0.5,0.0,0.5,0.0,0.0,0.5,0.0
21014,SANTA INES,MA,Nordeste,2025,4,0,4,4,4,2,0,1,1,0,2,0,0.0,0.25,0.25,0.0,0.5,0.0,0.5,0.5
21015,SAO JOAO DOS PATOS,MA,Nordeste,2007,0,0,0,0,0,0,0,0,0,0,0,0,,,,,,,,
21015,SAO JOAO DOS PATOS,MA,Nordeste,2008,0,0,0,0,0,0,0,0,0,0,0,0,,,,,,,,
21015,SAO JOAO DOS PATOS,MA,Nordeste,2009,3,0,1,3,3,3,0,2,1,0,0,0,0.0,0.6666666666666666,0.3333333333333333,0.0,0.0,0.0,1.0,0.0
21015,SAO JOAO DOS PATOS,MA,Nordeste,2010,4,0,3,4,4,0,3,1,0,0,0,0,0.75,0.25,0.0,0.0,0.0,0.0,0.0,0.0
21015,SAO JOAO DOS PATOS,MA,Nordeste,2011,0,0,0,0,0,0,0,0,0,0,0,0,,,,,,,,
21015,SAO JOAO DOS PATOS,MA,Nordeste,2012,0,0,0,0,0,0,0,0,0,0,0,0,,,,,,,,
21015,SAO JOAO DOS PATOS,MA,Nordeste,2013,0,0,0,0,0,0,0,0,0,0,0,0,,,,,,,,
21015,SAO JOAO DOS PATOS,MA,Nordeste,2014,1,0,1,1,1,1,0,0,0,1,0,0,0.0,0.0,0.0,1.0,0.0,0.0,1.0,0.0
21015,SAO JOAO DOS PATOS,MA,Nordeste,2015,0,0,0,0,0,0,0,0,0,0,0,0,,,,,,,,
21015,SAO JOAO DOS PATOS,MA,Nordeste,2016,0,0,0,0,0,0,0,0,0,0,0,0,,,,,,,,
21015,SAO JOAO DOS PATOS,MA,Nordeste,2017,1,0,1,1,1,1,1,0,0,0,0,0,1.0,0.0,0.0,0.0,0.0,0.0,1.0,0.0
21015,SAO JOAO DOS PATOS,MA,Nordeste,2018,1,0,0,1,1,1,1,0,0,0,0,0,1.0,0.0,0.0,0.0,0.0,0.0,1.0,0.0
21015,SAO JOAO DOS PATOS,MA,Nordeste,2019,2,0,1,2,2,2,0,1,0,1,0,0,0.0,0.5,0.0,0.5,0.0,0.0,1.0,0.0
21015,SAO JOAO DOS PATOS,MA,Nordeste,2020,1,0,1,1,1,1,0,0,0,1,0,0,0.0,0.0,0.0,1.0,0.0,0.0,1.0,0.0
21015,SAO JOAO DOS PATOS,MA,Nordeste,2021,0,0,0,0,0,0,0,0,0,0,0,0,,,,,,,,
21015,SAO JOAO DOS PATOS,MA,Nordeste,2022,3,0,1,3,3,3,0,2,1,0,0,0,0.0,0.6666666666666666,0.3333333333333333,0.0,0.0,0.0,1.0,0.0
21015,SAO JOAO DOS PATOS,MA,Nordeste,2023,1,0,1,1,1,1,0,0,0,0,1,0,0.0,0.0,0.0,0.0,1.0,0.0,1.0,1.0
21015,SAO JOAO DOS PATOS,MA,Nordeste,2024,1,0,1,1,1,1,0,0,0,0,1,0,0.0,0.0,0.0,0.0,1.0,0.0,1.0,1.0
21015,SAO JOAO DOS PATOS,MA,Nordeste,2025,1,1,1,1,1,0,0,0,1,0,0,0,0.0,0.0,1.0,0.0,0.0,0.0,0.0,0.0
21016,SAO LUIS,MA,Nordeste,2007,8,2,8,8,8,6,1,3,0,3,1,0,0.125,0.375,0.0,0.375,0.125,0.0,0.75,0.125
21016,SAO LUIS,MA,Nordeste,2008,40,9,40,40,40,37,0,24,10,5,0,1,0.0,0.6,0.25,0.125,0.0,0.025,0.925,0.025
21016,SAO LUIS,MA,Nordeste,2009,34,3,34,34,34,27,1,17,7,5,1,3,0.029411764705882353,0.5,0.20588235294117646,0.14705882352941177,0.029411764705882353,0.08823529411764706,0.7941176470588235,0.11764705882352941
21016,SAO LUIS,MA,Nordeste,2010,24,1,22,24,24,20,9,2,8,4,1,0,0.375,0.08333333333333333,0.3333333333333333,0.16666666666666666,0.041666666666666664,0.0,0.8333333333333334,0.041666666666666664
21016,SAO LUIS,MA,Nordeste,2011,28,8,27,28,28,24,3,5,10,9,1,0,0.10714285714285714,0.17857142857142858,0.35714285714285715,0.32142857142857145,0.03571428571428571,0.0,0.8571428571428571,0.03571428571428571
21016,SAO LUIS,MA,Nordeste,2012,11,3,10,11,11,7,2,4,2,0,0,3,0.18181818181818182,0.36363636363636365,0.18181818181818182,0.0,0.0,0.2727272727272727,0.6363636363636364,0.2727272727272727
21016,SAO LUIS,MA,Nordeste,2013,11,0,7,11,11,7,3,3,0,4,0,1,0.2727272727272727,0.2727272727272727,0.0,0.36363636363636365,0.0,0.09090909090909091,0.6363636363636364,0.09090909090909091
21016,SAO LUIS,MA,Nordeste,2014,24,2,22,24,24,20,4,7,7,4,1,1,0.16666666666666666,0.2916666666666667,0.2916666666666667,0.16666666666666666,0.041666666666666664,0.041666666666666664,0.8333333333333334,0.08333333333333333
21016,SAO LUIS,MA,Nordeste,2015,11,3,11,11,11,10,0,4,5,1,0,1,0.0,0.36363636363636365,0.45454545454545453,0.09090909090909091,0.0,0.09090909090909091,0.9090909090909091,0.09090909090909091
21016,SAO LUIS,MA,Nordeste,2016,9,4,9,9,9,7,1,2,4,1,0,1,0.1111111111111111,0.2222222222222222,0.4444444444444444,0.1111111111111111,0.0,0.1111111111111111,0.7777777777777778,0.1111111111111111
21016,SAO LUIS,MA,Nordeste,2017,8,2,8,8,8,8,2,2,2,0,2,0,0.25,0.25,0.25,0.0,0.25,0.0,1.0,0.25
21016,SAO LUIS,MA,Nordeste,2018,12,2,11,12,12,9,3,3,5,1,0,0,0.25,0.25,0.4166666666666667,0.08333333333333333,0.0,0.0,0.75,0.0
21016,SAO LUIS,MA,Nordeste,2019,10,1,9,10,10,7,0,1,3,6,0,0,0.0,0.1,0.3,0.6,0.0,0.0,0.7,0.0
21016,SAO LUIS,MA,Nordeste,2020,4,1,4,4,4,3,0,1,1,2,0,0,0.0,0.25,0.25,0.5,0.0,0.0,0.75,0.0
21016,SAO LUIS,MA,Nordeste,2021,7,0,6,7,7,3,1,0,1,3,1,1,0.14285714285714285,0.0,0.14285714285714285,0.42857142857142855,0.14285714285714285,0.14285714285714285,0.42857142857142855,0.2857142857142857
21016,SAO LUIS,MA,Nordeste,2022,11,3,11,11,11,7,0,2,4,3,2,0,0.0,0.18181818181818182,0.36363636363636365,0.2727272727272727,0.18181818181818182,0.0,0.6363636363636364,0.18181818181818182
21016,SAO LUIS,MA,Nordeste,2023,17,2,17,17,17,13,1,7,5,4,0,0,0.058823529411764705,0.4117647058823529,0.29411764705882354,0.23529411764705882,0.0,0.0,0.7647058823529411,0.0
21016,SAO LUIS,MA,Nordeste,2024,25,6,24,25,25,20,3,7,8,6,0,1,0.12,0.28,0.32,0.24,0.0,0.04,0.8,0.04
21016,SAO LUIS,MA,Nordeste,2025,18,3,17,18,18,15,0,6,6,5,1,0,0.0,0.3333333333333333,0.3333333333333333,0.2777777777777778,0.05555555555555555,0.0,0.8333333333333334,0.05555555555555555
21017,TIMON,MA,Nordeste,2007,0,0,0,0,0,0,0,0,0,0,0,0,,,,,,,,
21017,TIMON,MA,Nordeste,2008,1,0,0,1,1,1,0,0,1,0,0,0,0.0,0.0,1.0,0.0,0.0,0.0,1.0,0.0
21017,TIMON,MA,Nordeste,2009,1,0,1,1,1,1,0,0,1,0,0,0,0.0,0.0,1.0,0.0,0.0,0.0,1.0,0.0
21017,TIMON,MA,Nordeste,2010,0,0,0,0,0,0,0,0,0,0,0,0,,,,,,,,
21017,TIMON,MA,Nordeste,2011,0,0,0,0,0,0,0,0,0,0,0,0,,,,,,,,
21017,TIMON,MA,Nordeste,2012,0,0,0,0,0,0,0,0,0,0,0,0,,,,,,,,
21017,TIMON,MA,Nordeste,2013,0,0,0,0,0,0,0,0,0,0,0,0,,,,,,,,
21017,TIMON,MA,Nordeste,2014,0,0,0,0,0,0,0,0,0,0,0,0,,,,,,,,
21017,TIMON,MA,Nordeste,2015,0,0,0,0,0,0,0,0,0,0,0,0,,,,,,,,
21017,TIMON,MA,Nordeste,2016,1,0,0,1,1,1,0,0,0,0,0,1,0.0,0.0,0.0,0.0,0.0,1.0,1.0,1.0
21017,TIMON,MA,Nordeste,2017,0,0,0,0,0,0,0,0,0,0,0,0,,,,,,,,
21017,TIMON,MA,Nordeste,2018,0,0,0,0,0,0,0,0,0,0,0,0,,,,,,,,
21017,TIMON,MA,Nordeste,2019,0,0,0,0,0,0,0,0,0,0,0,0,,,,,,,,
21017,TIMON,MA,Nordeste,2020,0,0,0,0,0,0,0,0,0,0,0,0,,,,,,,,
21017,TIMON,MA,Nordeste,2021,0,0,0,0,0,0,0,0,0,0,0,0,,,,,,,,
21017,TIMON,MA,Nordeste,2022,0,0,0,0,0,0,0,0,0,0,0,0,,,,,,,,
21017,TIMON,MA,Nordeste,2023,1,0,1,1,1,1,0,0,0,1,0,0,0.0,0.0,0.0,1.0,0.0,0.0,1.0,0.0
21017,TIMON,MA,Nordeste,2024,1,0,1,1,1,1,0,1,0,0,0,0,0.0,1.0,0.0,0.0,0.0,0.0,1.0,0.0
21017,TIMON,MA,Nordeste,2025,0,0,0,0,0,0,0,0,0,0,0,0,,,,,,,,
21018,VIANA,MA,Nordeste,2007,2,1,2,2,2,2,0,1,1,0,0,0,0.0,0.5,0.5,0.0,0.0,0.0,1.0,0.0
21018,VIANA,MA,Nordeste,2008,0,0,0,0,0,0,0,0,0,0,0,0,,,,,,,,
21018,VIANA,MA,Nordeste,2009,0,0,0,0,0,0,0,0,0,0,0,0,,,,,,,,
21018,VIANA,MA,Nordeste,2010,1,0,1,1,1,1,0,0,0,0,0,1,0.0,0.0,0.0,0.0,0.0,1.0,1.0,1.0
21018,VIANA,MA,Nordeste,2011,0,0,0,0,0,0,0,0,0,0,0,0,,,,,,,,
21018,VIANA,MA,Nordeste,2012,0,0,0,0,0,0,0,0,0,0,0,0,,,,,,,,
21018,VIANA,MA,Nordeste,2013,1,0,1,1,1,0,0,1,0,0,0,0,0.0,1.0,0.0,0.0,0.0,0.0,0.0,0.0
21018,VIANA,MA,Nordeste,2014,1,0,0,1,1,0,0,1,0,0,0,0,0.0,1.0,0.0,0.0,0.0,0.0,0.0,0.0
21018,VIANA,MA,Nordeste,2015,0,0,0,0,0,0,0,0,0,0,0,0,,,,,,,,
21018,VIANA,MA,Nordeste,2016,1,0,1,1,1,1,0,0,0,0,0,1,0.0,0.0,0.0,0.0,0.0,1.0,1.0,1.0
21018,VIANA,MA,Nordeste,2017,1,0,1,1,1,1,1,0,0,0,0,0,1.0,0.0,0.0,0.0,0.0,0.0,1.0,0.0
21018,VIANA,MA,Nordeste,2018,2,0,2,2,2,2,0,0,1,0,1,0,0.0,0.0,0.5,0.0,0.5,0.0,1.0,0.5
21018,VIANA,MA,Nordeste,2019,0,0,0,0,0,0,0,0,0,0,0,0,,,,,,,,
21018,VIANA,MA,Nordeste,2020,0,0,0,0,0,0,0,0,0,0,0,0,,,,,,,,
21018,VIANA,MA,Nordeste,2021,2,0,0,2,2,2,0,2,0,0,0,0,0.0,1.0,0.0,0.0,0.0,0.0,1.0,0.0
21018,VIANA,MA,Nordeste,2022,1,0,1,1,1,1,0,0,1,0,0,0,0.0,0.0,1.0,0.0,0.0,0.0,1.0,0.0
21018,VIANA,MA,Nordeste,2023,0,0,0,0,0,0,0,0,0,0,0,0,,,,,,,,
21018,VIANA,MA,Nordeste,2024,6,2,5,6,6,6,0,3,2,1,0,0,0.0,0.5,0.3333333333333333,0.16666666666666666,0.0,0.0,1.0,0.0
21018,VIANA,MA,Nordeste,2025,3,1,1,3,3,2,1,1,1,0,0,0,0.3333333333333333,0.3333333333333333,0.3333333333333333,0.0,0.0,0.0,0.6666666666666666,0.0
21019,ZE DOCA,MA,Nordeste,2007,0,0,0,0,0,0,0,0,0,0,0,0,,,,,,,,
21019,ZE DOCA,MA,Nordeste,2008,1,0,1,1,1,0,1,0,0,0,0,0,1.0,0.0,0.0,0.0,0.0,0.0,0.0,0.0
21019,ZE DOCA,MA,Nordeste,2009,0,0,0,0,0,0,0,0,0,0,0,0,,,,,,,,
21019,ZE DOCA,MA,Nordeste,2010,0,0,0,0,0,0,0,0,0,0,0,0,,,,,,,,
21019,ZE DOCA,MA,Nordeste,2011,1,0,1,1,1,1,0,1,0,0,0,0,0.0,1.0,0.0,0.0,0.0,0.0,1.0,0.0
21019,ZE DOCA,MA,Nordeste,2012,0,0,0,0,0,0,0,0,0,0,0,0,,,,,,,,
21019,ZE DOCA,MA,Nordeste,2013,1,0,0,1,1,0,0,1,0,0,0,0,0.0,1.0,0.0,0.0,0.0,0.0,0.0,0.0
21019,ZE DOCA,MA,Nordeste,2014,0,0,0,0,0,0,0,0,0,0,0,0,,,,,,,,
21019,ZE DOCA,MA,Nordeste,2015,0,0,0,0,0,0,0,0,0,0,0,0,,,,,,,,
21019,ZE DOCA,MA,Nordeste,2016,2,0,2,2,2,2,1,0,1,0,0,0,0.5,0.0,0.5,0.0,0.0,0.0,1.0,0.0
21019,ZE DOCA,MA,Nordeste,2017,2,1,2,2,2,2,0,2,0,0,0,0,0.0,1.0,0.0,0.0,0.0,0.0,1.0,0.0
21019,ZE DOCA,MA,Nordeste,2018,2,1,1,2,2,2,0,0,2,0,0,0,0.0,0.0,1.0,0.0,0.0,0.0,1.0,0.0
21019,ZE DOCA,MA,Nordeste,2019,0,0,0,0,0,0,0,0,0,0,0,0,,,,,,,,
21019,ZE DOCA,MA,Nordeste,2020,0,0,0,0,0,0,0,0,0,0,0,0,,,,,,,,
21019,ZE DOCA,MA,Nordeste,2021,0,0,0,0,0,0,0,0,0,0,0,0,,,,,,,,
21019,ZE DOCA,MA,Nordeste,2022,1,1,1,1,1,1,0,0,0,1,0,0,0.0,0.0,0.0,1.0,0.0,0.0,1.0,0.0
21019,ZE DOCA,MA,Nordeste,2023,0,0,0,0,0,0,0,0,0,0,0,0,,,,,,,,
21019,ZE DOCA,MA,Nordeste,2024,1,0,1,1,1,0,0,1,0,0,0,0,0.0,1.0,0.0,0.0,0.0,0.0,0.0,0.0
21019,ZE DOCA,MA,Nordeste,2025,0,0,0,0,0,0,0,0,0,0,0,0,,,,,,,,
22001,CARNAUBAIS,PI,Nordeste,2007,0,0,0,0,0,0,0,0,0,0,0,0,,,,,,,,
22001,CARNAUBAIS,PI,Nordeste,2008,0,0,0,0,0,0,0,0,0,0,0,0,,,,,,,,
22001,CARNAUBAIS,PI,Nordeste,2009,1,0,1,1,1,0,0,0,0,1,0,0,0.0,0.0,0.0,1.0,0.0,0.0,0.0,0.0
22001,CARNAUBAIS,PI,Nordeste,2010,0,0,0,0,0,0,0,0,0,0,0,0,,,,,,,,
22001,CARNAUBAIS,PI,Nordeste,2011,0,0,0,0,0,0,0,0,0,0,0,0,,,,,,,,
22001,CARNAUBAIS,PI,Nordeste,2012,0,0,0,0,0,0,0,0,0,0,0,0,,,,,,,,
22001,CARNAUBAIS,PI,Nordeste,2013,0,0,0,0,0,0,0,0,0,0,0,0,,,,,,,,
22001,CARNAUBAIS,PI,Nordeste,2014,0,0,0,0,0,0,0,0,0,0,0,0,,,,,,,,
22001,CARNAUBAIS,PI,Nordeste,2015,0,0,0,0,0,0,0,0,0,0,0,0,,,,,,,,
22001,CARNAUBAIS,PI,Nordeste,2016,0,0,0,0,0,0,0,0,0,0,0,0,,,,,,,,
22001,CARNAUBAIS,PI,Nordeste,2017,0,0,0,0,0,0,0,0,0,0,0,0,,,,,,,,
22001,CARNAUBAIS,PI,Nordeste,2018,0,0,0,0,0,0,0,0,0,0,0,0,,,,,,,,
22001,CARNAUBAIS,PI,Nordeste,2019,0,0,0,0,0,0,0,0,0,0,0,0,,,,,,,,
22001,CARNAUBAIS,PI,Nordeste,2020,1,0,0,1,1,0,1,0,0,0,0,0,1.0,0.0,0.0,0.0,0.0,0.0,0.0,0.0
22001,CARNAUBAIS,PI,Nordeste,2021,0,0,0,0,0,0,0,0,0,0,0,0,,,,,,,,
22001,CARNAUBAIS,PI,Nordeste,2022,0,0,0,0,0,0,0,0,0,0,0,0,,,,,,,,
22001,CARNAUBAIS,PI,Nordeste,2023,0,0,0,0,0,0,0,0,0,0,0,0,,,,,,,,
22001,CARNAUBAIS,PI,Nordeste,2024,0,0,0,0,0,0,0,0,0,0,0,0,,,,,,,,
22001,CARNAUBAIS,PI,Nordeste,2025,0,0,0,0,0,0,0,0,0,0,0,0,,,,,,,,
22002,CHAPADA DAS MANGABEIRAS,PI,Nordeste,2007,0,0,0,0,0,0,0,0,0,0,0,0,,,,,,,,
22002,CHAPADA DAS MANGABEIRAS,PI,Nordeste,2008,0,0,0,0,0,0,0,0,0,0,0,0,,,,,,,,
22002,CHAPADA DAS MANGABEIRAS,PI,Nordeste,2009,2,0,1,2,2,2,0,2,0,0,0,0,0.0,1.0,0.0,0.0,0.0,0.0,1.0,0.0
22002,CHAPADA DAS MANGABEIRAS,PI,Nordeste,2010,0,0,0,0,0,0,0,0,0,0,0,0,,,,,,,,
22002,CHAPADA DAS MANGABEIRAS,PI,Nordeste,2011,0,0,0,0,0,0,0,0,0,0,0,0,,,,,,,,
22002,CHAPADA DAS MANGABEIRAS,PI,Nordeste,2012,0,0,0,0,0,0,0,0,0,0,0,0,,,,,,,,
22002,CHAPADA DAS MANGABEIRAS,PI,Nordeste,2013,1,0,1,1,1,0,0,1,0,0,0,0,0.0,1.0,0.0,0.0,0.0,0.0,0.0,0.0
22002,CHAPADA DAS MANGABEIRAS,PI,Nordeste,2014,0,0,0,0,0,0,0,0,0,0,0,0,,,,,,,,
22002,CHAPADA DAS MANGABEIRAS,PI,Nordeste,2015,0,0,0,0,0,0,0,0,0,0,0,0,,,,,,,,
22002,CHAPADA DAS MANGABEIRAS,PI,Nordeste,2016,0,0,0,0,0,0,0,0,0,0,0,0,,,,,,,,
22002,CHAPADA DAS MANGABEIRAS,PI,Nordeste,2017,0,0,0,0,0,0,0,0,0,0,0,0,,,,,,,,
22002,CHAPADA DAS MANGABEIRAS,PI,Nordeste,2018,1,0,1,1,1,1,1,0,0,0,0,0,1.0,0.0,0.0,0.0,0.0,0.0,1.0,0.0
22002,CHAPADA DAS MANGABEIRAS,PI,Nordeste,2019,0,0,0,0,0,0,0,0,0,0,0,0,,,,,,,,
22002,CHAPADA DAS MANGABEIRAS,PI,Nordeste,2020,0,0,0,0,0,0,0,0,0,0,0,0,,,,,,,,
22002,CHAPADA DAS MANGABEIRAS,PI,Nordeste,2021,0,0,0,0,0,0,0,0,0,0,0,0,,,,,,,,
22002,CHAPADA DAS MANGABEIRAS,PI,Nordeste,2022,0,0,0,0,0,0,0,0,0,0,0,0,,,,,,,,
22002,CHAPADA DAS MANGABEIRAS,PI,Nordeste,2023,0,0,0,0,0,0,0,0,0,0,0,0,,,,,,,,
22002,CHAPADA DAS MANGABEIRAS,PI,Nordeste,2024,0,0,0,0,0,0,0,0,0,0,0,0,,,,,,,,
22002,CHAPADA DAS MANGABEIRAS,PI,Nordeste,2025,0,0,0,0,0,0,0,0,0,0,0,0,,,,,,,,
22003,COCAIS,PI,Nordeste,2007,0,0,0,0,0,0,0,0,0,0,0,0,,,,,,,,
22003,COCAIS,PI,Nordeste,2008,0,0,0,0,0,0,0,0,0,0,0,0,,,,,,,,
22003,COCAIS,PI,Nordeste,2009,5,0,5,5,5,4,1,2,1,0,1,0,0.2,0.4,0.2,0.0,0.2,0.0,0.8,0.2
22003,COCAIS,PI,Nordeste,2010,0,0,0,0,0,0,0,0,0,0,0,0,,,,,,,,
22003,COCAIS,PI,Nordeste,2011,0,0,0,0,0,0,0,0,0,0,0,0,,,,,,,,
22003,COCAIS,PI,Nordeste,2012,0,0,0,0,0,0,0,0,0,0,0,0,,,,,,,,
22003,COCAIS,PI,Nordeste,2013,0,0,0,0,0,0,0,0,0,0,0,0,,,,,,,,
22003,COCAIS,PI,Nordeste,2014,1,1,1,1,1,0,0,0,0,1,0,0,0.0,0.0,0.0,1.0,0.0,0.0,0.0,0.0
22003,COCAIS,PI,Nordeste,2015,0,0,0,0,0,0,0,0,0,0,0,0,,,,,,,,
22003,COCAIS,PI,Nordeste,2016,0,0,0,0,0,0,0,0,0,0,0,0,,,,,,,,
22003,COCAIS,PI,Nordeste,2017,0,0,0,0,0,0,0,0,0,0,0,0,,,,,,,,
22003,COCAIS,PI,Nordeste,2018,0,0,0,0,0,0,0,0,0,0,0,0,,,,,,,,
22003,COCAIS,PI,Nordeste,2019,0,0,0,0,0,0,0,0,0,0,0,0,,,,,,,,
22003,COCAIS,PI,Nordeste,2020,2,0,2,2,2,2,0,0,0,2,0,0,0.0,0.0,0.0,1.0,0.0,0.0,1.0,0.0
22003,COCAIS,PI,Nordeste,2021,0,0,0,0,0,0,0,0,0,0,0,0,,,,,,,,
22003,COCAIS,PI,Nordeste,2022,0,0,0,0,0,0,0,0,0,0,0,0,,,,,,,,
22003,COCAIS,PI,Nordeste,2023,0,0,0,0,0,0,0,0,0,0,0,0,,,,,,,,
22003,COCAIS,PI,Nordeste,2024,2,0,1,2,2,2,0,1,1,0,0,0,0.0,0.5,0.5,0.0,0.0,0.0,1.0,0.0
22003,COCAIS,PI,Nordeste,2025,0,0,0,0,0,0,0,0,0,0,0,0,,,,,,,,
22004,ENTRE RIOS,PI,Nordeste,2007,0,0,0,0,0,0,0,0,0,0,0,0,,,,,,,,
22004,ENTRE RIOS,PI,Nordeste,2008,0,0,0,0,0,0,0,0,0,0,0,0,,,,,,,,
22004,ENTRE RIOS,PI,Nordeste,2009,6,0,5,6,6,5,0,2,1,2,1,0,0.0,0.3333333333333333,0.16666666666666666,0.3333333333333333,0.16666666666666666,0.0,0.8333333333333334,0.16666666666666666
22004,ENTRE RIOS,PI,Nordeste,2010,0,0,0,0,0,0,0,0,0,0,0,0,,,,,,,,
22004,ENTRE RIOS,PI,Nordeste,2011,1,0,1,1,1,1,0,1,0,0,0,0,0.0,1.0,0.0,0.0,0.0,0.0,1.0,0.0
22004,ENTRE RIOS,PI,Nordeste,2012,2,0,2,2,2,2,0,1,1,0,0,0,0.0,0.5,0.5,0.0,0.0,0.0,1.0,0.0
22004,ENTRE RIOS,PI,Nordeste,2013,1,0,0,1,1,1,0,1,0,0,0,0,0.0,1.0,0.0,0.0,0.0,0.0,1.0,0.0
22004,ENTRE RIOS,PI,Nordeste,2014,0,0,0,0,0,0,0,0,0,0,0,0,,,,,,,,
22004,ENTRE RIOS,PI,Nordeste,2015,2,0,2,2,2,2,0,0,0,2,0,0,0.0,0.0,0.0,1.0,0.0,0.0,1.0,0.0
22004,ENTRE RIOS,PI,Nordeste,2016,1,0,1,1,1,1,1,0,0,0,0,0,1.0,0.0,0.0,0.0,0.0,0.0,1.0,0.0
22004,ENTRE RIOS,PI,Nordeste,2017,0,0,0,0,0,0,0,0,0,0,0,0,,,,,,,,
22004,ENTRE RIOS,PI,Nordeste,2018,0,0,0,0,0,0,0,0,0,0,0,0,,,,,,,,
22004,ENTRE RIOS,PI,Nordeste,2019,13,0,11,13,13,12,0,5,4,3,1,0,0.0,0.38461538461538464,0.3076923076923077,0.23076923076923078,0.07692307692307693,0.0,0.9230769230769231,0.07692307692307693
22004,ENTRE RIOS,PI,Nordeste,2020,5,0,4,5,5,5,1,4,0,0,0,0,0.2,0.8,0.0,0.0,0.0,0.0,1.0,0.0
22004,ENTRE RIOS,PI,Nordeste,2021,2,0,2,2,2,1,0,0,1,1,0,0,0.0,0.0,0.5,0.5,0.0,0.0,0.5,0.0
22004,ENTRE RIOS,PI,Nordeste,2022,3,0,3,3,3,2,0,2,0,1,0,0,0.0,0.6666666666666666,0.0,0.3333333333333333,0.0,0.0,0.6666666666666666,0.0
22004,ENTRE RIOS,PI,Nordeste,2023,10,0,8,10,10,9,0,4,1,3,1,1,0.0,0.4,0.1,0.3,0.1,0.1,0.9,0.2
22004,ENTRE RIOS,PI,Nordeste,2024,4,0,2,4,4,2,0,1,0,0,3,0,0.0,0.25,0.0,0.0,0.75,0.0,0.5,0.75
22004,ENTRE RIOS,PI,Nordeste,2025,1,0,1,1,1,1,0,0,1,0,0,0,0.0,0.0,1.0,0.0,0.0,0.0,1.0,0.0
22005,PLANICIE LITORANEA,PI,Nordeste,2007,0,0,0,0,0,0,0,0,0,0,0,0,,,,,,,,
22005,PLANICIE LITORANEA,PI,Nordeste,2008,0,0,0,0,0,0,0,0,0,0,0,0,,,,,,,,
22005,PLANICIE LITORANEA,PI,Nordeste,2009,0,0,0,0,0,0,0,0,0,0,0,0,,,,,,,,
22005,PLANICIE LITORANEA,PI,Nordeste,2010,0,0,0,0,0,0,0,0,0,0,0,0,,,,,,,,
22005,PLANICIE LITORANEA,PI,Nordeste,2011,0,0,0,0,0,0,0,0,0,0,0,0,,,,,,,,
22005,PLANICIE LITORANEA,PI,Nordeste,2012,0,0,0,0,0,0,0,0,0,0,0,0,,,,,,,,
22005,PLANICIE LITORANEA,PI,Nordeste,2013,0,0,0,0,0,0,0,0,0,0,0,0,,,,,,,,
22005,PLANICIE LITORANEA,PI,Nordeste,2014,0,0,0,0,0,0,0,0,0,0,0,0,,,,,,,,
22005,PLANICIE LITORANEA,PI,Nordeste,2015,0,0,0,0,0,0,0,0,0,0,0,0,,,,,,,,
22005,PLANICIE LITORANEA,PI,Nordeste,2016,0,0,0,0,0,0,0,0,0,0,0,0,,,,,,,,
22005,PLANICIE LITORANEA,PI,Nordeste,2017,0,0,0,0,0,0,0,0,0,0,0,0,,,,,,,,
22005,PLANICIE LITORANEA,PI,Nordeste,2018,0,0,0,0,0,0,0,0,0,0,0,0,,,,,,,,
22005,PLANICIE LITORANEA,PI,Nordeste,2019,2,0,2,2,2,1,1,0,0,1,0,0,0.5,0.0,0.0,0.5,0.0,0.0,0.5,0.0
22005,PLANICIE LITORANEA,PI,Nordeste,2020,0,0,0,0,0,0,0,0,0,0,0,0,,,,,,,,
22005,PLANICIE LITORANEA,PI,Nordeste,2021,0,0,0,0,0,0,0,0,0,0,0,0,,,,,,,,
22005,PLANICIE LITORANEA,PI,Nordeste,2022,1,0,0,1,1,1,0,0,1,0,0,0,0.0,0.0,1.0,0.0,0.0,0.0,1.0,0.0
22005,PLANICIE LITORANEA,PI,Nordeste,2023,1,0,0,1,1,1,0,0,1,0,0,0,0.0,0.0,1.0,0.0,0.0,0.0,1.0,0.0
22005,PLANICIE LITORANEA,PI,Nordeste,2024,0,0,0,0,0,0,0,0,0,0,0,0,,,,,,,,
22005,PLANICIE LITORANEA,PI,Nordeste,2025,0,0,0,0,0,0,0,0,0,0,0,0,,,,,,,,
22009,VALE DO RIO GUARIBAS,PI,Nordeste,2007,0,0,0,0,0,0,0,0,0,0,0,0,,,,,,,,
22009,VALE DO RIO GUARIBAS,PI,Nordeste,2008,0,0,0,0,0,0,0,0,0,0,0,0,,,,,,,,
22009,VALE DO RIO GUARIBAS,PI,Nordeste,2009,0,0,0,0,0,0,0,0,0,0,0,0,,,,,,,,
22009,VALE DO RIO GUARIBAS,PI,Nordeste,2010,0,0,0,0,0,0,0,0,0,0,0,0,,,,,,,,
22009,VALE DO RIO GUARIBAS,PI,Nordeste,2011,1,0,1,1,1,1,0,1,0,0,0,0,0.0,1.0,0.0,0.0,0.0,0.0,1.0,0.0
22009,VALE DO RIO GUARIBAS,PI,Nordeste,2012,0,0,0,0,0,0,0,0,0,0,0,0,,,,,,,,
22009,VALE DO RIO GUARIBAS,PI,Nordeste,2013,0,0,0,0,0,0,0,0,0,0,0,0,,,,,,,,
22009,VALE DO RIO GUARIBAS,PI,Nordeste,2014,0,0,0,0,0,0,0,0,0,0,0,0,,,,,,,,
22009,VALE DO RIO GUARIBAS,PI,Nordeste,2015,0,0,0,0,0,0,0,0,0,0,0,0,,,,,,,,
22009,VALE DO RIO GUARIBAS,PI,Nordeste,2016,0,0,0,0,0,0,0,0,0,0,0,0,,,,,,,,
22009,VALE DO RIO GUARIBAS,PI,Nordeste,2017,0,0,0,0,0,0,0,0,0,0,0,0,,,,,,,,
22009,VALE DO RIO GUARIBAS,PI,Nordeste,2018,0,0,0,0,0,0,0,0,0,0,0,0,,,,,,,,
22009,VALE DO RIO GUARIBAS,PI,Nordeste,2019,1,0,1,1,1,0,0,0,1,0,0,0,0.0,0.0,1.0,0.0,0.0,0.0,0.0,0.0
22009,VALE DO RIO GUARIBAS,PI,Nordeste,2020,0,0,0,0,0,0,0,0,0,0,0,0,,,,,,,,
22009,VALE DO RIO GUARIBAS,PI,Nordeste,2021,0,0,0,0,0,0,0,0,0,0,0,0,,,,,,,,
22009,VALE DO RIO GUARIBAS,PI,Nordeste,2022,0,0,0,0,0,0,0,0,0,0,0,0,,,,,,,,
22009,VALE DO RIO GUARIBAS,PI,Nordeste,2023,0,0,0,0,0,0,0,0,0,0,0,0,,,,,,,,
22009,VALE DO RIO GUARIBAS,PI,Nordeste,2024,0,0,0,0,0,0,0,0,0,0,0,0,,,,,,,,
22009,VALE DO RIO GUARIBAS,PI,Nordeste,2025,0,0,0,0,0,0,0,0,0,0,0,0,,,,,,,,
22010,VALE DO SAMBITO,PI,Nordeste,2007,0,0,0,0,0,0,0,0,0,0,0,0,,,,,,,,
22010,VALE DO SAMBITO,PI,Nordeste,2008,0,0,0,0,0,0,0,0,0,0,0,0,,,,,,,,
22010,VALE DO SAMBITO,PI,Nordeste,2009,0,0,0,0,0,0,0,0,0,0,0,0,,,,,,,,
22010,VALE DO SAMBITO,PI,Nordeste,2010,0,0,0,0,0,0,0,0,0,0,0,0,,,,,,,,
22010,VALE DO SAMBITO,PI,Nordeste,2011,0,0,0,0,0,0,0,0,0,0,0,0,,,,,,,,
22010,VALE DO SAMBITO,PI,Nordeste,2012,0,0,0,0,0,0,0,0,0,0,0,0,,,,,,,,
22010,VALE DO SAMBITO,PI,Nordeste,2013,0,0,0,0,0,0,0,0,0,0,0,0,,,,,,,,
22010,VALE DO SAMBITO,PI,Nordeste,2014,0,0,0,0,0,0,0,0,0,0,0,0,,,,,,,,
22010,VALE DO SAMBITO,PI,Nordeste,2015,0,0,0,0,0,0,0,0,0,0,0,0,,,,,,,,
22010,VALE DO SAMBITO,PI,Nordeste,2016,0,0,0,0,0,0,0,0,0,0,0,0,,,,,,,,
22010,VALE DO SAMBITO,PI,Nordeste,2017,0,0,0,0,0,0,0,0,0,0,0,0,,,,,,,,
22010,VALE DO SAMBITO,PI,Nordeste,2018,0,0,0,0,0,0,0,0,0,0,0,0,,,,,,,,
22010,VALE DO SAMBITO,PI,Nordeste,2019,0,0,0,0,0,0,0,0,0,0,0,0,,,,,,,,
22010,VALE DO SAMBITO,PI,Nordeste,2020,0,0,0,0,0,0,0,0,0,0,0,0,,,,,,,,
22010,VALE DO SAMBITO,PI,Nordeste,2021,0,0,0,0,0,0,0,0,0,0,0,0,,,,,,,,
22010,VALE DO SAMBITO,PI,Nordeste,2022,0,0,0,0,0,0,0,0,0,0,0,0,,,,,,,,
22010,VALE DO SAMBITO,PI,Nordeste,2023,0,0,0,0,0,0,0,0,0,0,0,0,,,,,,,,
22010,VALE DO SAMBITO,PI,Nordeste,2024,2,0,0,2,2,2,0,0,0,2,0,0,0.0,0.0,0.0,1.0,0.0,0.0,1.0,0.0
22010,VALE DO SAMBITO,PI,Nordeste,2025,0,0,0,0,0,0,0,0,0,0,0,0,,,,,,,,
22011,VALE DOS RIOS PIAUI E ITAUEIRAS,PI,Nordeste,2007,0,0,0,0,0,0,0,0,0,0,0,0,,,,,,,,
22011,VALE DOS RIOS PIAUI E ITAUEIRAS,PI,Nordeste,2008,0,0,0,0,0,0,0,0,0,0,0,0,,,,,,,,
22011,VALE DOS RIOS PIAUI E ITAUEIRAS,PI,Nordeste,2009,0,0,0,0,0,0,0,0,0,0,0,0,,,,,,,,
22011,VALE DOS RIOS PIAUI E ITAUEIRAS,PI,Nordeste,2010,0,0,0,0,0,0,0,0,0,0,0,0,,,,,,,,
22011,VALE DOS RIOS PIAUI E ITAUEIRAS,PI,Nordeste,2011,0,0,0,0,0,0,0,0,0,0,0,0,,,,,,,,
22011,VALE DOS RIOS PIAUI E ITAUEIRAS,PI,Nordeste,2012,0,0,0,0,0,0,0,0,0,0,0,0,,,,,,,,
22011,VALE DOS RIOS PIAUI E ITAUEIRAS,PI,Nordeste,2013,0,0,0,0,0,0,0,0,0,0,0,0,,,,,,,,
22011,VALE DOS RIOS PIAUI E ITAUEIRAS,PI,Nordeste,2014,0,0,0,0,0,0,0,0,0,0,0,0,,,,,,,,
22011,VALE DOS RIOS PIAUI E ITAUEIRAS,PI,Nordeste,2015,0,0,0,0,0,0,0,0,0,0,0,0,,,,,,,,
22011,VALE DOS RIOS PIAUI E ITAUEIRAS,PI,Nordeste,2016,0,0,0,0,0,0,0,0,0,0,0,0,,,,,,,,
22011,VALE DOS RIOS PIAUI E ITAUEIRAS,PI,Nordeste,2017,0,0,0,0,0,0,0,0,0,0,0,0,,,,,,,,
22011,VALE DOS RIOS PIAUI E ITAUEIRAS,PI,Nordeste,2018,0,0,0,0,0,0,0,0,0,0,0,0,,,,,,,,
22011,VALE DOS RIOS PIAUI E ITAUEIRAS,PI,Nordeste,2019,0,0,0,0,0,0,0,0,0,0,0,0,,,,,,,,
22011,VALE DOS RIOS PIAUI E ITAUEIRAS,PI,Nordeste,2020,0,0,0,0,0,0,0,0,0,0,0,0,,,,,,,,
22011,VALE DOS RIOS PIAUI E ITAUEIRAS,PI,Nordeste,2021,0,0,0,0,0,0,0,0,0,0,0,0,,,,,,,,
22011,VALE DOS RIOS PIAUI E ITAUEIRAS,PI,Nordeste,2022,0,0,0,0,0,0,0,0,0,0,0,0,,,,,,,,
22011,VALE DOS RIOS PIAUI E ITAUEIRAS,PI,Nordeste,2023,2,0,0,2,2,2,0,1,0,1,0,0,0.0,0.5,0.0,0.5,0.0,0.0,1.0,0.0
22011,VALE DOS RIOS PIAUI E ITAUEIRAS,PI,Nordeste,2024,0,0,0,0,0,0,0,0,0,0,0,0,,,,,,,,
22011,VALE DOS RIOS PIAUI E ITAUEIRAS,PI,Nordeste,2025,0,0,0,0,0,0,0,0,0,0,0,0,,,,,,,,
22012,CHAPADA VALE DO RIO ITAIM,PI,Nordeste,2007,0,0,0,0,0,0,0,0,0,0,0,0,,,,,,,,
22012,CHAPADA VALE DO RIO ITAIM,PI,Nordeste,2008,1,0,0,1,1,0,0,0,1,0,0,0,0.0,0.0,1.0,0.0,0.0,0.0,0.0,0.0
22012,CHAPADA VALE DO RIO ITAIM,PI,Nordeste,2009,0,0,0,0,0,0,0,0,0,0,0,0,,,,,,,,
22012,CHAPADA VALE DO RIO ITAIM,PI,Nordeste,2010,0,0,0,0,0,0,0,0,0,0,0,0,,,,,,,,
22012,CHAPADA VALE DO RIO ITAIM,PI,Nordeste,2011,0,0,0,0,0,0,0,0,0,0,0,0,,,,,,,,
22012,CHAPADA VALE DO RIO ITAIM,PI,Nordeste,2012,0,0,0,0,0,0,0,0,0,0,0,0,,,,,,,,
22012,CHAPADA VALE DO RIO ITAIM,PI,Nordeste,2013,0,0,0,0,0,0,0,0,0,0,0,0,,,,,,,,
22012,CHAPADA VALE DO RIO ITAIM,PI,Nordeste,2014,0,0,0,0,0,0,0,0,0,0,0,0,,,,,,,,
22012,CHAPADA VALE DO RIO ITAIM,PI,Nordeste,2015,0,0,0,0,0,0,0,0,0,0,0,0,,,,,,,,
22012,CHAPADA VALE DO RIO ITAIM,PI,Nordeste,2016,0,0,0,0,0,0,0,0,0,0,0,0,,,,,,,,
22012,CHAPADA VALE DO RIO ITAIM,PI,Nordeste,2017,0,0,0,0,0,0,0,0,0,0,0,0,,,,,,,,
22012,CHAPADA VALE DO RIO ITAIM,PI,Nordeste,2018,0,0,0,0,0,0,0,0,0,0,0,0,,,,,,,,
22012,CHAPADA VALE DO RIO ITAIM,PI,Nordeste,2019,0,0,0,0,0,0,0,0,0,0,0,0,,,,,,,,
22012,CHAPADA VALE DO RIO ITAIM,PI,Nordeste,2020,0,0,0,0,0,0,0,0,0,0,0,0,,,,,,,,
22012,CHAPADA VALE DO RIO ITAIM,PI,Nordeste,2021,0,0,0,0,0,0,0,0,0,0,0,0,,,,,,,,
22012,CHAPADA VALE DO RIO ITAIM,PI,Nordeste,2022,0,0,0,0,0,0,0,0,0,0,0,0,,,,,,,,
22012,CHAPADA VALE DO RIO ITAIM,PI,Nordeste,2023,0,0,0,0,0,0,0,0,0,0,0,0,,,,,,,,
22012,CHAPADA VALE DO RIO ITAIM,PI,Nordeste,2024,0,0,0,0,0,0,0,0,0,0,0,0,,,,,,,,
22012,CHAPADA VALE DO RIO ITAIM,PI,Nordeste,2025,0,0,0,0,0,0,0,0,0,0,0,0,,,,,,,,
23001,1ª RS FORTALEZA,CE,Nordeste,2007,66,4,58,66,66,52,10,25,16,11,2,2,0.15151515151515152,0.3787878787878788,0.24242424242424243,0.16666666666666666,0.030303030303030304,0.030303030303030304,0.7878787878787878,0.06060606060606061
23001,1ª RS FORTALEZA,CE,Nordeste,2008,36,4,34,36,36,29,5,14,6,4,7,0,0.1388888888888889,0.3888888888888889,0.16666666666666666,0.1111111111111111,0.19444444444444445,0.0,0.8055555555555556,0.19444444444444445
23001,1ª RS FORTALEZA,CE,Nordeste,2009,124,10,118,124,124,108,18,42,32,19,5,8,0.14516129032258066,0.3387096774193548,0.25806451612903225,0.1532258064516129,0.04032258064516129,0.06451612903225806,0.8709677419354839,0.10483870967741934
23001,1ª RS FORTALEZA,CE,Nordeste,2010,26,6,23,26,26,22,4,9,6,2,5,0,0.15384615384615385,0.34615384615384615,0.23076923076923078,0.07692307692307693,0.19230769230769232,0.0,0.8461538461538461,0.19230769230769232
23001,1ª RS FORTALEZA,CE,Nordeste,2011,90,5,86,90,90,78,7,36,22,16,6,3,0.07777777777777778,0.4,0.24444444444444444,0.17777777777777778,0.06666666666666667,0.03333333333333333,0.8666666666666667,0.1
23001,1ª RS FORTALEZA,CE,Nordeste,2012,45,3,43,45,45,31,6,13,16,5,2,3,0.13333333333333333,0.28888888888888886,0.35555555555555557,0.1111111111111111,0.044444444444444446,0.06666666666666667,0.6888888888888889,0.1111111111111111
23001,1ª RS FORTALEZA,CE,Nordeste,2013,21,0,17,21,21,13,4,5,6,2,1,3,0.19047619047619047,0.23809523809523808,0.2857142857142857,0.09523809523809523,0.047619047619047616,0.14285714285714285,0.6190476190476191,0.19047619047619047
23001,1ª RS FORTALEZA,CE,Nordeste,2014,40,6,38,40,40,28,4,18,8,7,1,2,0.1,0.45,0.2,0.175,0.025,0.05,0.7,0.07500000000000001
23001,1ª RS FORTALEZA,CE,Nordeste,2015,23,2,23,23,23,17,3,10,4,4,2,0,0.13043478260869565,0.43478260869565216,0.17391304347826086,0.17391304347826086,0.08695652173913043,0.0,0.7391304347826086,0.08695652173913043
23001,1ª RS FORTALEZA,CE,Nordeste,2016,42,11,41,42,42,35,0,8,11,17,4,2,0.0,0.19047619047619047,0.2619047619047619,0.40476190476190477,0.09523809523809523,0.047619047619047616,0.8333333333333334,0.14285714285714285
23001,1ª RS FORTALEZA,CE,Nordeste,2017,23,2,19,23,23,21,3,8,4,5,3,0,0.13043478260869565,0.34782608695652173,0.17391304347826086,0.21739130434782608,0.13043478260869565,0.0,0.9130434782608695,0.13043478260869565
23001,1ª RS FORTALEZA,CE,Nordeste,2018,45,12,41,45,45,30,2,10,17,7,4,5,0.044444444444444446,0.2222222222222222,0.37777777777777777,0.15555555555555556,0.08888888888888889,0.1111111111111111,0.6666666666666666,0.2
23001,1ª RS FORTALEZA,CE,Nordeste,2019,101,15,97,101,101,77,7,25,34,21,9,5,0.06930693069306931,0.24752475247524752,0.33663366336633666,0.2079207920792079,0.0891089108910891,0.04950495049504951,0.7623762376237624,0.13861386138613863
23001,1ª RS FORTALEZA,CE,Nordeste,2020,39,6,39,39,39,34,0,12,13,8,4,2,0.0,0.3076923076923077,0.3333333333333333,0.20512820512820512,0.10256410256410256,0.05128205128205128,0.8717948717948718,0.15384615384615385
23001,1ª RS FORTALEZA,CE,Nordeste,2021,39,4,39,39,39,30,3,12,10,5,6,3,0.07692307692307693,0.3076923076923077,0.2564102564102564,0.1282051282051282,0.15384615384615385,0.07692307692307693,0.7692307692307693,0.23076923076923078
23001,1ª RS FORTALEZA,CE,Nordeste,2022,71,8,66,71,71,54,2,20,22,18,4,5,0.028169014084507043,0.28169014084507044,0.30985915492957744,0.2535211267605634,0.056338028169014086,0.07042253521126761,0.7605633802816901,0.1267605633802817
23001,1ª RS FORTALEZA,CE,Nordeste,2023,58,7,52,58,58,48,1,15,13,15,10,4,0.017241379310344827,0.25862068965517243,0.22413793103448276,0.25862068965517243,0.1724137931034483,0.06896551724137931,0.8275862068965517,0.2413793103448276
23001,1ª RS FORTALEZA,CE,Nordeste,2024,60,4,57,60,60,47,2,19,16,17,5,1,0.03333333333333333,0.31666666666666665,0.26666666666666666,0.2833333333333333,0.08333333333333333,0.016666666666666666,0.7833333333333333,0.09999999999999999
23001,1ª RS FORTALEZA,CE,Nordeste,2025,57,5,52,57,57,43,1,14,20,10,7,5,0.017543859649122806,0.24561403508771928,0.3508771929824561,0.17543859649122806,0.12280701754385964,0.08771929824561403,0.7543859649122807,0.21052631578947367
23011,5ª RS SOBRAL,CE,Nordeste,2007,1,0,1,1,1,1,1,0,0,0,0,0,1.0,0.0,0.0,0.0,0.0,0.0,1.0,0.0
23011,5ª RS SOBRAL,CE,Nordeste,2008,4,1,4,4,4,4,0,2,2,0,0,0,0.0,0.5,0.5,0.0,0.0,0.0,1.0,0.0
23011,5ª RS SOBRAL,CE,Nordeste,2009,18,1,18,18,18,16,2,5,7,3,1,0,0.1111111111111111,0.2777777777777778,0.3888888888888889,0.16666666666666666,0.05555555555555555,0.0,0.8888888888888888,0.05555555555555555
23011,5ª RS SOBRAL,CE,Nordeste,2010,2,0,2,2,2,2,0,0,1,1,0,0,0.0,0.0,0.5,0.5,0.0,0.0,1.0,0.0
23011,5ª RS SOBRAL,CE,Nordeste,2011,7,1,6,7,7,7,0,5,1,0,1,0,0.0,0.7142857142857143,0.14285714285714285,0.0,0.14285714285714285,0.0,1.0,0.14285714285714285
23011,5ª RS SOBRAL,CE,Nordeste,2012,6,0,6,6,6,6,0,1,3,1,1,0,0.0,0.16666666666666666,0.5,0.16666666666666666,0.16666666666666666,0.0,1.0,0.16666666666666666
23011,5ª RS SOBRAL,CE,Nordeste,2013,3,1,2,3,3,1,0,1,1,1,0,0,0.0,0.3333333333333333,0.3333333333333333,0.3333333333333333,0.0,0.0,0.3333333333333333,0.0
23011,5ª RS SOBRAL,CE,Nordeste,2014,1,0,1,1,1,1,0,0,1,0,0,0,0.0,0.0,1.0,0.0,0.0,0.0,1.0,0.0
23011,5ª RS SOBRAL,CE,Nordeste,2015,2,0,2,2,2,2,0,0,1,1,0,0,0.0,0.0,0.5,0.5,0.0,0.0,1.0,0.0
23011,5ª RS SOBRAL,CE,Nordeste,2016,3,0,3,3,3,2,0,1,1,0,1,0,0.0,0.3333333333333333,0.3333333333333333,0.0,0.3333333333333333,0.0,0.6666666666666666,0.3333333333333333
23011,5ª RS SOBRAL,CE,Nordeste,2017,1,1,1,1,1,1,0,0,0,1,0,0,0.0,0.0,0.0,1.0,0.0,0.0,1.0,0.0
23011,5ª RS SOBRAL,CE,Nordeste,2018,1,0,1,1,1,1,0,0,0,1,0,0,0.0,0.0,0.0,1.0,0.0,0.0,1.0,0.0
23011,5ª RS SOBRAL,CE,Nordeste,2019,2,1,2,2,2,2,0,1,0,0,0,1,0.0,0.5,0.0,0.0,0.0,0.5,1.0,0.5
23011,5ª RS SOBRAL,CE,Nordeste,2020,1,0,1,1,1,1,0,0,1,0,0,0,0.0,0.0,1.0,0.0,0.0,0.0,1.0,0.0
23011,5ª RS SOBRAL,CE,Nordeste,2021,1,0,1,1,1,1,0,0,1,0,0,0,0.0,0.0,1.0,0.0,0.0,0.0,1.0,0.0
23011,5ª RS SOBRAL,CE,Nordeste,2022,9,0,3,9,9,9,3,2,2,1,1,0,0.3333333333333333,0.2222222222222222,0.2222222222222222,0.1111111111111111,0.1111111111111111,0.0,1.0,0.1111111111111111
23011,5ª RS SOBRAL,CE,Nordeste,2023,4,0,3,4,4,4,0,0,1,3,0,0,0.0,0.0,0.25,0.75,0.0,0.0,1.0,0.0
23011,5ª RS SOBRAL,CE,Nordeste,2024,5,0,5,5,5,5,2,1,0,2,0,0,0.4,0.2,0.0,0.4,0.0,0.0,1.0,0.0
23011,5ª RS SOBRAL,CE,Nordeste,2025,4,0,4,4,4,1,0,0,3,1,0,0,0.0,0.0,0.75,0.25,0.0,0.0,0.25,0.0
23023,2ª RS CARIRI,CE,Nordeste,2007,0,0,0,0,0,0,0,0,0,0,0,0,,,,,,,,
23023,2ª RS CARIRI,CE,Nordeste,2008,39,0,38,39,39,38,3,20,7,6,2,1,0.07692307692307693,0.5128205128205128,0.1794871794871795,0.15384615384615385,0.05128205128205128,0.02564102564102564,0.9743589743589743,0.07692307692307693
23023,2ª RS CARIRI,CE,Nordeste,2009,87,0,87,87,87,85,5,52,16,13,1,0,0.05747126436781609,0.5977011494252874,0.1839080459770115,0.14942528735632185,0.011494252873563218,0.0,0.9770114942528736,0.011494252873563218
23023,2ª RS CARIRI,CE,Nordeste,2010,1,0,1,1,1,1,0,1,0,0,0,0,0.0,1.0,0.0,0.0,0.0,0.0,1.0,0.0
23023,2ª RS CARIRI,CE,Nordeste,2011,14,0,13,14,14,14,0,6,6,2,0,0,0.0,0.42857142857142855,0.42857142857142855,0.14285714285714285,0.0,0.0,1.0,0.0
23023,2ª RS CARIRI,CE,Nordeste,2012,4,0,4,4,4,2,1,1,0,2,0,0,0.25,0.25,0.0,0.5,0.0,0.0,0.5,0.0
23023,2ª RS CARIRI,CE,Nordeste,2013,3,0,2,3,3,3,0,1,1,1,0,0,0.0,0.3333333333333333,0.3333333333333333,0.3333333333333333,0.0,0.0,1.0,0.0
23023,2ª RS CARIRI,CE,Nordeste,2014,4,0,4,4,4,4,0,2,1,1,0,0,0.0,0.5,0.25,0.25,0.0,0.0,1.0,0.0
23023,2ª RS CARIRI,CE,Nordeste,2015,2,0,2,2,2,2,0,0,2,0,0,0,0.0,0.0,1.0,0.0,0.0,0.0,1.0,0.0
23023,2ª RS CARIRI,CE,Nordeste,2016,0,0,0,0,0,0,0,0,0,0,0,0,,,,,,,,
23023,2ª RS CARIRI,CE,Nordeste,2017,0,0,0,0,0,0,0,0,0,0,0,0,,,,,,,,
23023,2ª RS CARIRI,CE,Nordeste,2018,3,0,3,3,3,1,0,2,1,0,0,0,0.0,0.6666666666666666,0.3333333333333333,0.0,0.0,0.0,0.3333333333333333,0.0
23023,2ª RS CARIRI,CE,Nordeste,2019,6,1,4,6,6,4,0,3,1,1,0,1,0.0,0.5,0.16666666666666666,0.16666666666666666,0.0,0.16666666666666666,0.6666666666666666,0.16666666666666666
23023,2ª RS CARIRI,CE,Nordeste,2020,3,0,3,3,3,2,0,0,3,0,0,0,0.0,0.0,1.0,0.0,0.0,0.0,0.6666666666666666,0.0
23023,2ª RS CARIRI,CE,Nordeste,2021,3,0,2,3,3,3,1,0,1,1,0,0,0.3333333333333333,0.0,0.3333333333333333,0.3333333333333333,0.0,0.0,1.0,0.0
23023,2ª RS CARIRI,CE,Nordeste,2022,19,1,17,19,19,18,0,3,8,4,3,1,0.0,0.15789473684210525,0.42105263157894735,0.21052631578947367,0.15789473684210525,0.05263157894736842,0.9473684210526315,0.21052631578947367
23023,2ª RS CARIRI,CE,Nordeste,2023,18,0,14,18,18,15,0,4,9,4,0,1,0.0,0.2222222222222222,0.5,0.2222222222222222,0.0,0.05555555555555555,0.8333333333333334,0.05555555555555555
23023,2ª RS CARIRI,CE,Nordeste,2024,7,0,6,7,7,5,3,1,1,1,1,0,0.42857142857142855,0.14285714285714285,0.14285714285714285,0.14285714285714285,0.14285714285714285,0.0,0.7142857142857143,0.14285714285714285
23023,2ª RS CARIRI,CE,Nordeste,2025,23,1,9,23,23,19,3,4,4,4,4,4,0.13043478260869565,0.17391304347826086,0.17391304347826086,0.17391304347826086,0.17391304347826086,0.17391304347826086,0.8260869565217391,0.34782608695652173
23024,3ª RS SERTAO CENTRAL,CE,Nordeste,2007,0,0,0,0,0,0,0,0,0,0,0,0,,,,,,,,
23024,3ª RS SERTAO CENTRAL,CE,Nordeste,2008,1,0,1,1,1,0,0,0,0,1,0,0,0.0,0.0,0.0,1.0,0.0,0.0,0.0,0.0
23024,3ª RS SERTAO CENTRAL,CE,Nordeste,2009,10,0,9,10,10,8,1,2,5,1,1,0,0.1,0.2,0.5,0.1,0.1,0.0,0.8,0.1
23024,3ª RS SERTAO CENTRAL,CE,Nordeste,2010,1,1,1,1,1,1,0,0,0,0,0,1,0.0,0.0,0.0,0.0,0.0,1.0,1.0,1.0
23024,3ª RS SERTAO CENTRAL,CE,Nordeste,2011,4,0,3,4,4,4,0,1,1,2,0,0,0.0,0.25,0.25,0.5,0.0,0.0,1.0,0.0
23024,3ª RS SERTAO CENTRAL,CE,Nordeste,2012,0,0,0,0,0,0,0,0,0,0,0,0,,,,,,,,
23024,3ª RS SERTAO CENTRAL,CE,Nordeste,2013,0,0,0,0,0,0,0,0,0,0,0,0,,,,,,,,
23024,3ª RS SERTAO CENTRAL,CE,Nordeste,2014,0,0,0,0,0,0,0,0,0,0,0,0,,,,,,,,
23024,3ª RS SERTAO CENTRAL,CE,Nordeste,2015,1,0,1,1,1,1,0,1,0,0,0,0,0.0,1.0,0.0,0.0,0.0,0.0,1.0,0.0
23024,3ª RS SERTAO CENTRAL,CE,Nordeste,2016,1,0,1,1,1,1,0,0,0,1,0,0,0.0,0.0,0.0,1.0,0.0,0.0,1.0,0.0
23024,3ª RS SERTAO CENTRAL,CE,Nordeste,2017,1,0,1,1,1,1,0,1,0,0,0,0,0.0,1.0,0.0,0.0,0.0,0.0,1.0,0.0
23024,3ª RS SERTAO CENTRAL,CE,Nordeste,2018,1,0,1,1,1,1,0,0,1,0,0,0,0.0,0.0,1.0,0.0,0.0,0.0,1.0,0.0
23024,3ª RS SERTAO CENTRAL,CE,Nordeste,2019,1,0,1,1,1,1,0,0,1,0,0,0,0.0,0.0,1.0,0.0,0.0,0.0,1.0,0.0
23024,3ª RS SERTAO CENTRAL,CE,Nordeste,2020,0,0,0,0,0,0,0,0,0,0,0,0,,,,,,,,
23024,3ª RS SERTAO CENTRAL,CE,Nordeste,2021,0,0,0,0,0,0,0,0,0,0,0,0,,,,,,,,
23024,3ª RS SERTAO CENTRAL,CE,Nordeste,2022,5,0,5,5,5,5,0,1,1,3,0,0,0.0,0.2,0.2,0.6,0.0,0.0,1.0,0.0
23024,3ª RS SERTAO CENTRAL,CE,Nordeste,2023,4,0,3,4,4,3,0,2,2,0,0,0,0.0,0.5,0.5,0.0,0.0,0.0,0.75,0.0
23024,3ª RS SERTAO CENTRAL,CE,Nordeste,2024,4,0,3,4,4,4,0,2,1,1,0,0,0.0,0.5,0.25,0.25,0.0,0.0,1.0,0.0
23024,3ª RS SERTAO CENTRAL,CE,Nordeste,2025,4,0,2,4,4,4,0,1,2,1,0,0,0.0,0.25,0.5,0.25,0.0,0.0,1.0,0.0
23025,4ª RS LITORAL LESTE/JAGUARIBE,CE,Nordeste,2007,3,1,3,3,3,2,0,2,0,0,1,0,0.0,0.6666666666666666,0.0,0.0,0.3333333333333333,0.0,0.6666666666666666,0.3333333333333333
23025,4ª RS LITORAL LESTE/JAGUARIBE,CE,Nordeste,2008,13,0,13,13,13,13,2,4,5,1,1,0,0.15384615384615385,0.3076923076923077,0.38461538461538464,0.07692307692307693,0.07692307692307693,0.0,1.0,0.07692307692307693
23025,4ª RS LITORAL LESTE/JAGUARIBE,CE,Nordeste,2009,63,2,62,63,63,62,3,27,21,9,1,2,0.047619047619047616,0.42857142857142855,0.3333333333333333,0.14285714285714285,0.015873015873015872,0.031746031746031744,0.9841269841269841,0.047619047619047616
23025,4ª RS LITORAL LESTE/JAGUARIBE,CE,Nordeste,2010,7,0,7,7,7,6,0,0,5,2,0,0,0.0,0.0,0.7142857142857143,0.2857142857142857,0.0,0.0,0.8571428571428571,0.0
23025,4ª RS LITORAL LESTE/JAGUARIBE,CE,Nordeste,2011,9,2,9,9,9,8,0,4,1,2,2,0,0.0,0.4444444444444444,0.1111111111111111,0.2222222222222222,0.2222222222222222,0.0,0.8888888888888888,0.2222222222222222
23025,4ª RS LITORAL LESTE/JAGUARIBE,CE,Nordeste,2012,4,0,4,4,4,4,0,0,1,1,1,1,0.0,0.0,0.25,0.25,0.25,0.25,1.0,0.5
23025,4ª RS LITORAL LESTE/JAGUARIBE,CE,Nordeste,2013,5,1,5,5,5,5,0,0,2,2,1,0,0.0,0.0,0.4,0.4,0.2,0.0,1.0,0.2
23025,4ª RS LITORAL LESTE/JAGUARIBE,CE,Nordeste,2014,5,0,5,5,5,5,0,1,3,1,0,0,0.0,0.2,0.6,0.2,0.0,0.0,1.0,0.0
23025,4ª RS LITORAL LESTE/JAGUARIBE,CE,Nordeste,2015,1,0,1,1,1,1,0,0,1,0,0,0,0.0,0.0,1.0,0.0,0.0,0.0,1.0,0.0
23025,4ª RS LITORAL LESTE/JAGUARIBE,CE,Nordeste,2016,3,0,3,3,3,3,0,0,0,1,1,1,0.0,0.0,0.0,0.3333333333333333,0.3333333333333333,0.3333333333333333,1.0,0.6666666666666666
23025,4ª RS LITORAL LESTE/JAGUARIBE,CE,Nordeste,2017,2,0,2,2,2,1,0,0,1,1,0,0,0.0,0.0,0.5,0.5,0.0,0.0,0.5,0.0
23025,4ª RS LITORAL LESTE/JAGUARIBE,CE,Nordeste,2018,2,0,2,2,2,2,1,1,0,0,0,0,0.5,0.5,0.0,0.0,0.0,0.0,1.0,0.0
23025,4ª RS LITORAL LESTE/JAGUARIBE,CE,Nordeste,2019,3,0,3,3,3,3,0,1,0,1,0,1,0.0,0.3333333333333333,0.0,0.3333333333333333,0.0,0.3333333333333333,1.0,0.3333333333333333
23025,4ª RS LITORAL LESTE/JAGUARIBE,CE,Nordeste,2020,1,0,0,1,1,1,0,0,0,0,1,0,0.0,0.0,0.0,0.0,1.0,0.0,1.0,1.0
23025,4ª RS LITORAL LESTE/JAGUARIBE,CE,Nordeste,2021,1,0,1,1,1,1,0,1,0,0,0,0,0.0,1.0,0.0,0.0,0.0,0.0,1.0,0.0
23025,4ª RS LITORAL LESTE/JAGUARIBE,CE,Nordeste,2022,1,0,1,1,1,1,0,0,0,1,0,0,0.0,0.0,0.0,1.0,0.0,0.0,1.0,0.0
23025,4ª RS LITORAL LESTE/JAGUARIBE,CE,Nordeste,2023,8,0,7,8,8,5,0,2,6,0,0,0,0.0,0.25,0.75,0.0,0.0,0.0,0.625,0.0
23025,4ª RS LITORAL LESTE/JAGUARIBE,CE,Nordeste,2024,17,0,16,17,17,6,0,6,11,0,0,0,0.0,0.35294117647058826,0.6470588235294118,0.0,0.0,0.0,0.35294117647058826,0.0
23025,4ª RS LITORAL LESTE/JAGUARIBE,CE,Nordeste,2025,8,0,6,8,8,7,4,2,1,1,0,0,0.5,0.25,0.125,0.125,0.0,0.0,0.875,0.0
24001,1ª REGIAO DE SAUDE - SAO JOSE DE MIPIBU,RN,Nordeste,2007,0,0,0,0,0,0,0,0,0,0,0,0,,,,,,,,
24001,1ª REGIAO DE SAUDE - SAO JOSE DE MIPIBU,RN,Nordeste,2008,1,0,1,1,1,1,0,0,1,0,0,0,0.0,0.0,1.0,0.0,0.0,0.0,1.0,0.0
24001,1ª REGIAO DE SAUDE - SAO JOSE DE MIPIBU,RN,Nordeste,2009,4,0,4,4,4,3,1,2,0,0,1,0,0.25,0.5,0.0,0.0,0.25,0.0,0.75,0.25
24001,1ª REGIAO DE SAUDE - SAO JOSE DE MIPIBU,RN,Nordeste,2010,1,0,1,1,1,1,1,0,0,0,0,0,1.0,0.0,0.0,0.0,0.0,0.0,1.0,0.0
24001,1ª REGIAO DE SAUDE - SAO JOSE DE MIPIBU,RN,Nordeste,2011,1,0,1,1,1,1,0,0,1,0,0,0,0.0,0.0,1.0,0.0,0.0,0.0,1.0,0.0
24001,1ª REGIAO DE SAUDE - SAO JOSE DE MIPIBU,RN,Nordeste,2012,1,1,1,1,1,1,0,0,0,0,1,0,0.0,0.0,0.0,0.0,1.0,0.0,1.0,1.0
24001,1ª REGIAO DE SAUDE - SAO JOSE DE MIPIBU,RN,Nordeste,2013,0,0,0,0,0,0,0,0,0,0,0,0,,,,,,,,
24001,1ª REGIAO DE SAUDE - SAO JOSE DE MIPIBU,RN,Nordeste,2014,0,0,0,0,0,0,0,0,0,0,0,0,,,,,,,,
24001,1ª REGIAO DE SAUDE - SAO JOSE DE MIPIBU,RN,Nordeste,2015,0,0,0,0,0,0,0,0,0,0,0,0,,,,,,,,
24001,1ª REGIAO DE SAUDE - SAO JOSE DE MIPIBU,RN,Nordeste,2016,1,0,1,1,1,1,1,0,0,0,0,0,1.0,0.0,0.0,0.0,0.0,0.0,1.0,0.0
24001,1ª REGIAO DE SAUDE - SAO JOSE DE MIPIBU,RN,Nordeste,2017,2,2,2,2,2,2,0,1,0,0,0,1,0.0,0.5,0.0,0.0,0.0,0.5,1.0,0.5
24001,1ª REGIAO DE SAUDE - SAO JOSE DE MIPIBU,RN,Nordeste,2018,0,0,0,0,0,0,0,0,0,0,0,0,,,,,,,,
24001,1ª REGIAO DE SAUDE - SAO JOSE DE MIPIBU,RN,Nordeste,2019,0,0,0,0,0,0,0,0,0,0,0,0,,,,,,,,
24001,1ª REGIAO DE SAUDE - SAO JOSE DE MIPIBU,RN,Nordeste,2020,1,0,1,1,1,0,0,1,0,0,0,0,0.0,1.0,0.0,0.0,0.0,0.0,0.0,0.0
24001,1ª REGIAO DE SAUDE - SAO JOSE DE MIPIBU,RN,Nordeste,2021,0,0,0,0,0,0,0,0,0,0,0,0,,,,,,,,
24001,1ª REGIAO DE SAUDE - SAO JOSE DE MIPIBU,RN,Nordeste,2022,0,0,0,0,0,0,0,0,0,0,0,0,,,,,,,,
24001,1ª REGIAO DE SAUDE - SAO JOSE DE MIPIBU,RN,Nordeste,2023,1,0,1,1,1,0,0,0,1,0,0,0,0.0,0.0,1.0,0.0,0.0,0.0,0.0,0.0
24001,1ª REGIAO DE SAUDE - SAO JOSE DE MIPIBU,RN,Nordeste,2024,4,0,2,4,4,4,0,0,1,3,0,0,0.0,0.0,0.25,0.75,0.0,0.0,1.0,0.0
24001,1ª REGIAO DE SAUDE - SAO JOSE DE MIPIBU,RN,Nordeste,2025,0,0,0,0,0,0,0,0,0,0,0,0,,,,,,,,
24002,2ª REGIAO DE SAUDE - MOSSORO,RN,Nordeste,2007,1,0,1,1,1,1,0,0,0,0,1,0,0.0,0.0,0.0,0.0,1.0,0.0,1.0,1.0
24002,2ª REGIAO DE SAUDE - MOSSORO,RN,Nordeste,2008,0,0,0,0,0,0,0,0,0,0,0,0,,,,,,,,
24002,2ª REGIAO DE SAUDE - MOSSORO,RN,Nordeste,2009,4,1,4,4,4,4,0,0,0,3,1,0,0.0,0.0,0.0,0.75,0.25,0.0,1.0,0.25
24002,2ª REGIAO DE SAUDE - MOSSORO,RN,Nordeste,2010,3,0,3,3,3,3,0,0,2,1,0,0,0.0,0.0,0.6666666666666666,0.3333333333333333,0.0,0.0,1.0,0.0
24002,2ª REGIAO DE SAUDE - MOSSORO,RN,Nordeste,2011,3,0,3,3,3,3,0,1,1,1,0,0,0.0,0.3333333333333333,0.3333333333333333,0.3333333333333333,0.0,0.0,1.0,0.0
24002,2ª REGIAO DE SAUDE - MOSSORO,RN,Nordeste,2012,1,0,1,1,1,1,0,0,1,0,0,0,0.0,0.0,1.0,0.0,0.0,0.0,1.0,0.0
24002,2ª REGIAO DE SAUDE - MOSSORO,RN,Nordeste,2013,0,0,0,0,0,0,0,0,0,0,0,0,,,,,,,,
24002,2ª REGIAO DE SAUDE - MOSSORO,RN,Nordeste,2014,1,0,1,1,1,1,0,0,0,1,0,0,0.0,0.0,0.0,1.0,0.0,0.0,1.0,0.0
24002,2ª REGIAO DE SAUDE - MOSSORO,RN,Nordeste,2015,0,0,0,0,0,0,0,0,0,0,0,0,,,,,,,,
24002,2ª REGIAO DE SAUDE - MOSSORO,RN,Nordeste,2016,0,0,0,0,0,0,0,0,0,0,0,0,,,,,,,,
24002,2ª REGIAO DE SAUDE - MOSSORO,RN,Nordeste,2017,1,0,1,1,1,1,0,0,1,0,0,0,0.0,0.0,1.0,0.0,0.0,0.0,1.0,0.0
24002,2ª REGIAO DE SAUDE - MOSSORO,RN,Nordeste,2018,2,2,2,2,2,2,0,0,2,0,0,0,0.0,0.0,1.0,0.0,0.0,0.0,1.0,0.0
24002,2ª REGIAO DE SAUDE - MOSSORO,RN,Nordeste,2019,3,2,3,3,3,3,0,1,2,0,0,0,0.0,0.3333333333333333,0.6666666666666666,0.0,0.0,0.0,1.0,0.0
24002,2ª REGIAO DE SAUDE - MOSSORO,RN,Nordeste,2020,1,0,1,1,1,1,0,1,0,0,0,0,0.0,1.0,0.0,0.0,0.0,0.0,1.0,0.0
24002,2ª REGIAO DE SAUDE - MOSSORO,RN,Nordeste,2021,1,0,1,1,1,1,0,0,0,1,0,0,0.0,0.0,0.0,1.0,0.0,0.0,1.0,0.0
24002,2ª REGIAO DE SAUDE - MOSSORO,RN,Nordeste,2022,0,0,0,0,0,0,0,0,0,0,0,0,,,,,,,,
24002,2ª REGIAO DE SAUDE - MOSSORO,RN,Nordeste,2023,0,0,0,0,0,0,0,0,0,0,0,0,,,,,,,,
24002,2ª REGIAO DE SAUDE - MOSSORO,RN,Nordeste,2024,2,0,2,2,2,2,0,0,0,1,1,0,0.0,0.0,0.0,0.5,0.5,0.0,1.0,0.5
24002,2ª REGIAO DE SAUDE - MOSSORO,RN,Nordeste,2025,1,0,1,1,1,1,0,1,0,0,0,0,0.0,1.0,0.0,0.0,0.0,0.0,1.0,0.0
24003,3ª REGIAO DE SAUDE - JOAO CAMARA,RN,Nordeste,2007,0,0,0,0,0,0,0,0,0,0,0,0,,,,,,,,
24003,3ª REGIAO DE SAUDE - JOAO CAMARA,RN,Nordeste,2008,0,0,0,0,0,0,0,0,0,0,0,0,,,,,,,,
24003,3ª REGIAO DE SAUDE - JOAO CAMARA,RN,Nordeste,2009,1,0,1,1,1,1,0,0,1,0,0,0,0.0,0.0,1.0,0.0,0.0,0.0,1.0,0.0
24003,3ª REGIAO DE SAUDE - JOAO CAMARA,RN,Nordeste,2010,0,0,0,0,0,0,0,0,0,0,0,0,,,,,,,,
24003,3ª REGIAO DE SAUDE - JOAO CAMARA,RN,Nordeste,2011,4,0,4,4,4,4,1,0,1,1,1,0,0.25,0.0,0.25,0.25,0.25,0.0,1.0,0.25
24003,3ª REGIAO DE SAUDE - JOAO CAMARA,RN,Nordeste,2012,2,0,2,2,2,1,1,0,0,1,0,0,0.5,0.0,0.0,0.5,0.0,0.0,0.5,0.0
24003,3ª REGIAO DE SAUDE - JOAO CAMARA,RN,Nordeste,2013,0,0,0,0,0,0,0,0,0,0,0,0,,,,,,,,
24003,3ª REGIAO DE SAUDE - JOAO CAMARA,RN,Nordeste,2014,0,0,0,0,0,0,0,0,0,0,0,0,,,,,,,,
24003,3ª REGIAO DE SAUDE - JOAO CAMARA,RN,Nordeste,2015,0,0,0,0,0,0,0,0,0,0,0,0,,,,,,,,
24003,3ª REGIAO DE SAUDE - JOAO CAMARA,RN,Nordeste,2016,0,0,0,0,0,0,0,0,0,0,0,0,,,,,,,,
24003,3ª REGIAO DE SAUDE - JOAO CAMARA,RN,Nordeste,2017,0,0,0,0,0,0,0,0,0,0,0,0,,,,,,,,
24003,3ª REGIAO DE SAUDE - JOAO CAMARA,RN,Nordeste,2018,2,0,2,2,2,0,1,0,1,0,0,0,0.5,0.0,0.5,0.0,0.0,0.0,0.0,0.0
24003,3ª REGIAO DE SAUDE - JOAO CAMARA,RN,Nordeste,2019,2,1,2,2,2,2,0,1,0,0,1,0,0.0,0.5,0.0,0.0,0.5,0.0,1.0,0.5
24003,3ª REGIAO DE SAUDE - JOAO CAMARA,RN,Nordeste,2020,0,0,0,0,0,0,0,0,0,0,0,0,,,,,,,,
24003,3ª REGIAO DE SAUDE - JOAO CAMARA,RN,Nordeste,2021,2,0,1,2,2,2,0,2,0,0,0,0,0.0,1.0,0.0,0.0,0.0,0.0,1.0,0.0
24003,3ª REGIAO DE SAUDE - JOAO CAMARA,RN,Nordeste,2022,2,0,2,2,2,1,0,0,2,0,0,0,0.0,0.0,1.0,0.0,0.0,0.0,0.5,0.0
24003,3ª REGIAO DE SAUDE - JOAO CAMARA,RN,Nordeste,2023,0,0,0,0,0,0,0,0,0,0,0,0,,,,,,,,
24003,3ª REGIAO DE SAUDE - JOAO CAMARA,RN,Nordeste,2024,1,0,0,1,1,0,1,0,0,0,0,0,1.0,0.0,0.0,0.0,0.0,0.0,0.0,0.0
24003,3ª REGIAO DE SAUDE - JOAO CAMARA,RN,Nordeste,2025,2,0,2,2,2,1,0,0,1,0,0,1,0.0,0.0,0.5,0.0,0.0,0.5,0.5,0.5
24004,4ª REGIAO DE SAUDE - CAICO,RN,Nordeste,2007,2,2,2,2,2,2,0,0,2,0,0,0,0.0,0.0,1.0,0.0,0.0,0.0,1.0,0.0
24004,4ª REGIAO DE SAUDE - CAICO,RN,Nordeste,2008,4,0,4,4,4,4,0,1,2,1,0,0,0.0,0.25,0.5,0.25,0.0,0.0,1.0,0.0
24004,4ª REGIAO DE SAUDE - CAICO,RN,Nordeste,2009,1,0,1,1,1,1,0,0,1,0,0,0,0.0,0.0,1.0,0.0,0.0,0.0,1.0,0.0
24004,4ª REGIAO DE SAUDE - CAICO,RN,Nordeste,2010,8,2,7,8,8,8,0,0,1,5,0,2,0.0,0.0,0.125,0.625,0.0,0.25,1.0,0.25
24004,4ª REGIAO DE SAUDE - CAICO,RN,Nordeste,2011,4,1,3,4,4,4,0,0,3,1,0,0,0.0,0.0,0.75,0.25,0.0,0.0,1.0,0.0
24004,4ª REGIAO DE SAUDE - CAICO,RN,Nordeste,2012,4,0,4,4,4,3,1,0,2,1,0,0,0.25,0.0,0.5,0.25,0.0,0.0,0.75,0.0
24004,4ª REGIAO DE SAUDE - CAICO,RN,Nordeste,2013,2,0,2,2,2,1,0,0,1,1,0,0,0.0,0.0,0.5,0.5,0.0,0.0,0.5,0.0
24004,4ª REGIAO DE SAUDE - CAICO,RN,Nordeste,2014,4,0,2,4,4,4,0,0,1,2,1,0,0.0,0.0,0.25,0.5,0.25,0.0,1.0,0.25
24004,4ª REGIAO DE SAUDE - CAICO,RN,Nordeste,2015,14,0,11,14,14,12,0,2,6,3,2,1,0.0,0.14285714285714285,0.42857142857142855,0.21428571428571427,0.14285714285714285,0.07142857142857142,0.8571428571428571,0.21428571428571427
24004,4ª REGIAO DE SAUDE - CAICO,RN,Nordeste,2016,0,0,0,0,0,0,0,0,0,0,0,0,,,,,,,,
24004,4ª REGIAO DE SAUDE - CAICO,RN,Nordeste,2017,0,0,0,0,0,0,0,0,0,0,0,0,,,,,,,,
24004,4ª REGIAO DE SAUDE - CAICO,RN,Nordeste,2018,3,0,2,3,3,3,0,1,0,1,1,0,0.0,0.3333333333333333,0.0,0.3333333333333333,0.3333333333333333,0.0,1.0,0.3333333333333333
24004,4ª REGIAO DE SAUDE - CAICO,RN,Nordeste,2019,1,0,1,1,1,1,1,0,0,0,0,0,1.0,0.0,0.0,0.0,0.0,0.0,1.0,0.0
24004,4ª REGIAO DE SAUDE - CAICO,RN,Nordeste,2020,2,0,2,2,2,2,0,0,1,1,0,0,0.0,0.0,0.5,0.5,0.0,0.0,1.0,0.0
24004,4ª REGIAO DE SAUDE - CAICO,RN,Nordeste,2021,2,0,1,2,2,1,0,0,0,2,0,0,0.0,0.0,0.0,1.0,0.0,0.0,0.5,0.0
24004,4ª REGIAO DE SAUDE - CAICO,RN,Nordeste,2022,5,0,5,5,5,5,0,2,0,3,0,0,0.0,0.4,0.0,0.6,0.0,0.0,1.0,0.0
24004,4ª REGIAO DE SAUDE - CAICO,RN,Nordeste,2023,8,0,5,8,8,8,0,0,2,6,0,0,0.0,0.0,0.25,0.75,0.0,0.0,1.0,0.0
24004,4ª REGIAO DE SAUDE - CAICO,RN,Nordeste,2024,9,0,8,9,9,9,0,2,2,5,0,0,0.0,0.2222222222222222,0.2222222222222222,0.5555555555555556,0.0,0.0,1.0,0.0
24004,4ª REGIAO DE SAUDE - CAICO,RN,Nordeste,2025,3,0,3,3,3,2,0,2,0,1,0,0,0.0,0.6666666666666666,0.0,0.3333333333333333,0.0,0.0,0.6666666666666666,0.0
24005,5ª REGIAO DE SAUDE - SANTA CRUZ,RN,Nordeste,2007,0,0,0,0,0,0,0,0,0,0,0,0,,,,,,,,
24005,5ª REGIAO DE SAUDE - SANTA CRUZ,RN,Nordeste,2008,1,1,1,1,1,1,0,0,0,1,0,0,0.0,0.0,0.0,1.0,0.0,0.0,1.0,0.0
24005,5ª REGIAO DE SAUDE - SANTA CRUZ,RN,Nordeste,2009,1,0,1,1,1,1,0,1,0,0,0,0,0.0,1.0,0.0,0.0,0.0,0.0,1.0,0.0
24005,5ª REGIAO DE SAUDE - SANTA CRUZ,RN,Nordeste,2010,0,0,0,0,0,0,0,0,0,0,0,0,,,,,,,,
24005,5ª REGIAO DE SAUDE - SANTA CRUZ,RN,Nordeste,2011,0,0,0,0,0,0,0,0,0,0,0,0,,,,,,,,
24005,5ª REGIAO DE SAUDE - SANTA CRUZ,RN,Nordeste,2012,1,1,1,1,1,1,0,0,0,1,0,0,0.0,0.0,0.0,1.0,0.0,0.0,1.0,0.0
24005,5ª REGIAO DE SAUDE - SANTA CRUZ,RN,Nordeste,2013,1,0,1,1,1,0,0,1,0,0,0,0,0.0,1.0,0.0,0.0,0.0,0.0,0.0,0.0
24005,5ª REGIAO DE SAUDE - SANTA CRUZ,RN,Nordeste,2014,1,0,1,1,1,1,0,1,0,0,0,0,0.0,1.0,0.0,0.0,0.0,0.0,1.0,0.0
24005,5ª REGIAO DE SAUDE - SANTA CRUZ,RN,Nordeste,2015,0,0,0,0,0,0,0,0,0,0,0,0,,,,,,,,
24005,5ª REGIAO DE SAUDE - SANTA CRUZ,RN,Nordeste,2016,0,0,0,0,0,0,0,0,0,0,0,0,,,,,,,,
24005,5ª REGIAO DE SAUDE - SANTA CRUZ,RN,Nordeste,2017,0,0,0,0,0,0,0,0,0,0,0,0,,,,,,,,
24005,5ª REGIAO DE SAUDE - SANTA CRUZ,RN,Nordeste,2018,0,0,0,0,0,0,0,0,0,0,0,0,,,,,,,,
24005,5ª REGIAO DE SAUDE - SANTA CRUZ,RN,Nordeste,2019,0,0,0,0,0,0,0,0,0,0,0,0,,,,,,,,
24005,5ª REGIAO DE SAUDE - SANTA CRUZ,RN,Nordeste,2020,0,0,0,0,0,0,0,0,0,0,0,0,,,,,,,,
24005,5ª REGIAO DE SAUDE - SANTA CRUZ,RN,Nordeste,2021,0,0,0,0,0,0,0,0,0,0,0,0,,,,,,,,
24005,5ª REGIAO DE SAUDE - SANTA CRUZ,RN,Nordeste,2022,0,0,0,0,0,0,0,0,0,0,0,0,,,,,,,,
24005,5ª REGIAO DE SAUDE - SANTA CRUZ,RN,Nordeste,2023,0,0,0,0,0,0,0,0,0,0,0,0,,,,,,,,
24005,5ª REGIAO DE SAUDE - SANTA CRUZ,RN,Nordeste,2024,1,0,1,1,1,1,0,0,0,1,0,0,0.0,0.0,0.0,1.0,0.0,0.0,1.0,0.0
24005,5ª REGIAO DE SAUDE - SANTA CRUZ,RN,Nordeste,2025,0,0,0,0,0,0,0,0,0,0,0,0,,,,,,,,
24006,6ª REGIAO DE SAUDE - PAU DOS FERROS,RN,Nordeste,2007,0,0,0,0,0,0,0,0,0,0,0,0,,,,,,,,
24006,6ª REGIAO DE SAUDE - PAU DOS FERROS,RN,Nordeste,2008,3,0,2,3,3,3,0,0,3,0,0,0,0.0,0.0,1.0,0.0,0.0,0.0,1.0,0.0
24006,6ª REGIAO DE SAUDE - PAU DOS FERROS,RN,Nordeste,2009,21,0,19,21,21,17,1,7,5,6,2,0,0.047619047619047616,0.3333333333333333,0.23809523809523808,0.2857142857142857,0.09523809523809523,0.0,0.8095238095238095,0.09523809523809523
24006,6ª REGIAO DE SAUDE - PAU DOS FERROS,RN,Nordeste,2010,0,0,0,0,0,0,0,0,0,0,0,0,,,,,,,,
24006,6ª REGIAO DE SAUDE - PAU DOS FERROS,RN,Nordeste,2011,2,0,2,2,2,1,0,1,0,1,0,0,0.0,0.5,0.0,0.5,0.0,0.0,0.5,0.0
24006,6ª REGIAO DE SAUDE - PAU DOS FERROS,RN,Nordeste,2012,0,0,0,0,0,0,0,0,0,0,0,0,,,,,,,,
24006,6ª REGIAO DE SAUDE - PAU DOS FERROS,RN,Nordeste,2013,0,0,0,0,0,0,0,0,0,0,0,0,,,,,,,,
24006,6ª REGIAO DE SAUDE - PAU DOS FERROS,RN,Nordeste,2014,2,0,2,2,2,2,0,0,1,0,1,0,0.0,0.0,0.5,0.0,0.5,0.0,1.0,0.5
24006,6ª REGIAO DE SAUDE - PAU DOS FERROS,RN,Nordeste,2015,0,0,0,0,0,0,0,0,0,0,0,0,,,,,,,,
24006,6ª REGIAO DE SAUDE - PAU DOS FERROS,RN,Nordeste,2016,0,0,0,0,0,0,0,0,0,0,0,0,,,,,,,,
24006,6ª REGIAO DE SAUDE - PAU DOS FERROS,RN,Nordeste,2017,0,0,0,0,0,0,0,0,0,0,0,0,,,,,,,,
24006,6ª REGIAO DE SAUDE - PAU DOS FERROS,RN,Nordeste,2018,0,0,0,0,0,0,0,0,0,0,0,0,,,,,,,,
24006,6ª REGIAO DE SAUDE - PAU DOS FERROS,RN,Nordeste,2019,1,0,0,1,1,0,0,0,1,0,0,0,0.0,0.0,1.0,0.0,0.0,0.0,0.0,0.0
24006,6ª REGIAO DE SAUDE - PAU DOS FERROS,RN,Nordeste,2020,1,0,0,1,1,1,0,0,0,1,0,0,0.0,0.0,0.0,1.0,0.0,0.0,1.0,0.0
24006,6ª REGIAO DE SAUDE - PAU DOS FERROS,RN,Nordeste,2021,1,0,1,1,1,1,0,1,0,0,0,0,0.0,1.0,0.0,0.0,0.0,0.0,1.0,0.0
24006,6ª REGIAO DE SAUDE - PAU DOS FERROS,RN,Nordeste,2022,0,0,0,0,0,0,0,0,0,0,0,0,,,,,,,,
24006,6ª REGIAO DE SAUDE - PAU DOS FERROS,RN,Nordeste,2023,7,0,6,7,7,7,0,0,2,3,0,2,0.0,0.0,0.2857142857142857,0.42857142857142855,0.0,0.2857142857142857,1.0,0.2857142857142857
24006,6ª REGIAO DE SAUDE - PAU DOS FERROS,RN,Nordeste,2024,3,0,3,3,3,2,0,2,0,1,0,0,0.0,0.6666666666666666,0.0,0.3333333333333333,0.0,0.0,0.6666666666666666,0.0
24006,6ª REGIAO DE SAUDE - PAU DOS FERROS,RN,Nordeste,2025,1,0,0,1,1,1,0,0,0,1,0,0,0.0,0.0,0.0,1.0,0.0,0.0,1.0,0.0
24007,7ª REGIAO DE SAUDE - METROPOLITANA,RN,Nordeste,2007,0,0,0,0,0,0,0,0,0,0,0,0,,,,,,,,
24007,7ª REGIAO DE SAUDE - METROPOLITANA,RN,Nordeste,2008,9,1,7,9,9,3,1,3,2,3,0,0,0.1111111111111111,0.3333333333333333,0.2222222222222222,0.3333333333333333,0.0,0.0,0.3333333333333333,0.0
24007,7ª REGIAO DE SAUDE - METROPOLITANA,RN,Nordeste,2009,7,0,5,7,7,6,0,1,2,2,1,1,0.0,0.14285714285714285,0.2857142857142857,0.2857142857142857,0.14285714285714285,0.14285714285714285,0.8571428571428571,0.2857142857142857
24007,7ª REGIAO DE SAUDE - METROPOLITANA,RN,Nordeste,2010,6,1,5,6,6,2,1,3,1,0,0,1,0.16666666666666666,0.5,0.16666666666666666,0.0,0.0,0.16666666666666666,0.3333333333333333,0.16666666666666666
24007,7ª REGIAO DE SAUDE - METROPOLITANA,RN,Nordeste,2011,20,3,14,20,20,15,2,4,4,6,3,1,0.1,0.2,0.2,0.3,0.15,0.05,0.75,0.2
24007,7ª REGIAO DE SAUDE - METROPOLITANA,RN,Nordeste,2012,4,0,3,4,4,3,1,0,3,0,0,0,0.25,0.0,0.75,0.0,0.0,0.0,0.75,0.0
24007,7ª REGIAO DE SAUDE - METROPOLITANA,RN,Nordeste,2013,4,0,4,4,4,4,1,1,1,1,0,0,0.25,0.25,0.25,0.25,0.0,0.0,1.0,0.0
24007,7ª REGIAO DE SAUDE - METROPOLITANA,RN,Nordeste,2014,4,0,4,4,4,4,0,0,3,1,0,0,0.0,0.0,0.75,0.25,0.0,0.0,1.0,0.0
24007,7ª REGIAO DE SAUDE - METROPOLITANA,RN,Nordeste,2015,7,1,6,7,7,5,0,2,3,2,0,0,0.0,0.2857142857142857,0.42857142857142855,0.2857142857142857,0.0,0.0,0.7142857142857143,0.0
24007,7ª REGIAO DE SAUDE - METROPOLITANA,RN,Nordeste,2016,2,1,1,2,2,2,0,2,0,0,0,0,0.0,1.0,0.0,0.0,0.0,0.0,1.0,0.0
24007,7ª REGIAO DE SAUDE - METROPOLITANA,RN,Nordeste,2017,1,0,0,1,1,1,0,0,1,0,0,0,0.0,0.0,1.0,0.0,0.0,0.0,1.0,0.0
24007,7ª REGIAO DE SAUDE - METROPOLITANA,RN,Nordeste,2018,4,1,3,4,4,3,1,0,1,1,1,0,0.25,0.0,0.25,0.25,0.25,0.0,0.75,0.25
24007,7ª REGIAO DE SAUDE - METROPOLITANA,RN,Nordeste,2019,5,3,5,5,5,5,1,2,1,1,0,0,0.2,0.4,0.2,0.2,0.0,0.0,1.0,0.0
24007,7ª REGIAO DE SAUDE - METROPOLITANA,RN,Nordeste,2020,3,0,3,3,3,3,0,0,1,1,1,0,0.0,0.0,0.3333333333333333,0.3333333333333333,0.3333333333333333,0.0,1.0,0.3333333333333333
24007,7ª REGIAO DE SAUDE - METROPOLITANA,RN,Nordeste,2021,5,0,5,5,5,5,0,1,3,0,1,0,0.0,0.2,0.6,0.0,0.2,0.0,1.0,0.2
24007,7ª REGIAO DE SAUDE - METROPOLITANA,RN,Nordeste,2022,3,0,2,3,3,3,1,0,0,2,0,0,0.3333333333333333,0.0,0.0,0.6666666666666666,0.0,0.0,1.0,0.0
24007,7ª REGIAO DE SAUDE - METROPOLITANA,RN,Nordeste,2023,3,1,1,3,3,2,0,1,1,0,0,1,0.0,0.3333333333333333,0.3333333333333333,0.0,0.0,0.3333333333333333,0.6666666666666666,0.3333333333333333
24007,7ª REGIAO DE SAUDE - METROPOLITANA,RN,Nordeste,2024,7,1,6,7,7,5,0,3,1,2,1,0,0.0,0.42857142857142855,0.14285714285714285,0.2857142857142857,0.14285714285714285,0.0,0.7142857142857143,0.14285714285714285
24007,7ª REGIAO DE SAUDE - METROPOLITANA,RN,Nordeste,2025,6,2,3,6,6,5,0,3,1,1,1,0,0.0,0.5,0.16666666666666666,0.16666666666666666,0.16666666666666666,0.0,0.8333333333333334,0.16666666666666666
24008,8ª REGIAO DE SAUDE - ACU,RN,Nordeste,2007,0,0,0,0,0,0,0,0,0,0,0,0,,,,,,,,
24008,8ª REGIAO DE SAUDE - ACU,RN,Nordeste,2008,0,0,0,0,0,0,0,0,0,0,0,0,,,,,,,,
24008,8ª REGIAO DE SAUDE - ACU,RN,Nordeste,2009,1,0,1,1,1,1,0,0,1,0,0,0,0.0,0.0,1.0,0.0,0.0,0.0,1.0,0.0
24008,8ª REGIAO DE SAUDE - ACU,RN,Nordeste,2010,2,0,2,2,2,2,0,0,1,1,0,0,0.0,0.0,0.5,0.5,0.0,0.0,1.0,0.0
24008,8ª REGIAO DE SAUDE - ACU,RN,Nordeste,2011,0,0,0,0,0,0,0,0,0,0,0,0,,,,,,,,
24008,8ª REGIAO DE SAUDE - ACU,RN,Nordeste,2012,0,0,0,0,0,0,0,0,0,0,0,0,,,,,,,,
24008,8ª REGIAO DE SAUDE - ACU,RN,Nordeste,2013,0,0,0,0,0,0,0,0,0,0,0,0,,,,,,,,
24008,8ª REGIAO DE SAUDE - ACU,RN,Nordeste,2014,2,0,1,2,2,2,0,2,0,0,0,0,0.0,1.0,0.0,0.0,0.0,0.0,1.0,0.0
24008,8ª REGIAO DE SAUDE - ACU,RN,Nordeste,2015,0,0,0,0,0,0,0,0,0,0,0,0,,,,,,,,
24008,8ª REGIAO DE SAUDE - ACU,RN,Nordeste,2016,1,0,0,1,1,1,0,1,0,0,0,0,0.0,1.0,0.0,0.0,0.0,0.0,1.0,0.0
24008,8ª REGIAO DE SAUDE - ACU,RN,Nordeste,2017,0,0,0,0,0,0,0,0,0,0,0,0,,,,,,,,
24008,8ª REGIAO DE SAUDE - ACU,RN,Nordeste,2018,2,0,2,2,2,1,0,0,1,1,0,0,0.0,0.0,0.5,0.5,0.0,0.0,0.5,0.0
24008,8ª REGIAO DE SAUDE - ACU,RN,Nordeste,2019,0,0,0,0,0,0,0,0,0,0,0,0,,,,,,,,
24008,8ª REGIAO DE SAUDE - ACU,RN,Nordeste,2020,0,0,0,0,0,0,0,0,0,0,0,0,,,,,,,,
24008,8ª REGIAO DE SAUDE - ACU,RN,Nordeste,2021,0,0,0,0,0,0,0,0,0,0,0,0,,,,,,,,
24008,8ª REGIAO DE SAUDE - ACU,RN,Nordeste,2022,0,0,0,0,0,0,0,0,0,0,0,0,,,,,,,,
24008,8ª REGIAO DE SAUDE - ACU,RN,Nordeste,2023,1,0,0,1,1,1,0,0,0,1,0,0,0.0,0.0,0.0,1.0,0.0,0.0,1.0,0.0
24008,8ª REGIAO DE SAUDE - ACU,RN,Nordeste,2024,0,0,0,0,0,0,0,0,0,0,0,0,,,,,,,,
24008,8ª REGIAO DE SAUDE - ACU,RN,Nordeste,2025,0,0,0,0,0,0,0,0,0,0,0,0,,,,,,,,
25001,1ª REGIAO MATA ATLANTICA,PB,Nordeste,2007,10,2,10,10,10,9,1,3,2,3,1,0,0.1,0.3,0.2,0.3,0.1,0.0,0.9,0.1
25001,1ª REGIAO MATA ATLANTICA,PB,Nordeste,2008,3,1,3,3,3,3,0,0,3,0,0,0,0.0,0.0,1.0,0.0,0.0,0.0,1.0,0.0
25001,1ª REGIAO MATA ATLANTICA,PB,Nordeste,2009,6,2,6,6,6,6,0,5,0,0,1,0,0.0,0.8333333333333334,0.0,0.0,0.16666666666666666,0.0,1.0,0.16666666666666666
25001,1ª REGIAO MATA ATLANTICA,PB,Nordeste,2010,6,1,6,6,6,6,0,2,1,1,2,0,0.0,0.3333333333333333,0.16666666666666666,0.16666666666666666,0.3333333333333333,0.0,1.0,0.3333333333333333
25001,1ª REGIAO MATA ATLANTICA,PB,Nordeste,2011,24,6,23,24,24,21,2,8,5,6,2,1,0.08333333333333333,0.3333333333333333,0.20833333333333334,0.25,0.08333333333333333,0.041666666666666664,0.875,0.125
25001,1ª REGIAO MATA ATLANTICA,PB,Nordeste,2012,13,3,12,13,13,10,0,5,3,2,2,1,0.0,0.38461538461538464,0.23076923076923078,0.15384615384615385,0.15384615384615385,0.07692307692307693,0.7692307692307693,0.23076923076923078
25001,1ª REGIAO MATA ATLANTICA,PB,Nordeste,2013,13,3,13,13,13,10,1,1,4,6,0,1,0.07692307692307693,0.07692307692307693,0.3076923076923077,0.46153846153846156,0.0,0.07692307692307693,0.7692307692307693,0.07692307692307693
25001,1ª REGIAO MATA ATLANTICA,PB,Nordeste,2014,8,1,7,8,8,2,0,1,4,1,1,1,0.0,0.125,0.5,0.125,0.125,0.125,0.25,0.25
25001,1ª REGIAO MATA ATLANTICA,PB,Nordeste,2015,3,1,3,3,3,3,0,3,0,0,0,0,0.0,1.0,0.0,0.0,0.0,0.0,1.0,0.0
25001,1ª REGIAO MATA ATLANTICA,PB,Nordeste,2016,3,1,3,3,3,3,0,1,2,0,0,0,0.0,0.3333333333333333,0.6666666666666666,0.0,0.0,0.0,1.0,0.0
25001,1ª REGIAO MATA ATLANTICA,PB,Nordeste,2017,11,3,10,11,11,8,0,6,3,2,0,0,0.0,0.5454545454545454,0.2727272727272727,0.18181818181818182,0.0,0.0,0.7272727272727273,0.0
25001,1ª REGIAO MATA ATLANTICA,PB,Nordeste,2018,13,1,13,13,13,10,0,7,3,2,1,0,0.0,0.5384615384615384,0.23076923076923078,0.15384615384615385,0.07692307692307693,0.0,0.7692307692307693,0.07692307692307693
25001,1ª REGIAO MATA ATLANTICA,PB,Nordeste,2019,10,0,8,10,10,6,1,2,4,3,0,0,0.1,0.2,0.4,0.3,0.0,0.0,0.6,0.0
25001,1ª REGIAO MATA ATLANTICA,PB,Nordeste,2020,10,0,9,10,10,9,1,3,3,3,0,0,0.1,0.3,0.3,0.3,0.0,0.0,0.9,0.0
25001,1ª REGIAO MATA ATLANTICA,PB,Nordeste,2021,6,1,6,6,6,3,0,2,1,2,1,0,0.0,0.3333333333333333,0.16666666666666666,0.3333333333333333,0.16666666666666666,0.0,0.5,0.16666666666666666
25001,1ª REGIAO MATA ATLANTICA,PB,Nordeste,2022,15,2,15,15,15,13,1,5,4,5,0,0,0.06666666666666667,0.3333333333333333,0.26666666666666666,0.3333333333333333,0.0,0.0,0.8666666666666667,0.0
25001,1ª REGIAO MATA ATLANTICA,PB,Nordeste,2023,14,1,14,14,14,11,2,3,4,2,2,1,0.14285714285714285,0.21428571428571427,0.2857142857142857,0.14285714285714285,0.14285714285714285,0.07142857142857142,0.7857142857142857,0.21428571428571427
25001,1ª REGIAO MATA ATLANTICA,PB,Nordeste,2024,20,5,16,20,20,17,0,3,7,10,0,0,0.0,0.15,0.35,0.5,0.0,0.0,0.85,0.0
25001,1ª REGIAO MATA ATLANTICA,PB,Nordeste,2025,82,0,75,82,82,40,7,27,21,18,6,3,0.08536585365853659,0.32926829268292684,0.25609756097560976,0.21951219512195122,0.07317073170731707,0.036585365853658534,0.4878048780487805,0.1097560975609756
25002,2ª REGIAO,PB,Nordeste,2007,1,1,1,1,1,1,0,1,0,0,0,0,0.0,1.0,0.0,0.0,0.0,0.0,1.0,0.0
25002,2ª REGIAO,PB,Nordeste,2008,1,1,1,1,1,0,0,0,0,1,0,0,0.0,0.0,0.0,1.0,0.0,0.0,0.0,0.0
25002,2ª REGIAO,PB,Nordeste,2009,0,0,0,0,0,0,0,0,0,0,0,0,,,,,,,,
25002,2ª REGIAO,PB,Nordeste,2010,0,0,0,0,0,0,0,0,0,0,0,0,,,,,,,,
25002,2ª REGIAO,PB,Nordeste,2011,1,0,1,1,1,1,0,0,0,0,1,0,0.0,0.0,0.0,0.0,1.0,0.0,1.0,1.0
25002,2ª REGIAO,PB,Nordeste,2012,2,1,1,2,2,1,0,1,0,1,0,0,0.0,0.5,0.0,0.5,0.0,0.0,0.5,0.0
25002,2ª REGIAO,PB,Nordeste,2013,0,0,0,0,0,0,0,0,0,0,0,0,,,,,,,,
25002,2ª REGIAO,PB,Nordeste,2014,1,0,1,1,1,1,0,0,0,1,0,0,0.0,0.0,0.0,1.0,0.0,0.0,1.0,0.0
25002,2ª REGIAO,PB,Nordeste,2015,0,0,0,0,0,0,0,0,0,0,0,0,,,,,,,,
25002,2ª REGIAO,PB,Nordeste,2016,0,0,0,0,0,0,0,0,0,0,0,0,,,,,,,,
25002,2ª REGIAO,PB,Nordeste,2017,0,0,0,0,0,0,0,0,0,0,0,0,,,,,,,,
25002,2ª REGIAO,PB,Nordeste,2018,0,0,0,0,0,0,0,0,0,0,0,0,,,,,,,,
25002,2ª REGIAO,PB,Nordeste,2019,0,0,0,0,0,0,0,0,0,0,0,0,,,,,,,,
25002,2ª REGIAO,PB,Nordeste,2020,1,0,0,1,1,1,0,0,1,0,0,0,0.0,0.0,1.0,0.0,0.0,0.0,1.0,0.0
25002,2ª REGIAO,PB,Nordeste,2021,0,0,0,0,0,0,0,0,0,0,0,0,,,,,,,,
25002,2ª REGIAO,PB,Nordeste,2022,0,0,0,0,0,0,0,0,0,0,0,0,,,,,,,,
25002,2ª REGIAO,PB,Nordeste,2023,0,0,0,0,0,0,0,0,0,0,0,0,,,,,,,,
25002,2ª REGIAO,PB,Nordeste,2024,0,0,0,0,0,0,0,0,0,0,0,0,,,,,,,,
25002,2ª REGIAO,PB,Nordeste,2025,0,0,0,0,0,0,0,0,0,0,0,0,,,,,,,,
25003,3ª REGIAO,PB,Nordeste,2007,0,0,0,0,0,0,0,0,0,0,0,0,,,,,,,,
25003,3ª REGIAO,PB,Nordeste,2008,0,0,0,0,0,0,0,0,0,0,0,0,,,,,,,,
25003,3ª REGIAO,PB,Nordeste,2009,0,0,0,0,0,0,0,0,0,0,0,0,,,,,,,,
25003,3ª REGIAO,PB,Nordeste,2010,0,0,0,0,0,0,0,0,0,0,0,0,,,,,,,,
25003,3ª REGIAO,PB,Nordeste,2011,0,0,0,0,0,0,0,0,0,0,0,0,,,,,,,,
25003,3ª REGIAO,PB,Nordeste,2012,0,0,0,0,0,0,0,0,0,0,0,0,,,,,,,,
25003,3ª REGIAO,PB,Nordeste,2013,1,0,1,1,1,1,0,0,0,0,0,1,0.0,0.0,0.0,0.0,0.0,1.0,1.0,1.0
25003,3ª REGIAO,PB,Nordeste,2014,0,0,0,0,0,0,0,0,0,0,0,0,,,,,,,,
25003,3ª REGIAO,PB,Nordeste,2015,1,0,0,1,1,0,1,0,0,0,0,0,1.0,0.0,0.0,0.0,0.0,0.0,0.0,0.0
25003,3ª REGIAO,PB,Nordeste,2016,0,0,0,0,0,0,0,0,0,0,0,0,,,,,,,,
25003,3ª REGIAO,PB,Nordeste,2017,0,0,0,0,0,0,0,0,0,0,0,0,,,,,,,,
25003,3ª REGIAO,PB,Nordeste,2018,0,0,0,0,0,0,0,0,0,0,0,0,,,,,,,,
25003,3ª REGIAO,PB,Nordeste,2019,0,0,0,0,0,0,0,0,0,0,0,0,,,,,,,,
25003,3ª REGIAO,PB,Nordeste,2020,1,0,0,1,1,0,0,0,0,0,0,1,0.0,0.0,0.0,0.0,0.0,1.0,0.0,1.0
25003,3ª REGIAO,PB,Nordeste,2021,0,0,0,0,0,0,0,0,0,0,0,0,,,,,,,,
25003,3ª REGIAO,PB,Nordeste,2022,0,0,0,0,0,0,0,0,0,0,0,0,,,,,,,,
25003,3ª REGIAO,PB,Nordeste,2023,0,0,0,0,0,0,0,0,0,0,0,0,,,,,,,,
25003,3ª REGIAO,PB,Nordeste,2024,0,0,0,0,0,0,0,0,0,0,0,0,,,,,,,,
25003,3ª REGIAO,PB,Nordeste,2025,1,1,1,1,1,0,0,0,0,0,1,0,0.0,0.0,0.0,0.0,1.0,0.0,0.0,1.0
25004,4ª REGIAO,PB,Nordeste,2007,0,0,0,0,0,0,0,0,0,0,0,0,,,,,,,,
25004,4ª REGIAO,PB,Nordeste,2008,2,0,2,2,2,0,0,0,2,0,0,0,0.0,0.0,1.0,0.0,0.0,0.0,0.0,0.0
25004,4ª REGIAO,PB,Nordeste,2009,1,0,1,1,1,1,0,0,0,1,0,0,0.0,0.0,0.0,1.0,0.0,0.0,1.0,0.0
25004,4ª REGIAO,PB,Nordeste,2010,0,0,0,0,0,0,0,0,0,0,0,0,,,,,,,,
25004,4ª REGIAO,PB,Nordeste,2011,0,0,0,0,0,0,0,0,0,0,0,0,,,,,,,,
25004,4ª REGIAO,PB,Nordeste,2012,1,0,1,1,1,1,0,0,0,1,0,0,0.0,0.0,0.0,1.0,0.0,0.0,1.0,0.0
25004,4ª REGIAO,PB,Nordeste,2013,0,0,0,0,0,0,0,0,0,0,0,0,,,,,,,,
25004,4ª REGIAO,PB,Nordeste,2014,2,0,2,2,2,2,1,0,1,0,0,0,0.5,0.0,0.5,0.0,0.0,0.0,1.0,0.0
25004,4ª REGIAO,PB,Nordeste,2015,0,0,0,0,0,0,0,0,0,0,0,0,,,,,,,,
25004,4ª REGIAO,PB,Nordeste,2016,0,0,0,0,0,0,0,0,0,0,0,0,,,,,,,,
25004,4ª REGIAO,PB,Nordeste,2017,0,0,0,0,0,0,0,0,0,0,0,0,,,,,,,,
25004,4ª REGIAO,PB,Nordeste,2018,0,0,0,0,0,0,0,0,0,0,0,0,,,,,,,,
25004,4ª REGIAO,PB,Nordeste,2019,0,0,0,0,0,0,0,0,0,0,0,0,,,,,,,,
25004,4ª REGIAO,PB,Nordeste,2020,0,0,0,0,0,0,0,0,0,0,0,0,,,,,,,,
25004,4ª REGIAO,PB,Nordeste,2021,0,0,0,0,0,0,0,0,0,0,0,0,,,,,,,,
25004,4ª REGIAO,PB,Nordeste,2022,0,0,0,0,0,0,0,0,0,0,0,0,,,,,,,,
25004,4ª REGIAO,PB,Nordeste,2023,0,0,0,0,0,0,0,0,0,0,0,0,,,,,,,,
25004,4ª REGIAO,PB,Nordeste,2024,0,0,0,0,0,0,0,0,0,0,0,0,,,,,,,,
25004,4ª REGIAO,PB,Nordeste,2025,1,0,0,1,1,1,0,0,1,0,0,0,0.0,0.0,1.0,0.0,0.0,0.0,1.0,0.0
25005,5ª REGIAO,PB,Nordeste,2007,0,0,0,0,0,0,0,0,0,0,0,0,,,,,,,,
25005,5ª REGIAO,PB,Nordeste,2008,0,0,0,0,0,0,0,0,0,0,0,0,,,,,,,,
25005,5ª REGIAO,PB,Nordeste,2009,0,0,0,0,0,0,0,0,0,0,0,0,,,,,,,,
25005,5ª REGIAO,PB,Nordeste,2010,0,0,0,0,0,0,0,0,0,0,0,0,,,,,,,,
25005,5ª REGIAO,PB,Nordeste,2011,0,0,0,0,0,0,0,0,0,0,0,0,,,,,,,,
25005,5ª REGIAO,PB,Nordeste,2012,0,0,0,0,0,0,0,0,0,0,0,0,,,,,,,,
25005,5ª REGIAO,PB,Nordeste,2013,0,0,0,0,0,0,0,0,0,0,0,0,,,,,,,,
25005,5ª REGIAO,PB,Nordeste,2014,0,0,0,0,0,0,0,0,0,0,0,0,,,,,,,,
25005,5ª REGIAO,PB,Nordeste,2015,0,0,0,0,0,0,0,0,0,0,0,0,,,,,,,,
25005,5ª REGIAO,PB,Nordeste,2016,1,0,1,1,1,0,0,1,0,0,0,0,0.0,1.0,0.0,0.0,0.0,0.0,0.0,0.0
25005,5ª REGIAO,PB,Nordeste,2017,0,0,0,0,0,0,0,0,0,0,0,0,,,,,,,,
25005,5ª REGIAO,PB,Nordeste,2018,0,0,0,0,0,0,0,0,0,0,0,0,,,,,,,,
25005,5ª REGIAO,PB,Nordeste,2019,0,0,0,0,0,0,0,0,0,0,0,0,,,,,,,,
25005,5ª REGIAO,PB,Nordeste,2020,0,0,0,0,0,0,0,0,0,0,0,0,,,,,,,,
25005,5ª REGIAO,PB,Nordeste,2021,0,0,0,0,0,0,0,0,0,0,0,0,,,,,,,,
25005,5ª REGIAO,PB,Nordeste,2022,0,0,0,0,0,0,0,0,0,0,0,0,,,,,,,,
25005,5ª REGIAO,PB,Nordeste,2023,0,0,0,0,0,0,0,0,0,0,0,0,,,,,,,,
25005,5ª REGIAO,PB,Nordeste,2024,0,0,0,0,0,0,0,0,0,0,0,0,,,,,,,,
25005,5ª REGIAO,PB,Nordeste,2025,0,0,0,0,0,0,0,0,0,0,0,0,,,,,,,,
25006,6ª REGIAO,PB,Nordeste,2007,0,0,0,0,0,0,0,0,0,0,0,0,,,,,,,,
25006,6ª REGIAO,PB,Nordeste,2008,1,0,1,1,1,1,0,0,1,0,0,0,0.0,0.0,1.0,0.0,0.0,0.0,1.0,0.0
25006,6ª REGIAO,PB,Nordeste,2009,0,0,0,0,0,0,0,0,0,0,0,0,,,,,,,,
25006,6ª REGIAO,PB,Nordeste,2010,0,0,0,0,0,0,0,0,0,0,0,0,,,,,,,,
25006,6ª REGIAO,PB,Nordeste,2011,0,0,0,0,0,0,0,0,0,0,0,0,,,,,,,,
25006,6ª REGIAO,PB,Nordeste,2012,0,0,0,0,0,0,0,0,0,0,0,0,,,,,,,,
25006,6ª REGIAO,PB,Nordeste,2013,0,0,0,0,0,0,0,0,0,0,0,0,,,,,,,,
25006,6ª REGIAO,PB,Nordeste,2014,0,0,0,0,0,0,0,0,0,0,0,0,,,,,,,,
25006,6ª REGIAO,PB,Nordeste,2015,0,0,0,0,0,0,0,0,0,0,0,0,,,,,,,,
25006,6ª REGIAO,PB,Nordeste,2016,0,0,0,0,0,0,0,0,0,0,0,0,,,,,,,,
25006,6ª REGIAO,PB,Nordeste,2017,0,0,0,0,0,0,0,0,0,0,0,0,,,,,,,,
25006,6ª REGIAO,PB,Nordeste,2018,0,0,0,0,0,0,0,0,0,0,0,0,,,,,,,,
25006,6ª REGIAO,PB,Nordeste,2019,0,0,0,0,0,0,0,0,0,0,0,0,,,,,,,,
25006,6ª REGIAO,PB,Nordeste,2020,1,0,1,1,1,0,0,1,0,0,0,0,0.0,1.0,0.0,0.0,0.0,0.0,0.0,0.0
25006,6ª REGIAO,PB,Nordeste,2021,0,0,0,0,0,0,0,0,0,0,0,0,,,,,,,,
25006,6ª REGIAO,PB,Nordeste,2022,0,0,0,0,0,0,0,0,0,0,0,0,,,,,,,,
25006,6ª REGIAO,PB,Nordeste,2023,0,0,0,0,0,0,0,0,0,0,0,0,,,,,,,,
25006,6ª REGIAO,PB,Nordeste,2024,0,0,0,0,0,0,0,0,0,0,0,0,,,,,,,,
25006,6ª REGIAO,PB,Nordeste,2025,0,0,0,0,0,0,0,0,0,0,0,0,,,,,,,,
25007,7ª REGIAO,PB,Nordeste,2007,0,0,0,0,0,0,0,0,0,0,0,0,,,,,,,,
25007,7ª REGIAO,PB,Nordeste,2008,1,1,1,1,1,1,0,0,1,0,0,0,0.0,0.0,1.0,0.0,0.0,0.0,1.0,0.0
25007,7ª REGIAO,PB,Nordeste,2009,1,0,1,1,1,1,0,0,1,0,0,0,0.0,0.0,1.0,0.0,0.0,0.0,1.0,0.0
25007,7ª REGIAO,PB,Nordeste,2010,0,0,0,0,0,0,0,0,0,0,0,0,,,,,,,,
25007,7ª REGIAO,PB,Nordeste,2011,0,0,0,0,0,0,0,0,0,0,0,0,,,,,,,,
25007,7ª REGIAO,PB,Nordeste,2012,0,0,0,0,0,0,0,0,0,0,0,0,,,,,,,,
25007,7ª REGIAO,PB,Nordeste,2013,0,0,0,0,0,0,0,0,0,0,0,0,,,,,,,,
25007,7ª REGIAO,PB,Nordeste,2014,0,0,0,0,0,0,0,0,0,0,0,0,,,,,,,,
25007,7ª REGIAO,PB,Nordeste,2015,0,0,0,0,0,0,0,0,0,0,0,0,,,,,,,,
25007,7ª REGIAO,PB,Nordeste,2016,0,0,0,0,0,0,0,0,0,0,0,0,,,,,,,,
25007,7ª REGIAO,PB,Nordeste,2017,0,0,0,0,0,0,0,0,0,0,0,0,,,,,,,,
25007,7ª REGIAO,PB,Nordeste,2018,0,0,0,0,0,0,0,0,0,0,0,0,,,,,,,,
25007,7ª REGIAO,PB,Nordeste,2019,0,0,0,0,0,0,0,0,0,0,0,0,,,,,,,,
25007,7ª REGIAO,PB,Nordeste,2020,0,0,0,0,0,0,0,0,0,0,0,0,,,,,,,,
25007,7ª REGIAO,PB,Nordeste,2021,0,0,0,0,0,0,0,0,0,0,0,0,,,,,,,,
25007,7ª REGIAO,PB,Nordeste,2022,0,0,0,0,0,0,0,0,0,0,0,0,,,,,,,,
25007,7ª REGIAO,PB,Nordeste,2023,0,0,0,0,0,0,0,0,0,0,0,0,,,,,,,,
25007,7ª REGIAO,PB,Nordeste,2024,0,0,0,0,0,0,0,0,0,0,0,0,,,,,,,,
25007,7ª REGIAO,PB,Nordeste,2025,0,0,0,0,0,0,0,0,0,0,0,0,,,,,,,,
25008,8ª REGIAO,PB,Nordeste,2007,0,0,0,0,0,0,0,0,0,0,0,0,,,,,,,,
25008,8ª REGIAO,PB,Nordeste,2008,0,0,0,0,0,0,0,0,0,0,0,0,,,,,,,,
25008,8ª REGIAO,PB,Nordeste,2009,2,0,2,2,2,2,0,0,1,0,1,0,0.0,0.0,0.5,0.0,0.5,0.0,1.0,0.5
25008,8ª REGIAO,PB,Nordeste,2010,1,0,0,1,1,1,0,0,1,0,0,0,0.0,0.0,1.0,0.0,0.0,0.0,1.0,0.0
25008,8ª REGIAO,PB,Nordeste,2011,0,0,0,0,0,0,0,0,0,0,0,0,,,,,,,,
25008,8ª REGIAO,PB,Nordeste,2012,0,0,0,0,0,0,0,0,0,0,0,0,,,,,,,,
25008,8ª REGIAO,PB,Nordeste,2013,1,0,1,1,1,1,0,0,0,1,0,0,0.0,0.0,0.0,1.0,0.0,0.0,1.0,0.0
25008,8ª REGIAO,PB,Nordeste,2014,0,0,0,0,0,0,0,0,0,0,0,0,,,,,,,,
25008,8ª REGIAO,PB,Nordeste,2015,0,0,0,0,0,0,0,0,0,0,0,0,,,,,,,,
25008,8ª REGIAO,PB,Nordeste,2016,0,0,0,0,0,0,0,0,0,0,0,0,,,,,,,,
25008,8ª REGIAO,PB,Nordeste,2017,0,0,0,0,0,0,0,0,0,0,0,0,,,,,,,,
25008,8ª REGIAO,PB,Nordeste,2018,0,0,0,0,0,0,0,0,0,0,0,0,,,,,,,,
25008,8ª REGIAO,PB,Nordeste,2019,1,0,0,1,1,1,0,1,0,0,0,0,0.0,1.0,0.0,0.0,0.0,0.0,1.0,0.0
25008,8ª REGIAO,PB,Nordeste,2020,1,0,1,1,1,0,0,1,0,0,0,0,0.0,1.0,0.0,0.0,0.0,0.0,0.0,0.0
25008,8ª REGIAO,PB,Nordeste,2021,0,0,0,0,0,0,0,0,0,0,0,0,,,,,,,,
25008,8ª REGIAO,PB,Nordeste,2022,0,0,0,0,0,0,0,0,0,0,0,0,,,,,,,,
25008,8ª REGIAO,PB,Nordeste,2023,2,0,1,2,2,2,0,0,1,1,0,0,0.0,0.0,0.5,0.5,0.0,0.0,1.0,0.0
25008,8ª REGIAO,PB,Nordeste,2024,0,0,0,0,0,0,0,0,0,0,0,0,,,,,,,,
25008,8ª REGIAO,PB,Nordeste,2025,2,0,1,2,2,2,0,0,1,1,0,0,0.0,0.0,0.5,0.5,0.0,0.0,1.0,0.0
25009,9ª REGIAO,PB,Nordeste,2007,0,0,0,0,0,0,0,0,0,0,0,0,,,,,,,,
25009,9ª REGIAO,PB,Nordeste,2008,0,0,0,0,0,0,0,0,0,0,0,0,,,,,,,,
25009,9ª REGIAO,PB,Nordeste,2009,2,0,0,2,2,2,0,0,1,0,1,0,0.0,0.0,0.5,0.0,0.5,0.0,1.0,0.5
25009,9ª REGIAO,PB,Nordeste,2010,0,0,0,0,0,0,0,0,0,0,0,0,,,,,,,,
25009,9ª REGIAO,PB,Nordeste,2011,0,0,0,0,0,0,0,0,0,0,0,0,,,,,,,,
25009,9ª REGIAO,PB,Nordeste,2012,0,0,0,0,0,0,0,0,0,0,0,0,,,,,,,,
25009,9ª REGIAO,PB,Nordeste,2013,0,0,0,0,0,0,0,0,0,0,0,0,,,,,,,,
25009,9ª REGIAO,PB,Nordeste,2014,1,0,1,1,1,1,0,0,0,0,0,1,0.0,0.0,0.0,0.0,0.0,1.0,1.0,1.0
25009,9ª REGIAO,PB,Nordeste,2015,0,0,0,0,0,0,0,0,0,0,0,0,,,,,,,,
25009,9ª REGIAO,PB,Nordeste,2016,0,0,0,0,0,0,0,0,0,0,0,0,,,,,,,,
25009,9ª REGIAO,PB,Nordeste,2017,0,0,0,0,0,0,0,0,0,0,0,0,,,,,,,,
25009,9ª REGIAO,PB,Nordeste,2018,0,0,0,0,0,0,0,0,0,0,0,0,,,,,,,,
25009,9ª REGIAO,PB,Nordeste,2019,0,0,0,0,0,0,0,0,0,0,0,0,,,,,,,,
25009,9ª REGIAO,PB,Nordeste,2020,0,0,0,0,0,0,0,0,0,0,0,0,,,,,,,,
25009,9ª REGIAO,PB,Nordeste,2021,1,0,1,1,1,1,0,1,0,0,0,0,0.0,1.0,0.0,0.0,0.0,0.0,1.0,0.0
25009,9ª REGIAO,PB,Nordeste,2022,1,0,1,1,1,1,0,0,0,1,0,0,0.0,0.0,0.0,1.0,0.0,0.0,1.0,0.0
25009,9ª REGIAO,PB,Nordeste,2023,1,0,1,1,1,1,1,0,0,0,0,0,1.0,0.0,0.0,0.0,0.0,0.0,1.0,0.0
25009,9ª REGIAO,PB,Nordeste,2024,0,0,0,0,0,0,0,0,0,0,0,0,,,,,,,,
25009,9ª REGIAO,PB,Nordeste,2025,0,0,0,0,0,0,0,0,0,0,0,0,,,,,,,,
25010,10ª REGIAO,PB,Nordeste,2007,0,0,0,0,0,0,0,0,0,0,0,0,,,,,,,,
25010,10ª REGIAO,PB,Nordeste,2008,0,0,0,0,0,0,0,0,0,0,0,0,,,,,,,,
25010,10ª REGIAO,PB,Nordeste,2009,0,0,0,0,0,0,0,0,0,0,0,0,,,,,,,,
25010,10ª REGIAO,PB,Nordeste,2010,0,0,0,0,0,0,0,0,0,0,0,0,,,,,,,,
25010,10ª REGIAO,PB,Nordeste,2011,1,0,1,1,1,0,0,1,0,0,0,0,0.0,1.0,0.0,0.0,0.0,0.0,0.0,0.0
25010,10ª REGIAO,PB,Nordeste,2012,0,0,0,0,0,0,0,0,0,0,0,0,,,,,,,,
25010,10ª REGIAO,PB,Nordeste,2013,1,0,1,1,1,1,0,0,0,1,0,0,0.0,0.0,0.0,1.0,0.0,0.0,1.0,0.0
25010,10ª REGIAO,PB,Nordeste,2014,0,0,0,0,0,0,0,0,0,0,0,0,,,,,,,,
25010,10ª REGIAO,PB,Nordeste,2015,0,0,0,0,0,0,0,0,0,0,0,0,,,,,,,,
25010,10ª REGIAO,PB,Nordeste,2016,0,0,0,0,0,0,0,0,0,0,0,0,,,,,,,,
25010,10ª REGIAO,PB,Nordeste,2017,0,0,0,0,0,0,0,0,0,0,0,0,,,,,,,,
25010,10ª REGIAO,PB,Nordeste,2018,2,0,2,2,2,1,0,0,1,1,0,0,0.0,0.0,0.5,0.5,0.0,0.0,0.5,0.0
25010,10ª REGIAO,PB,Nordeste,2019,1,0,1,1,1,1,0,0,0,1,0,0,0.0,0.0,0.0,1.0,0.0,0.0,1.0,0.0
25010,10ª REGIAO,PB,Nordeste,2020,0,0,0,0,0,0,0,0,0,0,0,0,,,,,,,,
25010,10ª REGIAO,PB,Nordeste,2021,0,0,0,0,0,0,0,0,0,0,0,0,,,,,,,,
25010,10ª REGIAO,PB,Nordeste,2022,0,0,0,0,0,0,0,0,0,0,0,0,,,,,,,,
25010,10ª REGIAO,PB,Nordeste,2023,1,0,1,1,1,0,0,0,1,0,0,0,0.0,0.0,1.0,0.0,0.0,0.0,0.0,0.0
25010,10ª REGIAO,PB,Nordeste,2024,2,0,2,2,2,1,1,0,0,1,0,0,0.5,0.0,0.0,0.5,0.0,0.0,0.5,0.0
25010,10ª REGIAO,PB,Nordeste,2025,0,0,0,0,0,0,0,0,0,0,0,0,,,,,,,,
25011,11ª REGIAO,PB,Nordeste,2007,0,0,0,0,0,0,0,0,0,0,0,0,,,,,,,,
25011,11ª REGIAO,PB,Nordeste,2008,0,0,0,0,0,0,0,0,0,0,0,0,,,,,,,,
25011,11ª REGIAO,PB,Nordeste,2009,0,0,0,0,0,0,0,0,0,0,0,0,,,,,,,,
25011,11ª REGIAO,PB,Nordeste,2010,0,0,0,0,0,0,0,0,0,0,0,0,,,,,,,,
25011,11ª REGIAO,PB,Nordeste,2011,0,0,0,0,0,0,0,0,0,0,0,0,,,,,,,,
25011,11ª REGIAO,PB,Nordeste,2012,0,0,0,0,0,0,0,0,0,0,0,0,,,,,,,,
25011,11ª REGIAO,PB,Nordeste,2013,0,0,0,0,0,0,0,0,0,0,0,0,,,,,,,,
25011,11ª REGIAO,PB,Nordeste,2014,0,0,0,0,0,0,0,0,0,0,0,0,,,,,,,,
25011,11ª REGIAO,PB,Nordeste,2015,0,0,0,0,0,0,0,0,0,0,0,0,,,,,,,,
25011,11ª REGIAO,PB,Nordeste,2016,0,0,0,0,0,0,0,0,0,0,0,0,,,,,,,,
25011,11ª REGIAO,PB,Nordeste,2017,0,0,0,0,0,0,0,0,0,0,0,0,,,,,,,,
25011,11ª REGIAO,PB,Nordeste,2018,0,0,0,0,0,0,0,0,0,0,0,0,,,,,,,,
25011,11ª REGIAO,PB,Nordeste,2019,0,0,0,0,0,0,0,0,0,0,0,0,,,,,,,,
25011,11ª REGIAO,PB,Nordeste,2020,0,0,0,0,0,0,0,0,0,0,0,0,,,,,,,,
25011,11ª REGIAO,PB,Nordeste,2021,0,0,0,0,0,0,0,0,0,0,0,0,,,,,,,,
25011,11ª REGIAO,PB,Nordeste,2022,0,0,0,0,0,0,0,0,0,0,0,0,,,,,,,,
25011,11ª REGIAO,PB,Nordeste,2023,0,0,0,0,0,0,0,0,0,0,0,0,,,,,,,,
25011,11ª REGIAO,PB,Nordeste,2024,1,0,0,1,1,1,0,0,1,0,0,0,0.0,0.0,1.0,0.0,0.0,0.0,1.0,0.0
25011,11ª REGIAO,PB,Nordeste,2025,0,0,0,0,0,0,0,0,0,0,0,0,,,,,,,,
25012,12ª REGIAO,PB,Nordeste,2007,1,1,1,1,1,1,0,1,0,0,0,0,0.0,1.0,0.0,0.0,0.0,0.0,1.0,0.0
25012,12ª REGIAO,PB,Nordeste,2008,0,0,0,0,0,0,0,0,0,0,0,0,,,,,,,,
25012,12ª REGIAO,PB,Nordeste,2009,0,0,0,0,0,0,0,0,0,0,0,0,,,,,,,,
25012,12ª REGIAO,PB,Nordeste,2010,0,0,0,0,0,0,0,0,0,0,0,0,,,,,,,,
25012,12ª REGIAO,PB,Nordeste,2011,0,0,0,0,0,0,0,0,0,0,0,0,,,,,,,,
25012,12ª REGIAO,PB,Nordeste,2012,0,0,0,0,0,0,0,0,0,0,0,0,,,,,,,,
25012,12ª REGIAO,PB,Nordeste,2013,1,0,1,1,1,0,0,0,1,0,0,0,0.0,0.0,1.0,0.0,0.0,0.0,0.0,0.0
25012,12ª REGIAO,PB,Nordeste,2014,0,0,0,0,0,0,0,0,0,0,0,0,,,,,,,,
25012,12ª REGIAO,PB,Nordeste,2015,1,0,1,1,1,1,0,0,1,0,0,0,0.0,0.0,1.0,0.0,0.0,0.0,1.0,0.0
25012,12ª REGIAO,PB,Nordeste,2016,1,0,1,1,1,1,0,0,1,0,0,0,0.0,0.0,1.0,0.0,0.0,0.0,1.0,0.0
25012,12ª REGIAO,PB,Nordeste,2017,0,0,0,0,0,0,0,0,0,0,0,0,,,,,,,,
25012,12ª REGIAO,PB,Nordeste,2018,1,1,1,1,1,1,0,0,0,1,0,0,0.0,0.0,0.0,1.0,0.0,0.0,1.0,0.0
25012,12ª REGIAO,PB,Nordeste,2019,0,0,0,0,0,0,0,0,0,0,0,0,,,,,,,,
25012,12ª REGIAO,PB,Nordeste,2020,0,0,0,0,0,0,0,0,0,0,0,0,,,,,,,,
25012,12ª REGIAO,PB,Nordeste,2021,0,0,0,0,0,0,0,0,0,0,0,0,,,,,,,,
25012,12ª REGIAO,PB,Nordeste,2022,0,0,0,0,0,0,0,0,0,0,0,0,,,,,,,,
25012,12ª REGIAO,PB,Nordeste,2023,0,0,0,0,0,0,0,0,0,0,0,0,,,,,,,,
25012,12ª REGIAO,PB,Nordeste,2024,0,0,0,0,0,0,0,0,0,0,0,0,,,,,,,,
25012,12ª REGIAO,PB,Nordeste,2025,0,0,0,0,0,0,0,0,0,0,0,0,,,,,,,,
25014,14ª REGIAO,PB,Nordeste,2007,3,0,1,3,3,2,1,2,0,0,0,0,0.3333333333333333,0.6666666666666666,0.0,0.0,0.0,0.0,0.6666666666666666,0.0
25014,14ª REGIAO,PB,Nordeste,2008,0,0,0,0,0,0,0,0,0,0,0,0,,,,,,,,
25014,14ª REGIAO,PB,Nordeste,2009,0,0,0,0,0,0,0,0,0,0,0,0,,,,,,,,
25014,14ª REGIAO,PB,Nordeste,2010,0,0,0,0,0,0,0,0,0,0,0,0,,,,,,,,
25014,14ª REGIAO,PB,Nordeste,2011,0,0,0,0,0,0,0,0,0,0,0,0,,,,,,,,
25014,14ª REGIAO,PB,Nordeste,2012,0,0,0,0,0,0,0,0,0,0,0,0,,,,,,,,
25014,14ª REGIAO,PB,Nordeste,2013,0,0,0,0,0,0,0,0,0,0,0,0,,,,,,,,
25014,14ª REGIAO,PB,Nordeste,2014,0,0,0,0,0,0,0,0,0,0,0,0,,,,,,,,
25014,14ª REGIAO,PB,Nordeste,2015,0,0,0,0,0,0,0,0,0,0,0,0,,,,,,,,
25014,14ª REGIAO,PB,Nordeste,2016,0,0,0,0,0,0,0,0,0,0,0,0,,,,,,,,
25014,14ª REGIAO,PB,Nordeste,2017,0,0,0,0,0,0,0,0,0,0,0,0,,,,,,,,
25014,14ª REGIAO,PB,Nordeste,2018,0,0,0,0,0,0,0,0,0,0,0,0,,,,,,,,
25014,14ª REGIAO,PB,Nordeste,2019,1,0,1,1,1,1,0,0,1,0,0,0,0.0,0.0,1.0,0.0,0.0,0.0,1.0,0.0
25014,14ª REGIAO,PB,Nordeste,2020,1,0,1,1,1,0,0,0,1,0,0,0,0.0,0.0,1.0,0.0,0.0,0.0,0.0,0.0
25014,14ª REGIAO,PB,Nordeste,2021,0,0,0,0,0,0,0,0,0,0,0,0,,,,,,,,
25014,14ª REGIAO,PB,Nordeste,2022,0,0,0,0,0,0,0,0,0,0,0,0,,,,,,,,
25014,14ª REGIAO,PB,Nordeste,2023,0,0,0,0,0,0,0,0,0,0,0,0,,,,,,,,
25014,14ª REGIAO,PB,Nordeste,2024,0,0,0,0,0,0,0,0,0,0,0,0,,,,,,,,
25014,14ª REGIAO,PB,Nordeste,2025,0,0,0,0,0,0,0,0,0,0,0,0,,,,,,,,
25015,15ª REGIAO,PB,Nordeste,2007,0,0,0,0,0,0,0,0,0,0,0,0,,,,,,,,
25015,15ª REGIAO,PB,Nordeste,2008,0,0,0,0,0,0,0,0,0,0,0,0,,,,,,,,
25015,15ª REGIAO,PB,Nordeste,2009,0,0,0,0,0,0,0,0,0,0,0,0,,,,,,,,
25015,15ª REGIAO,PB,Nordeste,2010,0,0,0,0,0,0,0,0,0,0,0,0,,,,,,,,
25015,15ª REGIAO,PB,Nordeste,2011,0,0,0,0,0,0,0,0,0,0,0,0,,,,,,,,
25015,15ª REGIAO,PB,Nordeste,2012,0,0,0,0,0,0,0,0,0,0,0,0,,,,,,,,
25015,15ª REGIAO,PB,Nordeste,2013,0,0,0,0,0,0,0,0,0,0,0,0,,,,,,,,
25015,15ª REGIAO,PB,Nordeste,2014,0,0,0,0,0,0,0,0,0,0,0,0,,,,,,,,
25015,15ª REGIAO,PB,Nordeste,2015,1,0,1,1,1,1,0,0,1,0,0,0,0.0,0.0,1.0,0.0,0.0,0.0,1.0,0.0
25015,15ª REGIAO,PB,Nordeste,2016,1,0,1,1,1,1,0,0,1,0,0,0,0.0,0.0,1.0,0.0,0.0,0.0,1.0,0.0
25015,15ª REGIAO,PB,Nordeste,2017,0,0,0,0,0,0,0,0,0,0,0,0,,,,,,,,
25015,15ª REGIAO,PB,Nordeste,2018,0,0,0,0,0,0,0,0,0,0,0,0,,,,,,,,
25015,15ª REGIAO,PB,Nordeste,2019,0,0,0,0,0,0,0,0,0,0,0,0,,,,,,,,
25015,15ª REGIAO,PB,Nordeste,2020,1,0,1,1,1,1,0,0,1,0,0,0,0.0,0.0,1.0,0.0,0.0,0.0,1.0,0.0
25015,15ª REGIAO,PB,Nordeste,2021,0,0,0,0,0,0,0,0,0,0,0,0,,,,,,,,
25015,15ª REGIAO,PB,Nordeste,2022,0,0,0,0,0,0,0,0,0,0,0,0,,,,,,,,
25015,15ª REGIAO,PB,Nordeste,2023,1,1,1,1,1,1,0,0,1,0,0,0,0.0,0.0,1.0,0.0,0.0,0.0,1.0,0.0
25015,15ª REGIAO,PB,Nordeste,2024,4,1,4,4,4,4,0,1,1,0,2,0,0.0,0.25,0.25,0.0,0.5,0.0,1.0,0.5
25015,15ª REGIAO,PB,Nordeste,2025,1,0,1,1,1,1,0,0,0,0,1,0,0.0,0.0,0.0,0.0,1.0,0.0,1.0,1.0
25016,16ª REGIAO,PB,Nordeste,2007,0,0,0,0,0,0,0,0,0,0,0,0,,,,,,,,
25016,16ª REGIAO,PB,Nordeste,2008,6,2,6,6,6,5,0,5,0,1,0,0,0.0,0.8333333333333334,0.0,0.16666666666666666,0.0,0.0,0.8333333333333334,0.0
25016,16ª REGIAO,PB,Nordeste,2009,1,0,1,1,1,1,0,0,1,0,0,0,0.0,0.0,1.0,0.0,0.0,0.0,1.0,0.0
25016,16ª REGIAO,PB,Nordeste,2010,1,0,1,1,1,1,0,1,0,0,0,0,0.0,1.0,0.0,0.0,0.0,0.0,1.0,0.0
25016,16ª REGIAO,PB,Nordeste,2011,0,0,0,0,0,0,0,0,0,0,0,0,,,,,,,,
25016,16ª REGIAO,PB,Nordeste,2012,2,2,2,2,2,2,0,0,0,2,0,0,0.0,0.0,0.0,1.0,0.0,0.0,1.0,0.0
25016,16ª REGIAO,PB,Nordeste,2013,2,0,2,2,2,2,0,0,1,1,0,0,0.0,0.0,0.5,0.5,0.0,0.0,1.0,0.0
25016,16ª REGIAO,PB,Nordeste,2014,4,1,4,4,4,4,0,0,2,2,0,0,0.0,0.0,0.5,0.5,0.0,0.0,1.0,0.0
25016,16ª REGIAO,PB,Nordeste,2015,5,0,5,5,5,5,0,2,1,1,1,0,0.0,0.4,0.2,0.2,0.2,0.0,1.0,0.2
25016,16ª REGIAO,PB,Nordeste,2016,3,0,3,3,3,3,0,1,0,2,0,0,0.0,0.3333333333333333,0.0,0.6666666666666666,0.0,0.0,1.0,0.0
25016,16ª REGIAO,PB,Nordeste,2017,0,0,0,0,0,0,0,0,0,0,0,0,,,,,,,,
25016,16ª REGIAO,PB,Nordeste,2018,2,2,2,2,2,1,0,0,0,2,0,0,0.0,0.0,0.0,1.0,0.0,0.0,0.5,0.0
25016,16ª REGIAO,PB,Nordeste,2019,8,1,8,8,8,8,0,2,4,1,1,0,0.0,0.25,0.5,0.125,0.125,0.0,1.0,0.125
25016,16ª REGIAO,PB,Nordeste,2020,3,0,3,3,3,3,0,1,1,1,0,0,0.0,0.3333333333333333,0.3333333333333333,0.3333333333333333,0.0,0.0,1.0,0.0
25016,16ª REGIAO,PB,Nordeste,2021,1,0,1,1,1,1,0,0,0,1,0,0,0.0,0.0,0.0,1.0,0.0,0.0,1.0,0.0
25016,16ª REGIAO,PB,Nordeste,2022,5,0,5,5,5,4,1,1,2,1,0,0,0.2,0.2,0.4,0.2,0.0,0.0,0.8,0.0
25016,16ª REGIAO,PB,Nordeste,2023,11,1,11,11,11,10,0,2,4,4,0,1,0.0,0.18181818181818182,0.36363636363636365,0.36363636363636365,0.0,0.09090909090909091,0.9090909090909091,0.09090909090909091
25016,16ª REGIAO,PB,Nordeste,2024,4,0,4,4,4,4,1,1,1,1,0,0,0.25,0.25,0.25,0.25,0.0,0.0,1.0,0.0
25016,16ª REGIAO,PB,Nordeste,2025,7,2,6,7,7,6,0,4,1,2,0,0,0.0,0.5714285714285714,0.14285714285714285,0.2857142857142857,0.0,0.0,0.8571428571428571,0.0
26001,X REGIÃO DE SAÚDE,PE,Nordeste,2007,0,0,0,0,0,0,0,0,0,0,0,0,,,,,,,,
26001,X REGIÃO DE SAÚDE,PE,Nordeste,2008,0,0,0,0,0,0,0,0,0,0,0,0,,,,,,,,
26001,X REGIÃO DE SAÚDE,PE,Nordeste,2009,0,0,0,0,0,0,0,0,0,0,0,0,,,,,,,,
26001,X REGIÃO DE SAÚDE,PE,Nordeste,2010,0,0,0,0,0,0,0,0,0,0,0,0,,,,,,,,
26001,X REGIÃO DE SAÚDE,PE,Nordeste,2011,1,0,1,1,1,1,0,0,0,1,0,0,0.0,0.0,0.0,1.0,0.0,0.0,1.0,0.0
26001,X REGIÃO DE SAÚDE,PE,Nordeste,2012,0,0,0,0,0,0,0,0,0,0,0,0,,,,,,,,
26001,X REGIÃO DE SAÚDE,PE,Nordeste,2013,2,1,2,2,2,0,1,0,0,0,0,1,0.5,0.0,0.0,0.0,0.0,0.5,0.0,0.5
26001,X REGIÃO DE SAÚDE,PE,Nordeste,2014,0,0,0,0,0,0,0,0,0,0,0,0,,,,,,,,
26001,X REGIÃO DE SAÚDE,PE,Nordeste,2015,0,0,0,0,0,0,0,0,0,0,0,0,,,,,,,,
26001,X REGIÃO DE SAÚDE,PE,Nordeste,2016,0,0,0,0,0,0,0,0,0,0,0,0,,,,,,,,
26001,X REGIÃO DE SAÚDE,PE,Nordeste,2017,0,0,0,0,0,0,0,0,0,0,0,0,,,,,,,,
26001,X REGIÃO DE SAÚDE,PE,Nordeste,2018,0,0,0,0,0,0,0,0,0,0,0,0,,,,,,,,
26001,X REGIÃO DE SAÚDE,PE,Nordeste,2019,1,0,0,1,1,1,1,0,0,0,0,0,1.0,0.0,0.0,0.0,0.0,0.0,1.0,0.0
26001,X REGIÃO DE SAÚDE,PE,Nordeste,2020,0,0,0,0,0,0,0,0,0,0,0,0,,,,,,,,
26001,X REGIÃO DE SAÚDE,PE,Nordeste,2021,0,0,0,0,0,0,0,0,0,0,0,0,,,,,,,,
26001,X REGIÃO DE SAÚDE,PE,Nordeste,2022,0,0,0,0,0,0,0,0,0,0,0,0,,,,,,,,
26001,X REGIÃO DE SAÚDE,PE,Nordeste,2023,0,0,0,0,0,0,0,0,0,0,0,0,,,,,,,,
26001,X REGIÃO DE SAÚDE,PE,Nordeste,2024,1,0,0,1,1,1,1,0,0,0,0,0,1.0,0.0,0.0,0.0,0.0,0.0,1.0,0.0
26001,X REGIÃO DE SAÚDE,PE,Nordeste,2025,0,0,0,0,0,0,0,0,0,0,0,0,,,,,,,,
26002,VI REGIÃO DE SAÚDE,PE,Nordeste,2007,0,0,0,0,0,0,0,0,0,0,0,0,,,,,,,,
26002,VI REGIÃO DE SAÚDE,PE,Nordeste,2008,0,0,0,0,0,0,0,0,0,0,0,0,,,,,,,,
26002,VI REGIÃO DE SAÚDE,PE,Nordeste,2009,1,0,1,1,1,1,1,0,0,0,0,0,1.0,0.0,0.0,0.0,0.0,0.0,1.0,0.0
26002,VI REGIÃO DE SAÚDE,PE,Nordeste,2010,0,0,0,0,0,0,0,0,0,0,0,0,,,,,,,,
26002,VI REGIÃO DE SAÚDE,PE,Nordeste,2011,0,0,0,0,0,0,0,0,0,0,0,0,,,,,,,,
26002,VI REGIÃO DE SAÚDE,PE,Nordeste,2012,0,0,0,0,0,0,0,0,0,0,0,0,,,,,,,,
26002,VI REGIÃO DE SAÚDE,PE,Nordeste,2013,1,0,1,1,1,1,0,0,0,1,0,0,0.0,0.0,0.0,1.0,0.0,0.0,1.0,0.0
26002,VI REGIÃO DE SAÚDE,PE,Nordeste,2014,0,0,0,0,0,0,0,0,0,0,0,0,,,,,,,,
26002,VI REGIÃO DE SAÚDE,PE,Nordeste,2015,0,0,0,0,0,0,0,0,0,0,0,0,,,,,,,,
26002,VI REGIÃO DE SAÚDE,PE,Nordeste,2016,0,0,0,0,0,0,0,0,0,0,0,0,,,,,,,,
26002,VI REGIÃO DE SAÚDE,PE,Nordeste,2017,0,0,0,0,0,0,0,0,0,0,0,0,,,,,,,,
26002,VI REGIÃO DE SAÚDE,PE,Nordeste,2018,1,0,0,1,1,0,0,0,1,0,0,0,0.0,0.0,1.0,0.0,0.0,0.0,0.0,0.0
26002,VI REGIÃO DE SAÚDE,PE,Nordeste,2019,1,0,1,1,1,1,0,0,1,0,0,0,0.0,0.0,1.0,0.0,0.0,0.0,1.0,0.0
26002,VI REGIÃO DE SAÚDE,PE,Nordeste,2020,3,0,3,3,3,2,1,0,2,0,0,0,0.3333333333333333,0.0,0.6666666666666666,0.0,0.0,0.0,0.6666666666666666,0.0
26002,VI REGIÃO DE SAÚDE,PE,Nordeste,2021,1,0,1,1,1,1,0,0,0,0,0,1,0.0,0.0,0.0,0.0,0.0,1.0,1.0,1.0
26002,VI REGIÃO DE SAÚDE,PE,Nordeste,2022,1,0,1,1,1,1,0,0,0,1,0,0,0.0,0.0,0.0,1.0,0.0,0.0,1.0,0.0
26002,VI REGIÃO DE SAÚDE,PE,Nordeste,2023,3,0,2,3,3,3,1,0,2,0,0,0,0.3333333333333333,0.0,0.6666666666666666,0.0,0.0,0.0,1.0,0.0
26002,VI REGIÃO DE SAÚDE,PE,Nordeste,2024,1,0,0,1,1,0,0,0,1,0,0,0,0.0,0.0,1.0,0.0,0.0,0.0,0.0,0.0
26002,VI REGIÃO DE SAÚDE,PE,Nordeste,2025,0,0,0,0,0,0,0,0,0,0,0,0,,,,,,,,
26003,IV REGIÃO DE SAÚDE,PE,Nordeste,2007,8,0,8,8,8,6,0,4,1,2,0,1,0.0,0.5,0.125,0.25,0.0,0.125,0.75,0.125
26003,IV REGIÃO DE SAÚDE,PE,Nordeste,2008,15,4,15,15,15,12,2,5,5,2,1,0,0.13333333333333333,0.3333333333333333,0.3333333333333333,0.13333333333333333,0.06666666666666667,0.0,0.8,0.06666666666666667
26003,IV REGIÃO DE SAÚDE,PE,Nordeste,2009,5,0,5,5,5,4,0,2,1,1,0,1,0.0,0.4,0.2,0.2,0.0,0.2,0.8,0.2
26003,IV REGIÃO DE SAÚDE,PE,Nordeste,2010,16,4,16,16,16,13,2,6,3,1,1,3,0.125,0.375,0.1875,0.0625,0.0625,0.1875,0.8125,0.25
26003,IV REGIÃO DE SAÚDE,PE,Nordeste,2011,21,2,21,21,21,16,4,10,7,0,0,0,0.19047619047619047,0.47619047619047616,0.3333333333333333,0.0,0.0,0.0,0.7619047619047619,0.0
26003,IV REGIÃO DE SAÚDE,PE,Nordeste,2012,5,0,5,5,5,4,0,4,1,0,0,0,0.0,0.8,0.2,0.0,0.0,0.0,0.8,0.0
26003,IV REGIÃO DE SAÚDE,PE,Nordeste,2013,5,1,5,5,5,3,2,3,0,0,0,0,0.4,0.6,0.0,0.0,0.0,0.0,0.6,0.0
26003,IV REGIÃO DE SAÚDE,PE,Nordeste,2014,6,0,3,6,6,6,0,0,4,1,1,0,0.0,0.0,0.6666666666666666,0.16666666666666666,0.16666666666666666,0.0,1.0,0.16666666666666666
26003,IV REGIÃO DE SAÚDE,PE,Nordeste,2015,0,0,0,0,0,0,0,0,0,0,0,0,,,,,,,,
26003,IV REGIÃO DE SAÚDE,PE,Nordeste,2016,6,1,5,6,6,5,0,1,3,2,0,0,0.0,0.16666666666666666,0.5,0.3333333333333333,0.0,0.0,0.8333333333333334,0.0
26003,IV REGIÃO DE SAÚDE,PE,Nordeste,2017,5,0,5,5,5,4,0,1,2,1,1,0,0.0,0.2,0.4,0.2,0.2,0.0,0.8,0.2
26003,IV REGIÃO DE SAÚDE,PE,Nordeste,2018,11,1,8,11,11,9,2,1,3,2,2,1,0.18181818181818182,0.09090909090909091,0.2727272727272727,0.18181818181818182,0.18181818181818182,0.09090909090909091,0.8181818181818182,0.2727272727272727
26003,IV REGIÃO DE SAÚDE,PE,Nordeste,2019,12,2,11,12,12,11,1,5,5,1,0,0,0.08333333333333333,0.4166666666666667,0.4166666666666667,0.08333333333333333,0.0,0.0,0.9166666666666666,0.0
26003,IV REGIÃO DE SAÚDE,PE,Nordeste,2020,2,0,1,2,2,2,0,0,0,2,0,0,0.0,0.0,0.0,1.0,0.0,0.0,1.0,0.0
26003,IV REGIÃO DE SAÚDE,PE,Nordeste,2021,3,0,2,3,3,3,0,0,0,2,1,0,0.0,0.0,0.0,0.6666666666666666,0.3333333333333333,0.0,1.0,0.3333333333333333
26003,IV REGIÃO DE SAÚDE,PE,Nordeste,2022,8,0,7,8,8,7,2,3,3,0,0,0,0.25,0.375,0.375,0.0,0.0,0.0,0.875,0.0
26003,IV REGIÃO DE SAÚDE,PE,Nordeste,2023,6,0,3,6,6,5,1,0,2,3,0,0,0.16666666666666666,0.0,0.3333333333333333,0.5,0.0,0.0,0.8333333333333334,0.0
26003,IV REGIÃO DE SAÚDE,PE,Nordeste,2024,9,1,5,9,9,8,1,3,3,2,0,0,0.1111111111111111,0.3333333333333333,0.3333333333333333,0.2222222222222222,0.0,0.0,0.8888888888888888,0.0
26003,IV REGIÃO DE SAÚDE,PE,Nordeste,2025,16,1,7,16,16,12,1,3,7,3,2,0,0.0625,0.1875,0.4375,0.1875,0.125,0.0,0.75,0.125
26004,V REGIÃO DE SAÚDE,PE,Nordeste,2007,1,0,1,1,1,0,0,1,0,0,0,0,0.0,1.0,0.0,0.0,0.0,0.0,0.0,0.0
26004,V REGIÃO DE SAÚDE,PE,Nordeste,2008,0,0,0,0,0,0,0,0,0,0,0,0,,,,,,,,
26004,V REGIÃO DE SAÚDE,PE,Nordeste,2009,1,0,1,1,1,1,0,0,1,0,0,0,0.0,0.0,1.0,0.0,0.0,0.0,1.0,0.0
26004,V REGIÃO DE SAÚDE,PE,Nordeste,2010,2,0,1,2,2,2,0,0,0,2,0,0,0.0,0.0,0.0,1.0,0.0,0.0,1.0,0.0
26004,V REGIÃO DE SAÚDE,PE,Nordeste,2011,1,0,1,1,1,0,0,1,0,0,0,0,0.0,1.0,0.0,0.0,0.0,0.0,0.0,0.0
26004,V REGIÃO DE SAÚDE,PE,Nordeste,2012,1,0,1,1,1,0,0,0,1,0,0,0,0.0,0.0,1.0,0.0,0.0,0.0,0.0,0.0
26004,V REGIÃO DE SAÚDE,PE,Nordeste,2013,0,0,0,0,0,0,0,0,0,0,0,0,,,,,,,,
26004,V REGIÃO DE SAÚDE,PE,Nordeste,2014,0,0,0,0,0,0,0,0,0,0,0,0,,,,,,,,
26004,V REGIÃO DE SAÚDE,PE,Nordeste,2015,0,0,0,0,0,0,0,0,0,0,0,0,,,,,,,,
26004,V REGIÃO DE SAÚDE,PE,Nordeste,2016,1,0,1,1,1,1,0,0,1,0,0,0,0.0,0.0,1.0,0.0,0.0,0.0,1.0,0.0
26004,V REGIÃO DE SAÚDE,PE,Nordeste,2017,1,0,1,1,1,1,0,0,0,1,0,0,0.0,0.0,0.0,1.0,0.0,0.0,1.0,0.0
26004,V REGIÃO DE SAÚDE,PE,Nordeste,2018,0,0,0,0,0,0,0,0,0,0,0,0,,,,,,,,
26004,V REGIÃO DE SAÚDE,PE,Nordeste,2019,1,0,0,1,1,1,0,0,0,1,0,0,0.0,0.0,0.0,1.0,0.0,0.0,1.0,0.0
26004,V REGIÃO DE SAÚDE,PE,Nordeste,2020,2,0,1,2,2,0,0,0,1,0,0,1,0.0,0.0,0.5,0.0,0.0,0.5,0.0,0.5
26004,V REGIÃO DE SAÚDE,PE,Nordeste,2021,0,0,0,0,0,0,0,0,0,0,0,0,,,,,,,,
26004,V REGIÃO DE SAÚDE,PE,Nordeste,2022,1,0,0,1,1,1,0,0,1,0,0,0,0.0,0.0,1.0,0.0,0.0,0.0,1.0,0.0
26004,V REGIÃO DE SAÚDE,PE,Nordeste,2023,2,0,1,2,2,1,2,0,0,0,0,0,1.0,0.0,0.0,0.0,0.0,0.0,0.5,0.0
26004,V REGIÃO DE SAÚDE,PE,Nordeste,2024,2,1,1,2,2,2,0,1,0,1,0,0,0.0,0.5,0.0,0.5,0.0,0.0,1.0,0.0
26004,V REGIÃO DE SAÚDE,PE,Nordeste,2025,1,0,0,1,1,1,0,1,0,0,0,0,0.0,1.0,0.0,0.0,0.0,0.0,1.0,0.0
26005,XII REGIÃO DE SAÚDE,PE,Nordeste,2007,3,0,3,3,3,3,1,2,0,0,0,0,0.3333333333333333,0.6666666666666666,0.0,0.0,0.0,0.0,1.0,0.0
26005,XII REGIÃO DE SAÚDE,PE,Nordeste,2008,6,0,6,6,6,5,0,3,0,3,0,0,0.0,0.5,0.0,0.5,0.0,0.0,0.8333333333333334,0.0
26005,XII REGIÃO DE SAÚDE,PE,Nordeste,2009,4,2,3,4,4,4,0,3,0,1,0,0,0.0,0.75,0.0,0.25,0.0,0.0,1.0,0.0
26005,XII REGIÃO DE SAÚDE,PE,Nordeste,2010,4,0,4,4,4,3,0,2,1,1,0,0,0.0,0.5,0.25,0.25,0.0,0.0,0.75,0.0
26005,XII REGIÃO DE SAÚDE,PE,Nordeste,2011,21,1,21,21,21,7,1,6,7,4,1,2,0.047619047619047616,0.2857142857142857,0.3333333333333333,0.19047619047619047,0.047619047619047616,0.09523809523809523,0.3333333333333333,0.14285714285714285
26005,XII REGIÃO DE SAÚDE,PE,Nordeste,2012,1,0,1,1,1,1,0,1,0,0,0,0,0.0,1.0,0.0,0.0,0.0,0.0,1.0,0.0
26005,XII REGIÃO DE SAÚDE,PE,Nordeste,2013,1,0,1,1,1,1,0,0,1,0,0,0,0.0,0.0,1.0,0.0,0.0,0.0,1.0,0.0
26005,XII REGIÃO DE SAÚDE,PE,Nordeste,2014,2,0,2,2,2,2,0,0,1,1,0,0,0.0,0.0,0.5,0.5,0.0,0.0,1.0,0.0
26005,XII REGIÃO DE SAÚDE,PE,Nordeste,2015,2,0,2,2,2,1,0,1,0,0,1,0,0.0,0.5,0.0,0.0,0.5,0.0,0.5,0.5
26005,XII REGIÃO DE SAÚDE,PE,Nordeste,2016,1,0,1,1,1,1,0,0,1,0,0,0,0.0,0.0,1.0,0.0,0.0,0.0,1.0,0.0
26005,XII REGIÃO DE SAÚDE,PE,Nordeste,2017,1,0,0,1,1,0,1,0,0,0,0,0,1.0,0.0,0.0,0.0,0.0,0.0,0.0,0.0
26005,XII REGIÃO DE SAÚDE,PE,Nordeste,2018,3,0,3,3,3,2,0,1,1,0,1,0,0.0,0.3333333333333333,0.3333333333333333,0.0,0.3333333333333333,0.0,0.6666666666666666,0.3333333333333333
26005,XII REGIÃO DE SAÚDE,PE,Nordeste,2019,4,0,4,4,4,3,0,1,3,0,0,0,0.0,0.25,0.75,0.0,0.0,0.0,0.75,0.0
26005,XII REGIÃO DE SAÚDE,PE,Nordeste,2020,1,0,1,1,1,1,0,0,1,0,0,0,0.0,0.0,1.0,0.0,0.0,0.0,1.0,0.0
26005,XII REGIÃO DE SAÚDE,PE,Nordeste,2021,3,0,3,3,3,2,0,1,0,2,0,0,0.0,0.3333333333333333,0.0,0.6666666666666666,0.0,0.0,0.6666666666666666,0.0
26005,XII REGIÃO DE SAÚDE,PE,Nordeste,2022,8,1,7,8,8,6,0,4,2,1,1,0,0.0,0.5,0.25,0.125,0.125,0.0,0.75,0.125
26005,XII REGIÃO DE SAÚDE,PE,Nordeste,2023,4,0,4,4,4,1,0,1,3,0,0,0,0.0,0.25,0.75,0.0,0.0,0.0,0.25,0.0
26005,XII REGIÃO DE SAÚDE,PE,Nordeste,2024,0,0,0,0,0,0,0,0,0,0,0,0,,,,,,,,
26005,XII REGIÃO DE SAÚDE,PE,Nordeste,2025,6,0,5,6,6,4,1,3,2,0,0,0,0.16666666666666666,0.5,0.3333333333333333,0.0,0.0,0.0,0.6666666666666666,0.0
26006,II REGIÃO DE SAÚDE,PE,Nordeste,2007,4,0,3,4,4,3,1,0,0,3,0,0,0.25,0.0,0.0,0.75,0.0,0.0,0.75,0.0
26006,II REGIÃO DE SAÚDE,PE,Nordeste,2008,1,0,1,1,1,1,0,1,0,0,0,0,0.0,1.0,0.0,0.0,0.0,0.0,1.0,0.0
26006,II REGIÃO DE SAÚDE,PE,Nordeste,2009,3,0,3,3,3,3,0,1,2,0,0,0,0.0,0.3333333333333333,0.6666666666666666,0.0,0.0,0.0,1.0,0.0
26006,II REGIÃO DE SAÚDE,PE,Nordeste,2010,2,1,2,2,2,2,1,0,1,0,0,0,0.5,0.0,0.5,0.0,0.0,0.0,1.0,0.0
26006,II REGIÃO DE SAÚDE,PE,Nordeste,2011,10,4,9,10,10,7,2,2,4,2,0,0,0.2,0.2,0.4,0.2,0.0,0.0,0.7,0.0
26006,II REGIÃO DE SAÚDE,PE,Nordeste,2012,3,0,3,3,3,2,2,0,0,0,0,1,0.6666666666666666,0.0,0.0,0.0,0.0,0.3333333333333333,0.6666666666666666,0.3333333333333333
26006,II REGIÃO DE SAÚDE,PE,Nordeste,2013,3,0,0,3,3,3,0,1,1,1,0,0,0.0,0.3333333333333333,0.3333333333333333,0.3333333333333333,0.0,0.0,1.0,0.0
26006,II REGIÃO DE SAÚDE,PE,Nordeste,2014,6,1,5,6,6,4,1,2,2,1,0,0,0.16666666666666666,0.3333333333333333,0.3333333333333333,0.16666666666666666,0.0,0.0,0.6666666666666666,0.0
26006,II REGIÃO DE SAÚDE,PE,Nordeste,2015,0,0,0,0,0,0,0,0,0,0,0,0,,,,,,,,
26006,II REGIÃO DE SAÚDE,PE,Nordeste,2016,2,0,1,2,2,2,0,1,1,0,0,0,0.0,0.5,0.5,0.0,0.0,0.0,1.0,0.0
26006,II REGIÃO DE SAÚDE,PE,Nordeste,2017,4,0,4,4,4,2,0,1,2,1,0,0,0.0,0.25,0.5,0.25,0.0,0.0,0.5,0.0
26006,II REGIÃO DE SAÚDE,PE,Nordeste,2018,9,0,4,9,9,9,2,2,4,1,0,0,0.2222222222222222,0.2222222222222222,0.4444444444444444,0.1111111111111111,0.0,0.0,1.0,0.0
26006,II REGIÃO DE SAÚDE,PE,Nordeste,2019,4,0,4,4,4,4,1,1,1,1,0,0,0.25,0.25,0.25,0.25,0.0,0.0,1.0,0.0
26006,II REGIÃO DE SAÚDE,PE,Nordeste,2020,1,0,1,1,1,1,1,0,0,0,0,0,1.0,0.0,0.0,0.0,0.0,0.0,1.0,0.0
26006,II REGIÃO DE SAÚDE,PE,Nordeste,2021,0,0,0,0,0,0,0,0,0,0,0,0,,,,,,,,
26006,II REGIÃO DE SAÚDE,PE,Nordeste,2022,4,0,4,4,4,4,0,0,3,1,0,0,0.0,0.0,0.75,0.25,0.0,0.0,1.0,0.0
26006,II REGIÃO DE SAÚDE,PE,Nordeste,2023,13,0,10,13,13,12,0,1,9,3,0,0,0.0,0.07692307692307693,0.6923076923076923,0.23076923076923078,0.0,0.0,0.9230769230769231,0.0
26006,II REGIÃO DE SAÚDE,PE,Nordeste,2024,7,3,7,7,7,4,1,0,3,1,1,1,0.14285714285714285,0.0,0.42857142857142855,0.14285714285714285,0.14285714285714285,0.14285714285714285,0.5714285714285714,0.2857142857142857
26006,II REGIÃO DE SAÚDE,PE,Nordeste,2025,3,1,3,3,3,3,0,1,1,1,0,0,0.0,0.3333333333333333,0.3333333333333333,0.3333333333333333,0.0,0.0,1.0,0.0
26007,IX REGIÃO DE SAÚDE,PE,Nordeste,2007,0,0,0,0,0,0,0,0,0,0,0,0,,,,,,,,
26007,IX REGIÃO DE SAÚDE,PE,Nordeste,2008,0,0,0,0,0,0,0,0,0,0,0,0,,,,,,,,
26007,IX REGIÃO DE SAÚDE,PE,Nordeste,2009,0,0,0,0,0,0,0,0,0,0,0,0,,,,,,,,
26007,IX REGIÃO DE SAÚDE,PE,Nordeste,2010,0,0,0,0,0,0,0,0,0,0,0,0,,,,,,,,
26007,IX REGIÃO DE SAÚDE,PE,Nordeste,2011,0,0,0,0,0,0,0,0,0,0,0,0,,,,,,,,
26007,IX REGIÃO DE SAÚDE,PE,Nordeste,2012,0,0,0,0,0,0,0,0,0,0,0,0,,,,,,,,
26007,IX REGIÃO DE SAÚDE,PE,Nordeste,2013,0,0,0,0,0,0,0,0,0,0,0,0,,,,,,,,
26007,IX REGIÃO DE SAÚDE,PE,Nordeste,2014,0,0,0,0,0,0,0,0,0,0,0,0,,,,,,,,
26007,IX REGIÃO DE SAÚDE,PE,Nordeste,2015,0,0,0,0,0,0,0,0,0,0,0,0,,,,,,,,
26007,IX REGIÃO DE SAÚDE,PE,Nordeste,2016,1,0,1,1,1,0,0,1,0,0,0,0,0.0,1.0,0.0,0.0,0.0,0.0,0.0,0.0
26007,IX REGIÃO DE SAÚDE,PE,Nordeste,2017,0,0,0,0,0,0,0,0,0,0,0,0,,,,,,,,
26007,IX REGIÃO DE SAÚDE,PE,Nordeste,2018,2,1,2,2,2,1,0,2,0,0,0,0,0.0,1.0,0.0,0.0,0.0,0.0,0.5,0.0
26007,IX REGIÃO DE SAÚDE,PE,Nordeste,2019,0,0,0,0,0,0,0,0,0,0,0,0,,,,,,,,
26007,IX REGIÃO DE SAÚDE,PE,Nordeste,2020,0,0,0,0,0,0,0,0,0,0,0,0,,,,,,,,
26007,IX REGIÃO DE SAÚDE,PE,Nordeste,2021,1,0,1,1,1,1,0,0,1,0,0,0,0.0,0.0,1.0,0.0,0.0,0.0,1.0,0.0
26007,IX REGIÃO DE SAÚDE,PE,Nordeste,2022,0,0,0,0,0,0,0,0,0,0,0,0,,,,,,,,
26007,IX REGIÃO DE SAÚDE,PE,Nordeste,2023,1,0,0,1,1,1,0,1,0,0,0,0,0.0,1.0,0.0,0.0,0.0,0.0,1.0,0.0
26007,IX REGIÃO DE SAÚDE,PE,Nordeste,2024,0,0,0,0,0,0,0,0,0,0,0,0,,,,,,,,
26007,IX REGIÃO DE SAÚDE,PE,Nordeste,2025,0,0,0,0,0,0,0,0,0,0,0,0,,,,,,,,
26008,III REGIÃO DE SAÚDE,PE,Nordeste,2007,8,1,7,8,8,7,0,5,2,1,0,0,0.0,0.625,0.25,0.125,0.0,0.0,0.875,0.0
26008,III REGIÃO DE SAÚDE,PE,Nordeste,2008,2,0,2,2,2,2,0,2,0,0,0,0,0.0,1.0,0.0,0.0,0.0,0.0,1.0,0.0
26008,III REGIÃO DE SAÚDE,PE,Nordeste,2009,7,2,6,7,7,6,1,1,4,0,1,0,0.14285714285714285,0.14285714285714285,0.5714285714285714,0.0,0.14285714285714285,0.0,0.8571428571428571,0.14285714285714285
26008,III REGIÃO DE SAÚDE,PE,Nordeste,2010,35,1,34,35,35,23,6,13,7,6,1,2,0.17142857142857143,0.37142857142857144,0.2,0.17142857142857143,0.02857142857142857,0.05714285714285714,0.6571428571428571,0.08571428571428572
26008,III REGIÃO DE SAÚDE,PE,Nordeste,2011,9,3,6,9,9,8,0,4,4,0,1,0,0.0,0.4444444444444444,0.4444444444444444,0.0,0.1111111111111111,0.0,0.8888888888888888,0.1111111111111111
26008,III REGIÃO DE SAÚDE,PE,Nordeste,2012,5,0,3,5,5,3,1,2,0,2,0,0,0.2,0.4,0.0,0.4,0.0,0.0,0.6,0.0
26008,III REGIÃO DE SAÚDE,PE,Nordeste,2013,6,1,5,6,6,6,0,3,0,3,0,0,0.0,0.5,0.0,0.5,0.0,0.0,1.0,0.0
26008,III REGIÃO DE SAÚDE,PE,Nordeste,2014,1,0,1,1,1,1,0,1,0,0,0,0,0.0,1.0,0.0,0.0,0.0,0.0,1.0,0.0
26008,III REGIÃO DE SAÚDE,PE,Nordeste,2015,2,1,2,2,2,2,0,1,1,0,0,0,0.0,0.5,0.5,0.0,0.0,0.0,1.0,0.0
26008,III REGIÃO DE SAÚDE,PE,Nordeste,2016,3,0,2,3,3,3,0,2,0,0,1,0,0.0,0.6666666666666666,0.0,0.0,0.3333333333333333,0.0,1.0,0.3333333333333333
26008,III REGIÃO DE SAÚDE,PE,Nordeste,2017,8,3,8,8,8,7,1,2,3,0,2,0,0.125,0.25,0.375,0.0,0.25,0.0,0.875,0.25
26008,III REGIÃO DE SAÚDE,PE,Nordeste,2018,7,0,7,7,7,5,2,2,2,0,1,0,0.2857142857142857,0.2857142857142857,0.2857142857142857,0.0,0.14285714285714285,0.0,0.7142857142857143,0.14285714285714285
26008,III REGIÃO DE SAÚDE,PE,Nordeste,2019,15,0,14,15,15,13,1,4,4,4,1,1,0.06666666666666667,0.26666666666666666,0.26666666666666666,0.26666666666666666,0.06666666666666667,0.06666666666666667,0.8666666666666667,0.13333333333333333
26008,III REGIÃO DE SAÚDE,PE,Nordeste,2020,3,0,3,3,3,2,0,1,0,1,0,1,0.0,0.3333333333333333,0.0,0.3333333333333333,0.0,0.3333333333333333,0.6666666666666666,0.3333333333333333
26008,III REGIÃO DE SAÚDE,PE,Nordeste,2021,2,0,2,2,2,1,0,1,0,1,0,0,0.0,0.5,0.0,0.5,0.0,0.0,0.5,0.0
26008,III REGIÃO DE SAÚDE,PE,Nordeste,2022,19,1,15,19,19,17,4,4,7,3,1,0,0.21052631578947367,0.21052631578947367,0.3684210526315789,0.15789473684210525,0.05263157894736842,0.0,0.8947368421052632,0.05263157894736842
26008,III REGIÃO DE SAÚDE,PE,Nordeste,2023,5,0,5,5,5,3,2,2,0,0,0,1,0.4,0.4,0.0,0.0,0.0,0.2,0.6,0.2
26008,III REGIÃO DE SAÚDE,PE,Nordeste,2024,3,0,3,3,3,2,2,0,1,0,0,0,0.6666666666666666,0.0,0.3333333333333333,0.0,0.0,0.0,0.6666666666666666,0.0
26008,III REGIÃO DE SAÚDE,PE,Nordeste,2025,7,3,5,7,7,6,0,3,2,0,1,1,0.0,0.42857142857142855,0.2857142857142857,0.0,0.14285714285714285,0.14285714285714285,0.8571428571428571,0.2857142857142857
26009,VIII REGIÃO DE SAÚDE,PE,Nordeste,2007,0,0,0,0,0,0,0,0,0,0,0,0,,,,,,,,
26009,VIII REGIÃO DE SAÚDE,PE,Nordeste,2008,0,0,0,0,0,0,0,0,0,0,0,0,,,,,,,,
26009,VIII REGIÃO DE SAÚDE,PE,Nordeste,2009,0,0,0,0,0,0,0,0,0,0,0,0,,,,,,,,
26009,VIII REGIÃO DE SAÚDE,PE,Nordeste,2010,0,0,0,0,0,0,0,0,0,0,0,0,,,,,,,,
26009,VIII REGIÃO DE SAÚDE,PE,Nordeste,2011,1,0,1,1,1,0,0,0,0,1,0,0,0.0,0.0,0.0,1.0,0.0,0.0,0.0,0.0
26009,VIII REGIÃO DE SAÚDE,PE,Nordeste,2012,0,0,0,0,0,0,0,0,0,0,0,0,,,,,,,,
26009,VIII REGIÃO DE SAÚDE,PE,Nordeste,2013,0,0,0,0,0,0,0,0,0,0,0,0,,,,,,,,
26009,VIII REGIÃO DE SAÚDE,PE,Nordeste,2014,0,0,0,0,0,0,0,0,0,0,0,0,,,,,,,,
26009,VIII REGIÃO DE SAÚDE,PE,Nordeste,2015,0,0,0,0,0,0,0,0,0,0,0,0,,,,,,,,
26009,VIII REGIÃO DE SAÚDE,PE,Nordeste,2016,0,0,0,0,0,0,0,0,0,0,0,0,,,,,,,,
26009,VIII REGIÃO DE SAÚDE,PE,Nordeste,2017,0,0,0,0,0,0,0,0,0,0,0,0,,,,,,,,
26009,VIII REGIÃO DE SAÚDE,PE,Nordeste,2018,0,0,0,0,0,0,0,0,0,0,0,0,,,,,,,,
26009,VIII REGIÃO DE SAÚDE,PE,Nordeste,2019,3,0,3,3,3,0,0,0,0,1,0,2,0.0,0.0,0.0,0.3333333333333333,0.0,0.6666666666666666,0.0,0.6666666666666666
26009,VIII REGIÃO DE SAÚDE,PE,Nordeste,2020,0,0,0,0,0,0,0,0,0,0,0,0,,,,,,,,
26009,VIII REGIÃO DE SAÚDE,PE,Nordeste,2021,0,0,0,0,0,0,0,0,0,0,0,0,,,,,,,,
26009,VIII REGIÃO DE SAÚDE,PE,Nordeste,2022,1,0,1,1,1,1,0,1,0,0,0,0,0.0,1.0,0.0,0.0,0.0,0.0,1.0,0.0
26009,VIII REGIÃO DE SAÚDE,PE,Nordeste,2023,0,0,0,0,0,0,0,0,0,0,0,0,,,,,,,,
26009,VIII REGIÃO DE SAÚDE,PE,Nordeste,2024,1,0,1,1,1,1,0,1,0,0,0,0,0.0,1.0,0.0,0.0,0.0,0.0,1.0,0.0
26009,VIII REGIÃO DE SAÚDE,PE,Nordeste,2025,0,0,0,0,0,0,0,0,0,0,0,0,,,,,,,,
26010,I REGIÃO DE SAÚDE,PE,Nordeste,2007,179,25,171,179,179,137,26,79,35,27,8,4,0.1452513966480447,0.441340782122905,0.19553072625698323,0.15083798882681565,0.0446927374301676,0.0223463687150838,0.7653631284916201,0.0670391061452514
26010,I REGIÃO DE SAÚDE,PE,Nordeste,2008,170,10,143,170,170,136,32,65,43,21,5,4,0.18823529411764706,0.38235294117647056,0.2529411764705882,0.12352941176470589,0.029411764705882353,0.023529411764705882,0.8,0.052941176470588235
26010,I REGIÃO DE SAÚDE,PE,Nordeste,2009,184,12,157,184,184,157,30,72,50,24,8,0,0.16304347826086957,0.391304347826087,0.2717391304347826,0.13043478260869565,0.043478260869565216,0.0,0.8532608695652174,0.043478260869565216
26010,I REGIÃO DE SAÚDE,PE,Nordeste,2010,209,13,186,209,209,161,36,68,64,31,9,1,0.1722488038277512,0.3253588516746411,0.3062200956937799,0.14832535885167464,0.0430622009569378,0.004784688995215311,0.7703349282296651,0.04784688995215311
26010,I REGIÃO DE SAÚDE,PE,Nordeste,2011,319,35,306,319,319,259,46,107,85,62,16,3,0.14420062695924765,0.335423197492163,0.2664576802507837,0.19435736677115986,0.050156739811912224,0.009404388714733543,0.8119122257053292,0.05956112852664577
26010,I REGIÃO DE SAÚDE,PE,Nordeste,2012,97,18,93,97,97,73,11,26,35,19,2,4,0.1134020618556701,0.26804123711340205,0.36082474226804123,0.1958762886597938,0.020618556701030927,0.041237113402061855,0.7525773195876289,0.061855670103092786
26010,I REGIÃO DE SAÚDE,PE,Nordeste,2013,153,12,146,153,153,114,21,48,42,30,9,3,0.13725490196078433,0.3137254901960784,0.27450980392156865,0.19607843137254902,0.058823529411764705,0.0196078431372549,0.7450980392156863,0.0784313725490196
26010,I REGIÃO DE SAÚDE,PE,Nordeste,2014,205,22,192,205,205,154,27,80,57,27,10,4,0.13170731707317074,0.3902439024390244,0.2780487804878049,0.13170731707317074,0.04878048780487805,0.01951219512195122,0.751219512195122,0.06829268292682927
26010,I REGIÃO DE SAÚDE,PE,Nordeste,2015,136,21,129,136,136,109,18,46,35,28,5,4,0.1323529411764706,0.3382352941176471,0.25735294117647056,0.20588235294117646,0.03676470588235294,0.029411764705882353,0.8014705882352942,0.0661764705882353
26010,I REGIÃO DE SAÚDE,PE,Nordeste,2016,146,19,143,146,146,125,13,56,40,22,8,7,0.08904109589041095,0.3835616438356164,0.273972602739726,0.1506849315068493,0.0547945205479452,0.04794520547945205,0.8561643835616438,0.10273972602739725
26010,I REGIÃO DE SAÚDE,PE,Nordeste,2017,201,26,191,201,201,165,20,62,63,33,18,5,0.09950248756218906,0.30845771144278605,0.31343283582089554,0.16417910447761194,0.08955223880597014,0.024875621890547265,0.8208955223880597,0.1144278606965174
26010,I REGIÃO DE SAÚDE,PE,Nordeste,2018,178,21,158,178,178,145,27,51,55,38,5,2,0.15168539325842698,0.28651685393258425,0.3089887640449438,0.21348314606741572,0.028089887640449437,0.011235955056179775,0.8146067415730337,0.03932584269662921
26010,I REGIÃO DE SAÚDE,PE,Nordeste,2019,211,30,188,211,211,171,26,67,49,46,16,7,0.12322274881516587,0.3175355450236967,0.23222748815165878,0.21800947867298578,0.07582938388625593,0.03317535545023697,0.8104265402843602,0.1090047393364929
26010,I REGIÃO DE SAÚDE,PE,Nordeste,2020,66,20,60,66,66,51,3,17,20,15,9,2,0.045454545454545456,0.25757575757575757,0.30303030303030304,0.22727272727272727,0.13636363636363635,0.030303030303030304,0.7727272727272727,0.16666666666666666
26010,I REGIÃO DE SAÚDE,PE,Nordeste,2021,132,25,124,132,132,106,8,38,36,35,9,6,0.06060606060606061,0.2878787878787879,0.2727272727272727,0.26515151515151514,0.06818181818181818,0.045454545454545456,0.803030303030303,0.11363636363636363
26010,I REGIÃO DE SAÚDE,PE,Nordeste,2022,521,63,492,521,521,407,35,145,174,122,35,10,0.0671785028790787,0.2783109404990403,0.33397312859884837,0.23416506717850288,0.0671785028790787,0.019193857965451054,0.781190019193858,0.08637236084452976
26010,I REGIÃO DE SAÚDE,PE,Nordeste,2023,202,30,190,202,202,170,20,53,61,42,20,6,0.09900990099009901,0.2623762376237624,0.30198019801980197,0.2079207920792079,0.09900990099009901,0.0297029702970297,0.8415841584158416,0.12871287128712872
26010,I REGIÃO DE SAÚDE,PE,Nordeste,2024,201,29,192,201,201,162,13,55,69,44,15,5,0.06467661691542288,0.2736318407960199,0.34328358208955223,0.21890547263681592,0.07462686567164178,0.024875621890547265,0.8059701492537313,0.09950248756218905
26010,I REGIÃO DE SAÚDE,PE,Nordeste,2025,261,37,245,261,261,210,24,79,89,52,11,6,0.09195402298850575,0.30268199233716475,0.34099616858237547,0.19923371647509577,0.0421455938697318,0.022988505747126436,0.8045977011494253,0.06513409961685823
26011,VII REGIÃO DE SAÚDE,PE,Nordeste,2007,0,0,0,0,0,0,0,0,0,0,0,0,,,,,,,,
26011,VII REGIÃO DE SAÚDE,PE,Nordeste,2008,1,0,1,1,1,1,0,1,0,0,0,0,0.0,1.0,0.0,0.0,0.0,0.0,1.0,0.0
26011,VII REGIÃO DE SAÚDE,PE,Nordeste,2009,0,0,0,0,0,0,0,0,0,0,0,0,,,,,,,,
26011,VII REGIÃO DE SAÚDE,PE,Nordeste,2010,1,0,1,1,1,0,0,0,0,1,0,0,0.0,0.0,0.0,1.0,0.0,0.0,0.0,0.0
26011,VII REGIÃO DE SAÚDE,PE,Nordeste,2011,0,0,0,0,0,0,0,0,0,0,0,0,,,,,,,,
26011,VII REGIÃO DE SAÚDE,PE,Nordeste,2012,0,0,0,0,0,0,0,0,0,0,0,0,,,,,,,,
26011,VII REGIÃO DE SAÚDE,PE,Nordeste,2013,0,0,0,0,0,0,0,0,0,0,0,0,,,,,,,,
26011,VII REGIÃO DE SAÚDE,PE,Nordeste,2014,0,0,0,0,0,0,0,0,0,0,0,0,,,,,,,,
26011,VII REGIÃO DE SAÚDE,PE,Nordeste,2015,0,0,0,0,0,0,0,0,0,0,0,0,,,,,,,,
26011,VII REGIÃO DE SAÚDE,PE,Nordeste,2016,0,0,0,0,0,0,0,0,0,0,0,0,,,,,,,,
26011,VII REGIÃO DE SAÚDE,PE,Nordeste,2017,1,0,1,1,1,1,0,0,0,1,0,0,0.0,0.0,0.0,1.0,0.0,0.0,1.0,0.0
26011,VII REGIÃO DE SAÚDE,PE,Nordeste,2018,0,0,0,0,0,0,0,0,0,0,0,0,,,,,,,,
26011,VII REGIÃO DE SAÚDE,PE,Nordeste,2019,0,0,0,0,0,0,0,0,0,0,0,0,,,,,,,,
26011,VII REGIÃO DE SAÚDE,PE,Nordeste,2020,1,0,1,1,1,0,1,0,0,0,0,0,1.0,0.0,0.0,0.0,0.0,0.0,0.0,0.0
26011,VII REGIÃO DE SAÚDE,PE,Nordeste,2021,0,0,0,0,0,0,0,0,0,0,0,0,,,,,,,,
26011,VII REGIÃO DE SAÚDE,PE,Nordeste,2022,0,0,0,0,0,0,0,0,0,0,0,0,,,,,,,,
26011,VII REGIÃO DE SAÚDE,PE,Nordeste,2023,0,0,0,0,0,0,0,0,0,0,0,0,,,,,,,,
26011,VII REGIÃO DE SAÚDE,PE,Nordeste,2024,0,0,0,0,0,0,0,0,0,0,0,0,,,,,,,,
26011,VII REGIÃO DE SAÚDE,PE,Nordeste,2025,1,0,0,1,1,1,0,0,0,1,0,0,0.0,0.0,0.0,1.0,0.0,0.0,1.0,0.0
26012,XI REGIÃO DE SAÚDE,PE,Nordeste,2007,1,1,1,1,1,0,0,0,0,1,0,0,0.0,0.0,0.0,1.0,0.0,0.0,0.0,0.0
26012,XI REGIÃO DE SAÚDE,PE,Nordeste,2008,0,0,0,0,0,0,0,0,0,0,0,0,,,,,,,,
26012,XI REGIÃO DE SAÚDE,PE,Nordeste,2009,0,0,0,0,0,0,0,0,0,0,0,0,,,,,,,,
26012,XI REGIÃO DE SAÚDE,PE,Nordeste,2010,1,1,1,1,1,1,0,0,0,1,0,0,0.0,0.0,0.0,1.0,0.0,0.0,1.0,0.0
26012,XI REGIÃO DE SAÚDE,PE,Nordeste,2011,0,0,0,0,0,0,0,0,0,0,0,0,,,,,,,,
26012,XI REGIÃO DE SAÚDE,PE,Nordeste,2012,0,0,0,0,0,0,0,0,0,0,0,0,,,,,,,,
26012,XI REGIÃO DE SAÚDE,PE,Nordeste,2013,0,0,0,0,0,0,0,0,0,0,0,0,,,,,,,,
26012,XI REGIÃO DE SAÚDE,PE,Nordeste,2014,0,0,0,0,0,0,0,0,0,0,0,0,,,,,,,,
26012,XI REGIÃO DE SAÚDE,PE,Nordeste,2015,0,0,0,0,0,0,0,0,0,0,0,0,,,,,,,,
26012,XI REGIÃO DE SAÚDE,PE,Nordeste,2016,0,0,0,0,0,0,0,0,0,0,0,0,,,,,,,,
26012,XI REGIÃO DE SAÚDE,PE,Nordeste,2017,0,0,0,0,0,0,0,0,0,0,0,0,,,,,,,,
26012,XI REGIÃO DE SAÚDE,PE,Nordeste,2018,0,0,0,0,0,0,0,0,0,0,0,0,,,,,,,,
26012,XI REGIÃO DE SAÚDE,PE,Nordeste,2019,0,0,0,0,0,0,0,0,0,0,0,0,,,,,,,,
26012,XI REGIÃO DE SAÚDE,PE,Nordeste,2020,0,0,0,0,0,0,0,0,0,0,0,0,,,,,,,,
26012,XI REGIÃO DE SAÚDE,PE,Nordeste,2021,0,0,0,0,0,0,0,0,0,0,0,0,,,,,,,,
26012,XI REGIÃO DE SAÚDE,PE,Nordeste,2022,0,0,0,0,0,0,0,0,0,0,0,0,,,,,,,,
26012,XI REGIÃO DE SAÚDE,PE,Nordeste,2023,0,0,0,0,0,0,0,0,0,0,0,0,,,,,,,,
26012,XI REGIÃO DE SAÚDE,PE,Nordeste,2024,1,0,1,1,1,0,1,0,0,0,0,0,1.0,0.0,0.0,0.0,0.0,0.0,0.0,0.0
26012,XI REGIÃO DE SAÚDE,PE,Nordeste,2025,0,0,0,0,0,0,0,0,0,0,0,0,,,,,,,,
27001,1ª REGIAO DE SAUDE,AL,Nordeste,2007,39,5,39,39,39,36,3,14,14,6,1,1,0.07692307692307693,0.358974358974359,0.358974358974359,0.15384615384615385,0.02564102564102564,0.02564102564102564,0.9230769230769231,0.05128205128205128
27001,1ª REGIAO DE SAUDE,AL,Nordeste,2008,64,4,53,64,64,49,4,24,20,13,3,0,0.0625,0.375,0.3125,0.203125,0.046875,0.0,0.765625,0.046875
27001,1ª REGIAO DE SAUDE,AL,Nordeste,2009,59,4,52,59,59,48,8,17,23,6,5,0,0.13559322033898305,0.288135593220339,0.3898305084745763,0.1016949152542373,0.0847457627118644,0.0,0.8135593220338984,0.0847457627118644
27001,1ª REGIAO DE SAUDE,AL,Nordeste,2010,43,1,38,43,43,37,8,17,8,9,1,0,0.18604651162790697,0.3953488372093023,0.18604651162790697,0.20930232558139536,0.023255813953488372,0.0,0.8604651162790697,0.023255813953488372
27001,1ª REGIAO DE SAUDE,AL,Nordeste,2011,68,6,64,68,68,58,3,30,18,13,4,0,0.04411764705882353,0.4411764705882353,0.2647058823529412,0.19117647058823528,0.058823529411764705,0.0,0.8529411764705882,0.058823529411764705
27001,1ª REGIAO DE SAUDE,AL,Nordeste,2012,32,6,30,32,32,24,0,19,7,6,0,0,0.0,0.59375,0.21875,0.1875,0.0,0.0,0.75,0.0
27001,1ª REGIAO DE SAUDE,AL,Nordeste,2013,36,5,36,36,36,29,4,15,9,7,1,0,0.1111111111111111,0.4166666666666667,0.25,0.19444444444444445,0.027777777777777776,0.0,0.8055555555555556,0.027777777777777776
27001,1ª REGIAO DE SAUDE,AL,Nordeste,2014,55,6,53,55,55,44,8,21,9,16,1,0,0.14545454545454545,0.38181818181818183,0.16363636363636364,0.2909090909090909,0.01818181818181818,0.0,0.8,0.01818181818181818
27001,1ª REGIAO DE SAUDE,AL,Nordeste,2015,23,2,20,23,23,20,2,9,1,10,1,0,0.08695652173913043,0.391304347826087,0.043478260869565216,0.43478260869565216,0.043478260869565216,0.0,0.8695652173913043,0.043478260869565216
27001,1ª REGIAO DE SAUDE,AL,Nordeste,2016,13,3,13,13,13,11,1,7,1,3,0,1,0.07692307692307693,0.5384615384615384,0.07692307692307693,0.23076923076923078,0.0,0.07692307692307693,0.8461538461538461,0.07692307692307693
27001,1ª REGIAO DE SAUDE,AL,Nordeste,2017,55,7,55,55,55,47,7,25,11,10,2,0,0.12727272727272726,0.45454545454545453,0.2,0.18181818181818182,0.03636363636363636,0.0,0.8545454545454545,0.03636363636363636
27001,1ª REGIAO DE SAUDE,AL,Nordeste,2018,36,3,32,36,36,29,0,16,6,10,2,2,0.0,0.4444444444444444,0.16666666666666666,0.2777777777777778,0.05555555555555555,0.05555555555555555,0.8055555555555556,0.1111111111111111
27001,1ª REGIAO DE SAUDE,AL,Nordeste,2019,40,4,38,40,40,33,4,19,7,6,3,1,0.1,0.475,0.175,0.15,0.075,0.025,0.825,0.1
27001,1ª REGIAO DE SAUDE,AL,Nordeste,2020,28,4,28,28,28,22,0,15,7,6,0,0,0.0,0.5357142857142857,0.25,0.21428571428571427,0.0,0.0,0.7857142857142857,0.0
27001,1ª REGIAO DE SAUDE,AL,Nordeste,2021,20,2,18,20,20,17,1,6,8,0,5,0,0.05,0.3,0.4,0.0,0.25,0.0,0.85,0.25
27001,1ª REGIAO DE SAUDE,AL,Nordeste,2022,49,11,49,49,49,41,2,15,13,16,3,0,0.04081632653061224,0.30612244897959184,0.2653061224489796,0.32653061224489793,0.061224489795918366,0.0,0.8367346938775511,0.061224489795918366
27001,1ª REGIAO DE SAUDE,AL,Nordeste,2023,32,6,31,32,32,27,1,13,9,6,3,0,0.03125,0.40625,0.28125,0.1875,0.09375,0.0,0.84375,0.09375
27001,1ª REGIAO DE SAUDE,AL,Nordeste,2024,26,5,25,26,26,22,2,10,6,6,1,1,0.07692307692307693,0.38461538461538464,0.23076923076923078,0.23076923076923078,0.038461538461538464,0.038461538461538464,0.8461538461538461,0.07692307692307693
27001,1ª REGIAO DE SAUDE,AL,Nordeste,2025,25,8,24,25,25,20,2,6,8,7,2,0,0.08,0.24,0.32,0.28,0.08,0.0,0.8,0.08
27002,2ª REGIAO DE SAUDE,AL,Nordeste,2007,3,1,2,3,3,3,0,2,1,0,0,0,0.0,0.6666666666666666,0.3333333333333333,0.0,0.0,0.0,1.0,0.0
27002,2ª REGIAO DE SAUDE,AL,Nordeste,2008,1,0,1,1,1,1,0,1,0,0,0,0,0.0,1.0,0.0,0.0,0.0,0.0,1.0,0.0
27002,2ª REGIAO DE SAUDE,AL,Nordeste,2009,1,0,1,1,1,1,0,0,1,0,0,0,0.0,0.0,1.0,0.0,0.0,0.0,1.0,0.0
27002,2ª REGIAO DE SAUDE,AL,Nordeste,2010,3,0,3,3,3,2,0,0,3,0,0,0,0.0,0.0,1.0,0.0,0.0,0.0,0.6666666666666666,0.0
27002,2ª REGIAO DE SAUDE,AL,Nordeste,2011,5,0,5,5,5,4,1,3,0,1,0,0,0.2,0.6,0.0,0.2,0.0,0.0,0.8,0.0
27002,2ª REGIAO DE SAUDE,AL,Nordeste,2012,3,0,2,3,3,3,0,2,1,0,0,0,0.0,0.6666666666666666,0.3333333333333333,0.0,0.0,0.0,1.0,0.0
27002,2ª REGIAO DE SAUDE,AL,Nordeste,2013,1,0,1,1,1,0,0,0,1,0,0,0,0.0,0.0,1.0,0.0,0.0,0.0,0.0,0.0
27002,2ª REGIAO DE SAUDE,AL,Nordeste,2014,1,0,1,1,1,1,0,0,1,0,0,0,0.0,0.0,1.0,0.0,0.0,0.0,1.0,0.0
27002,2ª REGIAO DE SAUDE,AL,Nordeste,2015,1,0,1,1,1,1,0,0,0,0,1,0,0.0,0.0,0.0,0.0,1.0,0.0,1.0,1.0
27002,2ª REGIAO DE SAUDE,AL,Nordeste,2016,0,0,0,0,0,0,0,0,0,0,0,0,,,,,,,,
27002,2ª REGIAO DE SAUDE,AL,Nordeste,2017,1,0,1,1,1,1,0,1,0,0,0,0,0.0,1.0,0.0,0.0,0.0,0.0,1.0,0.0
27002,2ª REGIAO DE SAUDE,AL,Nordeste,2018,2,0,2,2,2,2,0,1,1,0,0,0,0.0,0.5,0.5,0.0,0.0,0.0,1.0,0.0
27002,2ª REGIAO DE SAUDE,AL,Nordeste,2019,2,0,2,2,2,2,0,0,2,0,0,0,0.0,0.0,1.0,0.0,0.0,0.0,1.0,0.0
27002,2ª REGIAO DE SAUDE,AL,Nordeste,2020,1,0,1,1,1,1,1,0,0,0,0,0,1.0,0.0,0.0,0.0,0.0,0.0,1.0,0.0
27002,2ª REGIAO DE SAUDE,AL,Nordeste,2021,3,0,2,3,3,2,0,2,0,1,0,0,0.0,0.6666666666666666,0.0,0.3333333333333333,0.0,0.0,0.6666666666666666,0.0
27002,2ª REGIAO DE SAUDE,AL,Nordeste,2022,2,0,0,2,2,2,0,2,0,0,0,0,0.0,1.0,0.0,0.0,0.0,0.0,1.0,0.0
27002,2ª REGIAO DE SAUDE,AL,Nordeste,2023,3,0,3,3,3,2,0,1,2,0,0,0,0.0,0.3333333333333333,0.6666666666666666,0.0,0.0,0.0,0.6666666666666666,0.0
27002,2ª REGIAO DE SAUDE,AL,Nordeste,2024,0,0,0,0,0,0,0,0,0,0,0,0,,,,,,,,
27002,2ª REGIAO DE SAUDE,AL,Nordeste,2025,1,0,1,1,1,1,0,0,1,0,0,0,0.0,0.0,1.0,0.0,0.0,0.0,1.0,0.0
27003,3ª REGIAO DE SAUDE,AL,Nordeste,2007,0,0,0,0,0,0,0,0,0,0,0,0,,,,,,,,
27003,3ª REGIAO DE SAUDE,AL,Nordeste,2008,4,1,3,4,4,1,1,1,1,1,0,0,0.25,0.25,0.25,0.25,0.0,0.0,0.25,0.0
27003,3ª REGIAO DE SAUDE,AL,Nordeste,2009,4,0,3,4,4,4,0,2,0,2,0,0,0.0,0.5,0.0,0.5,0.0,0.0,1.0,0.0
27003,3ª REGIAO DE SAUDE,AL,Nordeste,2010,10,1,10,10,10,6,2,5,2,0,0,1,0.2,0.5,0.2,0.0,0.0,0.1,0.6,0.1
27003,3ª REGIAO DE SAUDE,AL,Nordeste,2011,1,0,1,1,1,1,0,1,0,0,0,0,0.0,1.0,0.0,0.0,0.0,0.0,1.0,0.0
27003,3ª REGIAO DE SAUDE,AL,Nordeste,2012,2,0,1,2,2,1,0,1,0,1,0,0,0.0,0.5,0.0,0.5,0.0,0.0,0.5,0.0
27003,3ª REGIAO DE SAUDE,AL,Nordeste,2013,4,0,4,4,4,4,1,1,0,2,0,0,0.25,0.25,0.0,0.5,0.0,0.0,1.0,0.0
27003,3ª REGIAO DE SAUDE,AL,Nordeste,2014,5,0,3,5,5,3,1,1,3,0,0,0,0.2,0.2,0.6,0.0,0.0,0.0,0.6,0.0
27003,3ª REGIAO DE SAUDE,AL,Nordeste,2015,2,0,1,2,2,2,0,0,1,0,0,1,0.0,0.0,0.5,0.0,0.0,0.5,1.0,0.5
27003,3ª REGIAO DE SAUDE,AL,Nordeste,2016,1,0,1,1,1,0,0,0,1,0,0,0,0.0,0.0,1.0,0.0,0.0,0.0,0.0,0.0
27003,3ª REGIAO DE SAUDE,AL,Nordeste,2017,4,2,4,4,4,4,2,2,0,0,0,0,0.5,0.5,0.0,0.0,0.0,0.0,1.0,0.0
27003,3ª REGIAO DE SAUDE,AL,Nordeste,2018,4,2,4,4,4,4,0,2,2,0,0,0,0.0,0.5,0.5,0.0,0.0,0.0,1.0,0.0
27003,3ª REGIAO DE SAUDE,AL,Nordeste,2019,8,1,8,8,8,7,0,2,5,1,0,0,0.0,0.25,0.625,0.125,0.0,0.0,0.875,0.0
27003,3ª REGIAO DE SAUDE,AL,Nordeste,2020,1,0,0,1,1,0,1,0,0,0,0,0,1.0,0.0,0.0,0.0,0.0,0.0,0.0,0.0
27003,3ª REGIAO DE SAUDE,AL,Nordeste,2021,2,1,2,2,2,2,0,2,0,0,0,0,0.0,1.0,0.0,0.0,0.0,0.0,1.0,0.0
27003,3ª REGIAO DE SAUDE,AL,Nordeste,2022,21,2,21,21,21,17,0,8,10,2,1,0,0.0,0.38095238095238093,0.47619047619047616,0.09523809523809523,0.047619047619047616,0.0,0.8095238095238095,0.047619047619047616
27003,3ª REGIAO DE SAUDE,AL,Nordeste,2023,12,1,10,12,12,10,1,4,2,4,1,0,0.08333333333333333,0.3333333333333333,0.16666666666666666,0.3333333333333333,0.08333333333333333,0.0,0.8333333333333334,0.08333333333333333
27003,3ª REGIAO DE SAUDE,AL,Nordeste,2024,3,0,3,3,3,2,0,1,1,1,0,0,0.0,0.3333333333333333,0.3333333333333333,0.3333333333333333,0.0,0.0,0.6666666666666666,0.0
27003,3ª REGIAO DE SAUDE,AL,Nordeste,2025,1,0,0,1,1,1,0,0,0,1,0,0,0.0,0.0,0.0,1.0,0.0,0.0,1.0,0.0
27004,4ª REGIAO DE SAUDE,AL,Nordeste,2007,1,0,0,1,1,1,0,1,0,0,0,0,0.0,1.0,0.0,0.0,0.0,0.0,1.0,0.0
27004,4ª REGIAO DE SAUDE,AL,Nordeste,2008,3,0,3,3,3,3,0,3,0,0,0,0,0.0,1.0,0.0,0.0,0.0,0.0,1.0,0.0
27004,4ª REGIAO DE SAUDE,AL,Nordeste,2009,6,1,6,6,6,6,3,1,1,1,0,0,0.5,0.16666666666666666,0.16666666666666666,0.16666666666666666,0.0,0.0,1.0,0.0
27004,4ª REGIAO DE SAUDE,AL,Nordeste,2010,9,1,7,9,9,8,0,7,2,0,0,0,0.0,0.7777777777777778,0.2222222222222222,0.0,0.0,0.0,0.8888888888888888,0.0
27004,4ª REGIAO DE SAUDE,AL,Nordeste,2011,5,0,3,5,5,5,2,3,0,0,0,0,0.4,0.6,0.0,0.0,0.0,0.0,1.0,0.0
27004,4ª REGIAO DE SAUDE,AL,Nordeste,2012,7,3,6,7,7,6,0,3,2,0,0,2,0.0,0.42857142857142855,0.2857142857142857,0.0,0.0,0.2857142857142857,0.8571428571428571,0.2857142857142857
27004,4ª REGIAO DE SAUDE,AL,Nordeste,2013,6,1,5,6,6,6,1,4,0,0,1,0,0.16666666666666666,0.6666666666666666,0.0,0.0,0.16666666666666666,0.0,1.0,0.16666666666666666
27004,4ª REGIAO DE SAUDE,AL,Nordeste,2014,2,0,1,2,2,2,1,1,0,0,0,0,0.5,0.5,0.0,0.0,0.0,0.0,1.0,0.0
27004,4ª REGIAO DE SAUDE,AL,Nordeste,2015,6,0,4,6,6,3,0,3,2,1,0,0,0.0,0.5,0.3333333333333333,0.16666666666666666,0.0,0.0,0.5,0.0
27004,4ª REGIAO DE SAUDE,AL,Nordeste,2016,1,0,0,1,1,1,0,1,0,0,0,0,0.0,1.0,0.0,0.0,0.0,0.0,1.0,0.0
27004,4ª REGIAO DE SAUDE,AL,Nordeste,2017,9,1,9,9,9,7,1,2,2,3,1,0,0.1111111111111111,0.2222222222222222,0.2222222222222222,0.3333333333333333,0.1111111111111111,0.0,0.7777777777777778,0.1111111111111111
27004,4ª REGIAO DE SAUDE,AL,Nordeste,2018,7,3,6,7,7,6,0,2,3,2,0,0,0.0,0.2857142857142857,0.42857142857142855,0.2857142857142857,0.0,0.0,0.8571428571428571,0.0
27004,4ª REGIAO DE SAUDE,AL,Nordeste,2019,3,0,3,3,3,3,0,1,0,2,0,0,0.0,0.3333333333333333,0.0,0.6666666666666666,0.0,0.0,1.0,0.0
27004,4ª REGIAO DE SAUDE,AL,Nordeste,2020,0,0,0,0,0,0,0,0,0,0,0,0,,,,,,,,
27004,4ª REGIAO DE SAUDE,AL,Nordeste,2021,1,0,1,1,1,1,0,0,1,0,0,0,0.0,0.0,1.0,0.0,0.0,0.0,1.0,0.0
27004,4ª REGIAO DE SAUDE,AL,Nordeste,2022,9,0,9,9,9,8,1,0,6,1,1,0,0.1111111111111111,0.0,0.6666666666666666,0.1111111111111111,0.1111111111111111,0.0,0.8888888888888888,0.1111111111111111
27004,4ª REGIAO DE SAUDE,AL,Nordeste,2023,7,0,5,7,7,7,0,2,4,1,0,0,0.0,0.2857142857142857,0.5714285714285714,0.14285714285714285,0.0,0.0,1.0,0.0
27004,4ª REGIAO DE SAUDE,AL,Nordeste,2024,5,1,3,5,5,5,0,2,1,1,1,0,0.0,0.4,0.2,0.2,0.2,0.0,1.0,0.2
27004,4ª REGIAO DE SAUDE,AL,Nordeste,2025,1,0,1,1,1,1,0,0,1,0,0,0,0.0,0.0,1.0,0.0,0.0,0.0,1.0,0.0
27005,5ª REGIAO DE SAUDE,AL,Nordeste,2007,0,0,0,0,0,0,0,0,0,0,0,0,,,,,,,,
27005,5ª REGIAO DE SAUDE,AL,Nordeste,2008,0,0,0,0,0,0,0,0,0,0,0,0,,,,,,,,
27005,5ª REGIAO DE SAUDE,AL,Nordeste,2009,4,0,4,4,4,3,2,1,1,0,0,0,0.5,0.25,0.25,0.0,0.0,0.0,0.75,0.0
27005,5ª REGIAO DE SAUDE,AL,Nordeste,2010,0,0,0,0,0,0,0,0,0,0,0,0,,,,,,,,
27005,5ª REGIAO DE SAUDE,AL,Nordeste,2011,0,0,0,0,0,0,0,0,0,0,0,0,,,,,,,,
27005,5ª REGIAO DE SAUDE,AL,Nordeste,2012,0,0,0,0,0,0,0,0,0,0,0,0,,,,,,,,
27005,5ª REGIAO DE SAUDE,AL,Nordeste,2013,0,0,0,0,0,0,0,0,0,0,0,0,,,,,,,,
27005,5ª REGIAO DE SAUDE,AL,Nordeste,2014,3,0,3,3,3,2,0,0,0,3,0,0,0.0,0.0,0.0,1.0,0.0,0.0,0.6666666666666666,0.0
27005,5ª REGIAO DE SAUDE,AL,Nordeste,2015,0,0,0,0,0,0,0,0,0,0,0,0,,,,,,,,
27005,5ª REGIAO DE SAUDE,AL,Nordeste,2016,0,0,0,0,0,0,0,0,0,0,0,0,,,,,,,,
27005,5ª REGIAO DE SAUDE,AL,Nordeste,2017,0,0,0,0,0,0,0,0,0,0,0,0,,,,,,,,
27005,5ª REGIAO DE SAUDE,AL,Nordeste,2018,1,0,1,1,1,0,0,1,0,0,0,0,0.0,1.0,0.0,0.0,0.0,0.0,0.0,0.0
27005,5ª REGIAO DE SAUDE,AL,Nordeste,2019,1,1,1,1,1,1,0,0,0,1,0,0,0.0,0.0,0.0,1.0,0.0,0.0,1.0,0.0
27005,5ª REGIAO DE SAUDE,AL,Nordeste,2020,0,0,0,0,0,0,0,0,0,0,0,0,,,,,,,,
27005,5ª REGIAO DE SAUDE,AL,Nordeste,2021,0,0,0,0,0,0,0,0,0,0,0,0,,,,,,,,
27005,5ª REGIAO DE SAUDE,AL,Nordeste,2022,0,0,0,0,0,0,0,0,0,0,0,0,,,,,,,,
27005,5ª REGIAO DE SAUDE,AL,Nordeste,2023,1,0,1,1,1,0,0,1,0,0,0,0,0.0,1.0,0.0,0.0,0.0,0.0,0.0,0.0
27005,5ª REGIAO DE SAUDE,AL,Nordeste,2024,1,0,1,1,1,1,0,0,0,1,0,0,0.0,0.0,0.0,1.0,0.0,0.0,1.0,0.0
27005,5ª REGIAO DE SAUDE,AL,Nordeste,2025,1,0,0,1,1,1,0,0,0,1,0,0,0.0,0.0,0.0,1.0,0.0,0.0,1.0,0.0
27006,6ª REGIAO DE SAUDE,AL,Nordeste,2007,0,0,0,0,0,0,0,0,0,0,0,0,,,,,,,,
27006,6ª REGIAO DE SAUDE,AL,Nordeste,2008,1,0,1,1,1,1,0,1,0,0,0,0,0.0,1.0,0.0,0.0,0.0,0.0,1.0,0.0
27006,6ª REGIAO DE SAUDE,AL,Nordeste,2009,2,0,1,2,2,2,1,1,0,0,0,0,0.5,0.5,0.0,0.0,0.0,0.0,1.0,0.0
27006,6ª REGIAO DE SAUDE,AL,Nordeste,2010,2,0,2,2,2,2,0,1,1,0,0,0,0.0,0.5,0.5,0.0,0.0,0.0,1.0,0.0
27006,6ª REGIAO DE SAUDE,AL,Nordeste,2011,4,1,4,4,4,4,0,1,3,0,0,0,0.0,0.25,0.75,0.0,0.0,0.0,1.0,0.0
27006,6ª REGIAO DE SAUDE,AL,Nordeste,2012,4,0,4,4,4,2,0,2,1,1,0,0,0.0,0.5,0.25,0.25,0.0,0.0,0.5,0.0
27006,6ª REGIAO DE SAUDE,AL,Nordeste,2013,2,0,2,2,2,2,0,2,0,0,0,0,0.0,1.0,0.0,0.0,0.0,0.0,1.0,0.0
27006,6ª REGIAO DE SAUDE,AL,Nordeste,2014,2,0,2,2,2,1,0,0,0,1,0,1,0.0,0.0,0.0,0.5,0.0,0.5,0.5,0.5
27006,6ª REGIAO DE SAUDE,AL,Nordeste,2015,0,0,0,0,0,0,0,0,0,0,0,0,,,,,,,,
27006,6ª REGIAO DE SAUDE,AL,Nordeste,2016,1,0,1,1,1,0,0,0,1,0,0,0,0.0,0.0,1.0,0.0,0.0,0.0,0.0,0.0
27006,6ª REGIAO DE SAUDE,AL,Nordeste,2017,2,1,2,2,2,2,0,0,1,1,0,0,0.0,0.0,0.5,0.5,0.0,0.0,1.0,0.0
27006,6ª REGIAO DE SAUDE,AL,Nordeste,2018,2,0,2,2,2,2,0,0,2,0,0,0,0.0,0.0,1.0,0.0,0.0,0.0,1.0,0.0
27006,6ª REGIAO DE SAUDE,AL,Nordeste,2019,3,0,3,3,3,2,0,2,0,0,1,0,0.0,0.6666666666666666,0.0,0.0,0.3333333333333333,0.0,0.6666666666666666,0.3333333333333333
27006,6ª REGIAO DE SAUDE,AL,Nordeste,2020,0,0,0,0,0,0,0,0,0,0,0,0,,,,,,,,
27006,6ª REGIAO DE SAUDE,AL,Nordeste,2021,0,0,0,0,0,0,0,0,0,0,0,0,,,,,,,,
27006,6ª REGIAO DE SAUDE,AL,Nordeste,2022,2,0,2,2,2,2,0,2,0,0,0,0,0.0,1.0,0.0,0.0,0.0,0.0,1.0,0.0
27006,6ª REGIAO DE SAUDE,AL,Nordeste,2023,0,0,0,0,0,0,0,0,0,0,0,0,,,,,,,,
27006,6ª REGIAO DE SAUDE,AL,Nordeste,2024,1,0,1,1,1,1,0,0,1,0,0,0,0.0,0.0,1.0,0.0,0.0,0.0,1.0,0.0
27006,6ª REGIAO DE SAUDE,AL,Nordeste,2025,0,0,0,0,0,0,0,0,0,0,0,0,,,,,,,,
27007,7ª REGIAO DE SAUDE,AL,Nordeste,2007,3,0,3,3,3,2,0,1,2,0,0,0,0.0,0.3333333333333333,0.6666666666666666,0.0,0.0,0.0,0.6666666666666666,0.0
27007,7ª REGIAO DE SAUDE,AL,Nordeste,2008,2,0,1,2,2,0,0,1,0,1,0,0,0.0,0.5,0.0,0.5,0.0,0.0,0.0,0.0
27007,7ª REGIAO DE SAUDE,AL,Nordeste,2009,0,0,0,0,0,0,0,0,0,0,0,0,,,,,,,,
27007,7ª REGIAO DE SAUDE,AL,Nordeste,2010,1,0,1,1,1,1,0,1,0,0,0,0,0.0,1.0,0.0,0.0,0.0,0.0,1.0,0.0
27007,7ª REGIAO DE SAUDE,AL,Nordeste,2011,1,0,1,1,1,1,0,1,0,0,0,0,0.0,1.0,0.0,0.0,0.0,0.0,1.0,0.0
27007,7ª REGIAO DE SAUDE,AL,Nordeste,2012,1,0,1,1,1,1,0,1,0,0,0,0,0.0,1.0,0.0,0.0,0.0,0.0,1.0,0.0
27007,7ª REGIAO DE SAUDE,AL,Nordeste,2013,0,0,0,0,0,0,0,0,0,0,0,0,,,,,,,,
27007,7ª REGIAO DE SAUDE,AL,Nordeste,2014,1,0,1,1,1,1,0,1,0,0,0,0,0.0,1.0,0.0,0.0,0.0,0.0,1.0,0.0
27007,7ª REGIAO DE SAUDE,AL,Nordeste,2015,1,0,1,1,1,1,0,1,0,0,0,0,0.0,1.0,0.0,0.0,0.0,0.0,1.0,0.0
27007,7ª REGIAO DE SAUDE,AL,Nordeste,2016,0,0,0,0,0,0,0,0,0,0,0,0,,,,,,,,
27007,7ª REGIAO DE SAUDE,AL,Nordeste,2017,0,0,0,0,0,0,0,0,0,0,0,0,,,,,,,,
27007,7ª REGIAO DE SAUDE,AL,Nordeste,2018,1,0,0,1,1,1,0,0,1,0,0,0,0.0,0.0,1.0,0.0,0.0,0.0,1.0,0.0
27007,7ª REGIAO DE SAUDE,AL,Nordeste,2019,2,0,2,2,2,1,0,1,1,0,0,0,0.0,0.5,0.5,0.0,0.0,0.0,0.5,0.0
27007,7ª REGIAO DE SAUDE,AL,Nordeste,2020,0,0,0,0,0,0,0,0,0,0,0,0,,,,,,,,
27007,7ª REGIAO DE SAUDE,AL,Nordeste,2021,0,0,0,0,0,0,0,0,0,0,0,0,,,,,,,,
27007,7ª REGIAO DE SAUDE,AL,Nordeste,2022,0,0,0,0,0,0,0,0,0,0,0,0,,,,,,,,
27007,7ª REGIAO DE SAUDE,AL,Nordeste,2023,0,0,0,0,0,0,0,0,0,0,0,0,,,,,,,,
27007,7ª REGIAO DE SAUDE,AL,Nordeste,2024,1,0,0,1,1,1,0,0,1,0,0,0,0.0,0.0,1.0,0.0,0.0,0.0,1.0,0.0
27007,7ª REGIAO DE SAUDE,AL,Nordeste,2025,0,0,0,0,0,0,0,0,0,0,0,0,,,,,,,,
27008,8ª REGIAO DE SAUDE,AL,Nordeste,2007,1,0,1,1,1,1,0,0,1,0,0,0,0.0,0.0,1.0,0.0,0.0,0.0,1.0,0.0
27008,8ª REGIAO DE SAUDE,AL,Nordeste,2008,2,0,2,2,2,2,0,2,0,0,0,0,0.0,1.0,0.0,0.0,0.0,0.0,1.0,0.0
27008,8ª REGIAO DE SAUDE,AL,Nordeste,2009,1,0,1,1,1,1,0,0,0,0,1,0,0.0,0.0,0.0,0.0,1.0,0.0,1.0,1.0
27008,8ª REGIAO DE SAUDE,AL,Nordeste,2010,0,0,0,0,0,0,0,0,0,0,0,0,,,,,,,,
27008,8ª REGIAO DE SAUDE,AL,Nordeste,2011,1,0,1,1,1,1,0,0,1,0,0,0,0.0,0.0,1.0,0.0,0.0,0.0,1.0,0.0
27008,8ª REGIAO DE SAUDE,AL,Nordeste,2012,0,0,0,0,0,0,0,0,0,0,0,0,,,,,,,,
27008,8ª REGIAO DE SAUDE,AL,Nordeste,2013,2,0,2,2,2,2,0,1,1,0,0,0,0.0,0.5,0.5,0.0,0.0,0.0,1.0,0.0
27008,8ª REGIAO DE SAUDE,AL,Nordeste,2014,0,0,0,0,0,0,0,0,0,0,0,0,,,,,,,,
27008,8ª REGIAO DE SAUDE,AL,Nordeste,2015,0,0,0,0,0,0,0,0,0,0,0,0,,,,,,,,
27008,8ª REGIAO DE SAUDE,AL,Nordeste,2016,0,0,0,0,0,0,0,0,0,0,0,0,,,,,,,,
27008,8ª REGIAO DE SAUDE,AL,Nordeste,2017,0,0,0,0,0,0,0,0,0,0,0,0,,,,,,,,
27008,8ª REGIAO DE SAUDE,AL,Nordeste,2018,0,0,0,0,0,0,0,0,0,0,0,0,,,,,,,,
27008,8ª REGIAO DE SAUDE,AL,Nordeste,2019,0,0,0,0,0,0,0,0,0,0,0,0,,,,,,,,
27008,8ª REGIAO DE SAUDE,AL,Nordeste,2020,0,0,0,0,0,0,0,0,0,0,0,0,,,,,,,,
27008,8ª REGIAO DE SAUDE,AL,Nordeste,2021,1,0,1,1,1,1,0,1,0,0,0,0,0.0,1.0,0.0,0.0,0.0,0.0,1.0,0.0
27008,8ª REGIAO DE SAUDE,AL,Nordeste,2022,1,0,0,1,1,1,0,1,0,0,0,0,0.0,1.0,0.0,0.0,0.0,0.0,1.0,0.0
27008,8ª REGIAO DE SAUDE,AL,Nordeste,2023,0,0,0,0,0,0,0,0,0,0,0,0,,,,,,,,
27008,8ª REGIAO DE SAUDE,AL,Nordeste,2024,0,0,0,0,0,0,0,0,0,0,0,0,,,,,,,,
27008,8ª REGIAO DE SAUDE,AL,Nordeste,2025,0,0,0,0,0,0,0,0,0,0,0,0,,,,,,,,
27009,9ª REGIAO DE SAUDE,AL,Nordeste,2007,1,0,0,1,1,1,0,0,0,1,0,0,0.0,0.0,0.0,1.0,0.0,0.0,1.0,0.0
27009,9ª REGIAO DE SAUDE,AL,Nordeste,2008,1,0,0,1,1,1,0,0,1,0,0,0,0.0,0.0,1.0,0.0,0.0,0.0,1.0,0.0
27009,9ª REGIAO DE SAUDE,AL,Nordeste,2009,0,0,0,0,0,0,0,0,0,0,0,0,,,,,,,,
27009,9ª REGIAO DE SAUDE,AL,Nordeste,2010,1,0,1,1,1,1,0,0,0,1,0,0,0.0,0.0,0.0,1.0,0.0,0.0,1.0,0.0
27009,9ª REGIAO DE SAUDE,AL,Nordeste,2011,0,0,0,0,0,0,0,0,0,0,0,0,,,,,,,,
27009,9ª REGIAO DE SAUDE,AL,Nordeste,2012,0,0,0,0,0,0,0,0,0,0,0,0,,,,,,,,
27009,9ª REGIAO DE SAUDE,AL,Nordeste,2013,3,1,3,3,3,3,1,1,1,0,0,0,0.3333333333333333,0.3333333333333333,0.3333333333333333,0.0,0.0,0.0,1.0,0.0
27009,9ª REGIAO DE SAUDE,AL,Nordeste,2014,0,0,0,0,0,0,0,0,0,0,0,0,,,,,,,,
27009,9ª REGIAO DE SAUDE,AL,Nordeste,2015,1,0,1,1,1,0,0,1,0,0,0,0,0.0,1.0,0.0,0.0,0.0,0.0,0.0,0.0
27009,9ª REGIAO DE SAUDE,AL,Nordeste,2016,0,0,0,0,0,0,0,0,0,0,0,0,,,,,,,,
27009,9ª REGIAO DE SAUDE,AL,Nordeste,2017,0,0,0,0,0,0,0,0,0,0,0,0,,,,,,,,
27009,9ª REGIAO DE SAUDE,AL,Nordeste,2018,0,0,0,0,0,0,0,0,0,0,0,0,,,,,,,,
27009,9ª REGIAO DE SAUDE,AL,Nordeste,2019,0,0,0,0,0,0,0,0,0,0,0,0,,,,,,,,
27009,9ª REGIAO DE SAUDE,AL,Nordeste,2020,0,0,0,0,0,0,0,0,0,0,0,0,,,,,,,,
27009,9ª REGIAO DE SAUDE,AL,Nordeste,2021,0,0,0,0,0,0,0,0,0,0,0,0,,,,,,,,
27009,9ª REGIAO DE SAUDE,AL,Nordeste,2022,0,0,0,0,0,0,0,0,0,0,0,0,,,,,,,,
27009,9ª REGIAO DE SAUDE,AL,Nordeste,2023,1,1,1,1,1,0,0,0,1,0,0,0,0.0,0.0,1.0,0.0,0.0,0.0,0.0,0.0
27009,9ª REGIAO DE SAUDE,AL,Nordeste,2024,0,0,0,0,0,0,0,0,0,0,0,0,,,,,,,,
27009,9ª REGIAO DE SAUDE,AL,Nordeste,2025,0,0,0,0,0,0,0,0,0,0,0,0,,,,,,,,
27010,10ª REGIAO DE SAUDE,AL,Nordeste,2007,1,0,0,1,1,1,0,0,1,0,0,0,0.0,0.0,1.0,0.0,0.0,0.0,1.0,0.0
27010,10ª REGIAO DE SAUDE,AL,Nordeste,2008,1,0,1,1,1,1,0,0,1,0,0,0,0.0,0.0,1.0,0.0,0.0,0.0,1.0,0.0
27010,10ª REGIAO DE SAUDE,AL,Nordeste,2009,0,0,0,0,0,0,0,0,0,0,0,0,,,,,,,,
27010,10ª REGIAO DE SAUDE,AL,Nordeste,2010,0,0,0,0,0,0,0,0,0,0,0,0,,,,,,,,
27010,10ª REGIAO DE SAUDE,AL,Nordeste,2011,0,0,0,0,0,0,0,0,0,0,0,0,,,,,,,,
27010,10ª REGIAO DE SAUDE,AL,Nordeste,2012,0,0,0,0,0,0,0,0,0,0,0,0,,,,,,,,
27010,10ª REGIAO DE SAUDE,AL,Nordeste,2013,2,1,1,2,2,2,0,0,0,0,2,0,0.0,0.0,0.0,0.0,1.0,0.0,1.0,1.0
27010,10ª REGIAO DE SAUDE,AL,Nordeste,2014,0,0,0,0,0,0,0,0,0,0,0,0,,,,,,,,
27010,10ª REGIAO DE SAUDE,AL,Nordeste,2015,0,0,0,0,0,0,0,0,0,0,0,0,,,,,,,,
27010,10ª REGIAO DE SAUDE,AL,Nordeste,2016,0,0,0,0,0,0,0,0,0,0,0,0,,,,,,,,
27010,10ª REGIAO DE SAUDE,AL,Nordeste,2017,0,0,0,0,0,0,0,0,0,0,0,0,,,,,,,,
27010,10ª REGIAO DE SAUDE,AL,Nordeste,2018,0,0,0,0,0,0,0,0,0,0,0,0,,,,,,,,
27010,10ª REGIAO DE SAUDE,AL,Nordeste,2019,0,0,0,0,0,0,0,0,0,0,0,0,,,,,,,,
27010,10ª REGIAO DE SAUDE,AL,Nordeste,2020,0,0,0,0,0,0,0,0,0,0,0,0,,,,,,,,
27010,10ª REGIAO DE SAUDE,AL,Nordeste,2021,0,0,0,0,0,0,0,0,0,0,0,0,,,,,,,,
27010,10ª REGIAO DE SAUDE,AL,Nordeste,2022,2,1,2,2,2,2,0,0,1,1,0,0,0.0,0.0,0.5,0.5,0.0,0.0,1.0,0.0
27010,10ª REGIAO DE SAUDE,AL,Nordeste,2023,0,0,0,0,0,0,0,0,0,0,0,0,,,,,,,,
27010,10ª REGIAO DE SAUDE,AL,Nordeste,2024,2,0,1,2,2,2,0,2,0,0,0,0,0.0,1.0,0.0,0.0,0.0,0.0,1.0,0.0
27010,10ª REGIAO DE SAUDE,AL,Nordeste,2025,1,0,0,1,1,1,0,0,0,0,1,0,0.0,0.0,0.0,0.0,1.0,0.0,1.0,1.0
28001,ARACAJU,SE,Nordeste,2007,49,9,45,49,49,42,3,23,14,8,1,0,0.061224489795918366,0.46938775510204084,0.2857142857142857,0.16326530612244897,0.02040816326530612,0.0,0.8571428571428571,0.02040816326530612
28001,ARACAJU,SE,Nordeste,2008,37,9,36,37,37,32,3,7,16,10,0,1,0.08108108108108109,0.1891891891891892,0.43243243243243246,0.2702702702702703,0.0,0.02702702702702703,0.8648648648648649,0.02702702702702703
28001,ARACAJU,SE,Nordeste,2009,33,10,33,33,33,29,0,9,13,7,4,0,0.0,0.2727272727272727,0.3939393939393939,0.21212121212121213,0.12121212121212122,0.0,0.8787878787878788,0.12121212121212122
28001,ARACAJU,SE,Nordeste,2010,43,9,43,43,43,38,3,15,10,13,2,0,0.06976744186046512,0.3488372093023256,0.23255813953488372,0.3023255813953488,0.046511627906976744,0.0,0.8837209302325582,0.046511627906976744
28001,ARACAJU,SE,Nordeste,2011,31,11,31,31,31,27,2,9,9,5,4,2,0.06451612903225806,0.2903225806451613,0.2903225806451613,0.16129032258064516,0.12903225806451613,0.06451612903225806,0.8709677419354839,0.1935483870967742
28001,ARACAJU,SE,Nordeste,2012,18,5,16,18,18,13,1,4,5,4,1,3,0.05555555555555555,0.2222222222222222,0.2777777777777778,0.2222222222222222,0.05555555555555555,0.16666666666666666,0.7222222222222222,0.2222222222222222
28001,ARACAJU,SE,Nordeste,2013,15,4,15,15,15,13,1,3,5,5,1,0,0.06666666666666667,0.2,0.3333333333333333,0.3333333333333333,0.06666666666666667,0.0,0.8666666666666667,0.06666666666666667
28001,ARACAJU,SE,Nordeste,2014,24,6,23,24,24,17,1,6,6,5,3,3,0.041666666666666664,0.25,0.25,0.20833333333333334,0.125,0.125,0.7083333333333334,0.25
28001,ARACAJU,SE,Nordeste,2015,17,6,17,17,17,15,0,3,6,7,1,0,0.0,0.17647058823529413,0.35294117647058826,0.4117647058823529,0.058823529411764705,0.0,0.8823529411764706,0.058823529411764705
28001,ARACAJU,SE,Nordeste,2016,10,1,10,10,10,10,0,4,3,2,1,0,0.0,0.4,0.3,0.2,0.1,0.0,1.0,0.1
28001,ARACAJU,SE,Nordeste,2017,22,5,20,22,22,21,3,4,7,6,2,0,0.13636363636363635,0.18181818181818182,0.3181818181818182,0.2727272727272727,0.09090909090909091,0.0,0.9545454545454546,0.09090909090909091
28001,ARACAJU,SE,Nordeste,2018,10,2,9,10,10,7,1,2,4,1,0,2,0.1,0.2,0.4,0.1,0.0,0.2,0.7,0.2
28001,ARACAJU,SE,Nordeste,2019,13,2,12,13,13,9,3,3,4,3,0,0,0.23076923076923078,0.23076923076923078,0.3076923076923077,0.23076923076923078,0.0,0.0,0.6923076923076923,0.0
28001,ARACAJU,SE,Nordeste,2020,9,4,8,9,9,9,1,3,1,2,2,0,0.1111111111111111,0.3333333333333333,0.1111111111111111,0.2222222222222222,0.2222222222222222,0.0,1.0,0.2222222222222222
28001,ARACAJU,SE,Nordeste,2021,8,2,8,8,8,6,0,0,3,3,1,1,0.0,0.0,0.375,0.375,0.125,0.125,0.75,0.25
28001,ARACAJU,SE,Nordeste,2022,26,6,18,26,26,19,0,9,9,4,3,1,0.0,0.34615384615384615,0.34615384615384615,0.15384615384615385,0.11538461538461539,0.038461538461538464,0.7307692307692307,0.15384615384615385
28001,ARACAJU,SE,Nordeste,2023,22,3,17,22,22,17,0,5,12,3,1,1,0.0,0.22727272727272727,0.5454545454545454,0.13636363636363635,0.045454545454545456,0.045454545454545456,0.7727272727272727,0.09090909090909091
28001,ARACAJU,SE,Nordeste,2024,16,3,14,16,16,15,0,4,5,7,0,0,0.0,0.25,0.3125,0.4375,0.0,0.0,0.9375,0.0
28001,ARACAJU,SE,Nordeste,2025,17,3,17,17,17,15,0,3,7,5,2,0,0.0,0.17647058823529413,0.4117647058823529,0.29411764705882354,0.11764705882352941,0.0,0.8823529411764706,0.11764705882352941
28002,ESTANCIA,SE,Nordeste,2007,1,1,1,1,1,1,0,0,0,1,0,0,0.0,0.0,0.0,1.0,0.0,0.0,1.0,0.0
28002,ESTANCIA,SE,Nordeste,2008,2,0,2,2,2,2,1,0,1,0,0,0,0.5,0.0,0.5,0.0,0.0,0.0,1.0,0.0
28002,ESTANCIA,SE,Nordeste,2009,1,0,1,1,1,0,0,0,0,1,0,0,0.0,0.0,0.0,1.0,0.0,0.0,0.0,0.0
28002,ESTANCIA,SE,Nordeste,2010,1,0,1,1,1,1,0,0,0,0,1,0,0.0,0.0,0.0,0.0,1.0,0.0,1.0,1.0
28002,ESTANCIA,SE,Nordeste,2011,2,0,2,2,2,2,2,0,0,0,0,0,1.0,0.0,0.0,0.0,0.0,0.0,1.0,0.0
28002,ESTANCIA,SE,Nordeste,2012,0,0,0,0,0,0,0,0,0,0,0,0,,,,,,,,
28002,ESTANCIA,SE,Nordeste,2013,1,1,1,1,1,1,0,1,0,0,0,0,0.0,1.0,0.0,0.0,0.0,0.0,1.0,0.0
28002,ESTANCIA,SE,Nordeste,2014,2,0,2,2,2,2,0,0,1,1,0,0,0.0,0.0,0.5,0.5,0.0,0.0,1.0,0.0
28002,ESTANCIA,SE,Nordeste,2015,1,0,1,1,1,1,0,1,0,0,0,0,0.0,1.0,0.0,0.0,0.0,0.0,1.0,0.0
28002,ESTANCIA,SE,Nordeste,2016,0,0,0,0,0,0,0,0,0,0,0,0,,,,,,,,
28002,ESTANCIA,SE,Nordeste,2017,3,0,3,3,3,3,0,1,1,1,0,0,0.0,0.3333333333333333,0.3333333333333333,0.3333333333333333,0.0,0.0,1.0,0.0
28002,ESTANCIA,SE,Nordeste,2018,0,0,0,0,0,0,0,0,0,0,0,0,,,,,,,,
28002,ESTANCIA,SE,Nordeste,2019,1,0,1,1,1,0,0,1,0,0,0,0,0.0,1.0,0.0,0.0,0.0,0.0,0.0,0.0
28002,ESTANCIA,SE,Nordeste,2020,0,0,0,0,0,0,0,0,0,0,0,0,,,,,,,,
28002,ESTANCIA,SE,Nordeste,2021,0,0,0,0,0,0,0,0,0,0,0,0,,,,,,,,
28002,ESTANCIA,SE,Nordeste,2022,1,0,1,1,1,1,0,0,0,1,0,0,0.0,0.0,0.0,1.0,0.0,0.0,1.0,0.0
28002,ESTANCIA,SE,Nordeste,2023,0,0,0,0,0,0,0,0,0,0,0,0,,,,,,,,
28002,ESTANCIA,SE,Nordeste,2024,2,1,1,2,2,2,0,0,2,0,0,0,0.0,0.0,1.0,0.0,0.0,0.0,1.0,0.0
28002,ESTANCIA,SE,Nordeste,2025,2,0,1,2,2,2,0,0,1,0,1,0,0.0,0.0,0.5,0.0,0.5,0.0,1.0,0.5
28003,ITABAIANA,SE,Nordeste,2007,2,0,1,2,2,2,0,1,1,0,0,0,0.0,0.5,0.5,0.0,0.0,0.0,1.0,0.0
28003,ITABAIANA,SE,Nordeste,2008,1,1,1,1,1,1,0,0,0,0,1,0,0.0,0.0,0.0,0.0,1.0,0.0,1.0,1.0
28003,ITABAIANA,SE,Nordeste,2009,2,0,2,2,2,2,1,1,0,0,0,0,0.5,0.5,0.0,0.0,0.0,0.0,1.0,0.0
28003,ITABAIANA,SE,Nordeste,2010,2,1,2,2,2,1,0,2,0,0,0,0,0.0,1.0,0.0,0.0,0.0,0.0,0.5,0.0
28003,ITABAIANA,SE,Nordeste,2011,1,1,1,1,1,1,0,0,0,1,0,0,0.0,0.0,0.0,1.0,0.0,0.0,1.0,0.0
28003,ITABAIANA,SE,Nordeste,2012,1,0,1,1,1,1,1,0,0,0,0,0,1.0,0.0,0.0,0.0,0.0,0.0,1.0,0.0
28003,ITABAIANA,SE,Nordeste,2013,1,1,1,1,1,1,0,0,1,0,0,0,0.0,0.0,1.0,0.0,0.0,0.0,1.0,0.0
28003,ITABAIANA,SE,Nordeste,2014,2,1,1,2,2,2,0,1,0,1,0,0,0.0,0.5,0.0,0.5,0.0,0.0,1.0,0.0
28003,ITABAIANA,SE,Nordeste,2015,2,1,2,2,2,1,0,0,0,2,0,0,0.0,0.0,0.0,1.0,0.0,0.0,0.5,0.0
28003,ITABAIANA,SE,Nordeste,2016,0,0,0,0,0,0,0,0,0,0,0,0,,,,,,,,
28003,ITABAIANA,SE,Nordeste,2017,0,0,0,0,0,0,0,0,0,0,0,0,,,,,,,,
28003,ITABAIANA,SE,Nordeste,2018,4,0,4,4,4,2,0,1,1,2,0,0,0.0,0.25,0.25,0.5,0.0,0.0,0.5,0.0
28003,ITABAIANA,SE,Nordeste,2019,3,0,0,3,3,2,1,0,0,2,0,0,0.3333333333333333,0.0,0.0,0.6666666666666666,0.0,0.0,0.6666666666666666,0.0
28003,ITABAIANA,SE,Nordeste,2020,1,0,0,1,1,1,0,0,0,0,1,0,0.0,0.0,0.0,0.0,1.0,0.0,1.0,1.0
28003,ITABAIANA,SE,Nordeste,2021,0,0,0,0,0,0,0,0,0,0,0,0,,,,,,,,
28003,ITABAIANA,SE,Nordeste,2022,3,0,2,3,3,3,1,1,0,1,0,0,0.3333333333333333,0.3333333333333333,0.0,0.3333333333333333,0.0,0.0,1.0,0.0
28003,ITABAIANA,SE,Nordeste,2023,3,1,1,3,3,2,0,1,1,0,1,0,0.0,0.3333333333333333,0.3333333333333333,0.0,0.3333333333333333,0.0,0.6666666666666666,0.3333333333333333
28003,ITABAIANA,SE,Nordeste,2024,2,0,0,2,2,2,0,0,1,1,0,0,0.0,0.0,0.5,0.5,0.0,0.0,1.0,0.0
28003,ITABAIANA,SE,Nordeste,2025,3,0,0,3,3,2,0,1,0,2,0,0,0.0,0.3333333333333333,0.0,0.6666666666666666,0.0,0.0,0.6666666666666666,0.0
28004,LAGARTO,SE,Nordeste,2007,3,2,3,3,3,3,0,0,1,1,1,0,0.0,0.0,0.3333333333333333,0.3333333333333333,0.3333333333333333,0.0,1.0,0.3333333333333333
28004,LAGARTO,SE,Nordeste,2008,5,1,3,5,5,1,0,3,1,0,0,1,0.0,0.6,0.2,0.0,0.0,0.2,0.2,0.2
28004,LAGARTO,SE,Nordeste,2009,1,1,1,1,1,1,0,0,0,0,1,0,0.0,0.0,0.0,0.0,1.0,0.0,1.0,1.0
28004,LAGARTO,SE,Nordeste,2010,2,0,2,2,2,1,0,0,0,2,0,0,0.0,0.0,0.0,1.0,0.0,0.0,0.5,0.0
28004,LAGARTO,SE,Nordeste,2011,3,2,3,3,3,3,0,0,1,1,1,0,0.0,0.0,0.3333333333333333,0.3333333333333333,0.3333333333333333,0.0,1.0,0.3333333333333333
28004,LAGARTO,SE,Nordeste,2012,0,0,0,0,0,0,0,0,0,0,0,0,,,,,,,,
28004,LAGARTO,SE,Nordeste,2013,1,1,1,1,1,1,0,0,0,1,0,0,0.0,0.0,0.0,1.0,0.0,0.0,1.0,0.0
28004,LAGARTO,SE,Nordeste,2014,0,0,0,0,0,0,0,0,0,0,0,0,,,,,,,,
28004,LAGARTO,SE,Nordeste,2015,0,0,0,0,0,0,0,0,0,0,0,0,,,,,,,,
28004,LAGARTO,SE,Nordeste,2016,0,0,0,0,0,0,0,0,0,0,0,0,,,,,,,,
28004,LAGARTO,SE,Nordeste,2017,0,0,0,0,0,0,0,0,0,0,0,0,,,,,,,,
28004,LAGARTO,SE,Nordeste,2018,1,0,1,1,1,1,0,0,0,1,0,0,0.0,0.0,0.0,1.0,0.0,0.0,1.0,0.0
28004,LAGARTO,SE,Nordeste,2019,2,0,2,2,2,2,0,1,0,1,0,0,0.0,0.5,0.0,0.5,0.0,0.0,1.0,0.0
28004,LAGARTO,SE,Nordeste,2020,0,0,0,0,0,0,0,0,0,0,0,0,,,,,,,,
28004,LAGARTO,SE,Nordeste,2021,0,0,0,0,0,0,0,0,0,0,0,0,,,,,,,,
28004,LAGARTO,SE,Nordeste,2022,0,0,0,0,0,0,0,0,0,0,0,0,,,,,,,,
28004,LAGARTO,SE,Nordeste,2023,1,0,0,1,1,0,0,0,1,0,0,0,0.0,0.0,1.0,0.0,0.0,0.0,0.0,0.0
28004,LAGARTO,SE,Nordeste,2024,2,0,1,2,2,2,0,0,1,1,0,0,0.0,0.0,0.5,0.5,0.0,0.0,1.0,0.0
28004,LAGARTO,SE,Nordeste,2025,0,0,0,0,0,0,0,0,0,0,0,0,,,,,,,,
28005,NOSSA SENHORA DA GLORIA,SE,Nordeste,2007,1,0,0,1,1,1,0,0,0,1,0,0,0.0,0.0,0.0,1.0,0.0,0.0,1.0,0.0
28005,NOSSA SENHORA DA GLORIA,SE,Nordeste,2008,0,0,0,0,0,0,0,0,0,0,0,0,,,,,,,,
28005,NOSSA SENHORA DA GLORIA,SE,Nordeste,2009,0,0,0,0,0,0,0,0,0,0,0,0,,,,,,,,
28005,NOSSA SENHORA DA GLORIA,SE,Nordeste,2010,1,0,1,1,1,1,0,0,1,0,0,0,0.0,0.0,1.0,0.0,0.0,0.0,1.0,0.0
28005,NOSSA SENHORA DA GLORIA,SE,Nordeste,2011,1,0,1,1,1,0,0,0,0,1,0,0,0.0,0.0,0.0,1.0,0.0,0.0,0.0,0.0
28005,NOSSA SENHORA DA GLORIA,SE,Nordeste,2012,1,1,1,1,1,0,0,0,0,1,0,0,0.0,0.0,0.0,1.0,0.0,0.0,0.0,0.0
28005,NOSSA SENHORA DA GLORIA,SE,Nordeste,2013,0,0,0,0,0,0,0,0,0,0,0,0,,,,,,,,
28005,NOSSA SENHORA DA GLORIA,SE,Nordeste,2014,0,0,0,0,0,0,0,0,0,0,0,0,,,,,,,,
28005,NOSSA SENHORA DA GLORIA,SE,Nordeste,2015,1,1,1,1,1,1,0,0,1,0,0,0,0.0,0.0,1.0,0.0,0.0,0.0,1.0,0.0
28005,NOSSA SENHORA DA GLORIA,SE,Nordeste,2016,0,0,0,0,0,0,0,0,0,0,0,0,,,,,,,,
28005,NOSSA SENHORA DA GLORIA,SE,Nordeste,2017,0,0,0,0,0,0,0,0,0,0,0,0,,,,,,,,
28005,NOSSA SENHORA DA GLORIA,SE,Nordeste,2018,0,0,0,0,0,0,0,0,0,0,0,0,,,,,,,,
28005,NOSSA SENHORA DA GLORIA,SE,Nordeste,2019,0,0,0,0,0,0,0,0,0,0,0,0,,,,,,,,
28005,NOSSA SENHORA DA GLORIA,SE,Nordeste,2020,0,0,0,0,0,0,0,0,0,0,0,0,,,,,,,,
28005,NOSSA SENHORA DA GLORIA,SE,Nordeste,2021,0,0,0,0,0,0,0,0,0,0,0,0,,,,,,,,
28005,NOSSA SENHORA DA GLORIA,SE,Nordeste,2022,0,0,0,0,0,0,0,0,0,0,0,0,,,,,,,,
28005,NOSSA SENHORA DA GLORIA,SE,Nordeste,2023,1,0,1,1,1,1,1,0,0,0,0,0,1.0,0.0,0.0,0.0,0.0,0.0,1.0,0.0
28005,NOSSA SENHORA DA GLORIA,SE,Nordeste,2024,1,1,1,1,1,0,1,0,0,0,0,0,1.0,0.0,0.0,0.0,0.0,0.0,0.0,0.0
28005,NOSSA SENHORA DA GLORIA,SE,Nordeste,2025,0,0,0,0,0,0,0,0,0,0,0,0,,,,,,,,
28006,NOSSA SENHORA DO SOCORRO,SE,Nordeste,2007,25,8,23,25,25,22,3,9,5,6,1,1,0.12,0.36,0.2,0.24,0.04,0.04,0.88,0.08
28006,NOSSA SENHORA DO SOCORRO,SE,Nordeste,2008,23,1,23,23,23,19,1,12,7,3,0,0,0.043478260869565216,0.5217391304347826,0.30434782608695654,0.13043478260869565,0.0,0.0,0.8260869565217391,0.0
28006,NOSSA SENHORA DO SOCORRO,SE,Nordeste,2009,15,5,15,15,15,13,0,7,3,5,0,0,0.0,0.4666666666666667,0.2,0.3333333333333333,0.0,0.0,0.8666666666666667,0.0
28006,NOSSA SENHORA DO SOCORRO,SE,Nordeste,2010,16,1,15,16,16,15,1,7,3,5,0,0,0.0625,0.4375,0.1875,0.3125,0.0,0.0,0.9375,0.0
28006,NOSSA SENHORA DO SOCORRO,SE,Nordeste,2011,11,2,11,11,11,9,3,5,1,2,0,0,0.2727272727272727,0.45454545454545453,0.09090909090909091,0.18181818181818182,0.0,0.0,0.8181818181818182,0.0
28006,NOSSA SENHORA DO SOCORRO,SE,Nordeste,2012,14,5,14,14,14,12,0,5,3,3,1,2,0.0,0.35714285714285715,0.21428571428571427,0.21428571428571427,0.07142857142857142,0.14285714285714285,0.8571428571428571,0.21428571428571427
28006,NOSSA SENHORA DO SOCORRO,SE,Nordeste,2013,12,5,12,12,12,11,2,6,3,0,1,0,0.16666666666666666,0.5,0.25,0.0,0.08333333333333333,0.0,0.9166666666666666,0.08333333333333333
28006,NOSSA SENHORA DO SOCORRO,SE,Nordeste,2014,10,3,10,10,10,10,1,5,4,0,0,0,0.1,0.5,0.4,0.0,0.0,0.0,1.0,0.0
28006,NOSSA SENHORA DO SOCORRO,SE,Nordeste,2015,13,3,13,13,13,12,0,4,6,3,0,0,0.0,0.3076923076923077,0.46153846153846156,0.23076923076923078,0.0,0.0,0.9230769230769231,0.0
28006,NOSSA SENHORA DO SOCORRO,SE,Nordeste,2016,6,0,6,6,6,5,0,4,1,1,0,0,0.0,0.6666666666666666,0.16666666666666666,0.16666666666666666,0.0,0.0,0.8333333333333334,0.0
28006,NOSSA SENHORA DO SOCORRO,SE,Nordeste,2017,10,1,10,10,10,9,0,5,1,3,0,1,0.0,0.5,0.1,0.3,0.0,0.1,0.9,0.1
28006,NOSSA SENHORA DO SOCORRO,SE,Nordeste,2018,5,1,5,5,5,5,0,2,2,0,1,0,0.0,0.4,0.4,0.0,0.2,0.0,1.0,0.2
28006,NOSSA SENHORA DO SOCORRO,SE,Nordeste,2019,9,3,8,9,9,9,1,2,0,4,1,1,0.1111111111111111,0.2222222222222222,0.0,0.4444444444444444,0.1111111111111111,0.1111111111111111,1.0,0.2222222222222222
28006,NOSSA SENHORA DO SOCORRO,SE,Nordeste,2020,5,1,3,5,5,3,0,2,1,1,1,0,0.0,0.4,0.2,0.2,0.2,0.0,0.6,0.2
28006,NOSSA SENHORA DO SOCORRO,SE,Nordeste,2021,6,1,5,6,6,5,0,2,3,1,0,0,0.0,0.3333333333333333,0.5,0.16666666666666666,0.0,0.0,0.8333333333333334,0.0
28006,NOSSA SENHORA DO SOCORRO,SE,Nordeste,2022,10,2,9,10,10,9,0,3,3,3,1,0,0.0,0.3,0.3,0.3,0.1,0.0,0.9,0.1
28006,NOSSA SENHORA DO SOCORRO,SE,Nordeste,2023,11,3,11,11,11,9,0,3,2,3,3,0,0.0,0.2727272727272727,0.18181818181818182,0.2727272727272727,0.2727272727272727,0.0,0.8181818181818182,0.2727272727272727
28006,NOSSA SENHORA DO SOCORRO,SE,Nordeste,2024,7,1,6,7,7,5,0,3,2,2,0,0,0.0,0.42857142857142855,0.2857142857142857,0.2857142857142857,0.0,0.0,0.7142857142857143,0.0
28006,NOSSA SENHORA DO SOCORRO,SE,Nordeste,2025,4,1,4,4,4,2,1,0,1,2,0,0,0.25,0.0,0.25,0.5,0.0,0.0,0.5,0.0
28007,PROPRIA,SE,Nordeste,2007,4,0,4,4,4,3,0,3,0,1,0,0,0.0,0.75,0.0,0.25,0.0,0.0,0.75,0.0
28007,PROPRIA,SE,Nordeste,2008,4,0,4,4,4,4,1,0,0,3,0,0,0.25,0.0,0.0,0.75,0.0,0.0,1.0,0.0
28007,PROPRIA,SE,Nordeste,2009,4,0,4,4,4,2,0,1,0,3,0,0,0.0,0.25,0.0,0.75,0.0,0.0,0.5,0.0
28007,PROPRIA,SE,Nordeste,2010,6,1,6,6,6,2,0,1,2,2,1,0,0.0,0.16666666666666666,0.3333333333333333,0.3333333333333333,0.16666666666666666,0.0,0.3333333333333333,0.16666666666666666
28007,PROPRIA,SE,Nordeste,2011,1,1,1,1,1,1,0,0,1,0,0,0,0.0,0.0,1.0,0.0,0.0,0.0,1.0,0.0
28007,PROPRIA,SE,Nordeste,2012,0,0,0,0,0,0,0,0,0,0,0,0,,,,,,,,
28007,PROPRIA,SE,Nordeste,2013,1,0,1,1,1,1,0,1,0,0,0,0,0.0,1.0,0.0,0.0,0.0,0.0,1.0,0.0
28007,PROPRIA,SE,Nordeste,2014,3,2,3,3,3,1,0,0,1,2,0,0,0.0,0.0,0.3333333333333333,0.6666666666666666,0.0,0.0,0.3333333333333333,0.0
28007,PROPRIA,SE,Nordeste,2015,6,4,6,6,6,3,0,1,1,4,0,0,0.0,0.16666666666666666,0.16666666666666666,0.6666666666666666,0.0,0.0,0.5,0.0
28007,PROPRIA,SE,Nordeste,2016,1,1,1,1,1,0,0,1,0,0,0,0,0.0,1.0,0.0,0.0,0.0,0.0,0.0,0.0
28007,PROPRIA,SE,Nordeste,2017,0,0,0,0,0,0,0,0,0,0,0,0,,,,,,,,
28007,PROPRIA,SE,Nordeste,2018,1,0,1,1,1,1,0,1,0,0,0,0,0.0,1.0,0.0,0.0,0.0,0.0,1.0,0.0
28007,PROPRIA,SE,Nordeste,2019,0,0,0,0,0,0,0,0,0,0,0,0,,,,,,,,
28007,PROPRIA,SE,Nordeste,2020,0,0,0,0,0,0,0,0,0,0,0,0,,,,,,,,
28007,PROPRIA,SE,Nordeste,2021,1,0,1,1,1,1,0,1,0,0,0,0,0.0,1.0,0.0,0.0,0.0,0.0,1.0,0.0
28007,PROPRIA,SE,Nordeste,2022,0,0,0,0,0,0,0,0,0,0,0,0,,,,,,,,
28007,PROPRIA,SE,Nordeste,2023,1,1,1,1,1,1,0,0,1,0,0,0,0.0,0.0,1.0,0.0,0.0,0.0,1.0,0.0
28007,PROPRIA,SE,Nordeste,2024,0,0,0,0,0,0,0,0,0,0,0,0,,,,,,,,
28007,PROPRIA,SE,Nordeste,2025,3,1,3,3,3,3,1,0,0,2,0,0,0.3333333333333333,0.0,0.0,0.6666666666666666,0.0,0.0,1.0,0.0
29001,ALAGOINHAS,BA,Nordeste,2007,0,0,0,0,0,0,0,0,0,0,0,0,,,,,,,,
29001,ALAGOINHAS,BA,Nordeste,2008,0,0,0,0,0,0,0,0,0,0,0,0,,,,,,,,
29001,ALAGOINHAS,BA,Nordeste,2009,1,0,0,1,1,1,0,0,1,0,0,0,0.0,0.0,1.0,0.0,0.0,0.0,1.0,0.0
29001,ALAGOINHAS,BA,Nordeste,2010,2,0,2,2,2,2,0,0,2,0,0,0,0.0,0.0,1.0,0.0,0.0,0.0,1.0,0.0
29001,ALAGOINHAS,BA,Nordeste,2011,3,0,3,3,3,3,0,1,0,1,1,0,0.0,0.3333333333333333,0.0,0.3333333333333333,0.3333333333333333,0.0,1.0,0.3333333333333333
29001,ALAGOINHAS,BA,Nordeste,2012,0,0,0,0,0,0,0,0,0,0,0,0,,,,,,,,
29001,ALAGOINHAS,BA,Nordeste,2013,1,1,1,1,1,1,0,0,1,0,0,0,0.0,0.0,1.0,0.0,0.0,0.0,1.0,0.0
29001,ALAGOINHAS,BA,Nordeste,2014,2,0,1,2,2,2,0,2,0,0,0,0,0.0,1.0,0.0,0.0,0.0,0.0,1.0,0.0
29001,ALAGOINHAS,BA,Nordeste,2015,1,0,1,1,1,1,0,0,0,1,0,0,0.0,0.0,0.0,1.0,0.0,0.0,1.0,0.0
29001,ALAGOINHAS,BA,Nordeste,2016,0,0,0,0,0,0,0,0,0,0,0,0,,,,,,,,
29001,ALAGOINHAS,BA,Nordeste,2017,1,0,1,1,1,1,0,0,1,0,0,0,0.0,0.0,1.0,0.0,0.0,0.0,1.0,0.0
29001,ALAGOINHAS,BA,Nordeste,2018,0,0,0,0,0,0,0,0,0,0,0,0,,,,,,,,
29001,ALAGOINHAS,BA,Nordeste,2019,1,0,0,1,1,1,0,0,0,1,0,0,0.0,0.0,0.0,1.0,0.0,0.0,1.0,0.0
29001,ALAGOINHAS,BA,Nordeste,2020,1,0,1,1,1,1,0,1,0,0,0,0,0.0,1.0,0.0,0.0,0.0,0.0,1.0,0.0
29001,ALAGOINHAS,BA,Nordeste,2021,0,0,0,0,0,0,0,0,0,0,0,0,,,,,,,,
29001,ALAGOINHAS,BA,Nordeste,2022,0,0,0,0,0,0,0,0,0,0,0,0,,,,,,,,
29001,ALAGOINHAS,BA,Nordeste,2023,0,0,0,0,0,0,0,0,0,0,0,0,,,,,,,,
29001,ALAGOINHAS,BA,Nordeste,2024,1,0,1,1,1,1,0,1,0,0,0,0,0.0,1.0,0.0,0.0,0.0,0.0,1.0,0.0
29001,ALAGOINHAS,BA,Nordeste,2025,0,0,0,0,0,0,0,0,0,0,0,0,,,,,,,,
29002,BARREIRAS,BA,Nordeste,2007,0,0,0,0,0,0,0,0,0,0,0,0,,,,,,,,
29002,BARREIRAS,BA,Nordeste,2008,0,0,0,0,0,0,0,0,0,0,0,0,,,,,,,,
29002,BARREIRAS,BA,Nordeste,2009,0,0,0,0,0,0,0,0,0,0,0,0,,,,,,,,
29002,BARREIRAS,BA,Nordeste,2010,0,0,0,0,0,0,0,0,0,0,0,0,,,,,,,,
29002,BARREIRAS,BA,Nordeste,2011,0,0,0,0,0,0,0,0,0,0,0,0,,,,,,,,
29002,BARREIRAS,BA,Nordeste,2012,0,0,0,0,0,0,0,0,0,0,0,0,,,,,,,,
29002,BARREIRAS,BA,Nordeste,2013,0,0,0,0,0,0,0,0,0,0,0,0,,,,,,,,
29002,BARREIRAS,BA,Nordeste,2014,0,0,0,0,0,0,0,0,0,0,0,0,,,,,,,,
29002,BARREIRAS,BA,Nordeste,2015,0,0,0,0,0,0,0,0,0,0,0,0,,,,,,,,
29002,BARREIRAS,BA,Nordeste,2016,0,0,0,0,0,0,0,0,0,0,0,0,,,,,,,,
29002,BARREIRAS,BA,Nordeste,2017,0,0,0,0,0,0,0,0,0,0,0,0,,,,,,,,
29002,BARREIRAS,BA,Nordeste,2018,1,0,1,1,1,1,0,1,0,0,0,0,0.0,1.0,0.0,0.0,0.0,0.0,1.0,0.0
29002,BARREIRAS,BA,Nordeste,2019,3,0,1,3,3,3,0,1,2,0,0,0,0.0,0.3333333333333333,0.6666666666666666,0.0,0.0,0.0,1.0,0.0
29002,BARREIRAS,BA,Nordeste,2020,0,0,0,0,0,0,0,0,0,0,0,0,,,,,,,,
29002,BARREIRAS,BA,Nordeste,2021,0,0,0,0,0,0,0,0,0,0,0,0,,,,,,,,
29002,BARREIRAS,BA,Nordeste,2022,0,0,0,0,0,0,0,0,0,0,0,0,,,,,,,,
29002,BARREIRAS,BA,Nordeste,2023,0,0,0,0,0,0,0,0,0,0,0,0,,,,,,,,
29002,BARREIRAS,BA,Nordeste,2024,1,0,0,1,1,0,0,0,0,1,0,0,0.0,0.0,0.0,1.0,0.0,0.0,0.0,0.0
29002,BARREIRAS,BA,Nordeste,2025,0,0,0,0,0,0,0,0,0,0,0,0,,,,,,,,
29003,BRUMADO,BA,Nordeste,2007,0,0,0,0,0,0,0,0,0,0,0,0,,,,,,,,
29003,BRUMADO,BA,Nordeste,2008,0,0,0,0,0,0,0,0,0,0,0,0,,,,,,,,
29003,BRUMADO,BA,Nordeste,2009,0,0,0,0,0,0,0,0,0,0,0,0,,,,,,,,
29003,BRUMADO,BA,Nordeste,2010,0,0,0,0,0,0,0,0,0,0,0,0,,,,,,,,
29003,BRUMADO,BA,Nordeste,2011,0,0,0,0,0,0,0,0,0,0,0,0,,,,,,,,
29003,BRUMADO,BA,Nordeste,2012,0,0,0,0,0,0,0,0,0,0,0,0,,,,,,,,
29003,BRUMADO,BA,Nordeste,2013,0,0,0,0,0,0,0,0,0,0,0,0,,,,,,,,
29003,BRUMADO,BA,Nordeste,2014,0,0,0,0,0,0,0,0,0,0,0,0,,,,,,,,
29003,BRUMADO,BA,Nordeste,2015,1,0,1,1,1,1,0,0,0,1,0,0,0.0,0.0,0.0,1.0,0.0,0.0,1.0,0.0
29003,BRUMADO,BA,Nordeste,2016,0,0,0,0,0,0,0,0,0,0,0,0,,,,,,,,
29003,BRUMADO,BA,Nordeste,2017,0,0,0,0,0,0,0,0,0,0,0,0,,,,,,,,
29003,BRUMADO,BA,Nordeste,2018,2,0,2,2,2,2,0,1,1,0,0,0,0.0,0.5,0.5,0.0,0.0,0.0,1.0,0.0
29003,BRUMADO,BA,Nordeste,2019,1,0,1,1,1,1,0,1,0,0,0,0,0.0,1.0,0.0,0.0,0.0,0.0,1.0,0.0
29003,BRUMADO,BA,Nordeste,2020,0,0,0,0,0,0,0,0,0,0,0,0,,,,,,,,
29003,BRUMADO,BA,Nordeste,2021,0,0,0,0,0,0,0,0,0,0,0,0,,,,,,,,
29003,BRUMADO,BA,Nordeste,2022,0,0,0,0,0,0,0,0,0,0,0,0,,,,,,,,
29003,BRUMADO,BA,Nordeste,2023,0,0,0,0,0,0,0,0,0,0,0,0,,,,,,,,
29003,BRUMADO,BA,Nordeste,2024,0,0,0,0,0,0,0,0,0,0,0,0,,,,,,,,
29003,BRUMADO,BA,Nordeste,2025,0,0,0,0,0,0,0,0,0,0,0,0,,,,,,,,
29004,CAMACARI,BA,Nordeste,2007,4,1,4,4,4,2,1,1,0,1,0,1,0.25,0.25,0.0,0.25,0.0,0.25,0.5,0.25
29004,CAMACARI,BA,Nordeste,2008,1,0,1,1,1,1,0,1,0,0,0,0,0.0,1.0,0.0,0.0,0.0,0.0,1.0,0.0
29004,CAMACARI,BA,Nordeste,2009,9,0,8,9,9,9,0,4,2,3,0,0,0.0,0.4444444444444444,0.2222222222222222,0.3333333333333333,0.0,0.0,1.0,0.0
29004,CAMACARI,BA,Nordeste,2010,13,2,13,13,13,13,5,1,3,3,1,0,0.38461538461538464,0.07692307692307693,0.23076923076923078,0.23076923076923078,0.07692307692307693,0.0,1.0,0.07692307692307693
29004,CAMACARI,BA,Nordeste,2011,9,0,9,9,9,7,1,4,2,1,1,0,0.1111111111111111,0.4444444444444444,0.2222222222222222,0.1111111111111111,0.1111111111111111,0.0,0.7777777777777778,0.1111111111111111
29004,CAMACARI,BA,Nordeste,2012,7,0,7,7,7,6,1,2,2,1,1,0,0.14285714285714285,0.2857142857142857,0.2857142857142857,0.14285714285714285,0.14285714285714285,0.0,0.8571428571428571,0.14285714285714285
29004,CAMACARI,BA,Nordeste,2013,6,0,4,6,6,4,1,2,2,0,1,0,0.16666666666666666,0.3333333333333333,0.3333333333333333,0.0,0.16666666666666666,0.0,0.6666666666666666,0.16666666666666666
29004,CAMACARI,BA,Nordeste,2014,6,1,6,6,6,4,1,0,1,4,0,0,0.16666666666666666,0.0,0.16666666666666666,0.6666666666666666,0.0,0.0,0.6666666666666666,0.0
29004,CAMACARI,BA,Nordeste,2015,3,2,3,3,3,3,0,0,1,2,0,0,0.0,0.0,0.3333333333333333,0.6666666666666666,0.0,0.0,1.0,0.0
29004,CAMACARI,BA,Nordeste,2016,0,0,0,0,0,0,0,0,0,0,0,0,,,,,,,,
29004,CAMACARI,BA,Nordeste,2017,0,0,0,0,0,0,0,0,0,0,0,0,,,,,,,,
29004,CAMACARI,BA,Nordeste,2018,3,0,1,3,3,3,0,2,1,0,0,0,0.0,0.6666666666666666,0.3333333333333333,0.0,0.0,0.0,1.0,0.0
29004,CAMACARI,BA,Nordeste,2019,7,1,5,7,7,6,1,1,0,4,1,0,0.14285714285714285,0.14285714285714285,0.0,0.5714285714285714,0.14285714285714285,0.0,0.8571428571428571,0.14285714285714285
29004,CAMACARI,BA,Nordeste,2020,1,0,0,1,1,1,0,0,1,0,0,0,0.0,0.0,1.0,0.0,0.0,0.0,1.0,0.0
29004,CAMACARI,BA,Nordeste,2021,5,1,5,5,5,4,0,2,2,1,0,0,0.0,0.4,0.4,0.2,0.0,0.0,0.8,0.0
29004,CAMACARI,BA,Nordeste,2022,5,1,5,5,5,4,0,2,1,1,1,0,0.0,0.4,0.2,0.2,0.2,0.0,0.8,0.2
29004,CAMACARI,BA,Nordeste,2023,8,2,6,8,8,6,0,5,3,0,0,0,0.0,0.625,0.375,0.0,0.0,0.0,0.75,0.0
29004,CAMACARI,BA,Nordeste,2024,9,2,6,9,9,9,0,1,5,2,1,0,0.0,0.1111111111111111,0.5555555555555556,0.2222222222222222,0.1111111111111111,0.0,1.0,0.1111111111111111
29004,CAMACARI,BA,Nordeste,2025,11,2,8,11,11,10,3,1,4,3,0,0,0.2727272727272727,0.09090909090909091,0.36363636363636365,0.2727272727272727,0.0,0.0,0.9090909090909091,0.0
29005,CRUZ DAS ALMAS,BA,Nordeste,2007,1,0,1,1,1,1,0,0,1,0,0,0,0.0,0.0,1.0,0.0,0.0,0.0,1.0,0.0
29005,CRUZ DAS ALMAS,BA,Nordeste,2008,1,0,1,1,1,0,0,1,0,0,0,0,0.0,1.0,0.0,0.0,0.0,0.0,0.0,0.0
29005,CRUZ DAS ALMAS,BA,Nordeste,2009,1,0,1,1,1,1,0,0,0,1,0,0,0.0,0.0,0.0,1.0,0.0,0.0,1.0,0.0
29005,CRUZ DAS ALMAS,BA,Nordeste,2010,2,0,2,2,2,2,0,1,1,0,0,0,0.0,0.5,0.5,0.0,0.0,0.0,1.0,0.0
29005,CRUZ DAS ALMAS,BA,Nordeste,2011,1,0,1,1,1,0,0,0,0,1,0,0,0.0,0.0,0.0,1.0,0.0,0.0,0.0,0.0
29005,CRUZ DAS ALMAS,BA,Nordeste,2012,3,0,2,3,3,3,2,1,0,0,0,0,0.6666666666666666,0.3333333333333333,0.0,0.0,0.0,0.0,1.0,0.0
29005,CRUZ DAS ALMAS,BA,Nordeste,2013,0,0,0,0,0,0,0,0,0,0,0,0,,,,,,,,
29005,CRUZ DAS ALMAS,BA,Nordeste,2014,0,0,0,0,0,0,0,0,0,0,0,0,,,,,,,,
29005,CRUZ DAS ALMAS,BA,Nordeste,2015,1,0,1,1,1,0,1,0,0,0,0,0,1.0,0.0,0.0,0.0,0.0,0.0,0.0,0.0
29005,CRUZ DAS ALMAS,BA,Nordeste,2016,0,0,0,0,0,0,0,0,0,0,0,0,,,,,,,,
29005,CRUZ DAS ALMAS,BA,Nordeste,2017,3,0,3,3,3,3,0,0,2,1,0,0,0.0,0.0,0.6666666666666666,0.3333333333333333,0.0,0.0,1.0,0.0
29005,CRUZ DAS ALMAS,BA,Nordeste,2018,0,0,0,0,0,0,0,0,0,0,0,0,,,,,,,,
29005,CRUZ DAS ALMAS,BA,Nordeste,2019,0,0,0,0,0,0,0,0,0,0,0,0,,,,,,,,
29005,CRUZ DAS ALMAS,BA,Nordeste,2020,2,1,2,2,2,2,0,0,2,0,0,0,0.0,0.0,1.0,0.0,0.0,0.0,1.0,0.0
29005,CRUZ DAS ALMAS,BA,Nordeste,2021,0,0,0,0,0,0,0,0,0,0,0,0,,,,,,,,
29005,CRUZ DAS ALMAS,BA,Nordeste,2022,1,0,1,1,1,1,0,0,1,0,0,0,0.0,0.0,1.0,0.0,0.0,0.0,1.0,0.0
29005,CRUZ DAS ALMAS,BA,Nordeste,2023,2,0,2,2,2,2,2,0,0,0,0,0,1.0,0.0,0.0,0.0,0.0,0.0,1.0,0.0
29005,CRUZ DAS ALMAS,BA,Nordeste,2024,0,0,0,0,0,0,0,0,0,0,0,0,,,,,,,,
29005,CRUZ DAS ALMAS,BA,Nordeste,2025,1,0,0,1,1,1,0,1,0,0,0,0,0.0,1.0,0.0,0.0,0.0,0.0,1.0,0.0
29006,FEIRA DE SANTANA,BA,Nordeste,2007,3,1,3,3,3,3,0,1,1,0,0,1,0.0,0.3333333333333333,0.3333333333333333,0.0,0.0,0.3333333333333333,1.0,0.3333333333333333
29006,FEIRA DE SANTANA,BA,Nordeste,2008,3,1,3,3,3,2,0,0,0,2,0,1,0.0,0.0,0.0,0.6666666666666666,0.0,0.3333333333333333,0.6666666666666666,0.3333333333333333
29006,FEIRA DE SANTANA,BA,Nordeste,2009,1,0,1,1,1,1,0,0,0,1,0,0,0.0,0.0,0.0,1.0,0.0,0.0,1.0,0.0
29006,FEIRA DE SANTANA,BA,Nordeste,2010,1,1,1,1,1,1,0,1,0,0,0,0,0.0,1.0,0.0,0.0,0.0,0.0,1.0,0.0
29006,FEIRA DE SANTANA,BA,Nordeste,2011,4,1,4,4,4,3,1,1,2,0,0,0,0.25,0.25,0.5,0.0,0.0,0.0,0.75,0.0
29006,FEIRA DE SANTANA,BA,Nordeste,2012,4,2,3,4,4,4,2,1,1,0,0,0,0.5,0.25,0.25,0.0,0.0,0.0,1.0,0.0
29006,FEIRA DE SANTANA,BA,Nordeste,2013,6,0,6,6,6,6,1,2,2,1,0,0,0.16666666666666666,0.3333333333333333,0.3333333333333333,0.16666666666666666,0.0,0.0,1.0,0.0
29006,FEIRA DE SANTANA,BA,Nordeste,2014,2,1,2,2,2,2,0,1,1,0,0,0,0.0,0.5,0.5,0.0,0.0,0.0,1.0,0.0
29006,FEIRA DE SANTANA,BA,Nordeste,2015,1,0,1,1,1,1,0,1,0,0,0,0,0.0,1.0,0.0,0.0,0.0,0.0,1.0,0.0
29006,FEIRA DE SANTANA,BA,Nordeste,2016,2,0,2,2,2,1,0,0,1,1,0,0,0.0,0.0,0.5,0.5,0.0,0.0,0.5,0.0
29006,FEIRA DE SANTANA,BA,Nordeste,2017,6,0,3,6,6,3,2,1,3,0,0,0,0.3333333333333333,0.16666666666666666,0.5,0.0,0.0,0.0,0.5,0.0
29006,FEIRA DE SANTANA,BA,Nordeste,2018,2,0,2,2,2,1,0,1,0,1,0,0,0.0,0.5,0.0,0.5,0.0,0.0,0.5,0.0
29006,FEIRA DE SANTANA,BA,Nordeste,2019,3,1,3,3,3,1,0,2,0,1,0,0,0.0,0.6666666666666666,0.0,0.3333333333333333,0.0,0.0,0.3333333333333333,0.0
29006,FEIRA DE SANTANA,BA,Nordeste,2020,0,0,0,0,0,0,0,0,0,0,0,0,,,,,,,,
29006,FEIRA DE SANTANA,BA,Nordeste,2021,2,0,2,2,2,0,1,0,0,1,0,0,0.5,0.0,0.0,0.5,0.0,0.0,0.0,0.0
29006,FEIRA DE SANTANA,BA,Nordeste,2022,7,0,4,7,7,4,1,4,0,1,1,0,0.14285714285714285,0.5714285714285714,0.0,0.14285714285714285,0.14285714285714285,0.0,0.5714285714285714,0.14285714285714285
29006,FEIRA DE SANTANA,BA,Nordeste,2023,6,2,4,6,6,6,0,2,0,4,0,0,0.0,0.3333333333333333,0.0,0.6666666666666666,0.0,0.0,1.0,0.0
29006,FEIRA DE SANTANA,BA,Nordeste,2024,6,0,5,6,6,4,0,1,4,1,0,0,0.0,0.16666666666666666,0.6666666666666666,0.16666666666666666,0.0,0.0,0.6666666666666666,0.0
29006,FEIRA DE SANTANA,BA,Nordeste,2025,3,0,2,3,3,3,3,0,0,0,0,0,1.0,0.0,0.0,0.0,0.0,0.0,1.0,0.0
29007,GUANAMBI,BA,Nordeste,2007,0,0,0,0,0,0,0,0,0,0,0,0,,,,,,,,
29007,GUANAMBI,BA,Nordeste,2008,1,0,1,1,1,0,0,1,0,0,0,0,0.0,1.0,0.0,0.0,0.0,0.0,0.0,0.0
29007,GUANAMBI,BA,Nordeste,2009,0,0,0,0,0,0,0,0,0,0,0,0,,,,,,,,
29007,GUANAMBI,BA,Nordeste,2010,2,0,2,2,2,2,0,0,2,0,0,0,0.0,0.0,1.0,0.0,0.0,0.0,1.0,0.0
29007,GUANAMBI,BA,Nordeste,2011,0,0,0,0,0,0,0,0,0,0,0,0,,,,,,,,
29007,GUANAMBI,BA,Nordeste,2012,0,0,0,0,0,0,0,0,0,0,0,0,,,,,,,,
29007,GUANAMBI,BA,Nordeste,2013,3,1,3,3,3,2,0,1,2,0,0,0,0.0,0.3333333333333333,0.6666666666666666,0.0,0.0,0.0,0.6666666666666666,0.0
29007,GUANAMBI,BA,Nordeste,2014,0,0,0,0,0,0,0,0,0,0,0,0,,,,,,,,
29007,GUANAMBI,BA,Nordeste,2015,0,0,0,0,0,0,0,0,0,0,0,0,,,,,,,,
29007,GUANAMBI,BA,Nordeste,2016,0,0,0,0,0,0,0,0,0,0,0,0,,,,,,,,
29007,GUANAMBI,BA,Nordeste,2017,0,0,0,0,0,0,0,0,0,0,0,0,,,,,,,,
29007,GUANAMBI,BA,Nordeste,2018,0,0,0,0,0,0,0,0,0,0,0,0,,,,,,,,
29007,GUANAMBI,BA,Nordeste,2019,1,0,0,1,1,1,0,1,0,0,0,0,0.0,1.0,0.0,0.0,0.0,0.0,1.0,0.0
29007,GUANAMBI,BA,Nordeste,2020,1,0,1,1,1,1,0,0,1,0,0,0,0.0,0.0,1.0,0.0,0.0,0.0,1.0,0.0
29007,GUANAMBI,BA,Nordeste,2021,0,0,0,0,0,0,0,0,0,0,0,0,,,,,,,,
29007,GUANAMBI,BA,Nordeste,2022,0,0,0,0,0,0,0,0,0,0,0,0,,,,,,,,
29007,GUANAMBI,BA,Nordeste,2023,0,0,0,0,0,0,0,0,0,0,0,0,,,,,,,,
29007,GUANAMBI,BA,Nordeste,2024,0,0,0,0,0,0,0,0,0,0,0,0,,,,,,,,
29007,GUANAMBI,BA,Nordeste,2025,0,0,0,0,0,0,0,0,0,0,0,0,,,,,,,,
29008,IBOTIRAMA,BA,Nordeste,2007,0,0,0,0,0,0,0,0,0,0,0,0,,,,,,,,
29008,IBOTIRAMA,BA,Nordeste,2008,1,0,1,1,1,1,0,0,1,0,0,0,0.0,0.0,1.0,0.0,0.0,0.0,1.0,0.0
29008,IBOTIRAMA,BA,Nordeste,2009,0,0,0,0,0,0,0,0,0,0,0,0,,,,,,,,
29008,IBOTIRAMA,BA,Nordeste,2010,0,0,0,0,0,0,0,0,0,0,0,0,,,,,,,,
29008,IBOTIRAMA,BA,Nordeste,2011,0,0,0,0,0,0,0,0,0,0,0,0,,,,,,,,
29008,IBOTIRAMA,BA,Nordeste,2012,0,0,0,0,0,0,0,0,0,0,0,0,,,,,,,,
29008,IBOTIRAMA,BA,Nordeste,2013,0,0,0,0,0,0,0,0,0,0,0,0,,,,,,,,
29008,IBOTIRAMA,BA,Nordeste,2014,0,0,0,0,0,0,0,0,0,0,0,0,,,,,,,,
29008,IBOTIRAMA,BA,Nordeste,2015,1,0,1,1,1,1,0,0,0,1,0,0,0.0,0.0,0.0,1.0,0.0,0.0,1.0,0.0
29008,IBOTIRAMA,BA,Nordeste,2016,0,0,0,0,0,0,0,0,0,0,0,0,,,,,,,,
29008,IBOTIRAMA,BA,Nordeste,2017,0,0,0,0,0,0,0,0,0,0,0,0,,,,,,,,
29008,IBOTIRAMA,BA,Nordeste,2018,0,0,0,0,0,0,0,0,0,0,0,0,,,,,,,,
29008,IBOTIRAMA,BA,Nordeste,2019,1,0,1,1,1,1,0,1,0,0,0,0,0.0,1.0,0.0,0.0,0.0,0.0,1.0,0.0
29008,IBOTIRAMA,BA,Nordeste,2020,0,0,0,0,0,0,0,0,0,0,0,0,,,,,,,,
29008,IBOTIRAMA,BA,Nordeste,2021,0,0,0,0,0,0,0,0,0,0,0,0,,,,,,,,
29008,IBOTIRAMA,BA,Nordeste,2022,0,0,0,0,0,0,0,0,0,0,0,0,,,,,,,,
29008,IBOTIRAMA,BA,Nordeste,2023,0,0,0,0,0,0,0,0,0,0,0,0,,,,,,,,
29008,IBOTIRAMA,BA,Nordeste,2024,0,0,0,0,0,0,0,0,0,0,0,0,,,,,,,,
29008,IBOTIRAMA,BA,Nordeste,2025,0,0,0,0,0,0,0,0,0,0,0,0,,,,,,,,
29009,ILHEUS,BA,Nordeste,2007,25,2,24,25,25,20,5,12,5,3,0,0,0.2,0.48,0.2,0.12,0.0,0.0,0.8,0.0
29009,ILHEUS,BA,Nordeste,2008,24,1,24,24,24,16,3,10,6,5,0,0,0.125,0.4166666666666667,0.25,0.20833333333333334,0.0,0.0,0.6666666666666666,0.0
29009,ILHEUS,BA,Nordeste,2009,17,5,16,17,17,12,1,6,3,3,3,1,0.058823529411764705,0.35294117647058826,0.17647058823529413,0.17647058823529413,0.17647058823529413,0.058823529411764705,0.7058823529411765,0.23529411764705882
29009,ILHEUS,BA,Nordeste,2010,10,3,9,10,10,8,2,2,4,1,1,0,0.2,0.2,0.4,0.1,0.1,0.0,0.8,0.1
29009,ILHEUS,BA,Nordeste,2011,17,2,17,17,17,13,2,4,5,5,1,0,0.11764705882352941,0.23529411764705882,0.29411764705882354,0.29411764705882354,0.058823529411764705,0.0,0.7647058823529411,0.058823529411764705
29009,ILHEUS,BA,Nordeste,2012,8,1,8,8,8,5,0,0,5,2,0,1,0.0,0.0,0.625,0.25,0.0,0.125,0.625,0.125
29009,ILHEUS,BA,Nordeste,2013,17,0,17,17,17,13,0,9,3,4,0,1,0.0,0.5294117647058824,0.17647058823529413,0.23529411764705882,0.0,0.058823529411764705,0.7647058823529411,0.058823529411764705
29009,ILHEUS,BA,Nordeste,2014,16,3,14,16,16,10,1,8,1,4,2,0,0.0625,0.5,0.0625,0.25,0.125,0.0,0.625,0.125
29009,ILHEUS,BA,Nordeste,2015,10,1,6,10,10,7,1,3,3,2,1,0,0.1,0.3,0.3,0.2,0.1,0.0,0.7,0.1
29009,ILHEUS,BA,Nordeste,2016,4,0,4,4,4,4,0,2,2,0,0,0,0.0,0.5,0.5,0.0,0.0,0.0,1.0,0.0
29009,ILHEUS,BA,Nordeste,2017,5,0,5,5,5,5,1,0,3,1,0,0,0.2,0.0,0.6,0.2,0.0,0.0,1.0,0.0
29009,ILHEUS,BA,Nordeste,2018,6,2,5,6,6,4,0,1,2,1,0,2,0.0,0.16666666666666666,0.3333333333333333,0.16666666666666666,0.0,0.3333333333333333,0.6666666666666666,0.3333333333333333
29009,ILHEUS,BA,Nordeste,2019,8,0,8,8,8,7,0,2,3,3,0,0,0.0,0.25,0.375,0.375,0.0,0.0,0.875,0.0
29009,ILHEUS,BA,Nordeste,2020,2,1,1,2,2,1,0,0,2,0,0,0,0.0,0.0,1.0,0.0,0.0,0.0,0.5,0.0
29009,ILHEUS,BA,Nordeste,2021,2,0,2,2,2,2,0,1,0,0,1,0,0.0,0.5,0.0,0.0,0.5,0.0,1.0,0.5
29009,ILHEUS,BA,Nordeste,2022,9,0,8,9,9,7,0,1,2,2,3,1,0.0,0.1111111111111111,0.2222222222222222,0.2222222222222222,0.3333333333333333,0.1111111111111111,0.7777777777777778,0.4444444444444444
29009,ILHEUS,BA,Nordeste,2023,11,1,9,11,11,5,0,3,2,2,3,1,0.0,0.2727272727272727,0.18181818181818182,0.18181818181818182,0.2727272727272727,0.09090909090909091,0.45454545454545453,0.36363636363636365
29009,ILHEUS,BA,Nordeste,2024,18,2,15,18,18,17,2,3,3,6,4,0,0.1111111111111111,0.16666666666666666,0.16666666666666666,0.3333333333333333,0.2222222222222222,0.0,0.9444444444444444,0.2222222222222222
29009,ILHEUS,BA,Nordeste,2025,2,0,2,2,2,2,0,1,1,0,0,0,0.0,0.5,0.5,0.0,0.0,0.0,1.0,0.0
29010,IRECE,BA,Nordeste,2007,0,0,0,0,0,0,0,0,0,0,0,0,,,,,,,,
29010,IRECE,BA,Nordeste,2008,1,0,1,1,1,1,0,0,0,1,0,0,0.0,0.0,0.0,1.0,0.0,0.0,1.0,0.0
29010,IRECE,BA,Nordeste,2009,0,0,0,0,0,0,0,0,0,0,0,0,,,,,,,,
29010,IRECE,BA,Nordeste,2010,0,0,0,0,0,0,0,0,0,0,0,0,,,,,,,,
29010,IRECE,BA,Nordeste,2011,0,0,0,0,0,0,0,0,0,0,0,0,,,,,,,,
29010,IRECE,BA,Nordeste,2012,0,0,0,0,0,0,0,0,0,0,0,0,,,,,,,,
29010,IRECE,BA,Nordeste,2013,0,0,0,0,0,0,0,0,0,0,0,0,,,,,,,,
29010,IRECE,BA,Nordeste,2014,0,0,0,0,0,0,0,0,0,0,0,0,,,,,,,,
29010,IRECE,BA,Nordeste,2015,0,0,0,0,0,0,0,0,0,0,0,0,,,,,,,,
29010,IRECE,BA,Nordeste,2016,0,0,0,0,0,0,0,0,0,0,0,0,,,,,,,,
29010,IRECE,BA,Nordeste,2017,2,0,1,2,2,2,1,0,0,0,0,1,0.5,0.0,0.0,0.0,0.0,0.5,1.0,0.5
29010,IRECE,BA,Nordeste,2018,1,0,0,1,1,1,0,0,1,0,0,0,0.0,0.0,1.0,0.0,0.0,0.0,1.0,0.0
29010,IRECE,BA,Nordeste,2019,1,0,0,1,1,1,0,0,1,0,0,0,0.0,0.0,1.0,0.0,0.0,0.0,1.0,0.0
29010,IRECE,BA,Nordeste,2020,0,0,0,0,0,0,0,0,0,0,0,0,,,,,,,,
29010,IRECE,BA,Nordeste,2021,1,0,1,1,1,1,0,1,0,0,0,0,0.0,1.0,0.0,0.0,0.0,0.0,1.0,0.0
29010,IRECE,BA,Nordeste,2022,1,0,1,1,1,1,1,0,0,0,0,0,1.0,0.0,0.0,0.0,0.0,0.0,1.0,0.0
29010,IRECE,BA,Nordeste,2023,1,0,1,1,1,1,0,1,0,0,0,0,0.0,1.0,0.0,0.0,0.0,0.0,1.0,0.0
29010,IRECE,BA,Nordeste,2024,1,0,1,1,1,0,0,0,1,0,0,0,0.0,0.0,1.0,0.0,0.0,0.0,0.0,0.0
29010,IRECE,BA,Nordeste,2025,0,0,0,0,0,0,0,0,0,0,0,0,,,,,,,,
29011,ITABERABA,BA,Nordeste,2007,0,0,0,0,0,0,0,0,0,0,0,0,,,,,,,,
29011,ITABERABA,BA,Nordeste,2008,0,0,0,0,0,0,0,0,0,0,0,0,,,,,,,,
29011,ITABERABA,BA,Nordeste,2009,0,0,0,0,0,0,0,0,0,0,0,0,,,,,,,,
29011,ITABERABA,BA,Nordeste,2010,0,0,0,0,0,0,0,0,0,0,0,0,,,,,,,,
29011,ITABERABA,BA,Nordeste,2011,0,0,0,0,0,0,0,0,0,0,0,0,,,,,,,,
29011,ITABERABA,BA,Nordeste,2012,0,0,0,0,0,0,0,0,0,0,0,0,,,,,,,,
29011,ITABERABA,BA,Nordeste,2013,0,0,0,0,0,0,0,0,0,0,0,0,,,,,,,,
29011,ITABERABA,BA,Nordeste,2014,0,0,0,0,0,0,0,0,0,0,0,0,,,,,,,,
29011,ITABERABA,BA,Nordeste,2015,0,0,0,0,0,0,0,0,0,0,0,0,,,,,,,,
29011,ITABERABA,BA,Nordeste,2016,0,0,0,0,0,0,0,0,0,0,0,0,,,,,,,,
29011,ITABERABA,BA,Nordeste,2017,1,0,0,1,1,1,0,0,1,0,0,0,0.0,0.0,1.0,0.0,0.0,0.0,1.0,0.0
29011,ITABERABA,BA,Nordeste,2018,0,0,0,0,0,0,0,0,0,0,0,0,,,,,,,,
29011,ITABERABA,BA,Nordeste,2019,0,0,0,0,0,0,0,0,0,0,0,0,,,,,,,,
29011,ITABERABA,BA,Nordeste,2020,1,0,1,1,1,1,0,0,0,0,0,1,0.0,0.0,0.0,0.0,0.0,1.0,1.0,1.0
29011,ITABERABA,BA,Nordeste,2021,0,0,0,0,0,0,0,0,0,0,0,0,,,,,,,,
29011,ITABERABA,BA,Nordeste,2022,0,0,0,0,0,0,0,0,0,0,0,0,,,,,,,,
29011,ITABERABA,BA,Nordeste,2023,0,0,0,0,0,0,0,0,0,0,0,0,,,,,,,,
29011,ITABERABA,BA,Nordeste,2024,0,0,0,0,0,0,0,0,0,0,0,0,,,,,,,,
29011,ITABERABA,BA,Nordeste,2025,0,0,0,0,0,0,0,0,0,0,0,0,,,,,,,,
29012,ITABUNA,BA,Nordeste,2007,8,2,4,8,8,7,0,3,2,3,0,0,0.0,0.375,0.25,0.375,0.0,0.0,0.875,0.0
29012,ITABUNA,BA,Nordeste,2008,5,0,4,5,5,3,1,0,0,3,0,1,0.2,0.0,0.0,0.6,0.0,0.2,0.6,0.2
29012,ITABUNA,BA,Nordeste,2009,14,6,14,14,14,10,0,5,4,3,1,1,0.0,0.35714285714285715,0.2857142857142857,0.21428571428571427,0.07142857142857142,0.07142857142857142,0.7142857142857143,0.14285714285714285
29012,ITABUNA,BA,Nordeste,2010,22,4,22,22,22,18,2,9,5,5,1,0,0.09090909090909091,0.4090909090909091,0.22727272727272727,0.22727272727272727,0.045454545454545456,0.0,0.8181818181818182,0.045454545454545456
29012,ITABUNA,BA,Nordeste,2011,9,3,8,9,9,8,0,5,2,2,0,0,0.0,0.5555555555555556,0.2222222222222222,0.2222222222222222,0.0,0.0,0.8888888888888888,0.0
29012,ITABUNA,BA,Nordeste,2012,3,0,2,3,3,3,0,1,1,0,1,0,0.0,0.3333333333333333,0.3333333333333333,0.0,0.3333333333333333,0.0,1.0,0.3333333333333333
29012,ITABUNA,BA,Nordeste,2013,7,2,7,7,7,6,1,2,1,1,2,0,0.14285714285714285,0.2857142857142857,0.14285714285714285,0.14285714285714285,0.2857142857142857,0.0,0.8571428571428571,0.2857142857142857
29012,ITABUNA,BA,Nordeste,2014,15,3,15,15,15,12,1,3,6,3,0,2,0.06666666666666667,0.2,0.4,0.2,0.0,0.13333333333333333,0.8,0.13333333333333333
29012,ITABUNA,BA,Nordeste,2015,4,2,4,4,4,4,0,1,1,2,0,0,0.0,0.25,0.25,0.5,0.0,0.0,1.0,0.0
29012,ITABUNA,BA,Nordeste,2016,3,1,3,3,3,3,0,0,1,1,1,0,0.0,0.0,0.3333333333333333,0.3333333333333333,0.3333333333333333,0.0,1.0,0.3333333333333333
29012,ITABUNA,BA,Nordeste,2017,4,0,4,4,4,4,0,2,0,2,0,0,0.0,0.5,0.0,0.5,0.0,0.0,1.0,0.0
29012,ITABUNA,BA,Nordeste,2018,1,1,1,1,1,0,0,0,1,0,0,0,0.0,0.0,1.0,0.0,0.0,0.0,0.0,0.0
29012,ITABUNA,BA,Nordeste,2019,3,0,2,3,3,3,0,0,0,3,0,0,0.0,0.0,0.0,1.0,0.0,0.0,1.0,0.0
29012,ITABUNA,BA,Nordeste,2020,2,1,2,2,2,2,0,0,1,0,1,0,0.0,0.0,0.5,0.0,0.5,0.0,1.0,0.5
29012,ITABUNA,BA,Nordeste,2021,5,2,5,5,5,4,0,2,1,1,1,0,0.0,0.4,0.2,0.2,0.2,0.0,0.8,0.2
29012,ITABUNA,BA,Nordeste,2022,17,1,17,17,17,14,0,5,7,5,0,0,0.0,0.29411764705882354,0.4117647058823529,0.29411764705882354,0.0,0.0,0.8235294117647058,0.0
29012,ITABUNA,BA,Nordeste,2023,4,0,4,4,4,2,0,1,1,0,2,0,0.0,0.25,0.25,0.0,0.5,0.0,0.5,0.5
29012,ITABUNA,BA,Nordeste,2024,11,0,10,11,11,9,1,2,2,2,1,3,0.09090909090909091,0.18181818181818182,0.18181818181818182,0.18181818181818182,0.09090909090909091,0.2727272727272727,0.8181818181818182,0.36363636363636365
29012,ITABUNA,BA,Nordeste,2025,2,0,2,2,2,1,0,0,2,0,0,0,0.0,0.0,1.0,0.0,0.0,0.0,0.5,0.0
29013,ITAPETINGA,BA,Nordeste,2007,0,0,0,0,0,0,0,0,0,0,0,0,,,,,,,,
29013,ITAPETINGA,BA,Nordeste,2008,0,0,0,0,0,0,0,0,0,0,0,0,,,,,,,,
29013,ITAPETINGA,BA,Nordeste,2009,0,0,0,0,0,0,0,0,0,0,0,0,,,,,,,,
29013,ITAPETINGA,BA,Nordeste,2010,0,0,0,0,0,0,0,0,0,0,0,0,,,,,,,,
29013,ITAPETINGA,BA,Nordeste,2011,0,0,0,0,0,0,0,0,0,0,0,0,,,,,,,,
29013,ITAPETINGA,BA,Nordeste,2012,0,0,0,0,0,0,0,0,0,0,0,0,,,,,,,,
29013,ITAPETINGA,BA,Nordeste,2013,1,0,1,1,1,1,0,0,0,1,0,0,0.0,0.0,0.0,1.0,0.0,0.0,1.0,0.0
29013,ITAPETINGA,BA,Nordeste,2014,0,0,0,0,0,0,0,0,0,0,0,0,,,,,,,,
29013,ITAPETINGA,BA,Nordeste,2015,1,0,1,1,1,1,0,0,1,0,0,0,0.0,0.0,1.0,0.0,0.0,0.0,1.0,0.0
29013,ITAPETINGA,BA,Nordeste,2016,0,0,0,0,0,0,0,0,0,0,0,0,,,,,,,,
29013,ITAPETINGA,BA,Nordeste,2017,0,0,0,0,0,0,0,0,0,0,0,0,,,,,,,,
29013,ITAPETINGA,BA,Nordeste,2018,0,0,0,0,0,0,0,0,0,0,0,0,,,,,,,,
29013,ITAPETINGA,BA,Nordeste,2019,0,0,0,0,0,0,0,0,0,0,0,0,,,,,,,,
29013,ITAPETINGA,BA,Nordeste,2020,0,0,0,0,0,0,0,0,0,0,0,0,,,,,,,,
29013,ITAPETINGA,BA,Nordeste,2021,1,1,1,1,1,0,0,1,0,0,0,0,0.0,1.0,0.0,0.0,0.0,0.0,0.0,0.0
29013,ITAPETINGA,BA,Nordeste,2022,1,0,1,1,1,0,0,0,0,1,0,0,0.0,0.0,0.0,1.0,0.0,0.0,0.0,0.0
29013,ITAPETINGA,BA,Nordeste,2023,0,0,0,0,0,0,0,0,0,0,0,0,,,,,,,,
29013,ITAPETINGA,BA,Nordeste,2024,0,0,0,0,0,0,0,0,0,0,0,0,,,,,,,,
29013,ITAPETINGA,BA,Nordeste,2025,1,0,1,1,1,1,0,0,0,1,0,0,0.0,0.0,0.0,1.0,0.0,0.0,1.0,0.0
29014,JACOBINA,BA,Nordeste,2007,1,1,1,1,1,1,0,0,1,0,0,0,0.0,0.0,1.0,0.0,0.0,0.0,1.0,0.0
29014,JACOBINA,BA,Nordeste,2008,0,0,0,0,0,0,0,0,0,0,0,0,,,,,,,,
29014,JACOBINA,BA,Nordeste,2009,0,0,0,0,0,0,0,0,0,0,0,0,,,,,,,,
29014,JACOBINA,BA,Nordeste,2010,1,0,0,1,1,1,1,0,0,0,0,0,1.0,0.0,0.0,0.0,0.0,0.0,1.0,0.0
29014,JACOBINA,BA,Nordeste,2011,0,0,0,0,0,0,0,0,0,0,0,0,,,,,,,,
29014,JACOBINA,BA,Nordeste,2012,0,0,0,0,0,0,0,0,0,0,0,0,,,,,,,,
29014,JACOBINA,BA,Nordeste,2013,1,0,0,1,1,1,0,1,0,0,0,0,0.0,1.0,0.0,0.0,0.0,0.0,1.0,0.0
29014,JACOBINA,BA,Nordeste,2014,0,0,0,0,0,0,0,0,0,0,0,0,,,,,,,,
29014,JACOBINA,BA,Nordeste,2015,0,0,0,0,0,0,0,0,0,0,0,0,,,,,,,,
29014,JACOBINA,BA,Nordeste,2016,0,0,0,0,0,0,0,0,0,0,0,0,,,,,,,,
29014,JACOBINA,BA,Nordeste,2017,0,0,0,0,0,0,0,0,0,0,0,0,,,,,,,,
29014,JACOBINA,BA,Nordeste,2018,0,0,0,0,0,0,0,0,0,0,0,0,,,,,,,,
29014,JACOBINA,BA,Nordeste,2019,1,0,0,1,1,1,0,0,0,0,1,0,0.0,0.0,0.0,0.0,1.0,0.0,1.0,1.0
29014,JACOBINA,BA,Nordeste,2020,1,0,1,1,1,1,0,0,1,0,0,0,0.0,0.0,1.0,0.0,0.0,0.0,1.0,0.0
29014,JACOBINA,BA,Nordeste,2021,1,0,1,1,1,0,0,0,1,0,0,0,0.0,0.0,1.0,0.0,0.0,0.0,0.0,0.0
29014,JACOBINA,BA,Nordeste,2022,0,0,0,0,0,0,0,0,0,0,0,0,,,,,,,,
29014,JACOBINA,BA,Nordeste,2023,0,0,0,0,0,0,0,0,0,0,0,0,,,,,,,,
29014,JACOBINA,BA,Nordeste,2024,0,0,0,0,0,0,0,0,0,0,0,0,,,,,,,,
29014,JACOBINA,BA,Nordeste,2025,0,0,0,0,0,0,0,0,0,0,0,0,,,,,,,,
29015,JEQUIE,BA,Nordeste,2007,0,0,0,0,0,0,0,0,0,0,0,0,,,,,,,,
29015,JEQUIE,BA,Nordeste,2008,1,1,1,1,1,0,0,0,0,1,0,0,0.0,0.0,0.0,1.0,0.0,0.0,0.0,0.0
29015,JEQUIE,BA,Nordeste,2009,0,0,0,0,0,0,0,0,0,0,0,0,,,,,,,,
29015,JEQUIE,BA,Nordeste,2010,1,0,1,1,1,1,0,0,0,0,1,0,0.0,0.0,0.0,0.0,1.0,0.0,1.0,1.0
29015,JEQUIE,BA,Nordeste,2011,3,0,3,3,3,2,1,1,0,1,0,0,0.3333333333333333,0.3333333333333333,0.0,0.3333333333333333,0.0,0.0,0.6666666666666666,0.0
29015,JEQUIE,BA,Nordeste,2012,3,0,3,3,3,2,0,2,1,0,0,0,0.0,0.6666666666666666,0.3333333333333333,0.0,0.0,0.0,0.6666666666666666,0.0
29015,JEQUIE,BA,Nordeste,2013,2,0,2,2,2,2,0,0,0,2,0,0,0.0,0.0,0.0,1.0,0.0,0.0,1.0,0.0
29015,JEQUIE,BA,Nordeste,2014,3,0,3,3,3,2,0,1,1,1,0,0,0.0,0.3333333333333333,0.3333333333333333,0.3333333333333333,0.0,0.0,0.6666666666666666,0.0
29015,JEQUIE,BA,Nordeste,2015,1,0,1,1,1,1,0,0,1,0,0,0,0.0,0.0,1.0,0.0,0.0,0.0,1.0,0.0
29015,JEQUIE,BA,Nordeste,2016,2,0,1,2,2,0,0,0,2,0,0,0,0.0,0.0,1.0,0.0,0.0,0.0,0.0,0.0
29015,JEQUIE,BA,Nordeste,2017,2,0,1,2,2,2,0,0,1,1,0,0,0.0,0.0,0.5,0.5,0.0,0.0,1.0,0.0
29015,JEQUIE,BA,Nordeste,2018,1,0,1,1,1,1,0,0,0,1,0,0,0.0,0.0,0.0,1.0,0.0,0.0,1.0,0.0
29015,JEQUIE,BA,Nordeste,2019,2,0,2,2,2,1,0,0,1,1,0,0,0.0,0.0,0.5,0.5,0.0,0.0,0.5,0.0
29015,JEQUIE,BA,Nordeste,2020,4,1,4,4,4,3,0,2,1,0,1,0,0.0,0.5,0.25,0.0,0.25,0.0,0.75,0.25
29015,JEQUIE,BA,Nordeste,2021,2,0,2,2,2,2,0,1,1,0,0,0,0.0,0.5,0.5,0.0,0.0,0.0,1.0,0.0
29015,JEQUIE,BA,Nordeste,2022,8,2,8,8,8,5,0,1,2,3,2,0,0.0,0.125,0.25,0.375,0.25,0.0,0.625,0.25
29015,JEQUIE,BA,Nordeste,2023,5,0,4,5,5,3,0,1,1,1,0,2,0.0,0.2,0.2,0.2,0.0,0.4,0.6,0.4
29015,JEQUIE,BA,Nordeste,2024,3,0,2,3,3,0,0,0,2,1,0,0,0.0,0.0,0.6666666666666666,0.3333333333333333,0.0,0.0,0.0,0.0
29015,JEQUIE,BA,Nordeste,2025,4,0,3,4,4,3,0,0,3,0,1,0,0.0,0.0,0.75,0.0,0.25,0.0,0.75,0.25
29016,JUAZEIRO,BA,Nordeste,2007,1,0,1,1,1,1,0,0,1,0,0,0,0.0,0.0,1.0,0.0,0.0,0.0,1.0,0.0
29016,JUAZEIRO,BA,Nordeste,2008,0,0,0,0,0,0,0,0,0,0,0,0,,,,,,,,
29016,JUAZEIRO,BA,Nordeste,2009,0,0,0,0,0,0,0,0,0,0,0,0,,,,,,,,
29016,JUAZEIRO,BA,Nordeste,2010,0,0,0,0,0,0,0,0,0,0,0,0,,,,,,,,
29016,JUAZEIRO,BA,Nordeste,2011,0,0,0,0,0,0,0,0,0,0,0,0,,,,,,,,
29016,JUAZEIRO,BA,Nordeste,2012,0,0,0,0,0,0,0,0,0,0,0,0,,,,,,,,
29016,JUAZEIRO,BA,Nordeste,2013,0,0,0,0,0,0,0,0,0,0,0,0,,,,,,,,
29016,JUAZEIRO,BA,Nordeste,2014,1,0,1,1,1,1,0,0,0,1,0,0,0.0,0.0,0.0,1.0,0.0,0.0,1.0,0.0
29016,JUAZEIRO,BA,Nordeste,2015,0,0,0,0,0,0,0,0,0,0,0,0,,,,,,,,
29016,JUAZEIRO,BA,Nordeste,2016,1,0,1,1,1,0,1,0,0,0,0,0,1.0,0.0,0.0,0.0,0.0,0.0,0.0,0.0
29016,JUAZEIRO,BA,Nordeste,2017,1,0,1,1,1,1,1,0,0,0,0,0,1.0,0.0,0.0,0.0,0.0,0.0,1.0,0.0
29016,JUAZEIRO,BA,Nordeste,2018,0,0,0,0,0,0,0,0,0,0,0,0,,,,,,,,
29016,JUAZEIRO,BA,Nordeste,2019,0,0,0,0,0,0,0,0,0,0,0,0,,,,,,,,
29016,JUAZEIRO,BA,Nordeste,2020,0,0,0,0,0,0,0,0,0,0,0,0,,,,,,,,
29016,JUAZEIRO,BA,Nordeste,2021,0,0,0,0,0,0,0,0,0,0,0,0,,,,,,,,
29016,JUAZEIRO,BA,Nordeste,2022,1,0,0,1,1,0,0,0,1,0,0,0,0.0,0.0,1.0,0.0,0.0,0.0,0.0,0.0
29016,JUAZEIRO,BA,Nordeste,2023,1,0,1,1,1,1,0,0,0,1,0,0,0.0,0.0,0.0,1.0,0.0,0.0,1.0,0.0
29016,JUAZEIRO,BA,Nordeste,2024,0,0,0,0,0,0,0,0,0,0,0,0,,,,,,,,
29016,JUAZEIRO,BA,Nordeste,2025,0,0,0,0,0,0,0,0,0,0,0,0,,,,,,,,
29017,PAULO AFONSO,BA,Nordeste,2007,1,0,1,1,1,0,0,1,0,0,0,0,0.0,1.0,0.0,0.0,0.0,0.0,0.0,0.0
29017,PAULO AFONSO,BA,Nordeste,2008,1,0,1,1,1,1,0,0,1,0,0,0,0.0,0.0,1.0,0.0,0.0,0.0,1.0,0.0
29017,PAULO AFONSO,BA,Nordeste,2009,0,0,0,0,0,0,0,0,0,0,0,0,,,,,,,,
29017,PAULO AFONSO,BA,Nordeste,2010,0,0,0,0,0,0,0,0,0,0,0,0,,,,,,,,
29017,PAULO AFONSO,BA,Nordeste,2011,0,0,0,0,0,0,0,0,0,0,0,0,,,,,,,,
29017,PAULO AFONSO,BA,Nordeste,2012,0,0,0,0,0,0,0,0,0,0,0,0,,,,,,,,
29017,PAULO AFONSO,BA,Nordeste,2013,0,0,0,0,0,0,0,0,0,0,0,0,,,,,,,,
29017,PAULO AFONSO,BA,Nordeste,2014,0,0,0,0,0,0,0,0,0,0,0,0,,,,,,,,
29017,PAULO AFONSO,BA,Nordeste,2015,0,0,0,0,0,0,0,0,0,0,0,0,,,,,,,,
29017,PAULO AFONSO,BA,Nordeste,2016,0,0,0,0,0,0,0,0,0,0,0,0,,,,,,,,
29017,PAULO AFONSO,BA,Nordeste,2017,0,0,0,0,0,0,0,0,0,0,0,0,,,,,,,,
29017,PAULO AFONSO,BA,Nordeste,2018,0,0,0,0,0,0,0,0,0,0,0,0,,,,,,,,
29017,PAULO AFONSO,BA,Nordeste,2019,0,0,0,0,0,0,0,0,0,0,0,0,,,,,,,,
29017,PAULO AFONSO,BA,Nordeste,2020,0,0,0,0,0,0,0,0,0,0,0,0,,,,,,,,
29017,PAULO AFONSO,BA,Nordeste,2021,0,0,0,0,0,0,0,0,0,0,0,0,,,,,,,,
29017,PAULO AFONSO,BA,Nordeste,2022,0,0,0,0,0,0,0,0,0,0,0,0,,,,,,,,
29017,PAULO AFONSO,BA,Nordeste,2023,0,0,0,0,0,0,0,0,0,0,0,0,,,,,,,,
29017,PAULO AFONSO,BA,Nordeste,2024,0,0,0,0,0,0,0,0,0,0,0,0,,,,,,,,
29017,PAULO AFONSO,BA,Nordeste,2025,0,0,0,0,0,0,0,0,0,0,0,0,,,,,,,,
29018,PORTO SEGURO,BA,Nordeste,2007,8,1,8,8,8,6,1,4,2,1,0,0,0.125,0.5,0.25,0.125,0.0,0.0,0.75,0.0
29018,PORTO SEGURO,BA,Nordeste,2008,5,2,5,5,3,2,1,0,2,0,1,1,0.2,0.0,0.4,0.0,0.2,0.2,0.6666666666666666,0.4
29018,PORTO SEGURO,BA,Nordeste,2009,4,0,4,4,3,2,0,1,2,0,0,1,0.0,0.25,0.5,0.0,0.0,0.25,0.6666666666666666,0.25
29018,PORTO SEGURO,BA,Nordeste,2010,2,1,2,2,2,0,0,0,0,2,0,0,0.0,0.0,0.0,1.0,0.0,0.0,0.0,0.0
29018,PORTO SEGURO,BA,Nordeste,2011,10,4,10,10,10,6,1,5,1,3,0,0,0.1,0.5,0.1,0.3,0.0,0.0,0.6,0.0
29018,PORTO SEGURO,BA,Nordeste,2012,10,4,10,10,10,5,1,1,0,4,2,2,0.1,0.1,0.0,0.4,0.2,0.2,0.5,0.4
29018,PORTO SEGURO,BA,Nordeste,2013,5,1,5,5,5,1,0,0,3,2,0,0,0.0,0.0,0.6,0.4,0.0,0.0,0.2,0.0
29018,PORTO SEGURO,BA,Nordeste,2014,1,0,1,1,1,1,0,0,0,1,0,0,0.0,0.0,0.0,1.0,0.0,0.0,1.0,0.0
29018,PORTO SEGURO,BA,Nordeste,2015,0,0,0,0,0,0,0,0,0,0,0,0,,,,,,,,
29018,PORTO SEGURO,BA,Nordeste,2016,1,0,1,1,1,1,0,0,1,0,0,0,0.0,0.0,1.0,0.0,0.0,0.0,1.0,0.0
29018,PORTO SEGURO,BA,Nordeste,2017,0,0,0,0,0,0,0,0,0,0,0,0,,,,,,,,
29018,PORTO SEGURO,BA,Nordeste,2018,2,0,2,2,2,2,0,2,0,0,0,0,0.0,1.0,0.0,0.0,0.0,0.0,1.0,0.0
29018,PORTO SEGURO,BA,Nordeste,2019,3,0,2,3,3,3,0,2,1,0,0,0,0.0,0.6666666666666666,0.3333333333333333,0.0,0.0,0.0,1.0,0.0
29018,PORTO SEGURO,BA,Nordeste,2020,1,0,1,1,1,1,0,1,0,0,0,0,0.0,1.0,0.0,0.0,0.0,0.0,1.0,0.0
29018,PORTO SEGURO,BA,Nordeste,2021,0,0,0,0,0,0,0,0,0,0,0,0,,,,,,,,
29018,PORTO SEGURO,BA,Nordeste,2022,7,1,7,7,7,6,1,2,2,1,0,1,0.14285714285714285,0.2857142857142857,0.2857142857142857,0.14285714285714285,0.0,0.14285714285714285,0.8571428571428571,0.14285714285714285
29018,PORTO SEGURO,BA,Nordeste,2023,3,0,3,3,3,2,0,3,0,0,0,0,0.0,1.0,0.0,0.0,0.0,0.0,0.6666666666666666,0.0
29018,PORTO SEGURO,BA,Nordeste,2024,3,0,3,3,3,3,0,2,0,0,1,0,0.0,0.6666666666666666,0.0,0.0,0.3333333333333333,0.0,1.0,0.3333333333333333
29018,PORTO SEGURO,BA,Nordeste,2025,6,2,4,6,6,6,0,2,1,2,1,0,0.0,0.3333333333333333,0.16666666666666666,0.3333333333333333,0.16666666666666666,0.0,1.0,0.16666666666666666
29019,RIBEIRA DO POMBAL,BA,Nordeste,2007,1,1,1,1,1,0,0,1,0,0,0,0,0.0,1.0,0.0,0.0,0.0,0.0,0.0,0.0
29019,RIBEIRA DO POMBAL,BA,Nordeste,2008,0,0,0,0,0,0,0,0,0,0,0,0,,,,,,,,
29019,RIBEIRA DO POMBAL,BA,Nordeste,2009,0,0,0,0,0,0,0,0,0,0,0,0,,,,,,,,
29019,RIBEIRA DO POMBAL,BA,Nordeste,2010,1,0,1,1,1,1,0,1,0,0,0,0,0.0,1.0,0.0,0.0,0.0,0.0,1.0,0.0
29019,RIBEIRA DO POMBAL,BA,Nordeste,2011,0,0,0,0,0,0,0,0,0,0,0,0,,,,,,,,
29019,RIBEIRA DO POMBAL,BA,Nordeste,2012,0,0,0,0,0,0,0,0,0,0,0,0,,,,,,,,
29019,RIBEIRA DO POMBAL,BA,Nordeste,2013,0,0,0,0,0,0,0,0,0,0,0,0,,,,,,,,
29019,RIBEIRA DO POMBAL,BA,Nordeste,2014,0,0,0,0,0,0,0,0,0,0,0,0,,,,,,,,
29019,RIBEIRA DO POMBAL,BA,Nordeste,2015,0,0,0,0,0,0,0,0,0,0,0,0,,,,,,,,
29019,RIBEIRA DO POMBAL,BA,Nordeste,2016,1,0,1,1,1,0,0,0,0,1,0,0,0.0,0.0,0.0,1.0,0.0,0.0,0.0,0.0
29019,RIBEIRA DO POMBAL,BA,Nordeste,2017,1,0,1,1,1,1,0,0,0,1,0,0,0.0,0.0,0.0,1.0,0.0,0.0,1.0,0.0
29019,RIBEIRA DO POMBAL,BA,Nordeste,2018,0,0,0,0,0,0,0,0,0,0,0,0,,,,,,,,
29019,RIBEIRA DO POMBAL,BA,Nordeste,2019,1,0,1,1,1,1,0,0,1,0,0,0,0.0,0.0,1.0,0.0,0.0,0.0,1.0,0.0
29019,RIBEIRA DO POMBAL,BA,Nordeste,2020,0,0,0,0,0,0,0,0,0,0,0,0,,,,,,,,
29019,RIBEIRA DO POMBAL,BA,Nordeste,2021,0,0,0,0,0,0,0,0,0,0,0,0,,,,,,,,
29019,RIBEIRA DO POMBAL,BA,Nordeste,2022,0,0,0,0,0,0,0,0,0,0,0,0,,,,,,,,
29019,RIBEIRA DO POMBAL,BA,Nordeste,2023,0,0,0,0,0,0,0,0,0,0,0,0,,,,,,,,
29019,RIBEIRA DO POMBAL,BA,Nordeste,2024,1,0,1,1,1,0,0,0,1,0,0,0,0.0,0.0,1.0,0.0,0.0,0.0,0.0,0.0
29019,RIBEIRA DO POMBAL,BA,Nordeste,2025,0,0,0,0,0,0,0,0,0,0,0,0,,,,,,,,
29020,SALVADOR,BA,Nordeste,2007,64,11,63,64,64,52,2,22,18,20,2,0,0.03125,0.34375,0.28125,0.3125,0.03125,0.0,0.8125,0.03125
29020,SALVADOR,BA,Nordeste,2008,66,12,66,66,66,53,4,26,20,12,4,0,0.06060606060606061,0.3939393939393939,0.30303030303030304,0.18181818181818182,0.06060606060606061,0.0,0.803030303030303,0.06060606060606061
29020,SALVADOR,BA,Nordeste,2009,102,13,81,102,102,89,10,35,25,28,3,1,0.09803921568627451,0.3431372549019608,0.24509803921568626,0.27450980392156865,0.029411764705882353,0.00980392156862745,0.8725490196078431,0.0392156862745098
29020,SALVADOR,BA,Nordeste,2010,138,18,132,138,138,113,13,47,37,32,7,2,0.09420289855072464,0.34057971014492755,0.26811594202898553,0.2318840579710145,0.050724637681159424,0.014492753623188406,0.8188405797101449,0.06521739130434782
29020,SALVADOR,BA,Nordeste,2011,106,9,96,106,106,93,6,30,42,20,4,4,0.05660377358490566,0.2830188679245283,0.39622641509433965,0.18867924528301888,0.03773584905660377,0.03773584905660377,0.8773584905660378,0.07547169811320754
29020,SALVADOR,BA,Nordeste,2012,52,4,47,52,52,43,6,13,17,10,6,0,0.11538461538461539,0.25,0.3269230769230769,0.19230769230769232,0.11538461538461539,0.0,0.8269230769230769,0.11538461538461539
29020,SALVADOR,BA,Nordeste,2013,126,19,114,126,126,107,16,33,46,19,8,4,0.12698412698412698,0.2619047619047619,0.36507936507936506,0.15079365079365079,0.06349206349206349,0.031746031746031744,0.8492063492063492,0.09523809523809523
29020,SALVADOR,BA,Nordeste,2014,64,6,57,64,64,55,3,21,20,12,7,1,0.046875,0.328125,0.3125,0.1875,0.109375,0.015625,0.859375,0.125
29020,SALVADOR,BA,Nordeste,2015,87,15,81,87,87,70,3,32,24,19,6,3,0.034482758620689655,0.367816091954023,0.27586206896551724,0.21839080459770116,0.06896551724137931,0.034482758620689655,0.8045977011494253,0.10344827586206896
29020,SALVADOR,BA,Nordeste,2016,37,8,29,37,37,34,1,10,10,12,2,2,0.02702702702702703,0.2702702702702703,0.2702702702702703,0.32432432432432434,0.05405405405405406,0.05405405405405406,0.918918918918919,0.10810810810810811
29020,SALVADOR,BA,Nordeste,2017,43,5,38,43,43,38,2,12,15,8,3,3,0.046511627906976744,0.27906976744186046,0.3488372093023256,0.18604651162790697,0.06976744186046512,0.06976744186046512,0.8837209302325582,0.13953488372093023
29020,SALVADOR,BA,Nordeste,2018,46,6,38,46,46,42,0,20,10,8,7,1,0.0,0.43478260869565216,0.21739130434782608,0.17391304347826086,0.15217391304347827,0.021739130434782608,0.9130434782608695,0.17391304347826086
29020,SALVADOR,BA,Nordeste,2019,53,10,46,53,53,45,0,16,17,14,5,1,0.0,0.3018867924528302,0.32075471698113206,0.2641509433962264,0.09433962264150944,0.018867924528301886,0.8490566037735849,0.11320754716981132
29020,SALVADOR,BA,Nordeste,2020,41,8,36,41,41,31,1,9,15,9,5,2,0.024390243902439025,0.21951219512195122,0.36585365853658536,0.21951219512195122,0.12195121951219512,0.04878048780487805,0.7560975609756098,0.17073170731707316
29020,SALVADOR,BA,Nordeste,2021,45,10,42,45,45,40,0,15,11,15,4,0,0.0,0.3333333333333333,0.24444444444444444,0.3333333333333333,0.08888888888888889,0.0,0.8888888888888888,0.08888888888888889
29020,SALVADOR,BA,Nordeste,2022,70,18,56,70,70,60,4,16,26,18,4,2,0.05714285714285714,0.22857142857142856,0.37142857142857144,0.2571428571428571,0.05714285714285714,0.02857142857142857,0.8571428571428571,0.08571428571428572
29020,SALVADOR,BA,Nordeste,2023,81,7,63,81,81,63,3,29,20,19,8,2,0.037037037037037035,0.35802469135802467,0.24691358024691357,0.2345679012345679,0.09876543209876543,0.024691358024691357,0.7777777777777778,0.12345679012345678
29020,SALVADOR,BA,Nordeste,2024,89,11,72,89,89,79,1,21,32,21,10,4,0.011235955056179775,0.23595505617977527,0.3595505617977528,0.23595505617977527,0.11235955056179775,0.0449438202247191,0.8876404494382022,0.15730337078651685
29020,SALVADOR,BA,Nordeste,2025,67,13,54,67,67,57,4,15,25,14,8,1,0.05970149253731343,0.22388059701492538,0.373134328358209,0.208955223880597,0.11940298507462686,0.014925373134328358,0.8507462686567164,0.13432835820895522
29021,SANTA MARIA DA VITORIA,BA,Nordeste,2007,0,0,0,0,0,0,0,0,0,0,0,0,,,,,,,,
29021,SANTA MARIA DA VITORIA,BA,Nordeste,2008,0,0,0,0,0,0,0,0,0,0,0,0,,,,,,,,
29021,SANTA MARIA DA VITORIA,BA,Nordeste,2009,0,0,0,0,0,0,0,0,0,0,0,0,,,,,,,,
29021,SANTA MARIA DA VITORIA,BA,Nordeste,2010,0,0,0,0,0,0,0,0,0,0,0,0,,,,,,,,
29021,SANTA MARIA DA VITORIA,BA,Nordeste,2011,0,0,0,0,0,0,0,0,0,0,0,0,,,,,,,,
29021,SANTA MARIA DA VITORIA,BA,Nordeste,2012,0,0,0,0,0,0,0,0,0,0,0,0,,,,,,,,
29021,SANTA MARIA DA VITORIA,BA,Nordeste,2013,0,0,0,0,0,0,0,0,0,0,0,0,,,,,,,,
29021,SANTA MARIA DA VITORIA,BA,Nordeste,2014,0,0,0,0,0,0,0,0,0,0,0,0,,,,,,,,
29021,SANTA MARIA DA VITORIA,BA,Nordeste,2015,0,0,0,0,0,0,0,0,0,0,0,0,,,,,,,,
29021,SANTA MARIA DA VITORIA,BA,Nordeste,2016,0,0,0,0,0,0,0,0,0,0,0,0,,,,,,,,
29021,SANTA MARIA DA VITORIA,BA,Nordeste,2017,0,0,0,0,0,0,0,0,0,0,0,0,,,,,,,,
29021,SANTA MARIA DA VITORIA,BA,Nordeste,2018,0,0,0,0,0,0,0,0,0,0,0,0,,,,,,,,
29021,SANTA MARIA DA VITORIA,BA,Nordeste,2019,0,0,0,0,0,0,0,0,0,0,0,0,,,,,,,,
29021,SANTA MARIA DA VITORIA,BA,Nordeste,2020,1,0,1,1,1,0,1,0,0,0,0,0,1.0,0.0,0.0,0.0,0.0,0.0,0.0,0.0
29021,SANTA MARIA DA VITORIA,BA,Nordeste,2021,0,0,0,0,0,0,0,0,0,0,0,0,,,,,,,,
29021,SANTA MARIA DA VITORIA,BA,Nordeste,2022,1,0,0,1,1,1,0,0,1,0,0,0,0.0,0.0,1.0,0.0,0.0,0.0,1.0,0.0
29021,SANTA MARIA DA VITORIA,BA,Nordeste,2023,0,0,0,0,0,0,0,0,0,0,0,0,,,,,,,,
29021,SANTA MARIA DA VITORIA,BA,Nordeste,2024,0,0,0,0,0,0,0,0,0,0,0,0,,,,,,,,
29021,SANTA MARIA DA VITORIA,BA,Nordeste,2025,0,0,0,0,0,0,0,0,0,0,0,0,,,,,,,,
29022,SANTO ANTONIO DE JESUS,BA,Nordeste,2007,6,0,6,6,6,5,0,4,0,1,1,0,0.0,0.6666666666666666,0.0,0.16666666666666666,0.16666666666666666,0.0,0.8333333333333334,0.16666666666666666
29022,SANTO ANTONIO DE JESUS,BA,Nordeste,2008,2,0,2,2,2,1,0,1,1,0,0,0,0.0,0.5,0.5,0.0,0.0,0.0,0.5,0.0
29022,SANTO ANTONIO DE JESUS,BA,Nordeste,2009,2,0,2,2,2,2,0,0,1,0,1,0,0.0,0.0,0.5,0.0,0.5,0.0,1.0,0.5
29022,SANTO ANTONIO DE JESUS,BA,Nordeste,2010,2,0,2,2,2,2,0,1,0,0,0,1,0.0,0.5,0.0,0.0,0.0,0.5,1.0,0.5
29022,SANTO ANTONIO DE JESUS,BA,Nordeste,2011,1,0,1,1,1,0,0,1,0,0,0,0,0.0,1.0,0.0,0.0,0.0,0.0,0.0,0.0
29022,SANTO ANTONIO DE JESUS,BA,Nordeste,2012,2,0,1,2,2,1,0,1,0,1,0,0,0.0,0.5,0.0,0.5,0.0,0.0,0.5,0.0
29022,SANTO ANTONIO DE JESUS,BA,Nordeste,2013,3,0,3,3,3,2,1,0,2,0,0,0,0.3333333333333333,0.0,0.6666666666666666,0.0,0.0,0.0,0.6666666666666666,0.0
29022,SANTO ANTONIO DE JESUS,BA,Nordeste,2014,1,0,1,1,1,1,0,1,0,0,0,0,0.0,1.0,0.0,0.0,0.0,0.0,1.0,0.0
29022,SANTO ANTONIO DE JESUS,BA,Nordeste,2015,3,0,3,3,3,3,0,1,2,0,0,0,0.0,0.3333333333333333,0.6666666666666666,0.0,0.0,0.0,1.0,0.0
29022,SANTO ANTONIO DE JESUS,BA,Nordeste,2016,0,0,0,0,0,0,0,0,0,0,0,0,,,,,,,,
29022,SANTO ANTONIO DE JESUS,BA,Nordeste,2017,0,0,0,0,0,0,0,0,0,0,0,0,,,,,,,,
29022,SANTO ANTONIO DE JESUS,BA,Nordeste,2018,1,0,1,1,1,1,0,0,1,0,0,0,0.0,0.0,1.0,0.0,0.0,0.0,1.0,0.0
29022,SANTO ANTONIO DE JESUS,BA,Nordeste,2019,1,0,1,1,1,0,1,0,0,0,0,0,1.0,0.0,0.0,0.0,0.0,0.0,0.0,0.0
29022,SANTO ANTONIO DE JESUS,BA,Nordeste,2020,1,0,1,1,1,1,0,0,0,1,0,0,0.0,0.0,0.0,1.0,0.0,0.0,1.0,0.0
29022,SANTO ANTONIO DE JESUS,BA,Nordeste,2021,1,0,1,1,1,1,0,1,0,0,0,0,0.0,1.0,0.0,0.0,0.0,0.0,1.0,0.0
29022,SANTO ANTONIO DE JESUS,BA,Nordeste,2022,1,0,1,1,1,1,0,1,0,0,0,0,0.0,1.0,0.0,0.0,0.0,0.0,1.0,0.0
29022,SANTO ANTONIO DE JESUS,BA,Nordeste,2023,5,0,1,5,5,4,3,0,0,1,1,0,0.6,0.0,0.0,0.2,0.2,0.0,0.8,0.2
29022,SANTO ANTONIO DE JESUS,BA,Nordeste,2024,1,0,0,1,1,1,0,0,1,0,0,0,0.0,0.0,1.0,0.0,0.0,0.0,1.0,0.0
29022,SANTO ANTONIO DE JESUS,BA,Nordeste,2025,1,0,1,1,1,1,0,1,0,0,0,0,0.0,1.0,0.0,0.0,0.0,0.0,1.0,0.0
29023,SEABRA,BA,Nordeste,2007,0,0,0,0,0,0,0,0,0,0,0,0,,,,,,,,
29023,SEABRA,BA,Nordeste,2008,0,0,0,0,0,0,0,0,0,0,0,0,,,,,,,,
29023,SEABRA,BA,Nordeste,2009,0,0,0,0,0,0,0,0,0,0,0,0,,,,,,,,
29023,SEABRA,BA,Nordeste,2010,0,0,0,0,0,0,0,0,0,0,0,0,,,,,,,,
29023,SEABRA,BA,Nordeste,2011,0,0,0,0,0,0,0,0,0,0,0,0,,,,,,,,
29023,SEABRA,BA,Nordeste,2012,0,0,0,0,0,0,0,0,0,0,0,0,,,,,,,,
29023,SEABRA,BA,Nordeste,2013,0,0,0,0,0,0,0,0,0,0,0,0,,,,,,,,
29023,SEABRA,BA,Nordeste,2014,0,0,0,0,0,0,0,0,0,0,0,0,,,,,,,,
29023,SEABRA,BA,Nordeste,2015,0,0,0,0,0,0,0,0,0,0,0,0,,,,,,,,
29023,SEABRA,BA,Nordeste,2016,0,0,0,0,0,0,0,0,0,0,0,0,,,,,,,,
29023,SEABRA,BA,Nordeste,2017,0,0,0,0,0,0,0,0,0,0,0,0,,,,,,,,
29023,SEABRA,BA,Nordeste,2018,0,0,0,0,0,0,0,0,0,0,0,0,,,,,,,,
29023,SEABRA,BA,Nordeste,2019,0,0,0,0,0,0,0,0,0,0,0,0,,,,,,,,
29023,SEABRA,BA,Nordeste,2020,0,0,0,0,0,0,0,0,0,0,0,0,,,,,,,,
29023,SEABRA,BA,Nordeste,2021,1,0,1,1,1,1,0,0,1,0,0,0,0.0,0.0,1.0,0.0,0.0,0.0,1.0,0.0
29023,SEABRA,BA,Nordeste,2022,2,0,0,2,2,1,0,0,1,1,0,0,0.0,0.0,0.5,0.5,0.0,0.0,0.5,0.0
29023,SEABRA,BA,Nordeste,2023,0,0,0,0,0,0,0,0,0,0,0,0,,,,,,,,
29023,SEABRA,BA,Nordeste,2024,0,0,0,0,0,0,0,0,0,0,0,0,,,,,,,,
29023,SEABRA,BA,Nordeste,2025,0,0,0,0,0,0,0,0,0,0,0,0,,,,,,,,
29024,SENHOR DO BONFIM,BA,Nordeste,2007,0,0,0,0,0,0,0,0,0,0,0,0,,,,,,,,
29024,SENHOR DO BONFIM,BA,Nordeste,2008,0,0,0,0,0,0,0,0,0,0,0,0,,,,,,,,
29024,SENHOR DO BONFIM,BA,Nordeste,2009,0,0,0,0,0,0,0,0,0,0,0,0,,,,,,,,
29024,SENHOR DO BONFIM,BA,Nordeste,2010,0,0,0,0,0,0,0,0,0,0,0,0,,,,,,,,
29024,SENHOR DO BONFIM,BA,Nordeste,2011,0,0,0,0,0,0,0,0,0,0,0,0,,,,,,,,
29024,SENHOR DO BONFIM,BA,Nordeste,2012,0,0,0,0,0,0,0,0,0,0,0,0,,,,,,,,
29024,SENHOR DO BONFIM,BA,Nordeste,2013,0,0,0,0,0,0,0,0,0,0,0,0,,,,,,,,
29024,SENHOR DO BONFIM,BA,Nordeste,2014,0,0,0,0,0,0,0,0,0,0,0,0,,,,,,,,
29024,SENHOR DO BONFIM,BA,Nordeste,2015,0,0,0,0,0,0,0,0,0,0,0,0,,,,,,,,
29024,SENHOR DO BONFIM,BA,Nordeste,2016,0,0,0,0,0,0,0,0,0,0,0,0,,,,,,,,
29024,SENHOR DO BONFIM,BA,Nordeste,2017,1,0,0,1,1,1,1,0,0,0,0,0,1.0,0.0,0.0,0.0,0.0,0.0,1.0,0.0
29024,SENHOR DO BONFIM,BA,Nordeste,2018,0,0,0,0,0,0,0,0,0,0,0,0,,,,,,,,
29024,SENHOR DO BONFIM,BA,Nordeste,2019,1,0,1,1,1,1,0,1,0,0,0,0,0.0,1.0,0.0,0.0,0.0,0.0,1.0,0.0
29024,SENHOR DO BONFIM,BA,Nordeste,2020,0,0,0,0,0,0,0,0,0,0,0,0,,,,,,,,
29024,SENHOR DO BONFIM,BA,Nordeste,2021,0,0,0,0,0,0,0,0,0,0,0,0,,,,,,,,
29024,SENHOR DO BONFIM,BA,Nordeste,2022,0,0,0,0,0,0,0,0,0,0,0,0,,,,,,,,
29024,SENHOR DO BONFIM,BA,Nordeste,2023,0,0,0,0,0,0,0,0,0,0,0,0,,,,,,,,
29024,SENHOR DO BONFIM,BA,Nordeste,2024,0,0,0,0,0,0,0,0,0,0,0,0,,,,,,,,
29024,SENHOR DO BONFIM,BA,Nordeste,2025,0,0,0,0,0,0,0,0,0,0,0,0,,,,,,,,
29025,SERRINHA,BA,Nordeste,2007,0,0,0,0,0,0,0,0,0,0,0,0,,,,,,,,
29025,SERRINHA,BA,Nordeste,2008,0,0,0,0,0,0,0,0,0,0,0,0,,,,,,,,
29025,SERRINHA,BA,Nordeste,2009,0,0,0,0,0,0,0,0,0,0,0,0,,,,,,,,
29025,SERRINHA,BA,Nordeste,2010,0,0,0,0,0,0,0,0,0,0,0,0,,,,,,,,
29025,SERRINHA,BA,Nordeste,2011,2,2,2,2,2,2,0,0,1,0,1,0,0.0,0.0,0.5,0.0,0.5,0.0,1.0,0.5
29025,SERRINHA,BA,Nordeste,2012,0,0,0,0,0,0,0,0,0,0,0,0,,,,,,,,
29025,SERRINHA,BA,Nordeste,2013,1,0,0,1,1,1,1,0,0,0,0,0,1.0,0.0,0.0,0.0,0.0,0.0,1.0,0.0
29025,SERRINHA,BA,Nordeste,2014,0,0,0,0,0,0,0,0,0,0,0,0,,,,,,,,
29025,SERRINHA,BA,Nordeste,2015,3,0,3,3,3,3,0,0,1,2,0,0,0.0,0.0,0.3333333333333333,0.6666666666666666,0.0,0.0,1.0,0.0
29025,SERRINHA,BA,Nordeste,2016,1,0,0,1,1,1,0,0,0,1,0,0,0.0,0.0,0.0,1.0,0.0,0.0,1.0,0.0
29025,SERRINHA,BA,Nordeste,2017,2,0,0,2,2,2,0,1,1,0,0,0,0.0,0.5,0.5,0.0,0.0,0.0,1.0,0.0
29025,SERRINHA,BA,Nordeste,2018,1,0,0,1,1,1,1,0,0,0,0,0,1.0,0.0,0.0,0.0,0.0,0.0,1.0,0.0
29025,SERRINHA,BA,Nordeste,2019,0,0,0,0,0,0,0,0,0,0,0,0,,,,,,,,
29025,SERRINHA,BA,Nordeste,2020,0,0,0,0,0,0,0,0,0,0,0,0,,,,,,,,
29025,SERRINHA,BA,Nordeste,2021,0,0,0,0,0,0,0,0,0,0,0,0,,,,,,,,
29025,SERRINHA,BA,Nordeste,2022,0,0,0,0,0,0,0,0,0,0,0,0,,,,,,,,
29025,SERRINHA,BA,Nordeste,2023,0,0,0,0,0,0,0,0,0,0,0,0,,,,,,,,
29025,SERRINHA,BA,Nordeste,2024,0,0,0,0,0,0,0,0,0,0,0,0,,,,,,,,
29025,SERRINHA,BA,Nordeste,2025,2,0,1,2,2,2,1,1,0,0,0,0,0.5,0.5,0.0,0.0,0.0,0.0,1.0,0.0
29026,TEIXEIRA DE FREITAS,BA,Nordeste,2007,2,0,2,2,2,2,1,0,0,1,0,0,0.5,0.0,0.0,0.5,0.0,0.0,1.0,0.0
29026,TEIXEIRA DE FREITAS,BA,Nordeste,2008,0,0,0,0,0,0,0,0,0,0,0,0,,,,,,,,
29026,TEIXEIRA DE FREITAS,BA,Nordeste,2009,0,0,0,0,0,0,0,0,0,0,0,0,,,,,,,,
29026,TEIXEIRA DE FREITAS,BA,Nordeste,2010,2,0,2,2,2,2,0,1,1,0,0,0,0.0,0.5,0.5,0.0,0.0,0.0,1.0,0.0
29026,TEIXEIRA DE FREITAS,BA,Nordeste,2011,0,0,0,0,0,0,0,0,0,0,0,0,,,,,,,,
29026,TEIXEIRA DE FREITAS,BA,Nordeste,2012,1,0,1,1,1,1,0,0,0,0,0,1,0.0,0.0,0.0,0.0,0.0,1.0,1.0,1.0
29026,TEIXEIRA DE FREITAS,BA,Nordeste,2013,2,0,2,2,2,2,0,0,1,0,1,0,0.0,0.0,0.5,0.0,0.5,0.0,1.0,0.5
29026,TEIXEIRA DE FREITAS,BA,Nordeste,2014,0,0,0,0,0,0,0,0,0,0,0,0,,,,,,,,
29026,TEIXEIRA DE FREITAS,BA,Nordeste,2015,1,1,1,1,1,0,0,0,1,0,0,0,0.0,0.0,1.0,0.0,0.0,0.0,0.0,0.0
29026,TEIXEIRA DE FREITAS,BA,Nordeste,2016,0,0,0,0,0,0,0,0,0,0,0,0,,,,,,,,
29026,TEIXEIRA DE FREITAS,BA,Nordeste,2017,1,0,1,1,1,0,0,0,0,0,1,0,0.0,0.0,0.0,0.0,1.0,0.0,0.0,1.0
29026,TEIXEIRA DE FREITAS,BA,Nordeste,2018,1,1,1,1,1,1,1,0,0,0,0,0,1.0,0.0,0.0,0.0,0.0,0.0,1.0,0.0
29026,TEIXEIRA DE FREITAS,BA,Nordeste,2019,2,0,2,2,2,1,0,1,1,0,0,0,0.0,0.5,0.5,0.0,0.0,0.0,0.5,0.0
29026,TEIXEIRA DE FREITAS,BA,Nordeste,2020,0,0,0,0,0,0,0,0,0,0,0,0,,,,,,,,
29026,TEIXEIRA DE FREITAS,BA,Nordeste,2021,0,0,0,0,0,0,0,0,0,0,0,0,,,,,,,,
29026,TEIXEIRA DE FREITAS,BA,Nordeste,2022,0,0,0,0,0,0,0,0,0,0,0,0,,,,,,,,
29026,TEIXEIRA DE FREITAS,BA,Nordeste,2023,0,0,0,0,0,0,0,0,0,0,0,0,,,,,,,,
29026,TEIXEIRA DE FREITAS,BA,Nordeste,2024,0,0,0,0,0,0,0,0,0,0,0,0,,,,,,,,
29026,TEIXEIRA DE FREITAS,BA,Nordeste,2025,1,0,1,1,1,1,0,0,0,0,1,0,0.0,0.0,0.0,0.0,1.0,0.0,1.0,1.0
29027,VALENCA,BA,Nordeste,2007,0,0,0,0,0,0,0,0,0,0,0,0,,,,,,,,
29027,VALENCA,BA,Nordeste,2008,2,2,2,2,2,2,0,2,0,0,0,0,0.0,1.0,0.0,0.0,0.0,0.0,1.0,0.0
29027,VALENCA,BA,Nordeste,2009,3,1,3,3,3,2,0,0,1,1,1,0,0.0,0.0,0.3333333333333333,0.3333333333333333,0.3333333333333333,0.0,0.6666666666666666,0.3333333333333333
29027,VALENCA,BA,Nordeste,2010,1,0,1,1,1,1,1,0,0,0,0,0,1.0,0.0,0.0,0.0,0.0,0.0,1.0,0.0
29027,VALENCA,BA,Nordeste,2011,1,0,1,1,1,1,0,0,1,0,0,0,0.0,0.0,1.0,0.0,0.0,0.0,1.0,0.0
29027,VALENCA,BA,Nordeste,2012,1,0,1,1,1,0,0,0,1,0,0,0,0.0,0.0,1.0,0.0,0.0,0.0,0.0,0.0
29027,VALENCA,BA,Nordeste,2013,4,0,4,4,4,2,0,1,3,0,0,0,0.0,0.25,0.75,0.0,0.0,0.0,0.5,0.0
29027,VALENCA,BA,Nordeste,2014,4,0,4,4,4,4,0,4,0,0,0,0,0.0,1.0,0.0,0.0,0.0,0.0,1.0,0.0
29027,VALENCA,BA,Nordeste,2015,7,0,7,7,7,5,1,0,4,2,0,0,0.14285714285714285,0.0,0.5714285714285714,0.2857142857142857,0.0,0.0,0.7142857142857143,0.0
29027,VALENCA,BA,Nordeste,2016,2,0,0,2,2,2,1,0,1,0,0,0,0.5,0.0,0.5,0.0,0.0,0.0,1.0,0.0
29027,VALENCA,BA,Nordeste,2017,2,1,2,2,2,2,0,1,0,1,0,0,0.0,0.5,0.0,0.5,0.0,0.0,1.0,0.0
29027,VALENCA,BA,Nordeste,2018,4,0,4,4,4,3,0,1,2,0,1,0,0.0,0.25,0.5,0.0,0.25,0.0,0.75,0.25
29027,VALENCA,BA,Nordeste,2019,3,0,2,3,3,3,0,1,1,1,0,0,0.0,0.3333333333333333,0.3333333333333333,0.3333333333333333,0.0,0.0,1.0,0.0
29027,VALENCA,BA,Nordeste,2020,0,0,0,0,0,0,0,0,0,0,0,0,,,,,,,,
29027,VALENCA,BA,Nordeste,2021,0,0,0,0,0,0,0,0,0,0,0,0,,,,,,,,
29027,VALENCA,BA,Nordeste,2022,6,1,5,6,6,6,1,2,3,0,0,0,0.16666666666666666,0.3333333333333333,0.5,0.0,0.0,0.0,1.0,0.0
29027,VALENCA,BA,Nordeste,2023,2,1,2,2,2,2,0,0,0,2,0,0,0.0,0.0,0.0,1.0,0.0,0.0,1.0,0.0
29027,VALENCA,BA,Nordeste,2024,3,1,3,3,3,2,0,0,0,3,0,0,0.0,0.0,0.0,1.0,0.0,0.0,0.6666666666666666,0.0
29027,VALENCA,BA,Nordeste,2025,0,0,0,0,0,0,0,0,0,0,0,0,,,,,,,,
29028,VITORIA DA CONQUISTA,BA,Nordeste,2007,0,0,0,0,0,0,0,0,0,0,0,0,,,,,,,,
29028,VITORIA DA CONQUISTA,BA,Nordeste,2008,0,0,0,0,0,0,0,0,0,0,0,0,,,,,,,,
29028,VITORIA DA CONQUISTA,BA,Nordeste,2009,1,1,1,1,1,1,0,0,1,0,0,0,0.0,0.0,1.0,0.0,0.0,0.0,1.0,0.0
29028,VITORIA DA CONQUISTA,BA,Nordeste,2010,1,0,1,1,1,1,0,0,1,0,0,0,0.0,0.0,1.0,0.0,0.0,0.0,1.0,0.0
29028,VITORIA DA CONQUISTA,BA,Nordeste,2011,1,0,1,1,1,1,0,0,1,0,0,0,0.0,0.0,1.0,0.0,0.0,0.0,1.0,0.0
29028,VITORIA DA CONQUISTA,BA,Nordeste,2012,0,0,0,0,0,0,0,0,0,0,0,0,,,,,,,,
29028,VITORIA DA CONQUISTA,BA,Nordeste,2013,1,0,1,1,1,1,0,1,0,0,0,0,0.0,1.0,0.0,0.0,0.0,0.0,1.0,0.0
29028,VITORIA DA CONQUISTA,BA,Nordeste,2014,3,0,3,3,3,0,0,1,0,2,0,0,0.0,0.3333333333333333,0.0,0.6666666666666666,0.0,0.0,0.0,0.0
29028,VITORIA DA CONQUISTA,BA,Nordeste,2015,0,0,0,0,0,0,0,0,0,0,0,0,,,,,,,,
29028,VITORIA DA CONQUISTA,BA,Nordeste,2016,0,0,0,0,0,0,0,0,0,0,0,0,,,,,,,,
29028,VITORIA DA CONQUISTA,BA,Nordeste,2017,1,0,0,1,1,0,0,0,1,0,0,0,0.0,0.0,1.0,0.0,0.0,0.0,0.0,0.0
29028,VITORIA DA CONQUISTA,BA,Nordeste,2018,0,0,0,0,0,0,0,0,0,0,0,0,,,,,,,,
29028,VITORIA DA CONQUISTA,BA,Nordeste,2019,2,0,2,2,2,2,0,0,2,0,0,0,0.0,0.0,1.0,0.0,0.0,0.0,1.0,0.0
29028,VITORIA DA CONQUISTA,BA,Nordeste,2020,2,0,1,2,2,1,0,0,1,1,0,0,0.0,0.0,0.5,0.5,0.0,0.0,0.5,0.0
29028,VITORIA DA CONQUISTA,BA,Nordeste,2021,0,0,0,0,0,0,0,0,0,0,0,0,,,,,,,,
29028,VITORIA DA CONQUISTA,BA,Nordeste,2022,0,0,0,0,0,0,0,0,0,0,0,0,,,,,,,,
29028,VITORIA DA CONQUISTA,BA,Nordeste,2023,1,1,1,1,1,1,0,0,0,0,1,0,0.0,0.0,0.0,0.0,1.0,0.0,1.0,1.0
29028,VITORIA DA CONQUISTA,BA,Nordeste,2024,2,0,1,2,2,1,0,0,1,1,0,0,0.0,0.0,0.5,0.5,0.0,0.0,0.5,0.0
29028,VITORIA DA CONQUISTA,BA,Nordeste,2025,1,1,1,1,1,0,0,0,0,0,1,0,0.0,0.0,0.0,0.0,1.0,0.0,0.0,1.0
31001,ALFENAS/MACHADO,MG,Sudeste,2007,0,0,0,0,0,0,0,0,0,0,0,0,,,,,,,,
31001,ALFENAS/MACHADO,MG,Sudeste,2008,0,0,0,0,0,0,0,0,0,0,0,0,,,,,,,,
31001,ALFENAS/MACHADO,MG,Sudeste,2009,0,0,0,0,0,0,0,0,0,0,0,0,,,,,,,,
31001,ALFENAS/MACHADO,MG,Sudeste,2010,1,0,1,1,1,1,0,0,1,0,0,0,0.0,0.0,1.0,0.0,0.0,0.0,1.0,0.0
31001,ALFENAS/MACHADO,MG,Sudeste,2011,0,0,0,0,0,0,0,0,0,0,0,0,,,,,,,,
31001,ALFENAS/MACHADO,MG,Sudeste,2012,0,0,0,0,0,0,0,0,0,0,0,0,,,,,,,,
31001,ALFENAS/MACHADO,MG,Sudeste,2013,1,0,0,1,1,1,0,1,0,0,0,0,0.0,1.0,0.0,0.0,0.0,0.0,1.0,0.0
31001,ALFENAS/MACHADO,MG,Sudeste,2014,2,0,1,2,2,2,0,0,1,1,0,0,0.0,0.0,0.5,0.5,0.0,0.0,1.0,0.0
31001,ALFENAS/MACHADO,MG,Sudeste,2015,3,0,1,3,3,2,0,1,1,1,0,0,0.0,0.3333333333333333,0.3333333333333333,0.3333333333333333,0.0,0.0,0.6666666666666666,0.0
31001,ALFENAS/MACHADO,MG,Sudeste,2016,4,0,4,4,4,4,0,0,0,3,0,1,0.0,0.0,0.0,0.75,0.0,0.25,1.0,0.25
31001,ALFENAS/MACHADO,MG,Sudeste,2017,1,0,1,1,1,1,0,0,1,0,0,0,0.0,0.0,1.0,0.0,0.0,0.0,1.0,0.0
31001,ALFENAS/MACHADO,MG,Sudeste,2018,1,0,1,1,1,1,0,0,0,1,0,0,0.0,0.0,0.0,1.0,0.0,0.0,1.0,0.0
31001,ALFENAS/MACHADO,MG,Sudeste,2019,0,0,0,0,0,0,0,0,0,0,0,0,,,,,,,,
31001,ALFENAS/MACHADO,MG,Sudeste,2020,3,0,3,3,3,1,0,0,2,0,1,0,0.0,0.0,0.6666666666666666,0.0,0.3333333333333333,0.0,0.3333333333333333,0.3333333333333333
31001,ALFENAS/MACHADO,MG,Sudeste,2021,2,0,2,2,2,2,0,0,1,1,0,0,0.0,0.0,0.5,0.5,0.0,0.0,1.0,0.0
31001,ALFENAS/MACHADO,MG,Sudeste,2022,1,0,1,1,1,1,0,0,0,0,0,1,0.0,0.0,0.0,0.0,0.0,1.0,1.0,1.0
31001,ALFENAS/MACHADO,MG,Sudeste,2023,0,0,0,0,0,0,0,0,0,0,0,0,,,,,,,,
31001,ALFENAS/MACHADO,MG,Sudeste,2024,3,0,3,3,3,2,0,1,0,2,0,0,0.0,0.3333333333333333,0.0,0.6666666666666666,0.0,0.0,0.6666666666666666,0.0
31001,ALFENAS/MACHADO,MG,Sudeste,2025,2,0,2,2,2,2,0,1,1,0,0,0,0.0,0.5,0.5,0.0,0.0,0.0,1.0,0.0
31002,GUAXUPE,MG,Sudeste,2007,0,0,0,0,0,0,0,0,0,0,0,0,,,,,,,,
31002,GUAXUPE,MG,Sudeste,2008,0,0,0,0,0,0,0,0,0,0,0,0,,,,,,,,
31002,GUAXUPE,MG,Sudeste,2009,1,0,1,1,1,1,0,0,1,0,0,0,0.0,0.0,1.0,0.0,0.0,0.0,1.0,0.0
31002,GUAXUPE,MG,Sudeste,2010,0,0,0,0,0,0,0,0,0,0,0,0,,,,,,,,
31002,GUAXUPE,MG,Sudeste,2011,2,0,2,2,2,2,0,0,2,0,0,0,0.0,0.0,1.0,0.0,0.0,0.0,1.0,0.0
31002,GUAXUPE,MG,Sudeste,2012,0,0,0,0,0,0,0,0,0,0,0,0,,,,,,,,
31002,GUAXUPE,MG,Sudeste,2013,0,0,0,0,0,0,0,0,0,0,0,0,,,,,,,,
31002,GUAXUPE,MG,Sudeste,2014,1,0,1,1,1,1,0,0,1,0,0,0,0.0,0.0,1.0,0.0,0.0,0.0,1.0,0.0
31002,GUAXUPE,MG,Sudeste,2015,0,0,0,0,0,0,0,0,0,0,0,0,,,,,,,,
31002,GUAXUPE,MG,Sudeste,2016,1,0,1,1,1,0,0,0,0,1,0,0,0.0,0.0,0.0,1.0,0.0,0.0,0.0,0.0
31002,GUAXUPE,MG,Sudeste,2017,0,0,0,0,0,0,0,0,0,0,0,0,,,,,,,,
31002,GUAXUPE,MG,Sudeste,2018,0,0,0,0,0,0,0,0,0,0,0,0,,,,,,,,
31002,GUAXUPE,MG,Sudeste,2019,3,1,2,3,3,3,0,1,1,0,1,0,0.0,0.3333333333333333,0.3333333333333333,0.0,0.3333333333333333,0.0,1.0,0.3333333333333333
31002,GUAXUPE,MG,Sudeste,2020,0,0,0,0,0,0,0,0,0,0,0,0,,,,,,,,
31002,GUAXUPE,MG,Sudeste,2021,2,0,2,2,2,2,0,1,0,1,0,0,0.0,0.5,0.0,0.5,0.0,0.0,1.0,0.0
31002,GUAXUPE,MG,Sudeste,2022,0,0,0,0,0,0,0,0,0,0,0,0,,,,,,,,
31002,GUAXUPE,MG,Sudeste,2023,1,0,1,1,1,1,0,0,0,0,1,0,0.0,0.0,0.0,0.0,1.0,0.0,1.0,1.0
31002,GUAXUPE,MG,Sudeste,2024,1,0,1,1,1,1,0,1,0,0,0,0,0.0,1.0,0.0,0.0,0.0,0.0,1.0,0.0
31002,GUAXUPE,MG,Sudeste,2025,0,0,0,0,0,0,0,0,0,0,0,0,,,,,,,,
31003,ITAJUBA,MG,Sudeste,2007,5,0,5,5,5,5,0,1,3,1,0,0,0.0,0.2,0.6,0.2,0.0,0.0,1.0,0.0
31003,ITAJUBA,MG,Sudeste,2008,3,0,2,3,3,3,1,0,0,2,0,0,0.3333333333333333,0.0,0.0,0.6666666666666666,0.0,0.0,1.0,0.0
31003,ITAJUBA,MG,Sudeste,2009,5,0,5,5,5,5,1,2,2,0,0,0,0.2,0.4,0.4,0.0,0.0,0.0,1.0,0.0
31003,ITAJUBA,MG,Sudeste,2010,5,1,4,5,5,5,1,0,2,1,0,1,0.2,0.0,0.4,0.2,0.0,0.2,1.0,0.2
31003,ITAJUBA,MG,Sudeste,2011,1,0,0,1,1,1,0,1,0,0,0,0,0.0,1.0,0.0,0.0,0.0,0.0,1.0,0.0
31003,ITAJUBA,MG,Sudeste,2012,4,1,4,4,4,2,0,1,2,1,0,0,0.0,0.25,0.5,0.25,0.0,0.0,0.5,0.0
31003,ITAJUBA,MG,Sudeste,2013,7,0,7,7,7,7,0,3,2,2,0,0,0.0,0.42857142857142855,0.2857142857142857,0.2857142857142857,0.0,0.0,1.0,0.0
31003,ITAJUBA,MG,Sudeste,2014,10,0,10,10,10,10,2,3,1,4,0,0,0.2,0.3,0.1,0.4,0.0,0.0,1.0,0.0
31003,ITAJUBA,MG,Sudeste,2015,10,0,10,10,10,9,1,2,2,4,1,0,0.1,0.2,0.2,0.4,0.1,0.0,0.9,0.1
31003,ITAJUBA,MG,Sudeste,2016,8,0,6,8,8,7,1,0,6,1,0,0,0.125,0.0,0.75,0.125,0.0,0.0,0.875,0.0
31003,ITAJUBA,MG,Sudeste,2017,5,0,5,5,5,5,0,2,3,0,0,0,0.0,0.4,0.6,0.0,0.0,0.0,1.0,0.0
31003,ITAJUBA,MG,Sudeste,2018,20,1,20,20,20,19,1,5,7,5,2,0,0.05,0.25,0.35,0.25,0.1,0.0,0.95,0.1
31003,ITAJUBA,MG,Sudeste,2019,9,0,6,9,9,8,1,0,3,1,2,2,0.1111111111111111,0.0,0.3333333333333333,0.1111111111111111,0.2222222222222222,0.2222222222222222,0.8888888888888888,0.4444444444444444
31003,ITAJUBA,MG,Sudeste,2020,9,0,9,9,9,8,0,2,3,3,0,1,0.0,0.2222222222222222,0.3333333333333333,0.3333333333333333,0.0,0.1111111111111111,0.8888888888888888,0.1111111111111111
31003,ITAJUBA,MG,Sudeste,2021,7,0,6,7,7,5,0,0,4,1,0,2,0.0,0.0,0.5714285714285714,0.14285714285714285,0.0,0.2857142857142857,0.7142857142857143,0.2857142857142857
31003,ITAJUBA,MG,Sudeste,2022,4,0,3,4,4,4,0,1,1,2,0,0,0.0,0.25,0.25,0.5,0.0,0.0,1.0,0.0
31003,ITAJUBA,MG,Sudeste,2023,13,0,13,13,13,13,0,3,1,6,3,0,0.0,0.23076923076923078,0.07692307692307693,0.46153846153846156,0.23076923076923078,0.0,1.0,0.23076923076923078
31003,ITAJUBA,MG,Sudeste,2024,7,0,7,7,7,6,0,2,1,2,2,0,0.0,0.2857142857142857,0.14285714285714285,0.2857142857142857,0.2857142857142857,0.0,0.8571428571428571,0.2857142857142857
31003,ITAJUBA,MG,Sudeste,2025,5,1,4,5,5,5,0,0,1,4,0,0,0.0,0.0,0.2,0.8,0.0,0.0,1.0,0.0
31004,LAVRAS,MG,Sudeste,2007,0,0,0,0,0,0,0,0,0,0,0,0,,,,,,,,
31004,LAVRAS,MG,Sudeste,2008,0,0,0,0,0,0,0,0,0,0,0,0,,,,,,,,
31004,LAVRAS,MG,Sudeste,2009,1,0,1,1,1,1,0,0,0,1,0,0,0.0,0.0,0.0,1.0,0.0,0.0,1.0,0.0
31004,LAVRAS,MG,Sudeste,2010,0,0,0,0,0,0,0,0,0,0,0,0,,,,,,,,
31004,LAVRAS,MG,Sudeste,2011,0,0,0,0,0,0,0,0,0,0,0,0,,,,,,,,
31004,LAVRAS,MG,Sudeste,2012,1,0,1,1,1,1,0,0,0,1,0,0,0.0,0.0,0.0,1.0,0.0,0.0,1.0,0.0
31004,LAVRAS,MG,Sudeste,2013,0,0,0,0,0,0,0,0,0,0,0,0,,,,,,,,
31004,LAVRAS,MG,Sudeste,2014,0,0,0,0,0,0,0,0,0,0,0,0,,,,,,,,
31004,LAVRAS,MG,Sudeste,2015,0,0,0,0,0,0,0,0,0,0,0,0,,,,,,,,
31004,LAVRAS,MG,Sudeste,2016,0,0,0,0,0,0,0,0,0,0,0,0,,,,,,,,
31004,LAVRAS,MG,Sudeste,2017,0,0,0,0,0,0,0,0,0,0,0,0,,,,,,,,
31004,LAVRAS,MG,Sudeste,2018,1,0,0,1,1,1,0,0,0,1,0,0,0.0,0.0,0.0,1.0,0.0,0.0,1.0,0.0
31004,LAVRAS,MG,Sudeste,2019,1,0,1,1,1,0,0,1,0,0,0,0,0.0,1.0,0.0,0.0,0.0,0.0,0.0,0.0
31004,LAVRAS,MG,Sudeste,2020,2,0,1,2,2,1,0,1,1,0,0,0,0.0,0.5,0.5,0.0,0.0,0.0,0.5,0.0
31004,LAVRAS,MG,Sudeste,2021,1,0,1,1,1,1,0,0,1,0,0,0,0.0,0.0,1.0,0.0,0.0,0.0,1.0,0.0
31004,LAVRAS,MG,Sudeste,2022,0,0,0,0,0,0,0,0,0,0,0,0,,,,,,,,
31004,LAVRAS,MG,Sudeste,2023,3,0,2,3,3,3,0,1,0,1,1,0,0.0,0.3333333333333333,0.0,0.3333333333333333,0.3333333333333333,0.0,1.0,0.3333333333333333
31004,LAVRAS,MG,Sudeste,2024,0,0,0,0,0,0,0,0,0,0,0,0,,,,,,,,
31004,LAVRAS,MG,Sudeste,2025,2,1,2,2,2,1,0,1,0,1,0,0,0.0,0.5,0.0,0.5,0.0,0.0,0.5,0.0
31006,POCOS DE CALDAS,MG,Sudeste,2007,1,0,1,1,1,1,0,0,1,0,0,0,0.0,0.0,1.0,0.0,0.0,0.0,1.0,0.0
31006,POCOS DE CALDAS,MG,Sudeste,2008,0,0,0,0,0,0,0,0,0,0,0,0,,,,,,,,
31006,POCOS DE CALDAS,MG,Sudeste,2009,2,0,2,2,2,2,0,0,1,0,1,0,0.0,0.0,0.5,0.0,0.5,0.0,1.0,0.5
31006,POCOS DE CALDAS,MG,Sudeste,2010,2,0,2,2,2,2,0,0,1,1,0,0,0.0,0.0,0.5,0.5,0.0,0.0,1.0,0.0
31006,POCOS DE CALDAS,MG,Sudeste,2011,0,0,0,0,0,0,0,0,0,0,0,0,,,,,,,,
31006,POCOS DE CALDAS,MG,Sudeste,2012,1,0,1,1,1,1,0,1,0,0,0,0,0.0,1.0,0.0,0.0,0.0,0.0,1.0,0.0
31006,POCOS DE CALDAS,MG,Sudeste,2013,0,0,0,0,0,0,0,0,0,0,0,0,,,,,,,,
31006,POCOS DE CALDAS,MG,Sudeste,2014,0,0,0,0,0,0,0,0,0,0,0,0,,,,,,,,
31006,POCOS DE CALDAS,MG,Sudeste,2015,1,0,1,1,1,1,0,0,0,1,0,0,0.0,0.0,0.0,1.0,0.0,0.0,1.0,0.0
31006,POCOS DE CALDAS,MG,Sudeste,2016,5,0,5,5,5,4,1,2,1,1,0,0,0.2,0.4,0.2,0.2,0.0,0.0,0.8,0.0
31006,POCOS DE CALDAS,MG,Sudeste,2017,5,1,5,5,5,4,0,1,0,3,0,1,0.0,0.2,0.0,0.6,0.0,0.2,0.8,0.2
31006,POCOS DE CALDAS,MG,Sudeste,2018,2,0,2,2,2,1,0,1,1,0,0,0,0.0,0.5,0.5,0.0,0.0,0.0,0.5,0.0
31006,POCOS DE CALDAS,MG,Sudeste,2019,4,0,4,4,4,3,0,0,3,1,0,0,0.0,0.0,0.75,0.25,0.0,0.0,0.75,0.0
31006,POCOS DE CALDAS,MG,Sudeste,2020,2,0,2,2,2,1,0,0,1,1,0,0,0.0,0.0,0.5,0.5,0.0,0.0,0.5,0.0
31006,POCOS DE CALDAS,MG,Sudeste,2021,2,1,2,2,2,1,0,1,1,0,0,0,0.0,0.5,0.5,0.0,0.0,0.0,0.5,0.0
31006,POCOS DE CALDAS,MG,Sudeste,2022,0,0,0,0,0,0,0,0,0,0,0,0,,,,,,,,
31006,POCOS DE CALDAS,MG,Sudeste,2023,1,0,1,1,1,1,0,0,0,1,0,0,0.0,0.0,0.0,1.0,0.0,0.0,1.0,0.0
31006,POCOS DE CALDAS,MG,Sudeste,2024,3,0,3,3,3,2,0,3,0,0,0,0,0.0,1.0,0.0,0.0,0.0,0.0,0.6666666666666666,0.0
31006,POCOS DE CALDAS,MG,Sudeste,2025,2,0,2,2,2,2,0,0,1,1,0,0,0.0,0.0,0.5,0.5,0.0,0.0,1.0,0.0
31007,POUSO ALEGRE/SANTA RITA DO SAPUCAI,MG,Sudeste,2007,3,0,3,3,3,3,2,0,1,0,0,0,0.6666666666666666,0.0,0.3333333333333333,0.0,0.0,0.0,1.0,0.0
31007,POUSO ALEGRE/SANTA RITA DO SAPUCAI,MG,Sudeste,2008,0,0,0,0,0,0,0,0,0,0,0,0,,,,,,,,
31007,POUSO ALEGRE/SANTA RITA DO SAPUCAI,MG,Sudeste,2009,5,0,5,5,5,5,0,4,0,1,0,0,0.0,0.8,0.0,0.2,0.0,0.0,1.0,0.0
31007,POUSO ALEGRE/SANTA RITA DO SAPUCAI,MG,Sudeste,2010,5,0,5,5,5,3,2,0,2,1,0,0,0.4,0.0,0.4,0.2,0.0,0.0,0.6,0.0
31007,POUSO ALEGRE/SANTA RITA DO SAPUCAI,MG,Sudeste,2011,3,0,2,3,3,3,0,3,0,0,0,0,0.0,1.0,0.0,0.0,0.0,0.0,1.0,0.0
31007,POUSO ALEGRE/SANTA RITA DO SAPUCAI,MG,Sudeste,2012,7,0,7,7,7,5,0,1,5,1,0,0,0.0,0.14285714285714285,0.7142857142857143,0.14285714285714285,0.0,0.0,0.7142857142857143,0.0
31007,POUSO ALEGRE/SANTA RITA DO SAPUCAI,MG,Sudeste,2013,14,0,14,14,14,13,1,2,5,3,3,0,0.07142857142857142,0.14285714285714285,0.35714285714285715,0.21428571428571427,0.21428571428571427,0.0,0.9285714285714286,0.21428571428571427
31007,POUSO ALEGRE/SANTA RITA DO SAPUCAI,MG,Sudeste,2014,7,1,7,7,7,6,0,1,1,3,1,1,0.0,0.14285714285714285,0.14285714285714285,0.42857142857142855,0.14285714285714285,0.14285714285714285,0.8571428571428571,0.2857142857142857
31007,POUSO ALEGRE/SANTA RITA DO SAPUCAI,MG,Sudeste,2015,5,0,5,5,5,5,0,0,1,2,2,0,0.0,0.0,0.2,0.4,0.4,0.0,1.0,0.4
31007,POUSO ALEGRE/SANTA RITA DO SAPUCAI,MG,Sudeste,2016,12,1,11,12,12,10,0,4,6,2,0,0,0.0,0.3333333333333333,0.5,0.16666666666666666,0.0,0.0,0.8333333333333334,0.0
31007,POUSO ALEGRE/SANTA RITA DO SAPUCAI,MG,Sudeste,2017,11,0,11,11,11,7,1,4,4,1,0,1,0.09090909090909091,0.36363636363636365,0.36363636363636365,0.09090909090909091,0.0,0.09090909090909091,0.6363636363636364,0.09090909090909091
31007,POUSO ALEGRE/SANTA RITA DO SAPUCAI,MG,Sudeste,2018,11,0,11,11,11,10,1,0,6,3,0,1,0.09090909090909091,0.0,0.5454545454545454,0.2727272727272727,0.0,0.09090909090909091,0.9090909090909091,0.09090909090909091
31007,POUSO ALEGRE/SANTA RITA DO SAPUCAI,MG,Sudeste,2019,8,0,8,8,8,8,0,2,1,2,3,0,0.0,0.25,0.125,0.25,0.375,0.0,1.0,0.375
31007,POUSO ALEGRE/SANTA RITA DO SAPUCAI,MG,Sudeste,2020,7,0,6,7,7,6,0,2,2,2,1,0,0.0,0.2857142857142857,0.2857142857142857,0.2857142857142857,0.14285714285714285,0.0,0.8571428571428571,0.14285714285714285
31007,POUSO ALEGRE/SANTA RITA DO SAPUCAI,MG,Sudeste,2021,7,0,6,7,7,5,0,2,1,3,1,0,0.0,0.2857142857142857,0.14285714285714285,0.42857142857142855,0.14285714285714285,0.0,0.7142857142857143,0.14285714285714285
31007,POUSO ALEGRE/SANTA RITA DO SAPUCAI,MG,Sudeste,2022,12,1,12,12,12,9,1,3,2,3,2,1,0.08333333333333333,0.25,0.16666666666666666,0.25,0.16666666666666666,0.08333333333333333,0.75,0.25
31007,POUSO ALEGRE/SANTA RITA DO SAPUCAI,MG,Sudeste,2023,13,0,13,13,13,9,0,6,4,3,0,0,0.0,0.46153846153846156,0.3076923076923077,0.23076923076923078,0.0,0.0,0.6923076923076923,0.0
31007,POUSO ALEGRE/SANTA RITA DO SAPUCAI,MG,Sudeste,2024,5,0,3,5,5,4,0,2,1,2,0,0,0.0,0.4,0.2,0.4,0.0,0.0,0.8,0.0
31007,POUSO ALEGRE/SANTA RITA DO SAPUCAI,MG,Sudeste,2025,14,0,12,14,14,12,1,3,4,5,1,0,0.07142857142857142,0.21428571428571427,0.2857142857142857,0.35714285714285715,0.07142857142857142,0.0,0.8571428571428571,0.07142857142857142
31008,SAO LOURENCO,MG,Sudeste,2007,2,0,2,2,2,2,0,1,0,1,0,0,0.0,0.5,0.0,0.5,0.0,0.0,1.0,0.0
31008,SAO LOURENCO,MG,Sudeste,2008,3,0,2,3,3,1,1,1,0,1,0,0,0.3333333333333333,0.3333333333333333,0.0,0.3333333333333333,0.0,0.0,0.3333333333333333,0.0
31008,SAO LOURENCO,MG,Sudeste,2009,2,1,2,2,2,2,1,0,0,1,0,0,0.5,0.0,0.0,0.5,0.0,0.0,1.0,0.0
31008,SAO LOURENCO,MG,Sudeste,2010,2,0,2,2,2,2,0,1,1,0,0,0,0.0,0.5,0.5,0.0,0.0,0.0,1.0,0.0
31008,SAO LOURENCO,MG,Sudeste,2011,4,0,4,4,4,3,3,0,1,0,0,0,0.75,0.0,0.25,0.0,0.0,0.0,0.75,0.0
31008,SAO LOURENCO,MG,Sudeste,2012,2,0,2,2,2,2,0,0,1,1,0,0,0.0,0.0,0.5,0.5,0.0,0.0,1.0,0.0
31008,SAO LOURENCO,MG,Sudeste,2013,7,0,7,7,7,4,0,2,5,0,0,0,0.0,0.2857142857142857,0.7142857142857143,0.0,0.0,0.0,0.5714285714285714,0.0
31008,SAO LOURENCO,MG,Sudeste,2014,4,0,4,4,4,3,0,1,2,1,0,0,0.0,0.25,0.5,0.25,0.0,0.0,0.75,0.0
31008,SAO LOURENCO,MG,Sudeste,2015,6,1,6,6,6,5,0,1,3,2,0,0,0.0,0.16666666666666666,0.5,0.3333333333333333,0.0,0.0,0.8333333333333334,0.0
31008,SAO LOURENCO,MG,Sudeste,2016,15,1,14,15,15,12,1,6,5,1,2,0,0.06666666666666667,0.4,0.3333333333333333,0.06666666666666667,0.13333333333333333,0.0,0.8,0.13333333333333333
31008,SAO LOURENCO,MG,Sudeste,2017,12,0,11,12,12,10,1,4,2,4,1,0,0.08333333333333333,0.3333333333333333,0.16666666666666666,0.3333333333333333,0.08333333333333333,0.0,0.8333333333333334,0.08333333333333333
31008,SAO LOURENCO,MG,Sudeste,2018,11,1,9,11,11,9,0,2,4,2,3,0,0.0,0.18181818181818182,0.36363636363636365,0.18181818181818182,0.2727272727272727,0.0,0.8181818181818182,0.2727272727272727
31008,SAO LOURENCO,MG,Sudeste,2019,14,1,13,14,14,13,0,3,6,4,1,0,0.0,0.21428571428571427,0.42857142857142855,0.2857142857142857,0.07142857142857142,0.0,0.9285714285714286,0.07142857142857142
31008,SAO LOURENCO,MG,Sudeste,2020,3,0,3,3,3,3,0,1,2,0,0,0,0.0,0.3333333333333333,0.6666666666666666,0.0,0.0,0.0,1.0,0.0
31008,SAO LOURENCO,MG,Sudeste,2021,3,0,3,3,3,3,0,2,0,0,0,1,0.0,0.6666666666666666,0.0,0.0,0.0,0.3333333333333333,1.0,0.3333333333333333
31008,SAO LOURENCO,MG,Sudeste,2022,9,1,9,9,9,6,1,2,4,1,1,0,0.1111111111111111,0.2222222222222222,0.4444444444444444,0.1111111111111111,0.1111111111111111,0.0,0.6666666666666666,0.1111111111111111
31008,SAO LOURENCO,MG,Sudeste,2023,18,0,18,18,18,15,0,2,3,7,3,3,0.0,0.1111111111111111,0.16666666666666666,0.3888888888888889,0.16666666666666666,0.16666666666666666,0.8333333333333334,0.3333333333333333
31008,SAO LOURENCO,MG,Sudeste,2024,12,0,9,12,12,9,0,4,3,4,1,0,0.0,0.3333333333333333,0.25,0.3333333333333333,0.08333333333333333,0.0,0.75,0.08333333333333333
31008,SAO LOURENCO,MG,Sudeste,2025,13,0,12,13,13,6,0,2,4,5,1,1,0.0,0.15384615384615385,0.3076923076923077,0.38461538461538464,0.07692307692307693,0.07692307692307693,0.46153846153846156,0.15384615384615385
31009,SAO SEBASTIAO DO PARAISO,MG,Sudeste,2007,0,0,0,0,0,0,0,0,0,0,0,0,,,,,,,,
31009,SAO SEBASTIAO DO PARAISO,MG,Sudeste,2008,0,0,0,0,0,0,0,0,0,0,0,0,,,,,,,,
31009,SAO SEBASTIAO DO PARAISO,MG,Sudeste,2009,0,0,0,0,0,0,0,0,0,0,0,0,,,,,,,,
31009,SAO SEBASTIAO DO PARAISO,MG,Sudeste,2010,0,0,0,0,0,0,0,0,0,0,0,0,,,,,,,,
31009,SAO SEBASTIAO DO PARAISO,MG,Sudeste,2011,2,0,2,2,2,2,0,1,0,0,1,0,0.0,0.5,0.0,0.0,0.5,0.0,1.0,0.5
31009,SAO SEBASTIAO DO PARAISO,MG,Sudeste,2012,0,0,0,0,0,0,0,0,0,0,0,0,,,,,,,,
31009,SAO SEBASTIAO DO PARAISO,MG,Sudeste,2013,0,0,0,0,0,0,0,0,0,0,0,0,,,,,,,,
31009,SAO SEBASTIAO DO PARAISO,MG,Sudeste,2014,0,0,0,0,0,0,0,0,0,0,0,0,,,,,,,,
31009,SAO SEBASTIAO DO PARAISO,MG,Sudeste,2015,1,0,1,1,1,1,0,0,1,0,0,0,0.0,0.0,1.0,0.0,0.0,0.0,1.0,0.0
31009,SAO SEBASTIAO DO PARAISO,MG,Sudeste,2016,3,0,3,3,3,2,0,0,2,1,0,0,0.0,0.0,0.6666666666666666,0.3333333333333333,0.0,0.0,0.6666666666666666,0.0
31009,SAO SEBASTIAO DO PARAISO,MG,Sudeste,2017,3,0,3,3,3,2,0,2,0,0,1,0,0.0,0.6666666666666666,0.0,0.0,0.3333333333333333,0.0,0.6666666666666666,0.3333333333333333
31009,SAO SEBASTIAO DO PARAISO,MG,Sudeste,2018,0,0,0,0,0,0,0,0,0,0,0,0,,,,,,,,
31009,SAO SEBASTIAO DO PARAISO,MG,Sudeste,2019,1,0,1,1,1,1,0,0,1,0,0,0,0.0,0.0,1.0,0.0,0.0,0.0,1.0,0.0
31009,SAO SEBASTIAO DO PARAISO,MG,Sudeste,2020,2,0,2,2,2,2,0,0,1,1,0,0,0.0,0.0,0.5,0.5,0.0,0.0,1.0,0.0
31009,SAO SEBASTIAO DO PARAISO,MG,Sudeste,2021,0,0,0,0,0,0,0,0,0,0,0,0,,,,,,,,
31009,SAO SEBASTIAO DO PARAISO,MG,Sudeste,2022,1,0,1,1,1,1,0,0,0,0,0,1,0.0,0.0,0.0,0.0,0.0,1.0,1.0,1.0
31009,SAO SEBASTIAO DO PARAISO,MG,Sudeste,2023,4,0,4,4,4,3,0,1,1,2,0,0,0.0,0.25,0.25,0.5,0.0,0.0,0.75,0.0
31009,SAO SEBASTIAO DO PARAISO,MG,Sudeste,2024,1,0,1,1,1,1,0,0,0,0,1,0,0.0,0.0,0.0,0.0,1.0,0.0,1.0,1.0
31009,SAO SEBASTIAO DO PARAISO,MG,Sudeste,2025,0,0,0,0,0,0,0,0,0,0,0,0,,,,,,,,
31010,TRES CORACOES,MG,Sudeste,2007,0,0,0,0,0,0,0,0,0,0,0,0,,,,,,,,
31010,TRES CORACOES,MG,Sudeste,2008,0,0,0,0,0,0,0,0,0,0,0,0,,,,,,,,
31010,TRES CORACOES,MG,Sudeste,2009,0,0,0,0,0,0,0,0,0,0,0,0,,,,,,,,
31010,TRES CORACOES,MG,Sudeste,2010,0,0,0,0,0,0,0,0,0,0,0,0,,,,,,,,
31010,TRES CORACOES,MG,Sudeste,2011,1,0,1,1,1,1,0,0,0,1,0,0,0.0,0.0,0.0,1.0,0.0,0.0,1.0,0.0
31010,TRES CORACOES,MG,Sudeste,2012,0,0,0,0,0,0,0,0,0,0,0,0,,,,,,,,
31010,TRES CORACOES,MG,Sudeste,2013,2,0,1,2,2,1,0,2,0,0,0,0,0.0,1.0,0.0,0.0,0.0,0.0,0.5,0.0
31010,TRES CORACOES,MG,Sudeste,2014,1,0,1,1,1,1,0,0,1,0,0,0,0.0,0.0,1.0,0.0,0.0,0.0,1.0,0.0
31010,TRES CORACOES,MG,Sudeste,2015,0,0,0,0,0,0,0,0,0,0,0,0,,,,,,,,
31010,TRES CORACOES,MG,Sudeste,2016,1,0,1,1,1,1,0,0,1,0,0,0,0.0,0.0,1.0,0.0,0.0,0.0,1.0,0.0
31010,TRES CORACOES,MG,Sudeste,2017,0,0,0,0,0,0,0,0,0,0,0,0,,,,,,,,
31010,TRES CORACOES,MG,Sudeste,2018,0,0,0,0,0,0,0,0,0,0,0,0,,,,,,,,
31010,TRES CORACOES,MG,Sudeste,2019,0,0,0,0,0,0,0,0,0,0,0,0,,,,,,,,
31010,TRES CORACOES,MG,Sudeste,2020,1,0,1,1,1,1,0,0,0,0,1,0,0.0,0.0,0.0,0.0,1.0,0.0,1.0,1.0
31010,TRES CORACOES,MG,Sudeste,2021,0,0,0,0,0,0,0,0,0,0,0,0,,,,,,,,
31010,TRES CORACOES,MG,Sudeste,2022,2,0,2,2,2,1,0,0,1,1,0,0,0.0,0.0,0.5,0.5,0.0,0.0,0.5,0.0
31010,TRES CORACOES,MG,Sudeste,2023,0,0,0,0,0,0,0,0,0,0,0,0,,,,,,,,
31010,TRES CORACOES,MG,Sudeste,2024,1,0,1,1,1,1,0,0,1,0,0,0,0.0,0.0,1.0,0.0,0.0,0.0,1.0,0.0
31010,TRES CORACOES,MG,Sudeste,2025,1,0,1,1,1,0,0,0,1,0,0,0,0.0,0.0,1.0,0.0,0.0,0.0,0.0,0.0
31011,TRES PONTAS,MG,Sudeste,2007,0,0,0,0,0,0,0,0,0,0,0,0,,,,,,,,
31011,TRES PONTAS,MG,Sudeste,2008,0,0,0,0,0,0,0,0,0,0,0,0,,,,,,,,
31011,TRES PONTAS,MG,Sudeste,2009,1,0,0,1,1,1,0,0,0,1,0,0,0.0,0.0,0.0,1.0,0.0,0.0,1.0,0.0
31011,TRES PONTAS,MG,Sudeste,2010,1,0,1,1,1,0,0,0,1,0,0,0,0.0,0.0,1.0,0.0,0.0,0.0,0.0,0.0
31011,TRES PONTAS,MG,Sudeste,2011,0,0,0,0,0,0,0,0,0,0,0,0,,,,,,,,
31011,TRES PONTAS,MG,Sudeste,2012,0,0,0,0,0,0,0,0,0,0,0,0,,,,,,,,
31011,TRES PONTAS,MG,Sudeste,2013,0,0,0,0,0,0,0,0,0,0,0,0,,,,,,,,
31011,TRES PONTAS,MG,Sudeste,2014,3,0,3,3,3,3,0,1,1,1,0,0,0.0,0.3333333333333333,0.3333333333333333,0.3333333333333333,0.0,0.0,1.0,0.0
31011,TRES PONTAS,MG,Sudeste,2015,2,0,2,2,2,1,0,0,1,1,0,0,0.0,0.0,0.5,0.5,0.0,0.0,0.5,0.0
31011,TRES PONTAS,MG,Sudeste,2016,1,0,1,1,1,1,0,1,0,0,0,0,0.0,1.0,0.0,0.0,0.0,0.0,1.0,0.0
31011,TRES PONTAS,MG,Sudeste,2017,2,0,2,2,2,2,0,0,0,2,0,0,0.0,0.0,0.0,1.0,0.0,0.0,1.0,0.0
31011,TRES PONTAS,MG,Sudeste,2018,2,0,2,2,2,2,0,0,1,1,0,0,0.0,0.0,0.5,0.5,0.0,0.0,1.0,0.0
31011,TRES PONTAS,MG,Sudeste,2019,0,0,0,0,0,0,0,0,0,0,0,0,,,,,,,,
31011,TRES PONTAS,MG,Sudeste,2020,1,0,1,1,1,1,0,0,1,0,0,0,0.0,0.0,1.0,0.0,0.0,0.0,1.0,0.0
31011,TRES PONTAS,MG,Sudeste,2021,0,0,0,0,0,0,0,0,0,0,0,0,,,,,,,,
31011,TRES PONTAS,MG,Sudeste,2022,0,0,0,0,0,0,0,0,0,0,0,0,,,,,,,,
31011,TRES PONTAS,MG,Sudeste,2023,2,0,2,2,2,2,0,0,1,1,0,0,0.0,0.0,0.5,0.5,0.0,0.0,1.0,0.0
31011,TRES PONTAS,MG,Sudeste,2024,1,0,1,1,1,1,0,0,0,0,0,1,0.0,0.0,0.0,0.0,0.0,1.0,1.0,1.0
31011,TRES PONTAS,MG,Sudeste,2025,1,0,1,1,1,1,0,0,0,0,1,0,0.0,0.0,0.0,0.0,1.0,0.0,1.0,1.0
31012,VARGINHA,MG,Sudeste,2007,0,0,0,0,0,0,0,0,0,0,0,0,,,,,,,,
31012,VARGINHA,MG,Sudeste,2008,0,0,0,0,0,0,0,0,0,0,0,0,,,,,,,,
31012,VARGINHA,MG,Sudeste,2009,0,0,0,0,0,0,0,0,0,0,0,0,,,,,,,,
31012,VARGINHA,MG,Sudeste,2010,0,0,0,0,0,0,0,0,0,0,0,0,,,,,,,,
31012,VARGINHA,MG,Sudeste,2011,0,0,0,0,0,0,0,0,0,0,0,0,,,,,,,,
31012,VARGINHA,MG,Sudeste,2012,1,0,1,1,1,1,0,0,0,1,0,0,0.0,0.0,0.0,1.0,0.0,0.0,1.0,0.0
31012,VARGINHA,MG,Sudeste,2013,0,0,0,0,0,0,0,0,0,0,0,0,,,,,,,,
31012,VARGINHA,MG,Sudeste,2014,1,0,1,1,1,0,0,0,0,1,0,0,0.0,0.0,0.0,1.0,0.0,0.0,0.0,0.0
31012,VARGINHA,MG,Sudeste,2015,1,0,1,1,1,1,0,0,0,1,0,0,0.0,0.0,0.0,1.0,0.0,0.0,1.0,0.0
31012,VARGINHA,MG,Sudeste,2016,1,0,1,1,1,1,0,0,0,1,0,0,0.0,0.0,0.0,1.0,0.0,0.0,1.0,0.0
31012,VARGINHA,MG,Sudeste,2017,1,0,1,1,1,1,0,1,0,0,0,0,0.0,1.0,0.0,0.0,0.0,0.0,1.0,0.0
31012,VARGINHA,MG,Sudeste,2018,0,0,0,0,0,0,0,0,0,0,0,0,,,,,,,,
31012,VARGINHA,MG,Sudeste,2019,3,0,2,3,3,2,0,2,1,0,0,0,0.0,0.6666666666666666,0.3333333333333333,0.0,0.0,0.0,0.6666666666666666,0.0
31012,VARGINHA,MG,Sudeste,2020,1,1,1,1,1,1,0,0,1,0,0,0,0.0,0.0,1.0,0.0,0.0,0.0,1.0,0.0
31012,VARGINHA,MG,Sudeste,2021,1,0,1,1,1,1,0,0,0,1,0,0,0.0,0.0,0.0,1.0,0.0,0.0,1.0,0.0
31012,VARGINHA,MG,Sudeste,2022,1,0,1,1,1,1,0,0,0,1,0,0,0.0,0.0,0.0,1.0,0.0,0.0,1.0,0.0
31012,VARGINHA,MG,Sudeste,2023,0,0,0,0,0,0,0,0,0,0,0,0,,,,,,,,
31012,VARGINHA,MG,Sudeste,2024,1,1,1,1,1,1,0,0,1,0,0,0,0.0,0.0,1.0,0.0,0.0,0.0,1.0,0.0
31012,VARGINHA,MG,Sudeste,2025,1,0,0,1,1,1,1,0,0,0,0,0,1.0,0.0,0.0,0.0,0.0,0.0,1.0,0.0
31013,BARBACENA,MG,Sudeste,2007,2,1,2,2,2,2,0,1,1,0,0,0,0.0,0.5,0.5,0.0,0.0,0.0,1.0,0.0
31013,BARBACENA,MG,Sudeste,2008,1,1,1,1,1,1,0,0,1,0,0,0,0.0,0.0,1.0,0.0,0.0,0.0,1.0,0.0
31013,BARBACENA,MG,Sudeste,2009,1,0,1,1,1,1,0,1,0,0,0,0,0.0,1.0,0.0,0.0,0.0,0.0,1.0,0.0
31013,BARBACENA,MG,Sudeste,2010,0,0,0,0,0,0,0,0,0,0,0,0,,,,,,,,
31013,BARBACENA,MG,Sudeste,2011,0,0,0,0,0,0,0,0,0,0,0,0,,,,,,,,
31013,BARBACENA,MG,Sudeste,2012,1,0,1,1,1,1,0,0,1,0,0,0,0.0,0.0,1.0,0.0,0.0,0.0,1.0,0.0
31013,BARBACENA,MG,Sudeste,2013,2,1,2,2,2,2,0,0,2,0,0,0,0.0,0.0,1.0,0.0,0.0,0.0,1.0,0.0
31013,BARBACENA,MG,Sudeste,2014,1,0,1,1,1,1,0,0,0,1,0,0,0.0,0.0,0.0,1.0,0.0,0.0,1.0,0.0
31013,BARBACENA,MG,Sudeste,2015,2,2,2,2,2,2,0,0,0,1,1,0,0.0,0.0,0.0,0.5,0.5,0.0,1.0,0.5
31013,BARBACENA,MG,Sudeste,2016,2,0,2,2,2,2,0,2,0,0,0,0,0.0,1.0,0.0,0.0,0.0,0.0,1.0,0.0
31013,BARBACENA,MG,Sudeste,2017,0,0,0,0,0,0,0,0,0,0,0,0,,,,,,,,
31013,BARBACENA,MG,Sudeste,2018,1,0,1,1,1,0,0,0,0,1,0,0,0.0,0.0,0.0,1.0,0.0,0.0,0.0,0.0
31013,BARBACENA,MG,Sudeste,2019,2,0,2,2,2,2,0,0,1,1,0,0,0.0,0.0,0.5,0.5,0.0,0.0,1.0,0.0
31013,BARBACENA,MG,Sudeste,2020,1,0,0,1,1,0,0,0,0,0,1,0,0.0,0.0,0.0,0.0,1.0,0.0,0.0,1.0
31013,BARBACENA,MG,Sudeste,2021,0,0,0,0,0,0,0,0,0,0,0,0,,,,,,,,
31013,BARBACENA,MG,Sudeste,2022,0,0,0,0,0,0,0,0,0,0,0,0,,,,,,,,
31013,BARBACENA,MG,Sudeste,2023,3,0,3,3,3,3,0,1,2,0,0,0,0.0,0.3333333333333333,0.6666666666666666,0.0,0.0,0.0,1.0,0.0
31013,BARBACENA,MG,Sudeste,2024,1,0,1,1,1,1,0,0,0,1,0,0,0.0,0.0,0.0,1.0,0.0,0.0,1.0,0.0
31013,BARBACENA,MG,Sudeste,2025,2,0,2,2,2,2,0,0,1,1,0,0,0.0,0.0,0.5,0.5,0.0,0.0,1.0,0.0
31015,SAO JOAO DEL REI,MG,Sudeste,2007,0,0,0,0,0,0,0,0,0,0,0,0,,,,,,,,
31015,SAO JOAO DEL REI,MG,Sudeste,2008,0,0,0,0,0,0,0,0,0,0,0,0,,,,,,,,
31015,SAO JOAO DEL REI,MG,Sudeste,2009,0,0,0,0,0,0,0,0,0,0,0,0,,,,,,,,
31015,SAO JOAO DEL REI,MG,Sudeste,2010,0,0,0,0,0,0,0,0,0,0,0,0,,,,,,,,
31015,SAO JOAO DEL REI,MG,Sudeste,2011,1,0,1,1,1,1,0,0,1,0,0,0,0.0,0.0,1.0,0.0,0.0,0.0,1.0,0.0
31015,SAO JOAO DEL REI,MG,Sudeste,2012,0,0,0,0,0,0,0,0,0,0,0,0,,,,,,,,
31015,SAO JOAO DEL REI,MG,Sudeste,2013,2,1,2,2,2,2,0,1,1,0,0,0,0.0,0.5,0.5,0.0,0.0,0.0,1.0,0.0
31015,SAO JOAO DEL REI,MG,Sudeste,2014,2,0,2,2,2,2,0,0,1,1,0,0,0.0,0.0,0.5,0.5,0.0,0.0,1.0,0.0
31015,SAO JOAO DEL REI,MG,Sudeste,2015,1,0,1,1,1,1,0,0,1,0,0,0,0.0,0.0,1.0,0.0,0.0,0.0,1.0,0.0
31015,SAO JOAO DEL REI,MG,Sudeste,2016,2,1,2,2,2,2,1,0,1,0,0,0,0.5,0.0,0.5,0.0,0.0,0.0,1.0,0.0
31015,SAO JOAO DEL REI,MG,Sudeste,2017,0,0,0,0,0,0,0,0,0,0,0,0,,,,,,,,
31015,SAO JOAO DEL REI,MG,Sudeste,2018,4,0,4,4,4,4,0,0,2,0,1,1,0.0,0.0,0.5,0.0,0.25,0.25,1.0,0.5
31015,SAO JOAO DEL REI,MG,Sudeste,2019,5,0,4,5,5,4,0,1,3,1,0,0,0.0,0.2,0.6,0.2,0.0,0.0,0.8,0.0
31015,SAO JOAO DEL REI,MG,Sudeste,2020,5,0,4,5,5,5,0,1,3,0,1,0,0.0,0.2,0.6,0.0,0.2,0.0,1.0,0.2
31015,SAO JOAO DEL REI,MG,Sudeste,2021,2,0,1,2,2,2,0,0,0,1,0,1,0.0,0.0,0.0,0.5,0.0,0.5,1.0,0.5
31015,SAO JOAO DEL REI,MG,Sudeste,2022,2,1,2,2,2,2,0,1,1,0,0,0,0.0,0.5,0.5,0.0,0.0,0.0,1.0,0.0
31015,SAO JOAO DEL REI,MG,Sudeste,2023,2,1,2,2,2,1,0,0,1,1,0,0,0.0,0.0,0.5,0.5,0.0,0.0,0.5,0.0
31015,SAO JOAO DEL REI,MG,Sudeste,2024,1,0,1,1,1,1,0,1,0,0,0,0,0.0,1.0,0.0,0.0,0.0,0.0,1.0,0.0
31015,SAO JOAO DEL REI,MG,Sudeste,2025,1,0,0,1,1,1,0,0,0,1,0,0,0.0,0.0,0.0,1.0,0.0,0.0,1.0,0.0
31016,BELO HORIZONTE/NOVA LIMA/SANTA LUZIA,MG,Sudeste,2007,13,1,11,13,13,11,2,4,4,2,1,0,0.15384615384615385,0.3076923076923077,0.3076923076923077,0.15384615384615385,0.07692307692307693,0.0,0.8461538461538461,0.07692307692307693
31016,BELO HORIZONTE/NOVA LIMA/SANTA LUZIA,MG,Sudeste,2008,23,4,21,23,23,19,1,3,12,6,1,0,0.043478260869565216,0.13043478260869565,0.5217391304347826,0.2608695652173913,0.043478260869565216,0.0,0.8260869565217391,0.043478260869565216
31016,BELO HORIZONTE/NOVA LIMA/SANTA LUZIA,MG,Sudeste,2009,17,3,16,17,17,14,0,5,5,6,1,0,0.0,0.29411764705882354,0.29411764705882354,0.35294117647058826,0.058823529411764705,0.0,0.8235294117647058,0.058823529411764705
31016,BELO HORIZONTE/NOVA LIMA/SANTA LUZIA,MG,Sudeste,2010,19,3,19,19,19,15,0,1,6,7,4,1,0.0,0.05263157894736842,0.3157894736842105,0.3684210526315789,0.21052631578947367,0.05263157894736842,0.7894736842105263,0.2631578947368421
31016,BELO HORIZONTE/NOVA LIMA/SANTA LUZIA,MG,Sudeste,2011,29,2,27,29,29,22,0,8,8,6,4,3,0.0,0.27586206896551724,0.27586206896551724,0.20689655172413793,0.13793103448275862,0.10344827586206896,0.7586206896551724,0.24137931034482757
31016,BELO HORIZONTE/NOVA LIMA/SANTA LUZIA,MG,Sudeste,2012,24,4,23,24,24,20,1,3,10,7,2,1,0.041666666666666664,0.125,0.4166666666666667,0.2916666666666667,0.08333333333333333,0.041666666666666664,0.8333333333333334,0.125
31016,BELO HORIZONTE/NOVA LIMA/SANTA LUZIA,MG,Sudeste,2013,24,2,18,24,24,20,0,9,5,9,0,1,0.0,0.375,0.20833333333333334,0.375,0.0,0.041666666666666664,0.8333333333333334,0.041666666666666664
31016,BELO HORIZONTE/NOVA LIMA/SANTA LUZIA,MG,Sudeste,2014,15,2,15,15,15,11,0,1,7,6,1,0,0.0,0.06666666666666667,0.4666666666666667,0.4,0.06666666666666667,0.0,0.7333333333333333,0.06666666666666667
31016,BELO HORIZONTE/NOVA LIMA/SANTA LUZIA,MG,Sudeste,2015,21,0,21,21,21,16,1,6,9,2,2,1,0.047619047619047616,0.2857142857142857,0.42857142857142855,0.09523809523809523,0.09523809523809523,0.047619047619047616,0.7619047619047619,0.14285714285714285
31016,BELO HORIZONTE/NOVA LIMA/SANTA LUZIA,MG,Sudeste,2016,12,3,11,12,12,12,1,5,2,1,2,1,0.08333333333333333,0.4166666666666667,0.16666666666666666,0.08333333333333333,0.16666666666666666,0.08333333333333333,1.0,0.25
31016,BELO HORIZONTE/NOVA LIMA/SANTA LUZIA,MG,Sudeste,2017,25,2,23,25,25,20,1,5,9,6,3,1,0.04,0.2,0.36,0.24,0.12,0.04,0.8,0.16
31016,BELO HORIZONTE/NOVA LIMA/SANTA LUZIA,MG,Sudeste,2018,29,0,26,29,29,27,0,4,10,8,3,4,0.0,0.13793103448275862,0.3448275862068966,0.27586206896551724,0.10344827586206896,0.13793103448275862,0.9310344827586207,0.24137931034482757
31016,BELO HORIZONTE/NOVA LIMA/SANTA LUZIA,MG,Sudeste,2019,30,2,27,30,30,20,1,7,9,7,6,0,0.03333333333333333,0.23333333333333334,0.3,0.23333333333333334,0.2,0.0,0.6666666666666666,0.2
31016,BELO HORIZONTE/NOVA LIMA/SANTA LUZIA,MG,Sudeste,2020,38,2,35,38,38,33,0,10,10,15,2,1,0.0,0.2631578947368421,0.2631578947368421,0.39473684210526316,0.05263157894736842,0.02631578947368421,0.868421052631579,0.07894736842105263
31016,BELO HORIZONTE/NOVA LIMA/SANTA LUZIA,MG,Sudeste,2021,19,0,18,19,19,17,3,2,5,6,2,1,0.15789473684210525,0.10526315789473684,0.2631578947368421,0.3157894736842105,0.10526315789473684,0.05263157894736842,0.8947368421052632,0.15789473684210525
31016,BELO HORIZONTE/NOVA LIMA/SANTA LUZIA,MG,Sudeste,2022,31,2,27,31,31,27,4,3,11,10,3,0,0.12903225806451613,0.0967741935483871,0.3548387096774194,0.3225806451612903,0.0967741935483871,0.0,0.8709677419354839,0.0967741935483871
31016,BELO HORIZONTE/NOVA LIMA/SANTA LUZIA,MG,Sudeste,2023,22,1,21,22,22,19,1,3,7,5,4,2,0.045454545454545456,0.13636363636363635,0.3181818181818182,0.22727272727272727,0.18181818181818182,0.09090909090909091,0.8636363636363636,0.2727272727272727
31016,BELO HORIZONTE/NOVA LIMA/SANTA LUZIA,MG,Sudeste,2024,14,1,13,14,14,14,0,0,5,4,5,0,0.0,0.0,0.35714285714285715,0.2857142857142857,0.35714285714285715,0.0,1.0,0.35714285714285715
31016,BELO HORIZONTE/NOVA LIMA/SANTA LUZIA,MG,Sudeste,2025,24,4,24,24,24,20,3,6,4,6,2,3,0.125,0.25,0.16666666666666666,0.25,0.08333333333333333,0.125,0.8333333333333334,0.20833333333333331
31017,BETIM,MG,Sudeste,2007,4,0,4,4,4,4,0,3,0,0,1,0,0.0,0.75,0.0,0.0,0.25,0.0,1.0,0.25
31017,BETIM,MG,Sudeste,2008,3,0,3,3,3,3,0,2,1,0,0,0,0.0,0.6666666666666666,0.3333333333333333,0.0,0.0,0.0,1.0,0.0
31017,BETIM,MG,Sudeste,2009,10,0,10,10,10,9,0,4,3,2,0,1,0.0,0.4,0.3,0.2,0.0,0.1,0.9,0.1
31017,BETIM,MG,Sudeste,2010,8,1,7,8,8,4,1,3,1,2,1,0,0.125,0.375,0.125,0.25,0.125,0.0,0.5,0.125
31017,BETIM,MG,Sudeste,2011,12,3,11,12,12,7,1,4,2,3,1,1,0.08333333333333333,0.3333333333333333,0.16666666666666666,0.25,0.08333333333333333,0.08333333333333333,0.5833333333333334,0.16666666666666666
31017,BETIM,MG,Sudeste,2012,7,1,6,7,7,7,1,2,2,0,0,2,0.14285714285714285,0.2857142857142857,0.2857142857142857,0.0,0.0,0.2857142857142857,1.0,0.2857142857142857
31017,BETIM,MG,Sudeste,2013,7,1,6,7,7,6,0,0,3,4,0,0,0.0,0.0,0.42857142857142855,0.5714285714285714,0.0,0.0,0.8571428571428571,0.0
31017,BETIM,MG,Sudeste,2014,2,0,2,2,2,0,0,1,0,0,1,0,0.0,0.5,0.0,0.0,0.5,0.0,0.0,0.5
31017,BETIM,MG,Sudeste,2015,3,0,3,3,3,3,0,1,1,1,0,0,0.0,0.3333333333333333,0.3333333333333333,0.3333333333333333,0.0,0.0,1.0,0.0
31017,BETIM,MG,Sudeste,2016,2,1,2,2,2,1,0,0,0,1,1,0,0.0,0.0,0.0,0.5,0.5,0.0,0.5,0.5
31017,BETIM,MG,Sudeste,2017,4,0,4,4,4,4,0,0,2,2,0,0,0.0,0.0,0.5,0.5,0.0,0.0,1.0,0.0
31017,BETIM,MG,Sudeste,2018,6,0,5,6,6,4,1,3,1,1,0,0,0.16666666666666666,0.5,0.16666666666666666,0.16666666666666666,0.0,0.0,0.6666666666666666,0.0
31017,BETIM,MG,Sudeste,2019,5,0,5,5,5,5,0,2,1,1,1,0,0.0,0.4,0.2,0.2,0.2,0.0,1.0,0.2
31017,BETIM,MG,Sudeste,2020,6,1,5,6,6,6,0,0,1,1,4,0,0.0,0.0,0.16666666666666666,0.16666666666666666,0.6666666666666666,0.0,1.0,0.6666666666666666
31017,BETIM,MG,Sudeste,2021,3,0,3,3,3,2,0,0,1,0,2,0,0.0,0.0,0.3333333333333333,0.0,0.6666666666666666,0.0,0.6666666666666666,0.6666666666666666
31017,BETIM,MG,Sudeste,2022,5,1,5,5,5,4,0,0,1,2,2,0,0.0,0.0,0.2,0.4,0.4,0.0,0.8,0.4
31017,BETIM,MG,Sudeste,2023,7,2,7,7,7,6,1,1,2,3,0,0,0.14285714285714285,0.14285714285714285,0.2857142857142857,0.42857142857142855,0.0,0.0,0.8571428571428571,0.0
31017,BETIM,MG,Sudeste,2024,4,1,4,4,4,4,0,3,1,0,0,0,0.0,0.75,0.25,0.0,0.0,0.0,1.0,0.0
31017,BETIM,MG,Sudeste,2025,8,2,8,8,8,7,0,2,2,3,1,0,0.0,0.25,0.25,0.375,0.125,0.0,0.875,0.125
31018,CONTAGEM,MG,Sudeste,2007,6,1,6,6,6,6,0,0,4,1,0,1,0.0,0.0,0.6666666666666666,0.16666666666666666,0.0,0.16666666666666666,1.0,0.16666666666666666
31018,CONTAGEM,MG,Sudeste,2008,10,4,10,10,10,9,1,3,4,1,1,0,0.1,0.3,0.4,0.1,0.1,0.0,0.9,0.1
31018,CONTAGEM,MG,Sudeste,2009,5,3,4,5,5,4,0,3,1,1,0,0,0.0,0.6,0.2,0.2,0.0,0.0,0.8,0.0
31018,CONTAGEM,MG,Sudeste,2010,4,1,3,4,4,4,0,1,0,2,1,0,0.0,0.25,0.0,0.5,0.25,0.0,1.0,0.25
31018,CONTAGEM,MG,Sudeste,2011,9,2,9,9,9,8,0,3,3,2,0,1,0.0,0.3333333333333333,0.3333333333333333,0.2222222222222222,0.0,0.1111111111111111,0.8888888888888888,0.1111111111111111
31018,CONTAGEM,MG,Sudeste,2012,5,1,5,5,5,3,1,0,1,2,0,1,0.2,0.0,0.2,0.4,0.0,0.2,0.6,0.2
31018,CONTAGEM,MG,Sudeste,2013,6,1,6,6,6,4,0,0,3,1,1,1,0.0,0.0,0.5,0.16666666666666666,0.16666666666666666,0.16666666666666666,0.6666666666666666,0.3333333333333333
31018,CONTAGEM,MG,Sudeste,2014,5,0,5,5,5,4,1,1,1,2,0,0,0.2,0.2,0.2,0.4,0.0,0.0,0.8,0.0
31018,CONTAGEM,MG,Sudeste,2015,7,0,7,7,7,6,0,1,1,4,1,0,0.0,0.14285714285714285,0.14285714285714285,0.5714285714285714,0.14285714285714285,0.0,0.8571428571428571,0.14285714285714285
31018,CONTAGEM,MG,Sudeste,2016,7,3,7,7,7,5,0,0,3,2,1,1,0.0,0.0,0.42857142857142855,0.2857142857142857,0.14285714285714285,0.14285714285714285,0.7142857142857143,0.2857142857142857
31018,CONTAGEM,MG,Sudeste,2017,5,0,5,5,5,4,0,2,2,1,0,0,0.0,0.4,0.4,0.2,0.0,0.0,0.8,0.0
31018,CONTAGEM,MG,Sudeste,2018,5,0,5,5,5,5,0,3,1,1,0,0,0.0,0.6,0.2,0.2,0.0,0.0,1.0,0.0
31018,CONTAGEM,MG,Sudeste,2019,7,4,7,7,7,7,0,3,0,2,2,0,0.0,0.42857142857142855,0.0,0.2857142857142857,0.2857142857142857,0.0,1.0,0.2857142857142857
31018,CONTAGEM,MG,Sudeste,2020,5,2,5,5,5,2,0,2,1,1,0,1,0.0,0.4,0.2,0.2,0.0,0.2,0.4,0.2
31018,CONTAGEM,MG,Sudeste,2021,5,1,5,5,5,4,1,2,2,0,0,0,0.2,0.4,0.4,0.0,0.0,0.0,0.8,0.0
31018,CONTAGEM,MG,Sudeste,2022,7,1,7,7,7,5,0,2,4,1,0,0,0.0,0.2857142857142857,0.5714285714285714,0.14285714285714285,0.0,0.0,0.7142857142857143,0.0
31018,CONTAGEM,MG,Sudeste,2023,3,0,3,3,3,2,0,0,1,1,0,1,0.0,0.0,0.3333333333333333,0.3333333333333333,0.0,0.3333333333333333,0.6666666666666666,0.3333333333333333
31018,CONTAGEM,MG,Sudeste,2024,8,3,8,8,8,6,1,1,1,4,0,1,0.125,0.125,0.125,0.5,0.0,0.125,0.75,0.125
31018,CONTAGEM,MG,Sudeste,2025,9,2,7,9,9,6,0,0,1,5,3,0,0.0,0.0,0.1111111111111111,0.5555555555555556,0.3333333333333333,0.0,0.6666666666666666,0.3333333333333333
31019,CURVELO,MG,Sudeste,2007,0,0,0,0,0,0,0,0,0,0,0,0,,,,,,,,
31019,CURVELO,MG,Sudeste,2008,0,0,0,0,0,0,0,0,0,0,0,0,,,,,,,,
31019,CURVELO,MG,Sudeste,2009,0,0,0,0,0,0,0,0,0,0,0,0,,,,,,,,
31019,CURVELO,MG,Sudeste,2010,0,0,0,0,0,0,0,0,0,0,0,0,,,,,,,,
31019,CURVELO,MG,Sudeste,2011,1,0,1,1,1,1,0,0,0,0,1,0,0.0,0.0,0.0,0.0,1.0,0.0,1.0,1.0
31019,CURVELO,MG,Sudeste,2012,0,0,0,0,0,0,0,0,0,0,0,0,,,,,,,,
31019,CURVELO,MG,Sudeste,2013,2,1,2,2,2,2,0,1,0,1,0,0,0.0,0.5,0.0,0.5,0.0,0.0,1.0,0.0
31019,CURVELO,MG,Sudeste,2014,0,0,0,0,0,0,0,0,0,0,0,0,,,,,,,,
31019,CURVELO,MG,Sudeste,2015,0,0,0,0,0,0,0,0,0,0,0,0,,,,,,,,
31019,CURVELO,MG,Sudeste,2016,0,0,0,0,0,0,0,0,0,0,0,0,,,,,,,,
31019,CURVELO,MG,Sudeste,2017,0,0,0,0,0,0,0,0,0,0,0,0,,,,,,,,
31019,CURVELO,MG,Sudeste,2018,0,0,0,0,0,0,0,0,0,0,0,0,,,,,,,,
31019,CURVELO,MG,Sudeste,2019,2,0,2,2,2,2,0,0,1,1,0,0,0.0,0.0,0.5,0.5,0.0,0.0,1.0,0.0
31019,CURVELO,MG,Sudeste,2020,0,0,0,0,0,0,0,0,0,0,0,0,,,,,,,,
31019,CURVELO,MG,Sudeste,2021,1,0,1,1,1,1,0,0,0,1,0,0,0.0,0.0,0.0,1.0,0.0,0.0,1.0,0.0
31019,CURVELO,MG,Sudeste,2022,0,0,0,0,0,0,0,0,0,0,0,0,,,,,,,,
31019,CURVELO,MG,Sudeste,2023,1,0,0,1,1,0,0,1,0,0,0,0,0.0,1.0,0.0,0.0,0.0,0.0,0.0,0.0
31019,CURVELO,MG,Sudeste,2024,0,0,0,0,0,0,0,0,0,0,0,0,,,,,,,,
31019,CURVELO,MG,Sudeste,2025,0,0,0,0,0,0,0,0,0,0,0,0,,,,,,,,
31020,GUANHAES,MG,Sudeste,2007,0,0,0,0,0,0,0,0,0,0,0,0,,,,,,,,
31020,GUANHAES,MG,Sudeste,2008,0,0,0,0,0,0,0,0,0,0,0,0,,,,,,,,
31020,GUANHAES,MG,Sudeste,2009,0,0,0,0,0,0,0,0,0,0,0,0,,,,,,,,
31020,GUANHAES,MG,Sudeste,2010,0,0,0,0,0,0,0,0,0,0,0,0,,,,,,,,
31020,GUANHAES,MG,Sudeste,2011,0,0,0,0,0,0,0,0,0,0,0,0,,,,,,,,
31020,GUANHAES,MG,Sudeste,2012,0,0,0,0,0,0,0,0,0,0,0,0,,,,,,,,
31020,GUANHAES,MG,Sudeste,2013,0,0,0,0,0,0,0,0,0,0,0,0,,,,,,,,
31020,GUANHAES,MG,Sudeste,2014,0,0,0,0,0,0,0,0,0,0,0,0,,,,,,,,
31020,GUANHAES,MG,Sudeste,2015,0,0,0,0,0,0,0,0,0,0,0,0,,,,,,,,
31020,GUANHAES,MG,Sudeste,2016,0,0,0,0,0,0,0,0,0,0,0,0,,,,,,,,
31020,GUANHAES,MG,Sudeste,2017,0,0,0,0,0,0,0,0,0,0,0,0,,,,,,,,
31020,GUANHAES,MG,Sudeste,2018,0,0,0,0,0,0,0,0,0,0,0,0,,,,,,,,
31020,GUANHAES,MG,Sudeste,2019,0,0,0,0,0,0,0,0,0,0,0,0,,,,,,,,
31020,GUANHAES,MG,Sudeste,2020,0,0,0,0,0,0,0,0,0,0,0,0,,,,,,,,
31020,GUANHAES,MG,Sudeste,2021,0,0,0,0,0,0,0,0,0,0,0,0,,,,,,,,
31020,GUANHAES,MG,Sudeste,2022,2,0,2,2,2,2,1,1,0,0,0,0,0.5,0.5,0.0,0.0,0.0,0.0,1.0,0.0
31020,GUANHAES,MG,Sudeste,2023,0,0,0,0,0,0,0,0,0,0,0,0,,,,,,,,
31020,GUANHAES,MG,Sudeste,2024,0,0,0,0,0,0,0,0,0,0,0,0,,,,,,,,
31020,GUANHAES,MG,Sudeste,2025,0,0,0,0,0,0,0,0,0,0,0,0,,,,,,,,
31021,ITABIRA,MG,Sudeste,2007,0,0,0,0,0,0,0,0,0,0,0,0,,,,,,,,
31021,ITABIRA,MG,Sudeste,2008,1,0,1,1,1,1,0,0,0,1,0,0,0.0,0.0,0.0,1.0,0.0,0.0,1.0,0.0
31021,ITABIRA,MG,Sudeste,2009,0,0,0,0,0,0,0,0,0,0,0,0,,,,,,,,
31021,ITABIRA,MG,Sudeste,2010,2,0,2,2,2,2,0,2,0,0,0,0,0.0,1.0,0.0,0.0,0.0,0.0,1.0,0.0
31021,ITABIRA,MG,Sudeste,2011,1,0,1,1,1,1,0,0,0,1,0,0,0.0,0.0,0.0,1.0,0.0,0.0,1.0,0.0
31021,ITABIRA,MG,Sudeste,2012,1,1,1,1,1,1,0,0,1,0,0,0,0.0,0.0,1.0,0.0,0.0,0.0,1.0,0.0
31021,ITABIRA,MG,Sudeste,2013,0,0,0,0,0,0,0,0,0,0,0,0,,,,,,,,
31021,ITABIRA,MG,Sudeste,2014,4,0,4,4,4,4,1,0,2,0,0,1,0.25,0.0,0.5,0.0,0.0,0.25,1.0,0.25
31021,ITABIRA,MG,Sudeste,2015,0,0,0,0,0,0,0,0,0,0,0,0,,,,,,,,
31021,ITABIRA,MG,Sudeste,2016,3,0,3,3,3,3,0,0,3,0,0,0,0.0,0.0,1.0,0.0,0.0,0.0,1.0,0.0
31021,ITABIRA,MG,Sudeste,2017,2,1,2,2,2,2,0,0,1,1,0,0,0.0,0.0,0.5,0.5,0.0,0.0,1.0,0.0
31021,ITABIRA,MG,Sudeste,2018,2,0,2,2,2,2,0,0,2,0,0,0,0.0,0.0,1.0,0.0,0.0,0.0,1.0,0.0
31021,ITABIRA,MG,Sudeste,2019,4,0,4,4,4,2,0,1,1,2,0,0,0.0,0.25,0.25,0.5,0.0,0.0,0.5,0.0
31021,ITABIRA,MG,Sudeste,2020,6,0,6,6,6,5,0,2,3,1,0,0,0.0,0.3333333333333333,0.5,0.16666666666666666,0.0,0.0,0.8333333333333334,0.0
31021,ITABIRA,MG,Sudeste,2021,0,0,0,0,0,0,0,0,0,0,0,0,,,,,,,,
31021,ITABIRA,MG,Sudeste,2022,0,0,0,0,0,0,0,0,0,0,0,0,,,,,,,,
31021,ITABIRA,MG,Sudeste,2023,3,0,3,3,3,3,1,0,0,2,0,0,0.3333333333333333,0.0,0.0,0.6666666666666666,0.0,0.0,1.0,0.0
31021,ITABIRA,MG,Sudeste,2024,2,0,1,2,2,2,1,0,0,1,0,0,0.5,0.0,0.0,0.5,0.0,0.0,1.0,0.0
31021,ITABIRA,MG,Sudeste,2025,4,0,4,4,4,2,0,1,0,2,0,1,0.0,0.25,0.0,0.5,0.0,0.25,0.5,0.25
31022,OURO PRETO,MG,Sudeste,2007,1,0,1,1,1,1,0,0,0,1,0,0,0.0,0.0,0.0,1.0,0.0,0.0,1.0,0.0
31022,OURO PRETO,MG,Sudeste,2008,0,0,0,0,0,0,0,0,0,0,0,0,,,,,,,,
31022,OURO PRETO,MG,Sudeste,2009,0,0,0,0,0,0,0,0,0,0,0,0,,,,,,,,
31022,OURO PRETO,MG,Sudeste,2010,0,0,0,0,0,0,0,0,0,0,0,0,,,,,,,,
31022,OURO PRETO,MG,Sudeste,2011,0,0,0,0,0,0,0,0,0,0,0,0,,,,,,,,
31022,OURO PRETO,MG,Sudeste,2012,1,0,1,1,1,1,0,1,0,0,0,0,0.0,1.0,0.0,0.0,0.0,0.0,1.0,0.0
31022,OURO PRETO,MG,Sudeste,2013,1,0,1,1,1,1,0,1,0,0,0,0,0.0,1.0,0.0,0.0,0.0,0.0,1.0,0.0
31022,OURO PRETO,MG,Sudeste,2014,1,0,1,1,1,1,0,0,0,0,1,0,0.0,0.0,0.0,0.0,1.0,0.0,1.0,1.0
31022,OURO PRETO,MG,Sudeste,2015,1,0,1,1,1,1,0,0,1,0,0,0,0.0,0.0,1.0,0.0,0.0,0.0,1.0,0.0
31022,OURO PRETO,MG,Sudeste,2016,1,0,1,1,1,1,0,1,0,0,0,0,0.0,1.0,0.0,0.0,0.0,0.0,1.0,0.0
31022,OURO PRETO,MG,Sudeste,2017,1,0,1,1,1,1,0,0,0,1,0,0,0.0,0.0,0.0,1.0,0.0,0.0,1.0,0.0
31022,OURO PRETO,MG,Sudeste,2018,1,0,1,1,1,1,0,0,1,0,0,0,0.0,0.0,1.0,0.0,0.0,0.0,1.0,0.0
31022,OURO PRETO,MG,Sudeste,2019,2,0,2,2,2,2,0,1,0,1,0,0,0.0,0.5,0.0,0.5,0.0,0.0,1.0,0.0
31022,OURO PRETO,MG,Sudeste,2020,2,0,2,2,2,2,0,1,0,1,0,0,0.0,0.5,0.0,0.5,0.0,0.0,1.0,0.0
31022,OURO PRETO,MG,Sudeste,2021,0,0,0,0,0,0,0,0,0,0,0,0,,,,,,,,
31022,OURO PRETO,MG,Sudeste,2022,1,0,1,1,1,1,0,0,1,0,0,0,0.0,0.0,1.0,0.0,0.0,0.0,1.0,0.0
31022,OURO PRETO,MG,Sudeste,2023,1,0,1,1,1,1,0,0,0,1,0,0,0.0,0.0,0.0,1.0,0.0,0.0,1.0,0.0
31022,OURO PRETO,MG,Sudeste,2024,7,0,7,7,7,3,0,2,1,2,2,0,0.0,0.2857142857142857,0.14285714285714285,0.2857142857142857,0.2857142857142857,0.0,0.42857142857142855,0.2857142857142857
31022,OURO PRETO,MG,Sudeste,2025,1,0,1,1,1,1,0,0,0,1,0,0,0.0,0.0,0.0,1.0,0.0,0.0,1.0,0.0
31023,JOAO MONLEVADE,MG,Sudeste,2007,0,0,0,0,0,0,0,0,0,0,0,0,,,,,,,,
31023,JOAO MONLEVADE,MG,Sudeste,2008,0,0,0,0,0,0,0,0,0,0,0,0,,,,,,,,
31023,JOAO MONLEVADE,MG,Sudeste,2009,0,0,0,0,0,0,0,0,0,0,0,0,,,,,,,,
31023,JOAO MONLEVADE,MG,Sudeste,2010,0,0,0,0,0,0,0,0,0,0,0,0,,,,,,,,
31023,JOAO MONLEVADE,MG,Sudeste,2011,0,0,0,0,0,0,0,0,0,0,0,0,,,,,,,,
31023,JOAO MONLEVADE,MG,Sudeste,2012,0,0,0,0,0,0,0,0,0,0,0,0,,,,,,,,
31023,JOAO MONLEVADE,MG,Sudeste,2013,0,0,0,0,0,0,0,0,0,0,0,0,,,,,,,,
31023,JOAO MONLEVADE,MG,Sudeste,2014,0,0,0,0,0,0,0,0,0,0,0,0,,,,,,,,
31023,JOAO MONLEVADE,MG,Sudeste,2015,0,0,0,0,0,0,0,0,0,0,0,0,,,,,,,,
31023,JOAO MONLEVADE,MG,Sudeste,2016,0,0,0,0,0,0,0,0,0,0,0,0,,,,,,,,
31023,JOAO MONLEVADE,MG,Sudeste,2017,0,0,0,0,0,0,0,0,0,0,0,0,,,,,,,,
31023,JOAO MONLEVADE,MG,Sudeste,2018,0,0,0,0,0,0,0,0,0,0,0,0,,,,,,,,
31023,JOAO MONLEVADE,MG,Sudeste,2019,1,1,1,1,1,1,0,0,1,0,0,0,0.0,0.0,1.0,0.0,0.0,0.0,1.0,0.0
31023,JOAO MONLEVADE,MG,Sudeste,2020,1,0,1,1,1,1,0,0,1,0,0,0,0.0,0.0,1.0,0.0,0.0,0.0,1.0,0.0
31023,JOAO MONLEVADE,MG,Sudeste,2021,0,0,0,0,0,0,0,0,0,0,0,0,,,,,,,,
31023,JOAO MONLEVADE,MG,Sudeste,2022,2,0,2,2,2,2,0,0,2,0,0,0,0.0,0.0,1.0,0.0,0.0,0.0,1.0,0.0
31023,JOAO MONLEVADE,MG,Sudeste,2023,0,0,0,0,0,0,0,0,0,0,0,0,,,,,,,,
31023,JOAO MONLEVADE,MG,Sudeste,2024,2,0,1,2,2,2,0,0,0,2,0,0,0.0,0.0,0.0,1.0,0.0,0.0,1.0,0.0
31023,JOAO MONLEVADE,MG,Sudeste,2025,1,0,1,1,1,1,0,0,0,0,1,0,0.0,0.0,0.0,0.0,1.0,0.0,1.0,1.0
31024,SETE LAGOAS,MG,Sudeste,2007,3,0,3,3,3,3,0,1,2,0,0,0,0.0,0.3333333333333333,0.6666666666666666,0.0,0.0,0.0,1.0,0.0
31024,SETE LAGOAS,MG,Sudeste,2008,0,0,0,0,0,0,0,0,0,0,0,0,,,,,,,,
31024,SETE LAGOAS,MG,Sudeste,2009,5,0,5,5,5,5,0,3,0,1,1,0,0.0,0.6,0.0,0.2,0.2,0.0,1.0,0.2
31024,SETE LAGOAS,MG,Sudeste,2010,0,0,0,0,0,0,0,0,0,0,0,0,,,,,,,,
31024,SETE LAGOAS,MG,Sudeste,2011,2,0,2,2,2,1,0,0,0,2,0,0,0.0,0.0,0.0,1.0,0.0,0.0,0.5,0.0
31024,SETE LAGOAS,MG,Sudeste,2012,1,0,0,1,1,0,0,0,0,1,0,0,0.0,0.0,0.0,1.0,0.0,0.0,0.0,0.0
31024,SETE LAGOAS,MG,Sudeste,2013,2,0,2,2,2,1,0,0,0,1,1,0,0.0,0.0,0.0,0.5,0.5,0.0,0.5,0.5
31024,SETE LAGOAS,MG,Sudeste,2014,2,0,1,2,2,2,0,0,2,0,0,0,0.0,0.0,1.0,0.0,0.0,0.0,1.0,0.0
31024,SETE LAGOAS,MG,Sudeste,2015,1,0,1,1,1,1,0,0,1,0,0,0,0.0,0.0,1.0,0.0,0.0,0.0,1.0,0.0
31024,SETE LAGOAS,MG,Sudeste,2016,1,0,1,1,1,1,0,0,0,0,1,0,0.0,0.0,0.0,0.0,1.0,0.0,1.0,1.0
31024,SETE LAGOAS,MG,Sudeste,2017,0,0,0,0,0,0,0,0,0,0,0,0,,,,,,,,
31024,SETE LAGOAS,MG,Sudeste,2018,0,0,0,0,0,0,0,0,0,0,0,0,,,,,,,,
31024,SETE LAGOAS,MG,Sudeste,2019,5,1,5,5,5,3,0,1,1,2,1,0,0.0,0.2,0.2,0.4,0.2,0.0,0.6,0.2
31024,SETE LAGOAS,MG,Sudeste,2020,0,0,0,0,0,0,0,0,0,0,0,0,,,,,,,,
31024,SETE LAGOAS,MG,Sudeste,2021,2,0,2,2,2,2,0,0,2,0,0,0,0.0,0.0,1.0,0.0,0.0,0.0,1.0,0.0
31024,SETE LAGOAS,MG,Sudeste,2022,1,0,0,1,1,1,0,0,1,0,0,0,0.0,0.0,1.0,0.0,0.0,0.0,1.0,0.0
31024,SETE LAGOAS,MG,Sudeste,2023,0,0,0,0,0,0,0,0,0,0,0,0,,,,,,,,
31024,SETE LAGOAS,MG,Sudeste,2024,1,0,0,1,1,1,0,1,0,0,0,0,0.0,1.0,0.0,0.0,0.0,0.0,1.0,0.0
31024,SETE LAGOAS,MG,Sudeste,2025,1,0,0,1,1,0,0,1,0,0,0,0,0.0,1.0,0.0,0.0,0.0,0.0,0.0,0.0
31025,VESPASIANO/LAGOA SANTA,MG,Sudeste,2007,0,0,0,0,0,0,0,0,0,0,0,0,,,,,,,,
31025,VESPASIANO/LAGOA SANTA,MG,Sudeste,2008,3,1,2,3,3,1,0,1,0,2,0,0,0.0,0.3333333333333333,0.0,0.6666666666666666,0.0,0.0,0.3333333333333333,0.0
31025,VESPASIANO/LAGOA SANTA,MG,Sudeste,2009,0,0,0,0,0,0,0,0,0,0,0,0,,,,,,,,
31025,VESPASIANO/LAGOA SANTA,MG,Sudeste,2010,0,0,0,0,0,0,0,0,0,0,0,0,,,,,,,,
31025,VESPASIANO/LAGOA SANTA,MG,Sudeste,2011,0,0,0,0,0,0,0,0,0,0,0,0,,,,,,,,
31025,VESPASIANO/LAGOA SANTA,MG,Sudeste,2012,1,0,1,1,1,1,0,0,0,0,1,0,0.0,0.0,0.0,0.0,1.0,0.0,1.0,1.0
31025,VESPASIANO/LAGOA SANTA,MG,Sudeste,2013,0,0,0,0,0,0,0,0,0,0,0,0,,,,,,,,
31025,VESPASIANO/LAGOA SANTA,MG,Sudeste,2014,2,0,2,2,2,0,0,2,0,0,0,0,0.0,1.0,0.0,0.0,0.0,0.0,0.0,0.0
31025,VESPASIANO/LAGOA SANTA,MG,Sudeste,2015,0,0,0,0,0,0,0,0,0,0,0,0,,,,,,,,
31025,VESPASIANO/LAGOA SANTA,MG,Sudeste,2016,0,0,0,0,0,0,0,0,0,0,0,0,,,,,,,,
31025,VESPASIANO/LAGOA SANTA,MG,Sudeste,2017,2,0,2,2,2,2,0,1,0,0,1,0,0.0,0.5,0.0,0.0,0.5,0.0,1.0,0.5
31025,VESPASIANO/LAGOA SANTA,MG,Sudeste,2018,1,0,1,1,1,1,0,0,0,1,0,0,0.0,0.0,0.0,1.0,0.0,0.0,1.0,0.0
31025,VESPASIANO/LAGOA SANTA,MG,Sudeste,2019,5,0,5,5,5,3,2,2,1,0,0,0,0.4,0.4,0.2,0.0,0.0,0.0,0.6,0.0
31025,VESPASIANO/LAGOA SANTA,MG,Sudeste,2020,1,0,0,1,1,0,0,0,1,0,0,0,0.0,0.0,1.0,0.0,0.0,0.0,0.0,0.0
31025,VESPASIANO/LAGOA SANTA,MG,Sudeste,2021,0,0,0,0,0,0,0,0,0,0,0,0,,,,,,,,
31025,VESPASIANO/LAGOA SANTA,MG,Sudeste,2022,0,0,0,0,0,0,0,0,0,0,0,0,,,,,,,,
31025,VESPASIANO/LAGOA SANTA,MG,Sudeste,2023,3,0,2,3,3,3,0,0,0,0,2,1,0.0,0.0,0.0,0.0,0.6666666666666666,0.3333333333333333,1.0,1.0
31025,VESPASIANO/LAGOA SANTA,MG,Sudeste,2024,4,1,4,4,4,3,0,2,0,2,0,0,0.0,0.5,0.0,0.5,0.0,0.0,0.75,0.0
31025,VESPASIANO/LAGOA SANTA,MG,Sudeste,2025,1,1,1,1,1,1,0,0,0,0,1,0,0.0,0.0,0.0,0.0,1.0,0.0,1.0,1.0
31026,DIAMANTINA/ITAMARANDIBA,MG,Sudeste,2007,0,0,0,0,0,0,0,0,0,0,0,0,,,,,,,,
31026,DIAMANTINA/ITAMARANDIBA,MG,Sudeste,2008,0,0,0,0,0,0,0,0,0,0,0,0,,,,,,,,
31026,DIAMANTINA/ITAMARANDIBA,MG,Sudeste,2009,0,0,0,0,0,0,0,0,0,0,0,0,,,,,,,,
31026,DIAMANTINA/ITAMARANDIBA,MG,Sudeste,2010,0,0,0,0,0,0,0,0,0,0,0,0,,,,,,,,
31026,DIAMANTINA/ITAMARANDIBA,MG,Sudeste,2011,2,0,2,2,2,2,0,0,2,0,0,0,0.0,0.0,1.0,0.0,0.0,0.0,1.0,0.0
31026,DIAMANTINA/ITAMARANDIBA,MG,Sudeste,2012,0,0,0,0,0,0,0,0,0,0,0,0,,,,,,,,
31026,DIAMANTINA/ITAMARANDIBA,MG,Sudeste,2013,0,0,0,0,0,0,0,0,0,0,0,0,,,,,,,,
31026,DIAMANTINA/ITAMARANDIBA,MG,Sudeste,2014,0,0,0,0,0,0,0,0,0,0,0,0,,,,,,,,
31026,DIAMANTINA/ITAMARANDIBA,MG,Sudeste,2015,5,0,2,5,5,5,0,2,1,2,0,0,0.0,0.4,0.2,0.4,0.0,0.0,1.0,0.0
31026,DIAMANTINA/ITAMARANDIBA,MG,Sudeste,2016,2,1,2,2,2,2,1,1,0,0,0,0,0.5,0.5,0.0,0.0,0.0,0.0,1.0,0.0
31026,DIAMANTINA/ITAMARANDIBA,MG,Sudeste,2017,2,0,2,2,2,0,0,1,0,1,0,0,0.0,0.5,0.0,0.5,0.0,0.0,0.0,0.0
31026,DIAMANTINA/ITAMARANDIBA,MG,Sudeste,2018,0,0,0,0,0,0,0,0,0,0,0,0,,,,,,,,
31026,DIAMANTINA/ITAMARANDIBA,MG,Sudeste,2019,0,0,0,0,0,0,0,0,0,0,0,0,,,,,,,,
31026,DIAMANTINA/ITAMARANDIBA,MG,Sudeste,2020,0,0,0,0,0,0,0,0,0,0,0,0,,,,,,,,
31026,DIAMANTINA/ITAMARANDIBA,MG,Sudeste,2021,0,0,0,0,0,0,0,0,0,0,0,0,,,,,,,,
31026,DIAMANTINA/ITAMARANDIBA,MG,Sudeste,2022,0,0,0,0,0,0,0,0,0,0,0,0,,,,,,,,
31026,DIAMANTINA/ITAMARANDIBA,MG,Sudeste,2023,1,0,1,1,1,1,0,0,1,0,0,0,0.0,0.0,1.0,0.0,0.0,0.0,1.0,0.0
31026,DIAMANTINA/ITAMARANDIBA,MG,Sudeste,2024,0,0,0,0,0,0,0,0,0,0,0,0,,,,,,,,
31026,DIAMANTINA/ITAMARANDIBA,MG,Sudeste,2025,1,0,0,1,1,0,0,0,0,1,0,0,0.0,0.0,0.0,1.0,0.0,0.0,0.0,0.0
31027,TURMALINA/MINAS NOVAS/CAPELINHA,MG,Sudeste,2007,1,1,1,1,1,1,1,0,0,0,0,0,1.0,0.0,0.0,0.0,0.0,0.0,1.0,0.0
31027,TURMALINA/MINAS NOVAS/CAPELINHA,MG,Sudeste,2008,0,0,0,0,0,0,0,0,0,0,0,0,,,,,,,,
31027,TURMALINA/MINAS NOVAS/CAPELINHA,MG,Sudeste,2009,0,0,0,0,0,0,0,0,0,0,0,0,,,,,,,,
31027,TURMALINA/MINAS NOVAS/CAPELINHA,MG,Sudeste,2010,0,0,0,0,0,0,0,0,0,0,0,0,,,,,,,,
31027,TURMALINA/MINAS NOVAS/CAPELINHA,MG,Sudeste,2011,1,1,1,1,1,1,1,0,0,0,0,0,1.0,0.0,0.0,0.0,0.0,0.0,1.0,0.0
31027,TURMALINA/MINAS NOVAS/CAPELINHA,MG,Sudeste,2012,0,0,0,0,0,0,0,0,0,0,0,0,,,,,,,,
31027,TURMALINA/MINAS NOVAS/CAPELINHA,MG,Sudeste,2013,0,0,0,0,0,0,0,0,0,0,0,0,,,,,,,,
31027,TURMALINA/MINAS NOVAS/CAPELINHA,MG,Sudeste,2014,0,0,0,0,0,0,0,0,0,0,0,0,,,,,,,,
31027,TURMALINA/MINAS NOVAS/CAPELINHA,MG,Sudeste,2015,0,0,0,0,0,0,0,0,0,0,0,0,,,,,,,,
31027,TURMALINA/MINAS NOVAS/CAPELINHA,MG,Sudeste,2016,1,0,1,1,1,1,0,0,1,0,0,0,0.0,0.0,1.0,0.0,0.0,0.0,1.0,0.0
31027,TURMALINA/MINAS NOVAS/CAPELINHA,MG,Sudeste,2017,0,0,0,0,0,0,0,0,0,0,0,0,,,,,,,,
31027,TURMALINA/MINAS NOVAS/CAPELINHA,MG,Sudeste,2018,0,0,0,0,0,0,0,0,0,0,0,0,,,,,,,,
31027,TURMALINA/MINAS NOVAS/CAPELINHA,MG,Sudeste,2019,1,0,1,1,1,1,0,0,1,0,0,0,0.0,0.0,1.0,0.0,0.0,0.0,1.0,0.0
31027,TURMALINA/MINAS NOVAS/CAPELINHA,MG,Sudeste,2020,0,0,0,0,0,0,0,0,0,0,0,0,,,,,,,,
31027,TURMALINA/MINAS NOVAS/CAPELINHA,MG,Sudeste,2021,1,0,1,1,1,0,0,0,0,1,0,0,0.0,0.0,0.0,1.0,0.0,0.0,0.0,0.0
31027,TURMALINA/MINAS NOVAS/CAPELINHA,MG,Sudeste,2022,0,0,0,0,0,0,0,0,0,0,0,0,,,,,,,,
31027,TURMALINA/MINAS NOVAS/CAPELINHA,MG,Sudeste,2023,0,0,0,0,0,0,0,0,0,0,0,0,,,,,,,,
31027,TURMALINA/MINAS NOVAS/CAPELINHA,MG,Sudeste,2024,1,0,1,1,1,1,0,0,1,0,0,0,0.0,0.0,1.0,0.0,0.0,0.0,1.0,0.0
31027,TURMALINA/MINAS NOVAS/CAPELINHA,MG,Sudeste,2025,1,0,1,1,1,1,0,0,1,0,0,0,0.0,0.0,1.0,0.0,0.0,0.0,1.0,0.0
31028,BOM DESPACHO,MG,Sudeste,2007,0,0,0,0,0,0,0,0,0,0,0,0,,,,,,,,
31028,BOM DESPACHO,MG,Sudeste,2008,1,0,1,1,1,1,0,1,0,0,0,0,0.0,1.0,0.0,0.0,0.0,0.0,1.0,0.0
31028,BOM DESPACHO,MG,Sudeste,2009,0,0,0,0,0,0,0,0,0,0,0,0,,,,,,,,
31028,BOM DESPACHO,MG,Sudeste,2010,2,0,1,2,2,2,0,1,0,0,1,0,0.0,0.5,0.0,0.0,0.5,0.0,1.0,0.5
31028,BOM DESPACHO,MG,Sudeste,2011,3,0,2,3,3,3,0,0,1,2,0,0,0.0,0.0,0.3333333333333333,0.6666666666666666,0.0,0.0,1.0,0.0
31028,BOM DESPACHO,MG,Sudeste,2012,0,0,0,0,0,0,0,0,0,0,0,0,,,,,,,,
31028,BOM DESPACHO,MG,Sudeste,2013,3,0,3,3,3,2,0,0,0,3,0,0,0.0,0.0,0.0,1.0,0.0,0.0,0.6666666666666666,0.0
31028,BOM DESPACHO,MG,Sudeste,2014,0,0,0,0,0,0,0,0,0,0,0,0,,,,,,,,
31028,BOM DESPACHO,MG,Sudeste,2015,1,0,0,1,1,1,0,1,0,0,0,0,0.0,1.0,0.0,0.0,0.0,0.0,1.0,0.0
31028,BOM DESPACHO,MG,Sudeste,2016,2,0,1,2,2,2,1,0,1,0,0,0,0.5,0.0,0.5,0.0,0.0,0.0,1.0,0.0
31028,BOM DESPACHO,MG,Sudeste,2017,2,0,2,2,2,2,0,1,0,0,0,1,0.0,0.5,0.0,0.0,0.0,0.5,1.0,0.5
31028,BOM DESPACHO,MG,Sudeste,2018,2,0,2,2,2,1,0,1,1,0,0,0,0.0,0.5,0.5,0.0,0.0,0.0,0.5,0.0
31028,BOM DESPACHO,MG,Sudeste,2019,1,0,1,1,1,1,0,0,0,1,0,0,0.0,0.0,0.0,1.0,0.0,0.0,1.0,0.0
31028,BOM DESPACHO,MG,Sudeste,2020,1,0,1,1,1,0,0,0,0,1,0,0,0.0,0.0,0.0,1.0,0.0,0.0,0.0,0.0
31028,BOM DESPACHO,MG,Sudeste,2021,3,0,3,3,3,3,0,2,0,1,0,0,0.0,0.6666666666666666,0.0,0.3333333333333333,0.0,0.0,1.0,0.0
31028,BOM DESPACHO,MG,Sudeste,2022,1,1,1,1,1,1,0,0,0,0,1,0,0.0,0.0,0.0,0.0,1.0,0.0,1.0,1.0
31028,BOM DESPACHO,MG,Sudeste,2023,0,0,0,0,0,0,0,0,0,0,0,0,,,,,,,,
31028,BOM DESPACHO,MG,Sudeste,2024,0,0,0,0,0,0,0,0,0,0,0,0,,,,,,,,
31028,BOM DESPACHO,MG,Sudeste,2025,1,0,1,1,1,1,0,1,0,0,0,0,0.0,1.0,0.0,0.0,0.0,0.0,1.0,0.0
31030,FORMIGA,MG,Sudeste,2007,0,0,0,0,0,0,0,0,0,0,0,0,,,,,,,,
31030,FORMIGA,MG,Sudeste,2008,0,0,0,0,0,0,0,0,0,0,0,0,,,,,,,,
31030,FORMIGA,MG,Sudeste,2009,2,0,2,2,2,2,0,0,0,2,0,0,0.0,0.0,0.0,1.0,0.0,0.0,1.0,0.0
31030,FORMIGA,MG,Sudeste,2010,1,0,1,1,1,1,0,1,0,0,0,0,0.0,1.0,0.0,0.0,0.0,0.0,1.0,0.0
31030,FORMIGA,MG,Sudeste,2011,0,0,0,0,0,0,0,0,0,0,0,0,,,,,,,,
31030,FORMIGA,MG,Sudeste,2012,1,0,1,1,1,1,0,0,1,0,0,0,0.0,0.0,1.0,0.0,0.0,0.0,1.0,0.0
31030,FORMIGA,MG,Sudeste,2013,0,0,0,0,0,0,0,0,0,0,0,0,,,,,,,,
31030,FORMIGA,MG,Sudeste,2014,1,0,1,1,1,1,0,1,0,0,0,0,0.0,1.0,0.0,0.0,0.0,0.0,1.0,0.0
31030,FORMIGA,MG,Sudeste,2015,0,0,0,0,0,0,0,0,0,0,0,0,,,,,,,,
31030,FORMIGA,MG,Sudeste,2016,0,0,0,0,0,0,0,0,0,0,0,0,,,,,,,,
31030,FORMIGA,MG,Sudeste,2017,1,0,1,1,1,1,0,0,1,0,0,0,0.0,0.0,1.0,0.0,0.0,0.0,1.0,0.0
31030,FORMIGA,MG,Sudeste,2018,1,0,1,1,1,1,0,0,0,0,1,0,0.0,0.0,0.0,0.0,1.0,0.0,1.0,1.0
31030,FORMIGA,MG,Sudeste,2019,1,0,1,1,1,0,0,0,0,1,0,0,0.0,0.0,0.0,1.0,0.0,0.0,0.0,0.0
31030,FORMIGA,MG,Sudeste,2020,1,0,1,1,1,0,0,1,0,0,0,0,0.0,1.0,0.0,0.0,0.0,0.0,0.0,0.0
31030,FORMIGA,MG,Sudeste,2021,4,0,3,4,4,3,0,1,2,0,1,0,0.0,0.25,0.5,0.0,0.25,0.0,0.75,0.25
31030,FORMIGA,MG,Sudeste,2022,0,0,0,0,0,0,0,0,0,0,0,0,,,,,,,,
31030,FORMIGA,MG,Sudeste,2023,0,0,0,0,0,0,0,0,0,0,0,0,,,,,,,,
31030,FORMIGA,MG,Sudeste,2024,3,0,3,3,3,2,0,0,1,1,1,0,0.0,0.0,0.3333333333333333,0.3333333333333333,0.3333333333333333,0.0,0.6666666666666666,0.3333333333333333
31030,FORMIGA,MG,Sudeste,2025,1,0,0,1,1,1,0,1,0,0,0,0,0.0,1.0,0.0,0.0,0.0,0.0,1.0,0.0
31031,ITAUNA,MG,Sudeste,2007,2,0,0,2,2,2,0,2,0,0,0,0,0.0,1.0,0.0,0.0,0.0,0.0,1.0,0.0
31031,ITAUNA,MG,Sudeste,2008,0,0,0,0,0,0,0,0,0,0,0,0,,,,,,,,
31031,ITAUNA,MG,Sudeste,2009,1,0,1,1,1,1,0,0,0,0,1,0,0.0,0.0,0.0,0.0,1.0,0.0,1.0,1.0
31031,ITAUNA,MG,Sudeste,2010,0,0,0,0,0,0,0,0,0,0,0,0,,,,,,,,
31031,ITAUNA,MG,Sudeste,2011,1,0,1,1,1,1,0,1,0,0,0,0,0.0,1.0,0.0,0.0,0.0,0.0,1.0,0.0
31031,ITAUNA,MG,Sudeste,2012,0,0,0,0,0,0,0,0,0,0,0,0,,,,,,,,
31031,ITAUNA,MG,Sudeste,2013,0,0,0,0,0,0,0,0,0,0,0,0,,,,,,,,
31031,ITAUNA,MG,Sudeste,2014,1,0,1,1,1,1,0,0,0,0,0,1,0.0,0.0,0.0,0.0,0.0,1.0,1.0,1.0
31031,ITAUNA,MG,Sudeste,2015,1,0,1,1,1,1,0,0,0,0,0,1,0.0,0.0,0.0,0.0,0.0,1.0,1.0,1.0
31031,ITAUNA,MG,Sudeste,2016,0,0,0,0,0,0,0,0,0,0,0,0,,,,,,,,
31031,ITAUNA,MG,Sudeste,2017,1,0,1,1,1,1,0,0,1,0,0,0,0.0,0.0,1.0,0.0,0.0,0.0,1.0,0.0
31031,ITAUNA,MG,Sudeste,2018,4,0,3,4,4,3,0,0,2,1,1,0,0.0,0.0,0.5,0.25,0.25,0.0,0.75,0.25
31031,ITAUNA,MG,Sudeste,2019,0,0,0,0,0,0,0,0,0,0,0,0,,,,,,,,
31031,ITAUNA,MG,Sudeste,2020,0,0,0,0,0,0,0,0,0,0,0,0,,,,,,,,
31031,ITAUNA,MG,Sudeste,2021,1,0,0,1,1,1,0,0,1,0,0,0,0.0,0.0,1.0,0.0,0.0,0.0,1.0,0.0
31031,ITAUNA,MG,Sudeste,2022,0,0,0,0,0,0,0,0,0,0,0,0,,,,,,,,
31031,ITAUNA,MG,Sudeste,2023,0,0,0,0,0,0,0,0,0,0,0,0,,,,,,,,
31031,ITAUNA,MG,Sudeste,2024,1,0,1,1,1,1,0,0,1,0,0,0,0.0,0.0,1.0,0.0,0.0,0.0,1.0,0.0
31031,ITAUNA,MG,Sudeste,2025,1,0,1,1,1,1,0,0,1,0,0,0,0.0,0.0,1.0,0.0,0.0,0.0,1.0,0.0
31032,PARA DE MINAS/NOVA SERRANA,MG,Sudeste,2007,2,0,2,2,2,1,1,0,0,1,0,0,0.5,0.0,0.0,0.5,0.0,0.0,0.5,0.0
31032,PARA DE MINAS/NOVA SERRANA,MG,Sudeste,2008,2,2,2,2,2,2,0,0,2,0,0,0,0.0,0.0,1.0,0.0,0.0,0.0,1.0,0.0
31032,PARA DE MINAS/NOVA SERRANA,MG,Sudeste,2009,0,0,0,0,0,0,0,0,0,0,0,0,,,,,,,,
31032,PARA DE MINAS/NOVA SERRANA,MG,Sudeste,2010,0,0,0,0,0,0,0,0,0,0,0,0,,,,,,,,
31032,PARA DE MINAS/NOVA SERRANA,MG,Sudeste,2011,0,0,0,0,0,0,0,0,0,0,0,0,,,,,,,,
31032,PARA DE MINAS/NOVA SERRANA,MG,Sudeste,2012,0,0,0,0,0,0,0,0,0,0,0,0,,,,,,,,
31032,PARA DE MINAS/NOVA SERRANA,MG,Sudeste,2013,0,0,0,0,0,0,0,0,0,0,0,0,,,,,,,,
31032,PARA DE MINAS/NOVA SERRANA,MG,Sudeste,2014,0,0,0,0,0,0,0,0,0,0,0,0,,,,,,,,
31032,PARA DE MINAS/NOVA SERRANA,MG,Sudeste,2015,0,0,0,0,0,0,0,0,0,0,0,0,,,,,,,,
31032,PARA DE MINAS/NOVA SERRANA,MG,Sudeste,2016,0,0,0,0,0,0,0,0,0,0,0,0,,,,,,,,
31032,PARA DE MINAS/NOVA SERRANA,MG,Sudeste,2017,0,0,0,0,0,0,0,0,0,0,0,0,,,,,,,,
31032,PARA DE MINAS/NOVA SERRANA,MG,Sudeste,2018,1,0,1,1,1,1,0,0,1,0,0,0,0.0,0.0,1.0,0.0,0.0,0.0,1.0,0.0
31032,PARA DE MINAS/NOVA SERRANA,MG,Sudeste,2019,1,0,0,1,1,1,0,0,1,0,0,0,0.0,0.0,1.0,0.0,0.0,0.0,1.0,0.0
31032,PARA DE MINAS/NOVA SERRANA,MG,Sudeste,2020,1,0,1,1,1,0,0,0,1,0,0,0,0.0,0.0,1.0,0.0,0.0,0.0,0.0,0.0
31032,PARA DE MINAS/NOVA SERRANA,MG,Sudeste,2021,1,1,1,1,1,0,0,0,1,0,0,0,0.0,0.0,1.0,0.0,0.0,0.0,0.0,0.0
31032,PARA DE MINAS/NOVA SERRANA,MG,Sudeste,2022,0,0,0,0,0,0,0,0,0,0,0,0,,,,,,,,
31032,PARA DE MINAS/NOVA SERRANA,MG,Sudeste,2023,0,0,0,0,0,0,0,0,0,0,0,0,,,,,,,,
31032,PARA DE MINAS/NOVA SERRANA,MG,Sudeste,2024,1,0,0,1,1,1,0,0,1,0,0,0,0.0,0.0,1.0,0.0,0.0,0.0,1.0,0.0
31032,PARA DE MINAS/NOVA SERRANA,MG,Sudeste,2025,0,0,0,0,0,0,0,0,0,0,0,0,,,,,,,,
31034,CARATINGA,MG,Sudeste,2007,1,0,1,1,1,1,0,1,0,0,0,0,0.0,1.0,0.0,0.0,0.0,0.0,1.0,0.0
31034,CARATINGA,MG,Sudeste,2008,0,0,0,0,0,0,0,0,0,0,0,0,,,,,,,,
31034,CARATINGA,MG,Sudeste,2009,0,0,0,0,0,0,0,0,0,0,0,0,,,,,,,,
31034,CARATINGA,MG,Sudeste,2010,0,0,0,0,0,0,0,0,0,0,0,0,,,,,,,,
31034,CARATINGA,MG,Sudeste,2011,2,0,2,2,2,2,0,2,0,0,0,0,0.0,1.0,0.0,0.0,0.0,0.0,1.0,0.0
31034,CARATINGA,MG,Sudeste,2012,1,0,1,1,1,1,0,0,0,0,0,1,0.0,0.0,0.0,0.0,0.0,1.0,1.0,1.0
31034,CARATINGA,MG,Sudeste,2013,2,0,2,2,2,2,0,0,0,2,0,0,0.0,0.0,0.0,1.0,0.0,0.0,1.0,0.0
31034,CARATINGA,MG,Sudeste,2014,0,0,0,0,0,0,0,0,0,0,0,0,,,,,,,,
31034,CARATINGA,MG,Sudeste,2015,0,0,0,0,0,0,0,0,0,0,0,0,,,,,,,,
31034,CARATINGA,MG,Sudeste,2016,3,0,3,3,3,3,0,0,1,1,1,0,0.0,0.0,0.3333333333333333,0.3333333333333333,0.3333333333333333,0.0,1.0,0.3333333333333333
31034,CARATINGA,MG,Sudeste,2017,0,0,0,0,0,0,0,0,0,0,0,0,,,,,,,,
31034,CARATINGA,MG,Sudeste,2018,1,0,1,1,1,1,0,0,0,1,0,0,0.0,0.0,0.0,1.0,0.0,0.0,1.0,0.0
31034,CARATINGA,MG,Sudeste,2019,1,0,1,1,1,1,0,0,1,0,0,0,0.0,0.0,1.0,0.0,0.0,0.0,1.0,0.0
31034,CARATINGA,MG,Sudeste,2020,4,0,4,4,4,4,0,0,2,1,1,0,0.0,0.0,0.5,0.25,0.25,0.0,1.0,0.25
31034,CARATINGA,MG,Sudeste,2021,1,0,0,1,1,1,0,0,0,1,0,0,0.0,0.0,0.0,1.0,0.0,0.0,1.0,0.0
31034,CARATINGA,MG,Sudeste,2022,0,0,0,0,0,0,0,0,0,0,0,0,,,,,,,,
31034,CARATINGA,MG,Sudeste,2023,1,0,1,1,1,1,0,0,0,1,0,0,0.0,0.0,0.0,1.0,0.0,0.0,1.0,0.0
31034,CARATINGA,MG,Sudeste,2024,0,0,0,0,0,0,0,0,0,0,0,0,,,,,,,,
31034,CARATINGA,MG,Sudeste,2025,0,0,0,0,0,0,0,0,0,0,0,0,,,,,,,,
31035,CORONEL FABRICIANO/TIMOTEO,MG,Sudeste,2007,0,0,0,0,0,0,0,0,0,0,0,0,,,,,,,,
31035,CORONEL FABRICIANO/TIMOTEO,MG,Sudeste,2008,0,0,0,0,0,0,0,0,0,0,0,0,,,,,,,,
31035,CORONEL FABRICIANO/TIMOTEO,MG,Sudeste,2009,2,1,2,2,2,2,0,0,1,0,0,1,0.0,0.0,0.5,0.0,0.0,0.5,1.0,0.5
31035,CORONEL FABRICIANO/TIMOTEO,MG,Sudeste,2010,0,0,0,0,0,0,0,0,0,0,0,0,,,,,,,,
31035,CORONEL FABRICIANO/TIMOTEO,MG,Sudeste,2011,4,2,4,4,4,2,0,0,3,0,1,0,0.0,0.0,0.75,0.0,0.25,0.0,0.5,0.25
31035,CORONEL FABRICIANO/TIMOTEO,MG,Sudeste,2012,1,0,1,1,1,1,0,0,1,0,0,0,0.0,0.0,1.0,0.0,0.0,0.0,1.0,0.0
31035,CORONEL FABRICIANO/TIMOTEO,MG,Sudeste,2013,2,0,2,2,2,2,0,2,0,0,0,0,0.0,1.0,0.0,0.0,0.0,0.0,1.0,0.0
31035,CORONEL FABRICIANO/TIMOTEO,MG,Sudeste,2014,7,1,6,7,7,4,1,2,3,0,1,0,0.14285714285714285,0.2857142857142857,0.42857142857142855,0.0,0.14285714285714285,0.0,0.5714285714285714,0.14285714285714285
31035,CORONEL FABRICIANO/TIMOTEO,MG,Sudeste,2015,1,0,1,1,1,1,0,0,0,1,0,0,0.0,0.0,0.0,1.0,0.0,0.0,1.0,0.0
31035,CORONEL FABRICIANO/TIMOTEO,MG,Sudeste,2016,3,2,3,3,3,3,0,1,0,1,1,0,0.0,0.3333333333333333,0.0,0.3333333333333333,0.3333333333333333,0.0,1.0,0.3333333333333333
31035,CORONEL FABRICIANO/TIMOTEO,MG,Sudeste,2017,0,0,0,0,0,0,0,0,0,0,0,0,,,,,,,,
31035,CORONEL FABRICIANO/TIMOTEO,MG,Sudeste,2018,1,0,1,1,1,0,0,0,0,1,0,0,0.0,0.0,0.0,1.0,0.0,0.0,0.0,0.0
31035,CORONEL FABRICIANO/TIMOTEO,MG,Sudeste,2019,0,0,0,0,0,0,0,0,0,0,0,0,,,,,,,,
31035,CORONEL FABRICIANO/TIMOTEO,MG,Sudeste,2020,3,1,3,3,3,3,0,0,1,0,1,1,0.0,0.0,0.3333333333333333,0.0,0.3333333333333333,0.3333333333333333,1.0,0.6666666666666666
31035,CORONEL FABRICIANO/TIMOTEO,MG,Sudeste,2021,1,0,1,1,1,1,0,0,0,1,0,0,0.0,0.0,0.0,1.0,0.0,0.0,1.0,0.0
31035,CORONEL FABRICIANO/TIMOTEO,MG,Sudeste,2022,5,0,4,5,5,4,0,3,2,0,0,0,0.0,0.6,0.4,0.0,0.0,0.0,0.8,0.0
31035,CORONEL FABRICIANO/TIMOTEO,MG,Sudeste,2023,1,0,1,1,1,1,0,0,0,0,1,0,0.0,0.0,0.0,0.0,1.0,0.0,1.0,1.0
31035,CORONEL FABRICIANO/TIMOTEO,MG,Sudeste,2024,5,0,5,5,5,5,0,0,3,1,1,0,0.0,0.0,0.6,0.2,0.2,0.0,1.0,0.2
31035,CORONEL FABRICIANO/TIMOTEO,MG,Sudeste,2025,4,1,4,4,4,4,0,1,2,1,0,0,0.0,0.25,0.5,0.25,0.0,0.0,1.0,0.0
31036,GOVERNADOR VALADARES,MG,Sudeste,2007,0,0,0,0,0,0,0,0,0,0,0,0,,,,,,,,
31036,GOVERNADOR VALADARES,MG,Sudeste,2008,2,1,2,2,2,2,1,0,0,0,0,1,0.5,0.0,0.0,0.0,0.0,0.5,1.0,0.5
31036,GOVERNADOR VALADARES,MG,Sudeste,2009,2,1,2,2,2,2,0,0,1,0,0,1,0.0,0.0,0.5,0.0,0.0,0.5,1.0,0.5
31036,GOVERNADOR VALADARES,MG,Sudeste,2010,2,2,2,2,2,2,0,1,0,1,0,0,0.0,0.5,0.0,0.5,0.0,0.0,1.0,0.0
31036,GOVERNADOR VALADARES,MG,Sudeste,2011,4,0,4,4,4,4,0,1,2,1,0,0,0.0,0.25,0.5,0.25,0.0,0.0,1.0,0.0
31036,GOVERNADOR VALADARES,MG,Sudeste,2012,8,1,8,8,8,8,0,2,3,3,0,0,0.0,0.25,0.375,0.375,0.0,0.0,1.0,0.0
31036,GOVERNADOR VALADARES,MG,Sudeste,2013,4,1,4,4,4,4,1,2,1,0,0,0,0.25,0.5,0.25,0.0,0.0,0.0,1.0,0.0
31036,GOVERNADOR VALADARES,MG,Sudeste,2014,3,1,3,3,3,3,1,0,2,0,0,0,0.3333333333333333,0.0,0.6666666666666666,0.0,0.0,0.0,1.0,0.0
31036,GOVERNADOR VALADARES,MG,Sudeste,2015,1,0,1,1,1,0,0,1,0,0,0,0,0.0,1.0,0.0,0.0,0.0,0.0,0.0,0.0
31036,GOVERNADOR VALADARES,MG,Sudeste,2016,1,0,1,1,1,1,0,0,1,0,0,0,0.0,0.0,1.0,0.0,0.0,0.0,1.0,0.0
31036,GOVERNADOR VALADARES,MG,Sudeste,2017,1,0,1,1,1,1,0,1,0,0,0,0,0.0,1.0,0.0,0.0,0.0,0.0,1.0,0.0
31036,GOVERNADOR VALADARES,MG,Sudeste,2018,1,0,1,1,1,1,0,0,0,1,0,0,0.0,0.0,0.0,1.0,0.0,0.0,1.0,0.0
31036,GOVERNADOR VALADARES,MG,Sudeste,2019,2,0,2,2,2,2,1,0,1,0,0,0,0.5,0.0,0.5,0.0,0.0,0.0,1.0,0.0
31036,GOVERNADOR VALADARES,MG,Sudeste,2020,1,1,1,1,1,1,0,0,1,0,0,0,0.0,0.0,1.0,0.0,0.0,0.0,1.0,0.0
31036,GOVERNADOR VALADARES,MG,Sudeste,2021,2,1,2,2,2,2,1,0,0,0,1,0,0.5,0.0,0.0,0.0,0.5,0.0,1.0,0.5
31036,GOVERNADOR VALADARES,MG,Sudeste,2022,2,0,2,2,2,2,0,1,1,0,0,0,0.0,0.5,0.5,0.0,0.0,0.0,1.0,0.0
31036,GOVERNADOR VALADARES,MG,Sudeste,2023,0,0,0,0,0,0,0,0,0,0,0,0,,,,,,,,
31036,GOVERNADOR VALADARES,MG,Sudeste,2024,1,0,1,1,1,1,0,0,1,0,0,0,0.0,0.0,1.0,0.0,0.0,0.0,1.0,0.0
31036,GOVERNADOR VALADARES,MG,Sudeste,2025,0,0,0,0,0,0,0,0,0,0,0,0,,,,,,,,
31037,IPATINGA,MG,Sudeste,2007,1,0,1,1,1,1,0,0,1,0,0,0,0.0,0.0,1.0,0.0,0.0,0.0,1.0,0.0
31037,IPATINGA,MG,Sudeste,2008,0,0,0,0,0,0,0,0,0,0,0,0,,,,,,,,
31037,IPATINGA,MG,Sudeste,2009,3,1,3,3,3,3,0,2,0,1,0,0,0.0,0.6666666666666666,0.0,0.3333333333333333,0.0,0.0,1.0,0.0
31037,IPATINGA,MG,Sudeste,2010,2,1,2,2,2,1,0,1,0,1,0,0,0.0,0.5,0.0,0.5,0.0,0.0,0.5,0.0
31037,IPATINGA,MG,Sudeste,2011,1,0,0,1,1,1,0,0,0,1,0,0,0.0,0.0,0.0,1.0,0.0,0.0,1.0,0.0
31037,IPATINGA,MG,Sudeste,2012,3,0,3,3,3,3,0,1,1,0,0,1,0.0,0.3333333333333333,0.3333333333333333,0.0,0.0,0.3333333333333333,1.0,0.3333333333333333
31037,IPATINGA,MG,Sudeste,2013,0,0,0,0,0,0,0,0,0,0,0,0,,,,,,,,
31037,IPATINGA,MG,Sudeste,2014,3,1,3,3,3,3,0,1,1,0,0,1,0.0,0.3333333333333333,0.3333333333333333,0.0,0.0,0.3333333333333333,1.0,0.3333333333333333
31037,IPATINGA,MG,Sudeste,2015,0,0,0,0,0,0,0,0,0,0,0,0,,,,,,,,
31037,IPATINGA,MG,Sudeste,2016,4,2,4,4,4,3,0,0,2,2,0,0,0.0,0.0,0.5,0.5,0.0,0.0,0.75,0.0
31037,IPATINGA,MG,Sudeste,2017,4,1,4,4,4,4,0,1,1,2,0,0,0.0,0.25,0.25,0.5,0.0,0.0,1.0,0.0
31037,IPATINGA,MG,Sudeste,2018,2,0,2,2,2,2,0,0,0,2,0,0,0.0,0.0,0.0,1.0,0.0,0.0,1.0,0.0
31037,IPATINGA,MG,Sudeste,2019,4,1,3,4,4,2,0,0,0,3,0,1,0.0,0.0,0.0,0.75,0.0,0.25,0.5,0.25
31037,IPATINGA,MG,Sudeste,2020,0,0,0,0,0,0,0,0,0,0,0,0,,,,,,,,
31037,IPATINGA,MG,Sudeste,2021,1,0,1,1,1,1,0,0,0,1,0,0,0.0,0.0,0.0,1.0,0.0,0.0,1.0,0.0
31037,IPATINGA,MG,Sudeste,2022,6,1,6,6,6,3,0,0,1,5,0,0,0.0,0.0,0.16666666666666666,0.8333333333333334,0.0,0.0,0.5,0.0
31037,IPATINGA,MG,Sudeste,2023,2,0,1,2,2,2,0,1,0,0,1,0,0.0,0.5,0.0,0.0,0.5,0.0,1.0,0.5
31037,IPATINGA,MG,Sudeste,2024,0,0,0,0,0,0,0,0,0,0,0,0,,,,,,,,
31037,IPATINGA,MG,Sudeste,2025,5,0,5,5,5,4,0,2,1,1,0,1,0.0,0.4,0.2,0.2,0.0,0.2,0.8,0.2
31038,MANTENA/ITABIRINHA,MG,Sudeste,2007,0,0,0,0,0,0,0,0,0,0,0,0,,,,,,,,
31038,MANTENA/ITABIRINHA,MG,Sudeste,2008,0,0,0,0,0,0,0,0,0,0,0,0,,,,,,,,
31038,MANTENA/ITABIRINHA,MG,Sudeste,2009,0,0,0,0,0,0,0,0,0,0,0,0,,,,,,,,
31038,MANTENA/ITABIRINHA,MG,Sudeste,2010,0,0,0,0,0,0,0,0,0,0,0,0,,,,,,,,
31038,MANTENA/ITABIRINHA,MG,Sudeste,2011,0,0,0,0,0,0,0,0,0,0,0,0,,,,,,,,
31038,MANTENA/ITABIRINHA,MG,Sudeste,2012,2,1,2,2,2,2,0,0,0,1,1,0,0.0,0.0,0.0,0.5,0.5,0.0,1.0,0.5
31038,MANTENA/ITABIRINHA,MG,Sudeste,2013,0,0,0,0,0,0,0,0,0,0,0,0,,,,,,,,
31038,MANTENA/ITABIRINHA,MG,Sudeste,2014,1,0,1,1,1,1,0,0,0,1,0,0,0.0,0.0,0.0,1.0,0.0,0.0,1.0,0.0
31038,MANTENA/ITABIRINHA,MG,Sudeste,2015,0,0,0,0,0,0,0,0,0,0,0,0,,,,,,,,
31038,MANTENA/ITABIRINHA,MG,Sudeste,2016,0,0,0,0,0,0,0,0,0,0,0,0,,,,,,,,
31038,MANTENA/ITABIRINHA,MG,Sudeste,2017,1,0,1,1,1,0,0,0,0,1,0,0,0.0,0.0,0.0,1.0,0.0,0.0,0.0,0.0
31038,MANTENA/ITABIRINHA,MG,Sudeste,2018,0,0,0,0,0,0,0,0,0,0,0,0,,,,,,,,
31038,MANTENA/ITABIRINHA,MG,Sudeste,2019,0,0,0,0,0,0,0,0,0,0,0,0,,,,,,,,
31038,MANTENA/ITABIRINHA,MG,Sudeste,2020,0,0,0,0,0,0,0,0,0,0,0,0,,,,,,,,
31038,MANTENA/ITABIRINHA,MG,Sudeste,2021,1,0,1,1,1,1,0,1,0,0,0,0,0.0,1.0,0.0,0.0,0.0,0.0,1.0,0.0
31038,MANTENA/ITABIRINHA,MG,Sudeste,2022,0,0,0,0,0,0,0,0,0,0,0,0,,,,,,,,
31038,MANTENA/ITABIRINHA,MG,Sudeste,2023,0,0,0,0,0,0,0,0,0,0,0,0,,,,,,,,
31038,MANTENA/ITABIRINHA,MG,Sudeste,2024,0,0,0,0,0,0,0,0,0,0,0,0,,,,,,,,
31038,MANTENA/ITABIRINHA,MG,Sudeste,2025,1,0,1,1,1,1,0,0,0,1,0,0,0.0,0.0,0.0,1.0,0.0,0.0,1.0,0.0
31040,RESPLENDOR,MG,Sudeste,2007,0,0,0,0,0,0,0,0,0,0,0,0,,,,,,,,
31040,RESPLENDOR,MG,Sudeste,2008,0,0,0,0,0,0,0,0,0,0,0,0,,,,,,,,
31040,RESPLENDOR,MG,Sudeste,2009,0,0,0,0,0,0,0,0,0,0,0,0,,,,,,,,
31040,RESPLENDOR,MG,Sudeste,2010,0,0,0,0,0,0,0,0,0,0,0,0,,,,,,,,
31040,RESPLENDOR,MG,Sudeste,2011,0,0,0,0,0,0,0,0,0,0,0,0,,,,,,,,
31040,RESPLENDOR,MG,Sudeste,2012,0,0,0,0,0,0,0,0,0,0,0,0,,,,,,,,
31040,RESPLENDOR,MG,Sudeste,2013,2,0,1,2,2,2,0,1,0,0,1,0,0.0,0.5,0.0,0.0,0.5,0.0,1.0,0.5
31040,RESPLENDOR,MG,Sudeste,2014,0,0,0,0,0,0,0,0,0,0,0,0,,,,,,,,
31040,RESPLENDOR,MG,Sudeste,2015,1,0,1,1,1,1,0,0,1,0,0,0,0.0,0.0,1.0,0.0,0.0,0.0,1.0,0.0
31040,RESPLENDOR,MG,Sudeste,2016,0,0,0,0,0,0,0,0,0,0,0,0,,,,,,,,
31040,RESPLENDOR,MG,Sudeste,2017,0,0,0,0,0,0,0,0,0,0,0,0,,,,,,,,
31040,RESPLENDOR,MG,Sudeste,2018,0,0,0,0,0,0,0,0,0,0,0,0,,,,,,,,
31040,RESPLENDOR,MG,Sudeste,2019,1,0,1,1,1,1,0,0,1,0,0,0,0.0,0.0,1.0,0.0,0.0,0.0,1.0,0.0
31040,RESPLENDOR,MG,Sudeste,2020,0,0,0,0,0,0,0,0,0,0,0,0,,,,,,,,
31040,RESPLENDOR,MG,Sudeste,2021,0,0,0,0,0,0,0,0,0,0,0,0,,,,,,,,
31040,RESPLENDOR,MG,Sudeste,2022,0,0,0,0,0,0,0,0,0,0,0,0,,,,,,,,
31040,RESPLENDOR,MG,Sudeste,2023,1,0,0,1,1,1,0,0,1,0,0,0,0.0,0.0,1.0,0.0,0.0,0.0,1.0,0.0
31040,RESPLENDOR,MG,Sudeste,2024,1,0,1,1,1,1,0,0,1,0,0,0,0.0,0.0,1.0,0.0,0.0,0.0,1.0,0.0
31040,RESPLENDOR,MG,Sudeste,2025,0,0,0,0,0,0,0,0,0,0,0,0,,,,,,,,
31041,ALEM PARAIBA,MG,Sudeste,2007,1,0,1,1,1,1,0,1,0,0,0,0,0.0,1.0,0.0,0.0,0.0,0.0,1.0,0.0
31041,ALEM PARAIBA,MG,Sudeste,2008,1,0,1,1,1,1,1,0,0,0,0,0,1.0,0.0,0.0,0.0,0.0,0.0,1.0,0.0
31041,ALEM PARAIBA,MG,Sudeste,2009,0,0,0,0,0,0,0,0,0,0,0,0,,,,,,,,
31041,ALEM PARAIBA,MG,Sudeste,2010,2,0,2,2,2,2,0,0,1,0,1,0,0.0,0.0,0.5,0.0,0.5,0.0,1.0,0.5
31041,ALEM PARAIBA,MG,Sudeste,2011,0,0,0,0,0,0,0,0,0,0,0,0,,,,,,,,
31041,ALEM PARAIBA,MG,Sudeste,2012,4,0,4,4,4,4,0,0,2,2,0,0,0.0,0.0,0.5,0.5,0.0,0.0,1.0,0.0
31041,ALEM PARAIBA,MG,Sudeste,2013,2,1,2,2,2,2,0,2,0,0,0,0,0.0,1.0,0.0,0.0,0.0,0.0,1.0,0.0
31041,ALEM PARAIBA,MG,Sudeste,2014,0,0,0,0,0,0,0,0,0,0,0,0,,,,,,,,
31041,ALEM PARAIBA,MG,Sudeste,2015,0,0,0,0,0,0,0,0,0,0,0,0,,,,,,,,
31041,ALEM PARAIBA,MG,Sudeste,2016,1,0,1,1,1,1,0,1,0,0,0,0,0.0,1.0,0.0,0.0,0.0,0.0,1.0,0.0
31041,ALEM PARAIBA,MG,Sudeste,2017,0,0,0,0,0,0,0,0,0,0,0,0,,,,,,,,
31041,ALEM PARAIBA,MG,Sudeste,2018,1,0,1,1,1,0,0,1,0,0,0,0,0.0,1.0,0.0,0.0,0.0,0.0,0.0,0.0
31041,ALEM PARAIBA,MG,Sudeste,2019,2,0,2,2,2,2,0,0,2,0,0,0,0.0,0.0,1.0,0.0,0.0,0.0,1.0,0.0
31041,ALEM PARAIBA,MG,Sudeste,2020,2,0,2,2,2,1,0,1,1,0,0,0,0.0,0.5,0.5,0.0,0.0,0.0,0.5,0.0
31041,ALEM PARAIBA,MG,Sudeste,2021,0,0,0,0,0,0,0,0,0,0,0,0,,,,,,,,
31041,ALEM PARAIBA,MG,Sudeste,2022,0,0,0,0,0,0,0,0,0,0,0,0,,,,,,,,
31041,ALEM PARAIBA,MG,Sudeste,2023,2,1,2,2,2,2,0,1,0,0,1,0,0.0,0.5,0.0,0.0,0.5,0.0,1.0,0.5
31041,ALEM PARAIBA,MG,Sudeste,2024,0,0,0,0,0,0,0,0,0,0,0,0,,,,,,,,
31041,ALEM PARAIBA,MG,Sudeste,2025,1,0,1,1,1,1,0,0,0,0,0,1,0.0,0.0,0.0,0.0,0.0,1.0,1.0,1.0
31042,CARANGOLA,MG,Sudeste,2007,0,0,0,0,0,0,0,0,0,0,0,0,,,,,,,,
31042,CARANGOLA,MG,Sudeste,2008,1,1,1,1,1,1,0,1,0,0,0,0,0.0,1.0,0.0,0.0,0.0,0.0,1.0,0.0
31042,CARANGOLA,MG,Sudeste,2009,0,0,0,0,0,0,0,0,0,0,0,0,,,,,,,,
31042,CARANGOLA,MG,Sudeste,2010,1,0,1,1,1,1,1,0,0,0,0,0,1.0,0.0,0.0,0.0,0.0,0.0,1.0,0.0
31042,CARANGOLA,MG,Sudeste,2011,0,0,0,0,0,0,0,0,0,0,0,0,,,,,,,,
31042,CARANGOLA,MG,Sudeste,2012,1,0,1,1,1,1,0,0,1,0,0,0,0.0,0.0,1.0,0.0,0.0,0.0,1.0,0.0
31042,CARANGOLA,MG,Sudeste,2013,1,0,1,1,1,1,0,0,0,0,1,0,0.0,0.0,0.0,0.0,1.0,0.0,1.0,1.0
31042,CARANGOLA,MG,Sudeste,2014,0,0,0,0,0,0,0,0,0,0,0,0,,,,,,,,
31042,CARANGOLA,MG,Sudeste,2015,2,0,2,2,2,2,0,0,1,1,0,0,0.0,0.0,0.5,0.5,0.0,0.0,1.0,0.0
31042,CARANGOLA,MG,Sudeste,2016,2,0,2,2,2,1,1,0,1,0,0,0,0.5,0.0,0.5,0.0,0.0,0.0,0.5,0.0
31042,CARANGOLA,MG,Sudeste,2017,1,1,1,1,1,0,0,0,0,1,0,0,0.0,0.0,0.0,1.0,0.0,0.0,0.0,0.0
31042,CARANGOLA,MG,Sudeste,2018,1,0,1,1,1,0,0,0,0,0,1,0,0.0,0.0,0.0,0.0,1.0,0.0,0.0,1.0
31042,CARANGOLA,MG,Sudeste,2019,6,0,5,6,6,5,1,2,2,0,1,0,0.16666666666666666,0.3333333333333333,0.3333333333333333,0.0,0.16666666666666666,0.0,0.8333333333333334,0.16666666666666666
31042,CARANGOLA,MG,Sudeste,2020,13,1,12,13,13,10,0,3,6,3,0,1,0.0,0.23076923076923078,0.46153846153846156,0.23076923076923078,0.0,0.07692307692307693,0.7692307692307693,0.07692307692307693
31042,CARANGOLA,MG,Sudeste,2021,2,0,2,2,2,2,0,0,1,1,0,0,0.0,0.0,0.5,0.5,0.0,0.0,1.0,0.0
31042,CARANGOLA,MG,Sudeste,2022,3,1,3,3,3,3,0,0,3,0,0,0,0.0,0.0,1.0,0.0,0.0,0.0,1.0,0.0
31042,CARANGOLA,MG,Sudeste,2023,6,0,6,6,6,5,0,3,0,1,2,0,0.0,0.5,0.0,0.16666666666666666,0.3333333333333333,0.0,0.8333333333333334,0.3333333333333333
31042,CARANGOLA,MG,Sudeste,2024,3,1,3,3,3,3,0,1,1,0,1,0,0.0,0.3333333333333333,0.3333333333333333,0.0,0.3333333333333333,0.0,1.0,0.3333333333333333
31042,CARANGOLA,MG,Sudeste,2025,3,0,3,3,3,3,0,1,1,1,0,0,0.0,0.3333333333333333,0.3333333333333333,0.3333333333333333,0.0,0.0,1.0,0.0
31044,LEOPOLDINA/CATAGUASES,MG,Sudeste,2007,4,2,4,4,4,4,0,1,1,2,0,0,0.0,0.25,0.25,0.5,0.0,0.0,1.0,0.0
31044,LEOPOLDINA/CATAGUASES,MG,Sudeste,2008,3,0,3,3,3,3,0,0,0,0,2,1,0.0,0.0,0.0,0.0,0.6666666666666666,0.3333333333333333,1.0,1.0
31044,LEOPOLDINA/CATAGUASES,MG,Sudeste,2009,4,0,4,4,4,2,1,0,2,0,1,0,0.25,0.0,0.5,0.0,0.25,0.0,0.5,0.25
31044,LEOPOLDINA/CATAGUASES,MG,Sudeste,2010,3,0,3,3,3,2,0,0,2,0,1,0,0.0,0.0,0.6666666666666666,0.0,0.3333333333333333,0.0,0.6666666666666666,0.3333333333333333
31044,LEOPOLDINA/CATAGUASES,MG,Sudeste,2011,2,0,2,2,2,1,0,1,1,0,0,0,0.0,0.5,0.5,0.0,0.0,0.0,0.5,0.0
31044,LEOPOLDINA/CATAGUASES,MG,Sudeste,2012,0,0,0,0,0,0,0,0,0,0,0,0,,,,,,,,
31044,LEOPOLDINA/CATAGUASES,MG,Sudeste,2013,5,3,5,5,5,3,0,0,2,0,2,1,0.0,0.0,0.4,0.0,0.4,0.2,0.6,0.6000000000000001
31044,LEOPOLDINA/CATAGUASES,MG,Sudeste,2014,5,1,5,5,5,5,0,0,0,3,2,0,0.0,0.0,0.0,0.6,0.4,0.0,1.0,0.4
31044,LEOPOLDINA/CATAGUASES,MG,Sudeste,2015,0,0,0,0,0,0,0,0,0,0,0,0,,,,,,,,
31044,LEOPOLDINA/CATAGUASES,MG,Sudeste,2016,3,1,3,3,3,3,0,0,2,0,1,0,0.0,0.0,0.6666666666666666,0.0,0.3333333333333333,0.0,1.0,0.3333333333333333
31044,LEOPOLDINA/CATAGUASES,MG,Sudeste,2017,3,0,3,3,3,3,0,0,3,0,0,0,0.0,0.0,1.0,0.0,0.0,0.0,1.0,0.0
31044,LEOPOLDINA/CATAGUASES,MG,Sudeste,2018,2,0,2,2,2,2,0,2,0,0,0,0,0.0,1.0,0.0,0.0,0.0,0.0,1.0,0.0
31044,LEOPOLDINA/CATAGUASES,MG,Sudeste,2019,3,0,3,3,3,3,0,2,1,0,0,0,0.0,0.6666666666666666,0.3333333333333333,0.0,0.0,0.0,1.0,0.0
31044,LEOPOLDINA/CATAGUASES,MG,Sudeste,2020,6,2,3,6,6,4,0,1,2,2,0,1,0.0,0.16666666666666666,0.3333333333333333,0.3333333333333333,0.0,0.16666666666666666,0.6666666666666666,0.16666666666666666
31044,LEOPOLDINA/CATAGUASES,MG,Sudeste,2021,2,1,2,2,2,2,0,0,0,2,0,0,0.0,0.0,0.0,1.0,0.0,0.0,1.0,0.0
31044,LEOPOLDINA/CATAGUASES,MG,Sudeste,2022,5,1,5,5,5,4,0,0,2,2,1,0,0.0,0.0,0.4,0.4,0.2,0.0,0.8,0.2
31044,LEOPOLDINA/CATAGUASES,MG,Sudeste,2023,3,1,3,3,3,3,0,1,1,1,0,0,0.0,0.3333333333333333,0.3333333333333333,0.3333333333333333,0.0,0.0,1.0,0.0
31044,LEOPOLDINA/CATAGUASES,MG,Sudeste,2024,5,1,5,5,5,5,0,0,2,2,1,0,0.0,0.0,0.4,0.4,0.2,0.0,1.0,0.2
31044,LEOPOLDINA/CATAGUASES,MG,Sudeste,2025,2,0,2,2,2,2,0,1,1,0,0,0,0.0,0.5,0.5,0.0,0.0,0.0,1.0,0.0
31045,MURIAE,MG,Sudeste,2007,5,0,5,5,5,4,0,3,2,0,0,0,0.0,0.6,0.4,0.0,0.0,0.0,0.8,0.0
31045,MURIAE,MG,Sudeste,2008,1,1,1,1,1,1,0,1,0,0,0,0,0.0,1.0,0.0,0.0,0.0,0.0,1.0,0.0
31045,MURIAE,MG,Sudeste,2009,5,0,5,5,5,5,0,1,3,0,0,1,0.0,0.2,0.6,0.0,0.0,0.2,1.0,0.2
31045,MURIAE,MG,Sudeste,2010,4,2,4,4,4,4,0,2,1,1,0,0,0.0,0.5,0.25,0.25,0.0,0.0,1.0,0.0
31045,MURIAE,MG,Sudeste,2011,0,0,0,0,0,0,0,0,0,0,0,0,,,,,,,,
31045,MURIAE,MG,Sudeste,2012,5,0,5,5,5,5,0,4,1,0,0,0,0.0,0.8,0.2,0.0,0.0,0.0,1.0,0.0
31045,MURIAE,MG,Sudeste,2013,1,0,0,1,1,1,0,0,0,0,1,0,0.0,0.0,0.0,0.0,1.0,0.0,1.0,1.0
31045,MURIAE,MG,Sudeste,2014,1,0,1,1,1,1,0,1,0,0,0,0,0.0,1.0,0.0,0.0,0.0,0.0,1.0,0.0
31045,MURIAE,MG,Sudeste,2015,0,0,0,0,0,0,0,0,0,0,0,0,,,,,,,,
31045,MURIAE,MG,Sudeste,2016,1,1,1,1,1,1,0,1,0,0,0,0,0.0,1.0,0.0,0.0,0.0,0.0,1.0,0.0
31045,MURIAE,MG,Sudeste,2017,0,0,0,0,0,0,0,0,0,0,0,0,,,,,,,,
31045,MURIAE,MG,Sudeste,2018,4,0,4,4,4,4,0,3,0,1,0,0,0.0,0.75,0.0,0.25,0.0,0.0,1.0,0.0
31045,MURIAE,MG,Sudeste,2019,2,1,1,2,2,2,0,0,1,1,0,0,0.0,0.0,0.5,0.5,0.0,0.0,1.0,0.0
31045,MURIAE,MG,Sudeste,2020,4,1,4,4,4,3,0,0,4,0,0,0,0.0,0.0,1.0,0.0,0.0,0.0,0.75,0.0
31045,MURIAE,MG,Sudeste,2021,2,0,1,2,2,1,0,1,0,1,0,0,0.0,0.5,0.0,0.5,0.0,0.0,0.5,0.0
31045,MURIAE,MG,Sudeste,2022,3,0,3,3,3,1,0,0,2,0,0,1,0.0,0.0,0.6666666666666666,0.0,0.0,0.3333333333333333,0.3333333333333333,0.3333333333333333
31045,MURIAE,MG,Sudeste,2023,6,0,6,6,6,5,1,0,3,2,0,0,0.16666666666666666,0.0,0.5,0.3333333333333333,0.0,0.0,0.8333333333333334,0.0
31045,MURIAE,MG,Sudeste,2024,4,0,4,4,4,4,0,0,3,1,0,0,0.0,0.0,0.75,0.25,0.0,0.0,1.0,0.0
31045,MURIAE,MG,Sudeste,2025,2,0,1,2,2,1,0,1,0,1,0,0,0.0,0.5,0.0,0.5,0.0,0.0,0.5,0.0
31046,SANTOS DUMONT,MG,Sudeste,2007,0,0,0,0,0,0,0,0,0,0,0,0,,,,,,,,
31046,SANTOS DUMONT,MG,Sudeste,2008,0,0,0,0,0,0,0,0,0,0,0,0,,,,,,,,
31046,SANTOS DUMONT,MG,Sudeste,2009,0,0,0,0,0,0,0,0,0,0,0,0,,,,,,,,
31046,SANTOS DUMONT,MG,Sudeste,2010,0,0,0,0,0,0,0,0,0,0,0,0,,,,,,,,
31046,SANTOS DUMONT,MG,Sudeste,2011,0,0,0,0,0,0,0,0,0,0,0,0,,,,,,,,
31046,SANTOS DUMONT,MG,Sudeste,2012,0,0,0,0,0,0,0,0,0,0,0,0,,,,,,,,
31046,SANTOS DUMONT,MG,Sudeste,2013,0,0,0,0,0,0,0,0,0,0,0,0,,,,,,,,
31046,SANTOS DUMONT,MG,Sudeste,2014,0,0,0,0,0,0,0,0,0,0,0,0,,,,,,,,
31046,SANTOS DUMONT,MG,Sudeste,2015,0,0,0,0,0,0,0,0,0,0,0,0,,,,,,,,
31046,SANTOS DUMONT,MG,Sudeste,2016,1,1,1,1,1,1,0,0,1,0,0,0,0.0,0.0,1.0,0.0,0.0,0.0,1.0,0.0
31046,SANTOS DUMONT,MG,Sudeste,2017,0,0,0,0,0,0,0,0,0,0,0,0,,,,,,,,
31046,SANTOS DUMONT,MG,Sudeste,2018,0,0,0,0,0,0,0,0,0,0,0,0,,,,,,,,
31046,SANTOS DUMONT,MG,Sudeste,2019,0,0,0,0,0,0,0,0,0,0,0,0,,,,,,,,
31046,SANTOS DUMONT,MG,Sudeste,2020,0,0,0,0,0,0,0,0,0,0,0,0,,,,,,,,
31046,SANTOS DUMONT,MG,Sudeste,2021,0,0,0,0,0,0,0,0,0,0,0,0,,,,,,,,
31046,SANTOS DUMONT,MG,Sudeste,2022,0,0,0,0,0,0,0,0,0,0,0,0,,,,,,,,
31046,SANTOS DUMONT,MG,Sudeste,2023,0,0,0,0,0,0,0,0,0,0,0,0,,,,,,,,
31046,SANTOS DUMONT,MG,Sudeste,2024,0,0,0,0,0,0,0,0,0,0,0,0,,,,,,,,
31046,SANTOS DUMONT,MG,Sudeste,2025,1,0,1,1,1,1,1,0,0,0,0,0,1.0,0.0,0.0,0.0,0.0,0.0,1.0,0.0
31047,SAO JOAO NEPOMUCENO,MG,Sudeste,2007,0,0,0,0,0,0,0,0,0,0,0,0,,,,,,,,
31047,SAO JOAO NEPOMUCENO,MG,Sudeste,2008,0,0,0,0,0,0,0,0,0,0,0,0,,,,,,,,
31047,SAO JOAO NEPOMUCENO,MG,Sudeste,2009,2,0,1,2,2,2,0,0,0,1,0,1,0.0,0.0,0.0,0.5,0.0,0.5,1.0,0.5
31047,SAO JOAO NEPOMUCENO,MG,Sudeste,2010,0,0,0,0,0,0,0,0,0,0,0,0,,,,,,,,
31047,SAO JOAO NEPOMUCENO,MG,Sudeste,2011,1,0,1,1,1,1,0,0,0,1,0,0,0.0,0.0,0.0,1.0,0.0,0.0,1.0,0.0
31047,SAO JOAO NEPOMUCENO,MG,Sudeste,2012,0,0,0,0,0,0,0,0,0,0,0,0,,,,,,,,
31047,SAO JOAO NEPOMUCENO,MG,Sudeste,2013,0,0,0,0,0,0,0,0,0,0,0,0,,,,,,,,
31047,SAO JOAO NEPOMUCENO,MG,Sudeste,2014,0,0,0,0,0,0,0,0,0,0,0,0,,,,,,,,
31047,SAO JOAO NEPOMUCENO,MG,Sudeste,2015,0,0,0,0,0,0,0,0,0,0,0,0,,,,,,,,
31047,SAO JOAO NEPOMUCENO,MG,Sudeste,2016,0,0,0,0,0,0,0,0,0,0,0,0,,,,,,,,
31047,SAO JOAO NEPOMUCENO,MG,Sudeste,2017,1,0,1,1,1,1,0,0,0,1,0,0,0.0,0.0,0.0,1.0,0.0,0.0,1.0,0.0
31047,SAO JOAO NEPOMUCENO,MG,Sudeste,2018,0,0,0,0,0,0,0,0,0,0,0,0,,,,,,,,
31047,SAO JOAO NEPOMUCENO,MG,Sudeste,2019,0,0,0,0,0,0,0,0,0,0,0,0,,,,,,,,
31047,SAO JOAO NEPOMUCENO,MG,Sudeste,2020,0,0,0,0,0,0,0,0,0,0,0,0,,,,,,,,
31047,SAO JOAO NEPOMUCENO,MG,Sudeste,2021,2,0,2,2,2,1,0,0,0,0,1,1,0.0,0.0,0.0,0.0,0.5,0.5,0.5,1.0
31047,SAO JOAO NEPOMUCENO,MG,Sudeste,2022,0,0,0,0,0,0,0,0,0,0,0,0,,,,,,,,
31047,SAO JOAO NEPOMUCENO,MG,Sudeste,2023,1,0,1,1,1,1,0,0,0,1,0,0,0.0,0.0,0.0,1.0,0.0,0.0,1.0,0.0
31047,SAO JOAO NEPOMUCENO,MG,Sudeste,2024,0,0,0,0,0,0,0,0,0,0,0,0,,,,,,,,
31047,SAO JOAO NEPOMUCENO,MG,Sudeste,2025,0,0,0,0,0,0,0,0,0,0,0,0,,,,,,,,
31048,UBA,MG,Sudeste,2007,0,0,0,0,0,0,0,0,0,0,0,0,,,,,,,,
31048,UBA,MG,Sudeste,2008,2,0,2,2,2,1,0,0,1,1,0,0,0.0,0.0,0.5,0.5,0.0,0.0,0.5,0.0
31048,UBA,MG,Sudeste,2009,3,1,3,3,3,2,0,1,1,0,0,1,0.0,0.3333333333333333,0.3333333333333333,0.0,0.0,0.3333333333333333,0.6666666666666666,0.3333333333333333
31048,UBA,MG,Sudeste,2010,3,0,3,3,3,2,0,0,3,0,0,0,0.0,0.0,1.0,0.0,0.0,0.0,0.6666666666666666,0.0
31048,UBA,MG,Sudeste,2011,4,0,4,4,4,3,0,1,2,1,0,0,0.0,0.25,0.5,0.25,0.0,0.0,0.75,0.0
31048,UBA,MG,Sudeste,2012,10,0,10,10,10,9,1,2,5,1,1,0,0.1,0.2,0.5,0.1,0.1,0.0,0.9,0.1
31048,UBA,MG,Sudeste,2013,4,0,2,4,4,1,0,2,1,1,0,0,0.0,0.5,0.25,0.25,0.0,0.0,0.25,0.0
31048,UBA,MG,Sudeste,2014,4,2,4,4,4,2,0,0,3,1,0,0,0.0,0.0,0.75,0.25,0.0,0.0,0.5,0.0
31048,UBA,MG,Sudeste,2015,4,0,4,4,4,3,0,0,1,1,1,1,0.0,0.0,0.25,0.25,0.25,0.25,0.75,0.5
31048,UBA,MG,Sudeste,2016,3,2,3,3,3,2,0,0,1,2,0,0,0.0,0.0,0.3333333333333333,0.6666666666666666,0.0,0.0,0.6666666666666666,0.0
31048,UBA,MG,Sudeste,2017,0,0,0,0,0,0,0,0,0,0,0,0,,,,,,,,
31048,UBA,MG,Sudeste,2018,7,1,6,7,7,6,0,0,4,2,1,0,0.0,0.0,0.5714285714285714,0.2857142857142857,0.14285714285714285,0.0,0.8571428571428571,0.14285714285714285
31048,UBA,MG,Sudeste,2019,3,0,3,3,3,1,0,1,1,1,0,0,0.0,0.3333333333333333,0.3333333333333333,0.3333333333333333,0.0,0.0,0.3333333333333333,0.0
31048,UBA,MG,Sudeste,2020,11,3,10,11,11,7,0,2,4,1,2,2,0.0,0.18181818181818182,0.36363636363636365,0.09090909090909091,0.18181818181818182,0.18181818181818182,0.6363636363636364,0.36363636363636365
31048,UBA,MG,Sudeste,2021,7,0,7,7,7,5,1,1,4,0,1,0,0.14285714285714285,0.14285714285714285,0.5714285714285714,0.0,0.14285714285714285,0.0,0.7142857142857143,0.14285714285714285
31048,UBA,MG,Sudeste,2022,3,1,3,3,3,1,0,1,1,1,0,0,0.0,0.3333333333333333,0.3333333333333333,0.3333333333333333,0.0,0.0,0.3333333333333333,0.0
31048,UBA,MG,Sudeste,2023,13,1,12,13,13,11,0,1,6,1,4,1,0.0,0.07692307692307693,0.46153846153846156,0.07692307692307693,0.3076923076923077,0.07692307692307693,0.8461538461538461,0.38461538461538464
31048,UBA,MG,Sudeste,2024,2,0,2,2,2,1,0,0,2,0,0,0,0.0,0.0,1.0,0.0,0.0,0.0,0.5,0.0
31048,UBA,MG,Sudeste,2025,3,0,3,3,3,3,0,2,1,0,0,0,0.0,0.6666666666666666,0.3333333333333333,0.0,0.0,0.0,1.0,0.0
31050,CORACAO DE JESUS,MG,Sudeste,2007,0,0,0,0,0,0,0,0,0,0,0,0,,,,,,,,
31050,CORACAO DE JESUS,MG,Sudeste,2008,0,0,0,0,0,0,0,0,0,0,0,0,,,,,,,,
31050,CORACAO DE JESUS,MG,Sudeste,2009,0,0,0,0,0,0,0,0,0,0,0,0,,,,,,,,
31050,CORACAO DE JESUS,MG,Sudeste,2010,0,0,0,0,0,0,0,0,0,0,0,0,,,,,,,,
31050,CORACAO DE JESUS,MG,Sudeste,2011,1,0,0,1,1,1,0,0,0,1,0,0,0.0,0.0,0.0,1.0,0.0,0.0,1.0,0.0
31050,CORACAO DE JESUS,MG,Sudeste,2012,0,0,0,0,0,0,0,0,0,0,0,0,,,,,,,,
31050,CORACAO DE JESUS,MG,Sudeste,2013,0,0,0,0,0,0,0,0,0,0,0,0,,,,,,,,
31050,CORACAO DE JESUS,MG,Sudeste,2014,0,0,0,0,0,0,0,0,0,0,0,0,,,,,,,,
31050,CORACAO DE JESUS,MG,Sudeste,2015,0,0,0,0,0,0,0,0,0,0,0,0,,,,,,,,
31050,CORACAO DE JESUS,MG,Sudeste,2016,0,0,0,0,0,0,0,0,0,0,0,0,,,,,,,,
31050,CORACAO DE JESUS,MG,Sudeste,2017,0,0,0,0,0,0,0,0,0,0,0,0,,,,,,,,
31050,CORACAO DE JESUS,MG,Sudeste,2018,0,0,0,0,0,0,0,0,0,0,0,0,,,,,,,,
31050,CORACAO DE JESUS,MG,Sudeste,2019,0,0,0,0,0,0,0,0,0,0,0,0,,,,,,,,
31050,CORACAO DE JESUS,MG,Sudeste,2020,0,0,0,0,0,0,0,0,0,0,0,0,,,,,,,,
31050,CORACAO DE JESUS,MG,Sudeste,2021,0,0,0,0,0,0,0,0,0,0,0,0,,,,,,,,
31050,CORACAO DE JESUS,MG,Sudeste,2022,0,0,0,0,0,0,0,0,0,0,0,0,,,,,,,,
31050,CORACAO DE JESUS,MG,Sudeste,2023,0,0,0,0,0,0,0,0,0,0,0,0,,,,,,,,
31050,CORACAO DE JESUS,MG,Sudeste,2024,0,0,0,0,0,0,0,0,0,0,0,0,,,,,,,,
31050,CORACAO DE JESUS,MG,Sudeste,2025,0,0,0,0,0,0,0,0,0,0,0,0,,,,,,,,
31052,JANAUBA/MONTE AZUL,MG,Sudeste,2007,0,0,0,0,0,0,0,0,0,0,0,0,,,,,,,,
31052,JANAUBA/MONTE AZUL,MG,Sudeste,2008,0,0,0,0,0,0,0,0,0,0,0,0,,,,,,,,
31052,JANAUBA/MONTE AZUL,MG,Sudeste,2009,0,0,0,0,0,0,0,0,0,0,0,0,,,,,,,,
31052,JANAUBA/MONTE AZUL,MG,Sudeste,2010,0,0,0,0,0,0,0,0,0,0,0,0,,,,,,,,
31052,JANAUBA/MONTE AZUL,MG,Sudeste,2011,0,0,0,0,0,0,0,0,0,0,0,0,,,,,,,,
31052,JANAUBA/MONTE AZUL,MG,Sudeste,2012,0,0,0,0,0,0,0,0,0,0,0,0,,,,,,,,
31052,JANAUBA/MONTE AZUL,MG,Sudeste,2013,0,0,0,0,0,0,0,0,0,0,0,0,,,,,,,,
31052,JANAUBA/MONTE AZUL,MG,Sudeste,2014,1,0,1,1,1,1,0,0,1,0,0,0,0.0,0.0,1.0,0.0,0.0,0.0,1.0,0.0
31052,JANAUBA/MONTE AZUL,MG,Sudeste,2015,0,0,0,0,0,0,0,0,0,0,0,0,,,,,,,,
31052,JANAUBA/MONTE AZUL,MG,Sudeste,2016,0,0,0,0,0,0,0,0,0,0,0,0,,,,,,,,
31052,JANAUBA/MONTE AZUL,MG,Sudeste,2017,1,0,1,1,1,1,0,0,1,0,0,0,0.0,0.0,1.0,0.0,0.0,0.0,1.0,0.0
31052,JANAUBA/MONTE AZUL,MG,Sudeste,2018,0,0,0,0,0,0,0,0,0,0,0,0,,,,,,,,
31052,JANAUBA/MONTE AZUL,MG,Sudeste,2019,0,0,0,0,0,0,0,0,0,0,0,0,,,,,,,,
31052,JANAUBA/MONTE AZUL,MG,Sudeste,2020,0,0,0,0,0,0,0,0,0,0,0,0,,,,,,,,
31052,JANAUBA/MONTE AZUL,MG,Sudeste,2021,0,0,0,0,0,0,0,0,0,0,0,0,,,,,,,,
31052,JANAUBA/MONTE AZUL,MG,Sudeste,2022,0,0,0,0,0,0,0,0,0,0,0,0,,,,,,,,
31052,JANAUBA/MONTE AZUL,MG,Sudeste,2023,0,0,0,0,0,0,0,0,0,0,0,0,,,,,,,,
31052,JANAUBA/MONTE AZUL,MG,Sudeste,2024,0,0,0,0,0,0,0,0,0,0,0,0,,,,,,,,
31052,JANAUBA/MONTE AZUL,MG,Sudeste,2025,2,0,2,2,2,1,0,2,0,0,0,0,0.0,1.0,0.0,0.0,0.0,0.0,0.5,0.0
31053,JANUARIA,MG,Sudeste,2007,0,0,0,0,0,0,0,0,0,0,0,0,,,,,,,,
31053,JANUARIA,MG,Sudeste,2008,0,0,0,0,0,0,0,0,0,0,0,0,,,,,,,,
31053,JANUARIA,MG,Sudeste,2009,0,0,0,0,0,0,0,0,0,0,0,0,,,,,,,,
31053,JANUARIA,MG,Sudeste,2010,0,0,0,0,0,0,0,0,0,0,0,0,,,,,,,,
31053,JANUARIA,MG,Sudeste,2011,0,0,0,0,0,0,0,0,0,0,0,0,,,,,,,,
31053,JANUARIA,MG,Sudeste,2012,0,0,0,0,0,0,0,0,0,0,0,0,,,,,,,,
31053,JANUARIA,MG,Sudeste,2013,0,0,0,0,0,0,0,0,0,0,0,0,,,,,,,,
31053,JANUARIA,MG,Sudeste,2014,0,0,0,0,0,0,0,0,0,0,0,0,,,,,,,,
31053,JANUARIA,MG,Sudeste,2015,0,0,0,0,0,0,0,0,0,0,0,0,,,,,,,,
31053,JANUARIA,MG,Sudeste,2016,0,0,0,0,0,0,0,0,0,0,0,0,,,,,,,,
31053,JANUARIA,MG,Sudeste,2017,0,0,0,0,0,0,0,0,0,0,0,0,,,,,,,,
31053,JANUARIA,MG,Sudeste,2018,0,0,0,0,0,0,0,0,0,0,0,0,,,,,,,,
31053,JANUARIA,MG,Sudeste,2019,0,0,0,0,0,0,0,0,0,0,0,0,,,,,,,,
31053,JANUARIA,MG,Sudeste,2020,0,0,0,0,0,0,0,0,0,0,0,0,,,,,,,,
31053,JANUARIA,MG,Sudeste,2021,0,0,0,0,0,0,0,0,0,0,0,0,,,,,,,,
31053,JANUARIA,MG,Sudeste,2022,0,0,0,0,0,0,0,0,0,0,0,0,,,,,,,,
31053,JANUARIA,MG,Sudeste,2023,0,0,0,0,0,0,0,0,0,0,0,0,,,,,,,,
31053,JANUARIA,MG,Sudeste,2024,0,0,0,0,0,0,0,0,0,0,0,0,,,,,,,,
31053,JANUARIA,MG,Sudeste,2025,1,0,1,1,1,1,0,0,1,0,0,0,0.0,0.0,1.0,0.0,0.0,0.0,1.0,0.0
31055,PIRAPORA,MG,Sudeste,2007,0,0,0,0,0,0,0,0,0,0,0,0,,,,,,,,
31055,PIRAPORA,MG,Sudeste,2008,0,0,0,0,0,0,0,0,0,0,0,0,,,,,,,,
31055,PIRAPORA,MG,Sudeste,2009,0,0,0,0,0,0,0,0,0,0,0,0,,,,,,,,
31055,PIRAPORA,MG,Sudeste,2010,0,0,0,0,0,0,0,0,0,0,0,0,,,,,,,,
31055,PIRAPORA,MG,Sudeste,2011,0,0,0,0,0,0,0,0,0,0,0,0,,,,,,,,
31055,PIRAPORA,MG,Sudeste,2012,0,0,0,0,0,0,0,0,0,0,0,0,,,,,,,,
31055,PIRAPORA,MG,Sudeste,2013,0,0,0,0,0,0,0,0,0,0,0,0,,,,,,,,
31055,PIRAPORA,MG,Sudeste,2014,0,0,0,0,0,0,0,0,0,0,0,0,,,,,,,,
31055,PIRAPORA,MG,Sudeste,2015,0,0,0,0,0,0,0,0,0,0,0,0,,,,,,,,
31055,PIRAPORA,MG,Sudeste,2016,0,0,0,0,0,0,0,0,0,0,0,0,,,,,,,,
31055,PIRAPORA,MG,Sudeste,2017,0,0,0,0,0,0,0,0,0,0,0,0,,,,,,,,
31055,PIRAPORA,MG,Sudeste,2018,0,0,0,0,0,0,0,0,0,0,0,0,,,,,,,,
31055,PIRAPORA,MG,Sudeste,2019,0,0,0,0,0,0,0,0,0,0,0,0,,,,,,,,
31055,PIRAPORA,MG,Sudeste,2020,0,0,0,0,0,0,0,0,0,0,0,0,,,,,,,,
31055,PIRAPORA,MG,Sudeste,2021,0,0,0,0,0,0,0,0,0,0,0,0,,,,,,,,
31055,PIRAPORA,MG,Sudeste,2022,1,0,1,1,1,1,0,0,0,0,1,0,0.0,0.0,0.0,0.0,1.0,0.0,1.0,1.0
31055,PIRAPORA,MG,Sudeste,2023,1,0,0,1,1,1,0,0,1,0,0,0,0.0,0.0,1.0,0.0,0.0,0.0,1.0,0.0
31055,PIRAPORA,MG,Sudeste,2024,0,0,0,0,0,0,0,0,0,0,0,0,,,,,,,,
31055,PIRAPORA,MG,Sudeste,2025,1,0,1,1,1,1,0,0,1,0,0,0,0.0,0.0,1.0,0.0,0.0,0.0,1.0,0.0
31057,PATOS DE MINAS,MG,Sudeste,2007,1,0,1,1,1,1,0,0,0,1,0,0,0.0,0.0,0.0,1.0,0.0,0.0,1.0,0.0
31057,PATOS DE MINAS,MG,Sudeste,2008,0,0,0,0,0,0,0,0,0,0,0,0,,,,,,,,
31057,PATOS DE MINAS,MG,Sudeste,2009,0,0,0,0,0,0,0,0,0,0,0,0,,,,,,,,
31057,PATOS DE MINAS,MG,Sudeste,2010,2,0,2,2,2,2,1,1,0,0,0,0,0.5,0.5,0.0,0.0,0.0,0.0,1.0,0.0
31057,PATOS DE MINAS,MG,Sudeste,2011,3,0,3,3,3,3,0,1,1,1,0,0,0.0,0.3333333333333333,0.3333333333333333,0.3333333333333333,0.0,0.0,1.0,0.0
31057,PATOS DE MINAS,MG,Sudeste,2012,2,0,2,2,2,2,0,1,0,1,0,0,0.0,0.5,0.0,0.5,0.0,0.0,1.0,0.0
31057,PATOS DE MINAS,MG,Sudeste,2013,4,0,4,4,4,3,0,1,1,2,0,0,0.0,0.25,0.25,0.5,0.0,0.0,0.75,0.0
31057,PATOS DE MINAS,MG,Sudeste,2014,2,0,2,2,2,2,0,0,0,1,1,0,0.0,0.0,0.0,0.5,0.5,0.0,1.0,0.5
31057,PATOS DE MINAS,MG,Sudeste,2015,0,0,0,0,0,0,0,0,0,0,0,0,,,,,,,,
31057,PATOS DE MINAS,MG,Sudeste,2016,1,0,1,1,1,1,0,0,0,1,0,0,0.0,0.0,0.0,1.0,0.0,0.0,1.0,0.0
31057,PATOS DE MINAS,MG,Sudeste,2017,1,0,1,1,1,1,0,0,0,1,0,0,0.0,0.0,0.0,1.0,0.0,0.0,1.0,0.0
31057,PATOS DE MINAS,MG,Sudeste,2018,3,0,3,3,3,3,0,0,2,1,0,0,0.0,0.0,0.6666666666666666,0.3333333333333333,0.0,0.0,1.0,0.0
31057,PATOS DE MINAS,MG,Sudeste,2019,2,0,2,2,2,2,0,0,2,0,0,0,0.0,0.0,1.0,0.0,0.0,0.0,1.0,0.0
31057,PATOS DE MINAS,MG,Sudeste,2020,4,0,4,4,4,4,0,1,1,1,1,0,0.0,0.25,0.25,0.25,0.25,0.0,1.0,0.25
31057,PATOS DE MINAS,MG,Sudeste,2021,0,0,0,0,0,0,0,0,0,0,0,0,,,,,,,,
31057,PATOS DE MINAS,MG,Sudeste,2022,6,0,6,6,6,6,0,0,3,3,0,0,0.0,0.0,0.5,0.5,0.0,0.0,1.0,0.0
31057,PATOS DE MINAS,MG,Sudeste,2023,2,0,2,2,2,2,0,1,0,1,0,0,0.0,0.5,0.0,0.5,0.0,0.0,1.0,0.0
31057,PATOS DE MINAS,MG,Sudeste,2024,4,0,4,4,4,4,1,0,0,2,1,0,0.25,0.0,0.0,0.5,0.25,0.0,1.0,0.25
31057,PATOS DE MINAS,MG,Sudeste,2025,6,0,5,6,6,6,0,0,3,2,1,0,0.0,0.0,0.5,0.3333333333333333,0.16666666666666666,0.0,1.0,0.16666666666666666
31058,UNAI/PARACATU,MG,Sudeste,2007,0,0,0,0,0,0,0,0,0,0,0,0,,,,,,,,
31058,UNAI/PARACATU,MG,Sudeste,2008,0,0,0,0,0,0,0,0,0,0,0,0,,,,,,,,
31058,UNAI/PARACATU,MG,Sudeste,2009,1,0,1,1,1,1,0,0,0,1,0,0,0.0,0.0,0.0,1.0,0.0,0.0,1.0,0.0
31058,UNAI/PARACATU,MG,Sudeste,2010,1,0,1,1,1,0,0,0,1,0,0,0,0.0,0.0,1.0,0.0,0.0,0.0,0.0,0.0
31058,UNAI/PARACATU,MG,Sudeste,2011,0,0,0,0,0,0,0,0,0,0,0,0,,,,,,,,
31058,UNAI/PARACATU,MG,Sudeste,2012,0,0,0,0,0,0,0,0,0,0,0,0,,,,,,,,
31058,UNAI/PARACATU,MG,Sudeste,2013,0,0,0,0,0,0,0,0,0,0,0,0,,,,,,,,
31058,UNAI/PARACATU,MG,Sudeste,2014,1,0,1,1,1,0,0,0,0,1,0,0,0.0,0.0,0.0,1.0,0.0,0.0,0.0,0.0
31058,UNAI/PARACATU,MG,Sudeste,2015,1,0,1,1,1,1,0,0,1,0,0,0,0.0,0.0,1.0,0.0,0.0,0.0,1.0,0.0
31058,UNAI/PARACATU,MG,Sudeste,2016,3,0,2,3,3,3,0,0,1,1,1,0,0.0,0.0,0.3333333333333333,0.3333333333333333,0.3333333333333333,0.0,1.0,0.3333333333333333
31058,UNAI/PARACATU,MG,Sudeste,2017,0,0,0,0,0,0,0,0,0,0,0,0,,,,,,,,
31058,UNAI/PARACATU,MG,Sudeste,2018,0,0,0,0,0,0,0,0,0,0,0,0,,,,,,,,
31058,UNAI/PARACATU,MG,Sudeste,2019,2,0,1,2,2,2,0,0,2,0,0,0,0.0,0.0,1.0,0.0,0.0,0.0,1.0,0.0
31058,UNAI/PARACATU,MG,Sudeste,2020,0,0,0,0,0,0,0,0,0,0,0,0,,,,,,,,
31058,UNAI/PARACATU,MG,Sudeste,2021,0,0,0,0,0,0,0,0,0,0,0,0,,,,,,,,
31058,UNAI/PARACATU,MG,Sudeste,2022,2,0,1,2,2,2,0,2,0,0,0,0,0.0,1.0,0.0,0.0,0.0,0.0,1.0,0.0
31058,UNAI/PARACATU,MG,Sudeste,2023,1,0,1,1,1,1,0,0,0,0,1,0,0.0,0.0,0.0,0.0,1.0,0.0,1.0,1.0
31058,UNAI/PARACATU,MG,Sudeste,2024,4,0,4,4,4,3,0,1,0,2,0,1,0.0,0.25,0.0,0.5,0.0,0.25,0.75,0.25
31058,UNAI/PARACATU,MG,Sudeste,2025,1,0,1,1,1,1,0,0,0,0,1,0,0.0,0.0,0.0,0.0,1.0,0.0,1.0,1.0
31059,MANHUACU,MG,Sudeste,2007,1,1,1,1,1,1,0,1,0,0,0,0,0.0,1.0,0.0,0.0,0.0,0.0,1.0,0.0
31059,MANHUACU,MG,Sudeste,2008,3,1,3,3,3,3,0,2,0,0,1,0,0.0,0.6666666666666666,0.0,0.0,0.3333333333333333,0.0,1.0,0.3333333333333333
31059,MANHUACU,MG,Sudeste,2009,4,0,4,4,4,4,0,1,1,2,0,0,0.0,0.25,0.25,0.5,0.0,0.0,1.0,0.0
31059,MANHUACU,MG,Sudeste,2010,0,0,0,0,0,0,0,0,0,0,0,0,,,,,,,,
31059,MANHUACU,MG,Sudeste,2011,5,2,5,5,5,4,0,2,1,2,0,0,0.0,0.4,0.2,0.4,0.0,0.0,0.8,0.0
31059,MANHUACU,MG,Sudeste,2012,5,2,5,5,5,5,0,1,2,1,1,0,0.0,0.2,0.4,0.2,0.2,0.0,1.0,0.2
31059,MANHUACU,MG,Sudeste,2013,10,2,10,10,10,9,1,4,2,0,2,1,0.1,0.4,0.2,0.0,0.2,0.1,0.9,0.30000000000000004
31059,MANHUACU,MG,Sudeste,2014,6,0,6,6,6,3,0,1,4,1,0,0,0.0,0.16666666666666666,0.6666666666666666,0.16666666666666666,0.0,0.0,0.5,0.0
31059,MANHUACU,MG,Sudeste,2015,3,0,3,3,3,1,0,1,1,1,0,0,0.0,0.3333333333333333,0.3333333333333333,0.3333333333333333,0.0,0.0,0.3333333333333333,0.0
31059,MANHUACU,MG,Sudeste,2016,12,1,12,12,12,12,2,2,4,3,1,0,0.16666666666666666,0.16666666666666666,0.3333333333333333,0.25,0.08333333333333333,0.0,1.0,0.08333333333333333
31059,MANHUACU,MG,Sudeste,2017,7,0,7,7,7,5,0,2,2,1,1,1,0.0,0.2857142857142857,0.2857142857142857,0.14285714285714285,0.14285714285714285,0.14285714285714285,0.7142857142857143,0.2857142857142857
31059,MANHUACU,MG,Sudeste,2018,4,0,4,4,4,3,0,0,3,1,0,0,0.0,0.0,0.75,0.25,0.0,0.0,0.75,0.0
31059,MANHUACU,MG,Sudeste,2019,2,0,2,2,2,2,0,0,2,0,0,0,0.0,0.0,1.0,0.0,0.0,0.0,1.0,0.0
31059,MANHUACU,MG,Sudeste,2020,21,1,21,21,21,14,2,9,4,4,1,1,0.09523809523809523,0.42857142857142855,0.19047619047619047,0.19047619047619047,0.047619047619047616,0.047619047619047616,0.6666666666666666,0.09523809523809523
31059,MANHUACU,MG,Sudeste,2021,4,0,4,4,4,3,0,0,1,2,0,1,0.0,0.0,0.25,0.5,0.0,0.25,0.75,0.25
31059,MANHUACU,MG,Sudeste,2022,4,0,3,4,4,2,0,0,1,3,0,0,0.0,0.0,0.25,0.75,0.0,0.0,0.5,0.0
31059,MANHUACU,MG,Sudeste,2023,7,1,6,7,7,6,0,2,2,2,1,0,0.0,0.2857142857142857,0.2857142857142857,0.2857142857142857,0.14285714285714285,0.0,0.8571428571428571,0.14285714285714285
31059,MANHUACU,MG,Sudeste,2024,8,2,8,8,8,7,0,0,1,5,2,0,0.0,0.0,0.125,0.625,0.25,0.0,0.875,0.25
31059,MANHUACU,MG,Sudeste,2025,3,0,3,3,3,3,0,0,1,1,0,1,0.0,0.0,0.3333333333333333,0.3333333333333333,0.0,0.3333333333333333,1.0,0.3333333333333333
31060,PONTE NOVA,MG,Sudeste,2007,1,0,0,1,1,0,0,0,0,1,0,0,0.0,0.0,0.0,1.0,0.0,0.0,0.0,0.0
31060,PONTE NOVA,MG,Sudeste,2008,4,0,3,4,4,4,0,1,2,1,0,0,0.0,0.25,0.5,0.25,0.0,0.0,1.0,0.0
31060,PONTE NOVA,MG,Sudeste,2009,3,0,3,3,3,3,0,0,1,2,0,0,0.0,0.0,0.3333333333333333,0.6666666666666666,0.0,0.0,1.0,0.0
31060,PONTE NOVA,MG,Sudeste,2010,1,0,1,1,1,0,0,0,0,0,0,1,0.0,0.0,0.0,0.0,0.0,1.0,0.0,1.0
31060,PONTE NOVA,MG,Sudeste,2011,2,1,2,2,2,2,0,0,2,0,0,0,0.0,0.0,1.0,0.0,0.0,0.0,1.0,0.0
31060,PONTE NOVA,MG,Sudeste,2012,2,0,2,2,2,2,0,1,0,1,0,0,0.0,0.5,0.0,0.5,0.0,0.0,1.0,0.0
31060,PONTE NOVA,MG,Sudeste,2013,1,0,0,1,1,1,0,0,1,0,0,0,0.0,0.0,1.0,0.0,0.0,0.0,1.0,0.0
31060,PONTE NOVA,MG,Sudeste,2014,3,0,3,3,3,1,0,2,0,0,1,0,0.0,0.6666666666666666,0.0,0.0,0.3333333333333333,0.0,0.3333333333333333,0.3333333333333333
31060,PONTE NOVA,MG,Sudeste,2015,2,0,2,2,2,0,0,0,0,1,1,0,0.0,0.0,0.0,0.5,0.5,0.0,0.0,0.5
31060,PONTE NOVA,MG,Sudeste,2016,2,0,2,2,2,2,0,0,2,0,0,0,0.0,0.0,1.0,0.0,0.0,0.0,1.0,0.0
31060,PONTE NOVA,MG,Sudeste,2017,2,0,2,2,2,1,0,0,1,0,0,1,0.0,0.0,0.5,0.0,0.0,0.5,0.5,0.5
31060,PONTE NOVA,MG,Sudeste,2018,7,0,7,7,7,7,0,2,1,2,2,0,0.0,0.2857142857142857,0.14285714285714285,0.2857142857142857,0.2857142857142857,0.0,1.0,0.2857142857142857
31060,PONTE NOVA,MG,Sudeste,2019,7,3,6,7,7,6,0,1,2,1,2,1,0.0,0.14285714285714285,0.2857142857142857,0.14285714285714285,0.2857142857142857,0.14285714285714285,0.8571428571428571,0.42857142857142855
31060,PONTE NOVA,MG,Sudeste,2020,8,2,8,8,8,7,0,1,1,5,1,0,0.0,0.125,0.125,0.625,0.125,0.0,0.875,0.125
31060,PONTE NOVA,MG,Sudeste,2021,2,0,2,2,2,1,0,0,1,1,0,0,0.0,0.0,0.5,0.5,0.0,0.0,0.5,0.0
31060,PONTE NOVA,MG,Sudeste,2022,4,0,4,4,4,3,0,2,0,0,1,1,0.0,0.5,0.0,0.0,0.25,0.25,0.75,0.5
31060,PONTE NOVA,MG,Sudeste,2023,3,1,3,3,3,2,0,0,1,1,0,1,0.0,0.0,0.3333333333333333,0.3333333333333333,0.0,0.3333333333333333,0.6666666666666666,0.3333333333333333
31060,PONTE NOVA,MG,Sudeste,2024,0,0,0,0,0,0,0,0,0,0,0,0,,,,,,,,
31060,PONTE NOVA,MG,Sudeste,2025,3,1,2,3,3,3,0,1,1,1,0,0,0.0,0.3333333333333333,0.3333333333333333,0.3333333333333333,0.0,0.0,1.0,0.0
31061,VICOSA,MG,Sudeste,2007,0,0,0,0,0,0,0,0,0,0,0,0,,,,,,,,
31061,VICOSA,MG,Sudeste,2008,2,0,2,2,2,1,0,1,0,1,0,0,0.0,0.5,0.0,0.5,0.0,0.0,0.5,0.0
31061,VICOSA,MG,Sudeste,2009,0,0,0,0,0,0,0,0,0,0,0,0,,,,,,,,
31061,VICOSA,MG,Sudeste,2010,1,0,1,1,1,1,0,0,1,0,0,0,0.0,0.0,1.0,0.0,0.0,0.0,1.0,0.0
31061,VICOSA,MG,Sudeste,2011,1,0,1,1,1,1,0,0,1,0,0,0,0.0,0.0,1.0,0.0,0.0,0.0,1.0,0.0
31061,VICOSA,MG,Sudeste,2012,0,0,0,0,0,0,0,0,0,0,0,0,,,,,,,,
31061,VICOSA,MG,Sudeste,2013,0,0,0,0,0,0,0,0,0,0,0,0,,,,,,,,
31061,VICOSA,MG,Sudeste,2014,0,0,0,0,0,0,0,0,0,0,0,0,,,,,,,,
31061,VICOSA,MG,Sudeste,2015,0,0,0,0,0,0,0,0,0,0,0,0,,,,,,,,
31061,VICOSA,MG,Sudeste,2016,2,0,2,2,2,1,0,0,2,0,0,0,0.0,0.0,1.0,0.0,0.0,0.0,0.5,0.0
31061,VICOSA,MG,Sudeste,2017,0,0,0,0,0,0,0,0,0,0,0,0,,,,,,,,
31061,VICOSA,MG,Sudeste,2018,1,0,1,1,1,1,0,0,0,1,0,0,0.0,0.0,0.0,1.0,0.0,0.0,1.0,0.0
31061,VICOSA,MG,Sudeste,2019,0,0,0,0,0,0,0,0,0,0,0,0,,,,,,,,
31061,VICOSA,MG,Sudeste,2020,1,0,1,1,1,0,0,0,1,0,0,0,0.0,0.0,1.0,0.0,0.0,0.0,0.0,0.0
31061,VICOSA,MG,Sudeste,2021,2,0,2,2,2,2,0,0,2,0,0,0,0.0,0.0,1.0,0.0,0.0,0.0,1.0,0.0
31061,VICOSA,MG,Sudeste,2022,0,0,0,0,0,0,0,0,0,0,0,0,,,,,,,,
31061,VICOSA,MG,Sudeste,2023,1,0,1,1,1,0,0,0,1,0,0,0,0.0,0.0,1.0,0.0,0.0,0.0,0.0,0.0
31061,VICOSA,MG,Sudeste,2024,0,0,0,0,0,0,0,0,0,0,0,0,,,,,,,,
31061,VICOSA,MG,Sudeste,2025,1,0,1,1,1,1,0,0,0,1,0,0,0.0,0.0,0.0,1.0,0.0,0.0,1.0,0.0
31062,AGUAS FORMOSAS,MG,Sudeste,2007,0,0,0,0,0,0,0,0,0,0,0,0,,,,,,,,
31062,AGUAS FORMOSAS,MG,Sudeste,2008,0,0,0,0,0,0,0,0,0,0,0,0,,,,,,,,
31062,AGUAS FORMOSAS,MG,Sudeste,2009,2,2,2,2,2,2,0,0,1,1,0,0,0.0,0.0,0.5,0.5,0.0,0.0,1.0,0.0
31062,AGUAS FORMOSAS,MG,Sudeste,2010,0,0,0,0,0,0,0,0,0,0,0,0,,,,,,,,
31062,AGUAS FORMOSAS,MG,Sudeste,2011,0,0,0,0,0,0,0,0,0,0,0,0,,,,,,,,
31062,AGUAS FORMOSAS,MG,Sudeste,2012,0,0,0,0,0,0,0,0,0,0,0,0,,,,,,,,
31062,AGUAS FORMOSAS,MG,Sudeste,2013,0,0,0,0,0,0,0,0,0,0,0,0,,,,,,,,
31062,AGUAS FORMOSAS,MG,Sudeste,2014,0,0,0,0,0,0,0,0,0,0,0,0,,,,,,,,
31062,AGUAS FORMOSAS,MG,Sudeste,2015,0,0,0,0,0,0,0,0,0,0,0,0,,,,,,,,
31062,AGUAS FORMOSAS,MG,Sudeste,2016,0,0,0,0,0,0,0,0,0,0,0,0,,,,,,,,
31062,AGUAS FORMOSAS,MG,Sudeste,2017,0,0,0,0,0,0,0,0,0,0,0,0,,,,,,,,
31062,AGUAS FORMOSAS,MG,Sudeste,2018,0,0,0,0,0,0,0,0,0,0,0,0,,,,,,,,
31062,AGUAS FORMOSAS,MG,Sudeste,2019,0,0,0,0,0,0,0,0,0,0,0,0,,,,,,,,
31062,AGUAS FORMOSAS,MG,Sudeste,2020,0,0,0,0,0,0,0,0,0,0,0,0,,,,,,,,
31062,AGUAS FORMOSAS,MG,Sudeste,2021,0,0,0,0,0,0,0,0,0,0,0,0,,,,,,,,
31062,AGUAS FORMOSAS,MG,Sudeste,2022,1,0,1,1,1,1,0,0,1,0,0,0,0.0,0.0,1.0,0.0,0.0,0.0,1.0,0.0
31062,AGUAS FORMOSAS,MG,Sudeste,2023,0,0,0,0,0,0,0,0,0,0,0,0,,,,,,,,
31062,AGUAS FORMOSAS,MG,Sudeste,2024,0,0,0,0,0,0,0,0,0,0,0,0,,,,,,,,
31062,AGUAS FORMOSAS,MG,Sudeste,2025,0,0,0,0,0,0,0,0,0,0,0,0,,,,,,,,
31064,ARACUAI,MG,Sudeste,2007,0,0,0,0,0,0,0,0,0,0,0,0,,,,,,,,
31064,ARACUAI,MG,Sudeste,2008,0,0,0,0,0,0,0,0,0,0,0,0,,,,,,,,
31064,ARACUAI,MG,Sudeste,2009,0,0,0,0,0,0,0,0,0,0,0,0,,,,,,,,
31064,ARACUAI,MG,Sudeste,2010,0,0,0,0,0,0,0,0,0,0,0,0,,,,,,,,
31064,ARACUAI,MG,Sudeste,2011,0,0,0,0,0,0,0,0,0,0,0,0,,,,,,,,
31064,ARACUAI,MG,Sudeste,2012,0,0,0,0,0,0,0,0,0,0,0,0,,,,,,,,
31064,ARACUAI,MG,Sudeste,2013,0,0,0,0,0,0,0,0,0,0,0,0,,,,,,,,
31064,ARACUAI,MG,Sudeste,2014,0,0,0,0,0,0,0,0,0,0,0,0,,,,,,,,
31064,ARACUAI,MG,Sudeste,2015,1,0,1,1,1,0,0,1,0,0,0,0,0.0,1.0,0.0,0.0,0.0,0.0,0.0,0.0
31064,ARACUAI,MG,Sudeste,2016,0,0,0,0,0,0,0,0,0,0,0,0,,,,,,,,
31064,ARACUAI,MG,Sudeste,2017,0,0,0,0,0,0,0,0,0,0,0,0,,,,,,,,
31064,ARACUAI,MG,Sudeste,2018,0,0,0,0,0,0,0,0,0,0,0,0,,,,,,,,
31064,ARACUAI,MG,Sudeste,2019,0,0,0,0,0,0,0,0,0,0,0,0,,,,,,,,
31064,ARACUAI,MG,Sudeste,2020,0,0,0,0,0,0,0,0,0,0,0,0,,,,,,,,
31064,ARACUAI,MG,Sudeste,2021,0,0,0,0,0,0,0,0,0,0,0,0,,,,,,,,
31064,ARACUAI,MG,Sudeste,2022,0,0,0,0,0,0,0,0,0,0,0,0,,,,,,,,
31064,ARACUAI,MG,Sudeste,2023,0,0,0,0,0,0,0,0,0,0,0,0,,,,,,,,
31064,ARACUAI,MG,Sudeste,2024,0,0,0,0,0,0,0,0,0,0,0,0,,,,,,,,
31064,ARACUAI,MG,Sudeste,2025,0,0,0,0,0,0,0,0,0,0,0,0,,,,,,,,
31065,ITAOBIM,MG,Sudeste,2007,0,0,0,0,0,0,0,0,0,0,0,0,,,,,,,,
31065,ITAOBIM,MG,Sudeste,2008,0,0,0,0,0,0,0,0,0,0,0,0,,,,,,,,
31065,ITAOBIM,MG,Sudeste,2009,0,0,0,0,0,0,0,0,0,0,0,0,,,,,,,,
31065,ITAOBIM,MG,Sudeste,2010,0,0,0,0,0,0,0,0,0,0,0,0,,,,,,,,
31065,ITAOBIM,MG,Sudeste,2011,0,0,0,0,0,0,0,0,0,0,0,0,,,,,,,,
31065,ITAOBIM,MG,Sudeste,2012,0,0,0,0,0,0,0,0,0,0,0,0,,,,,,,,
31065,ITAOBIM,MG,Sudeste,2013,0,0,0,0,0,0,0,0,0,0,0,0,,,,,,,,
31065,ITAOBIM,MG,Sudeste,2014,0,0,0,0,0,0,0,0,0,0,0,0,,,,,,,,
31065,ITAOBIM,MG,Sudeste,2015,0,0,0,0,0,0,0,0,0,0,0,0,,,,,,,,
31065,ITAOBIM,MG,Sudeste,2016,0,0,0,0,0,0,0,0,0,0,0,0,,,,,,,,
31065,ITAOBIM,MG,Sudeste,2017,0,0,0,0,0,0,0,0,0,0,0,0,,,,,,,,
31065,ITAOBIM,MG,Sudeste,2018,1,0,1,1,1,1,1,0,0,0,0,0,1.0,0.0,0.0,0.0,0.0,0.0,1.0,0.0
31065,ITAOBIM,MG,Sudeste,2019,1,0,1,1,1,1,0,0,0,1,0,0,0.0,0.0,0.0,1.0,0.0,0.0,1.0,0.0
31065,ITAOBIM,MG,Sudeste,2020,0,0,0,0,0,0,0,0,0,0,0,0,,,,,,,,
31065,ITAOBIM,MG,Sudeste,2021,0,0,0,0,0,0,0,0,0,0,0,0,,,,,,,,
31065,ITAOBIM,MG,Sudeste,2022,0,0,0,0,0,0,0,0,0,0,0,0,,,,,,,,
31065,ITAOBIM,MG,Sudeste,2023,0,0,0,0,0,0,0,0,0,0,0,0,,,,,,,,
31065,ITAOBIM,MG,Sudeste,2024,0,0,0,0,0,0,0,0,0,0,0,0,,,,,,,,
31065,ITAOBIM,MG,Sudeste,2025,0,0,0,0,0,0,0,0,0,0,0,0,,,,,,,,
31066,NANUQUE,MG,Sudeste,2007,0,0,0,0,0,0,0,0,0,0,0,0,,,,,,,,
31066,NANUQUE,MG,Sudeste,2008,0,0,0,0,0,0,0,0,0,0,0,0,,,,,,,,
31066,NANUQUE,MG,Sudeste,2009,0,0,0,0,0,0,0,0,0,0,0,0,,,,,,,,
31066,NANUQUE,MG,Sudeste,2010,0,0,0,0,0,0,0,0,0,0,0,0,,,,,,,,
31066,NANUQUE,MG,Sudeste,2011,2,0,2,2,2,2,0,0,1,1,0,0,0.0,0.0,0.5,0.5,0.0,0.0,1.0,0.0
31066,NANUQUE,MG,Sudeste,2012,1,0,1,1,1,1,0,1,0,0,0,0,0.0,1.0,0.0,0.0,0.0,0.0,1.0,0.0
31066,NANUQUE,MG,Sudeste,2013,0,0,0,0,0,0,0,0,0,0,0,0,,,,,,,,
31066,NANUQUE,MG,Sudeste,2014,0,0,0,0,0,0,0,0,0,0,0,0,,,,,,,,
31066,NANUQUE,MG,Sudeste,2015,0,0,0,0,0,0,0,0,0,0,0,0,,,,,,,,
31066,NANUQUE,MG,Sudeste,2016,1,0,1,1,1,1,0,0,1,0,0,0,0.0,0.0,1.0,0.0,0.0,0.0,1.0,0.0
31066,NANUQUE,MG,Sudeste,2017,0,0,0,0,0,0,0,0,0,0,0,0,,,,,,,,
31066,NANUQUE,MG,Sudeste,2018,0,0,0,0,0,0,0,0,0,0,0,0,,,,,,,,
31066,NANUQUE,MG,Sudeste,2019,1,0,1,1,1,1,0,1,0,0,0,0,0.0,1.0,0.0,0.0,0.0,0.0,1.0,0.0
31066,NANUQUE,MG,Sudeste,2020,0,0,0,0,0,0,0,0,0,0,0,0,,,,,,,,
31066,NANUQUE,MG,Sudeste,2021,0,0,0,0,0,0,0,0,0,0,0,0,,,,,,,,
31066,NANUQUE,MG,Sudeste,2022,1,0,1,1,1,1,0,0,0,1,0,0,0.0,0.0,0.0,1.0,0.0,0.0,1.0,0.0
31066,NANUQUE,MG,Sudeste,2023,1,0,0,1,1,1,0,0,0,1,0,0,0.0,0.0,0.0,1.0,0.0,0.0,1.0,0.0
31066,NANUQUE,MG,Sudeste,2024,0,0,0,0,0,0,0,0,0,0,0,0,,,,,,,,
31066,NANUQUE,MG,Sudeste,2025,1,0,1,1,1,1,0,0,0,1,0,0,0.0,0.0,0.0,1.0,0.0,0.0,1.0,0.0
31067,PADRE PARAISO,MG,Sudeste,2007,0,0,0,0,0,0,0,0,0,0,0,0,,,,,,,,
31067,PADRE PARAISO,MG,Sudeste,2008,0,0,0,0,0,0,0,0,0,0,0,0,,,,,,,,
31067,PADRE PARAISO,MG,Sudeste,2009,0,0,0,0,0,0,0,0,0,0,0,0,,,,,,,,
31067,PADRE PARAISO,MG,Sudeste,2010,0,0,0,0,0,0,0,0,0,0,0,0,,,,,,,,
31067,PADRE PARAISO,MG,Sudeste,2011,0,0,0,0,0,0,0,0,0,0,0,0,,,,,,,,
31067,PADRE PARAISO,MG,Sudeste,2012,0,0,0,0,0,0,0,0,0,0,0,0,,,,,,,,
31067,PADRE PARAISO,MG,Sudeste,2013,0,0,0,0,0,0,0,0,0,0,0,0,,,,,,,,
31067,PADRE PARAISO,MG,Sudeste,2014,0,0,0,0,0,0,0,0,0,0,0,0,,,,,,,,
31067,PADRE PARAISO,MG,Sudeste,2015,0,0,0,0,0,0,0,0,0,0,0,0,,,,,,,,
31067,PADRE PARAISO,MG,Sudeste,2016,1,0,1,1,1,1,0,0,0,0,1,0,0.0,0.0,0.0,0.0,1.0,0.0,1.0,1.0
31067,PADRE PARAISO,MG,Sudeste,2017,1,1,1,1,1,1,0,0,1,0,0,0,0.0,0.0,1.0,0.0,0.0,0.0,1.0,0.0
31067,PADRE PARAISO,MG,Sudeste,2018,1,0,1,1,1,1,0,1,0,0,0,0,0.0,1.0,0.0,0.0,0.0,0.0,1.0,0.0
31067,PADRE PARAISO,MG,Sudeste,2019,1,0,1,1,1,1,0,0,0,1,0,0,0.0,0.0,0.0,1.0,0.0,0.0,1.0,0.0
31067,PADRE PARAISO,MG,Sudeste,2020,0,0,0,0,0,0,0,0,0,0,0,0,,,,,,,,
31067,PADRE PARAISO,MG,Sudeste,2021,0,0,0,0,0,0,0,0,0,0,0,0,,,,,,,,
31067,PADRE PARAISO,MG,Sudeste,2022,0,0,0,0,0,0,0,0,0,0,0,0,,,,,,,,
31067,PADRE PARAISO,MG,Sudeste,2023,0,0,0,0,0,0,0,0,0,0,0,0,,,,,,,,
31067,PADRE PARAISO,MG,Sudeste,2024,0,0,0,0,0,0,0,0,0,0,0,0,,,,,,,,
31067,PADRE PARAISO,MG,Sudeste,2025,0,0,0,0,0,0,0,0,0,0,0,0,,,,,,,,
31068,PEDRA AZUL,MG,Sudeste,2007,0,0,0,0,0,0,0,0,0,0,0,0,,,,,,,,
31068,PEDRA AZUL,MG,Sudeste,2008,0,0,0,0,0,0,0,0,0,0,0,0,,,,,,,,
31068,PEDRA AZUL,MG,Sudeste,2009,0,0,0,0,0,0,0,0,0,0,0,0,,,,,,,,
31068,PEDRA AZUL,MG,Sudeste,2010,0,0,0,0,0,0,0,0,0,0,0,0,,,,,,,,
31068,PEDRA AZUL,MG,Sudeste,2011,0,0,0,0,0,0,0,0,0,0,0,0,,,,,,,,
31068,PEDRA AZUL,MG,Sudeste,2012,0,0,0,0,0,0,0,0,0,0,0,0,,,,,,,,
31068,PEDRA AZUL,MG,Sudeste,2013,0,0,0,0,0,0,0,0,0,0,0,0,,,,,,,,
31068,PEDRA AZUL,MG,Sudeste,2014,0,0,0,0,0,0,0,0,0,0,0,0,,,,,,,,
31068,PEDRA AZUL,MG,Sudeste,2015,0,0,0,0,0,0,0,0,0,0,0,0,,,,,,,,
31068,PEDRA AZUL,MG,Sudeste,2016,0,0,0,0,0,0,0,0,0,0,0,0,,,,,,,,
31068,PEDRA AZUL,MG,Sudeste,2017,0,0,0,0,0,0,0,0,0,0,0,0,,,,,,,,
31068,PEDRA AZUL,MG,Sudeste,2018,1,0,1,1,1,1,0,0,1,0,0,0,0.0,0.0,1.0,0.0,0.0,0.0,1.0,0.0
31068,PEDRA AZUL,MG,Sudeste,2019,0,0,0,0,0,0,0,0,0,0,0,0,,,,,,,,
31068,PEDRA AZUL,MG,Sudeste,2020,0,0,0,0,0,0,0,0,0,0,0,0,,,,,,,,
31068,PEDRA AZUL,MG,Sudeste,2021,0,0,0,0,0,0,0,0,0,0,0,0,,,,,,,,
31068,PEDRA AZUL,MG,Sudeste,2022,0,0,0,0,0,0,0,0,0,0,0,0,,,,,,,,
31068,PEDRA AZUL,MG,Sudeste,2023,0,0,0,0,0,0,0,0,0,0,0,0,,,,,,,,
31068,PEDRA AZUL,MG,Sudeste,2024,0,0,0,0,0,0,0,0,0,0,0,0,,,,,,,,
31068,PEDRA AZUL,MG,Sudeste,2025,0,0,0,0,0,0,0,0,0,0,0,0,,,,,,,,
31070,ARAXA,MG,Sudeste,2007,0,0,0,0,0,0,0,0,0,0,0,0,,,,,,,,
31070,ARAXA,MG,Sudeste,2008,0,0,0,0,0,0,0,0,0,0,0,0,,,,,,,,
31070,ARAXA,MG,Sudeste,2009,0,0,0,0,0,0,0,0,0,0,0,0,,,,,,,,
31070,ARAXA,MG,Sudeste,2010,0,0,0,0,0,0,0,0,0,0,0,0,,,,,,,,
31070,ARAXA,MG,Sudeste,2011,0,0,0,0,0,0,0,0,0,0,0,0,,,,,,,,
31070,ARAXA,MG,Sudeste,2012,3,0,3,3,3,3,0,1,0,2,0,0,0.0,0.3333333333333333,0.0,0.6666666666666666,0.0,0.0,1.0,0.0
31070,ARAXA,MG,Sudeste,2013,3,1,2,3,3,2,0,1,1,1,0,0,0.0,0.3333333333333333,0.3333333333333333,0.3333333333333333,0.0,0.0,0.6666666666666666,0.0
31070,ARAXA,MG,Sudeste,2014,2,0,2,2,2,2,0,1,0,1,0,0,0.0,0.5,0.0,0.5,0.0,0.0,1.0,0.0
31070,ARAXA,MG,Sudeste,2015,1,0,1,1,1,1,0,0,0,1,0,0,0.0,0.0,0.0,1.0,0.0,0.0,1.0,0.0
31070,ARAXA,MG,Sudeste,2016,2,0,2,2,2,2,0,0,0,1,0,1,0.0,0.0,0.0,0.5,0.0,0.5,1.0,0.5
31070,ARAXA,MG,Sudeste,2017,0,0,0,0,0,0,0,0,0,0,0,0,,,,,,,,
31070,ARAXA,MG,Sudeste,2018,0,0,0,0,0,0,0,0,0,0,0,0,,,,,,,,
31070,ARAXA,MG,Sudeste,2019,2,1,2,2,2,2,0,0,0,0,1,1,0.0,0.0,0.0,0.0,0.5,0.5,1.0,1.0
31070,ARAXA,MG,Sudeste,2020,3,1,3,3,3,3,0,2,0,1,0,0,0.0,0.6666666666666666,0.0,0.3333333333333333,0.0,0.0,1.0,0.0
31070,ARAXA,MG,Sudeste,2021,2,0,1,2,2,2,0,0,1,0,1,0,0.0,0.0,0.5,0.0,0.5,0.0,1.0,0.5
31070,ARAXA,MG,Sudeste,2022,4,0,3,4,4,3,0,1,1,2,0,0,0.0,0.25,0.25,0.5,0.0,0.0,0.75,0.0
31070,ARAXA,MG,Sudeste,2023,2,0,2,2,2,2,0,0,1,1,0,0,0.0,0.0,0.5,0.5,0.0,0.0,1.0,0.0
31070,ARAXA,MG,Sudeste,2024,3,0,3,3,3,2,0,0,3,0,0,0,0.0,0.0,1.0,0.0,0.0,0.0,0.6666666666666666,0.0
31070,ARAXA,MG,Sudeste,2025,0,0,0,0,0,0,0,0,0,0,0,0,,,,,,,,
31071,FRUTAL / ITURAMA,MG,Sudeste,2007,0,0,0,0,0,0,0,0,0,0,0,0,,,,,,,,
31071,FRUTAL / ITURAMA,MG,Sudeste,2008,0,0,0,0,0,0,0,0,0,0,0,0,,,,,,,,
31071,FRUTAL / ITURAMA,MG,Sudeste,2009,2,0,2,2,2,2,0,0,1,1,0,0,0.0,0.0,0.5,0.5,0.0,0.0,1.0,0.0
31071,FRUTAL / ITURAMA,MG,Sudeste,2010,0,0,0,0,0,0,0,0,0,0,0,0,,,,,,,,
31071,FRUTAL / ITURAMA,MG,Sudeste,2011,0,0,0,0,0,0,0,0,0,0,0,0,,,,,,,,
31071,FRUTAL / ITURAMA,MG,Sudeste,2012,2,1,1,2,2,2,0,0,1,0,1,0,0.0,0.0,0.5,0.0,0.5,0.0,1.0,0.5
31071,FRUTAL / ITURAMA,MG,Sudeste,2013,0,0,0,0,0,0,0,0,0,0,0,0,,,,,,,,
31071,FRUTAL / ITURAMA,MG,Sudeste,2014,0,0,0,0,0,0,0,0,0,0,0,0,,,,,,,,
31071,FRUTAL / ITURAMA,MG,Sudeste,2015,0,0,0,0,0,0,0,0,0,0,0,0,,,,,,,,
31071,FRUTAL / ITURAMA,MG,Sudeste,2016,0,0,0,0,0,0,0,0,0,0,0,0,,,,,,,,
31071,FRUTAL / ITURAMA,MG,Sudeste,2017,1,0,1,1,1,1,0,1,0,0,0,0,0.0,1.0,0.0,0.0,0.0,0.0,1.0,0.0
31071,FRUTAL / ITURAMA,MG,Sudeste,2018,0,0,0,0,0,0,0,0,0,0,0,0,,,,,,,,
31071,FRUTAL / ITURAMA,MG,Sudeste,2019,2,0,2,2,2,2,0,0,1,1,0,0,0.0,0.0,0.5,0.5,0.0,0.0,1.0,0.0
31071,FRUTAL / ITURAMA,MG,Sudeste,2020,2,0,2,2,2,1,0,0,1,1,0,0,0.0,0.0,0.5,0.5,0.0,0.0,0.5,0.0
31071,FRUTAL / ITURAMA,MG,Sudeste,2021,1,0,1,1,1,1,0,0,0,1,0,0,0.0,0.0,0.0,1.0,0.0,0.0,1.0,0.0
31071,FRUTAL / ITURAMA,MG,Sudeste,2022,1,0,1,1,1,1,0,0,1,0,0,0,0.0,0.0,1.0,0.0,0.0,0.0,1.0,0.0
31071,FRUTAL / ITURAMA,MG,Sudeste,2023,3,0,3,3,3,2,0,0,2,0,1,0,0.0,0.0,0.6666666666666666,0.0,0.3333333333333333,0.0,0.6666666666666666,0.3333333333333333
31071,FRUTAL / ITURAMA,MG,Sudeste,2024,0,0,0,0,0,0,0,0,0,0,0,0,,,,,,,,
31071,FRUTAL / ITURAMA,MG,Sudeste,2025,3,0,3,3,3,3,0,0,1,1,1,0,0.0,0.0,0.3333333333333333,0.3333333333333333,0.3333333333333333,0.0,1.0,0.3333333333333333
31072,UBERABA,MG,Sudeste,2007,1,0,1,1,1,1,0,0,0,1,0,0,0.0,0.0,0.0,1.0,0.0,0.0,1.0,0.0
31072,UBERABA,MG,Sudeste,2008,1,0,1,1,1,0,0,0,0,1,0,0,0.0,0.0,0.0,1.0,0.0,0.0,0.0,0.0
31072,UBERABA,MG,Sudeste,2009,0,0,0,0,0,0,0,0,0,0,0,0,,,,,,,,
31072,UBERABA,MG,Sudeste,2010,3,0,3,3,3,3,0,2,1,0,0,0,0.0,0.6666666666666666,0.3333333333333333,0.0,0.0,0.0,1.0,0.0
31072,UBERABA,MG,Sudeste,2011,1,1,1,1,1,1,0,0,1,0,0,0,0.0,0.0,1.0,0.0,0.0,0.0,1.0,0.0
31072,UBERABA,MG,Sudeste,2012,1,0,1,1,1,1,0,0,0,1,0,0,0.0,0.0,0.0,1.0,0.0,0.0,1.0,0.0
31072,UBERABA,MG,Sudeste,2013,3,2,3,3,3,0,0,0,1,1,0,1,0.0,0.0,0.3333333333333333,0.3333333333333333,0.0,0.3333333333333333,0.0,0.3333333333333333
31072,UBERABA,MG,Sudeste,2014,0,0,0,0,0,0,0,0,0,0,0,0,,,,,,,,
31072,UBERABA,MG,Sudeste,2015,2,1,2,2,2,1,0,0,1,0,0,1,0.0,0.0,0.5,0.0,0.0,0.5,0.5,0.5
31072,UBERABA,MG,Sudeste,2016,1,1,1,1,1,1,0,0,0,0,1,0,0.0,0.0,0.0,0.0,1.0,0.0,1.0,1.0
31072,UBERABA,MG,Sudeste,2017,2,0,2,2,2,2,0,2,0,0,0,0,0.0,1.0,0.0,0.0,0.0,0.0,1.0,0.0
31072,UBERABA,MG,Sudeste,2018,3,0,3,3,3,3,0,0,1,1,1,0,0.0,0.0,0.3333333333333333,0.3333333333333333,0.3333333333333333,0.0,1.0,0.3333333333333333
31072,UBERABA,MG,Sudeste,2019,0,0,0,0,0,0,0,0,0,0,0,0,,,,,,,,
31072,UBERABA,MG,Sudeste,2020,3,0,3,3,3,2,0,1,1,1,0,0,0.0,0.3333333333333333,0.3333333333333333,0.3333333333333333,0.0,0.0,0.6666666666666666,0.0
31072,UBERABA,MG,Sudeste,2021,3,0,2,3,3,3,0,1,0,2,0,0,0.0,0.3333333333333333,0.0,0.6666666666666666,0.0,0.0,1.0,0.0
31072,UBERABA,MG,Sudeste,2022,0,0,0,0,0,0,0,0,0,0,0,0,,,,,,,,
31072,UBERABA,MG,Sudeste,2023,4,0,4,4,4,1,0,1,1,1,1,0,0.0,0.25,0.25,0.25,0.25,0.0,0.25,0.25
31072,UBERABA,MG,Sudeste,2024,1,0,1,1,1,1,0,0,0,1,0,0,0.0,0.0,0.0,1.0,0.0,0.0,1.0,0.0
31072,UBERABA,MG,Sudeste,2025,0,0,0,0,0,0,0,0,0,0,0,0,,,,,,,,
31073,ITUIUTABA,MG,Sudeste,2007,0,0,0,0,0,0,0,0,0,0,0,0,,,,,,,,
31073,ITUIUTABA,MG,Sudeste,2008,0,0,0,0,0,0,0,0,0,0,0,0,,,,,,,,
31073,ITUIUTABA,MG,Sudeste,2009,0,0,0,0,0,0,0,0,0,0,0,0,,,,,,,,
31073,ITUIUTABA,MG,Sudeste,2010,0,0,0,0,0,0,0,0,0,0,0,0,,,,,,,,
31073,ITUIUTABA,MG,Sudeste,2011,0,0,0,0,0,0,0,0,0,0,0,0,,,,,,,,
31073,ITUIUTABA,MG,Sudeste,2012,0,0,0,0,0,0,0,0,0,0,0,0,,,,,,,,
31073,ITUIUTABA,MG,Sudeste,2013,0,0,0,0,0,0,0,0,0,0,0,0,,,,,,,,
31073,ITUIUTABA,MG,Sudeste,2014,0,0,0,0,0,0,0,0,0,0,0,0,,,,,,,,
31073,ITUIUTABA,MG,Sudeste,2015,0,0,0,0,0,0,0,0,0,0,0,0,,,,,,,,
31073,ITUIUTABA,MG,Sudeste,2016,0,0,0,0,0,0,0,0,0,0,0,0,,,,,,,,
31073,ITUIUTABA,MG,Sudeste,2017,0,0,0,0,0,0,0,0,0,0,0,0,,,,,,,,
31073,ITUIUTABA,MG,Sudeste,2018,1,1,1,1,1,0,1,0,0,0,0,0,1.0,0.0,0.0,0.0,0.0,0.0,0.0,0.0
31073,ITUIUTABA,MG,Sudeste,2019,1,0,1,1,1,1,0,0,0,1,0,0,0.0,0.0,0.0,1.0,0.0,0.0,1.0,0.0
31073,ITUIUTABA,MG,Sudeste,2020,1,1,1,1,1,1,0,0,0,1,0,0,0.0,0.0,0.0,1.0,0.0,0.0,1.0,0.0
31073,ITUIUTABA,MG,Sudeste,2021,0,0,0,0,0,0,0,0,0,0,0,0,,,,,,,,
31073,ITUIUTABA,MG,Sudeste,2022,1,0,1,1,1,1,0,1,0,0,0,0,0.0,1.0,0.0,0.0,0.0,0.0,1.0,0.0
31073,ITUIUTABA,MG,Sudeste,2023,2,0,2,2,2,1,0,0,0,2,0,0,0.0,0.0,0.0,1.0,0.0,0.0,0.5,0.0
31073,ITUIUTABA,MG,Sudeste,2024,0,0,0,0,0,0,0,0,0,0,0,0,,,,,,,,
31073,ITUIUTABA,MG,Sudeste,2025,1,0,1,1,1,1,0,0,0,1,0,0,0.0,0.0,0.0,1.0,0.0,0.0,1.0,0.0
31074,PATROCINIO/MONTE CARMELO,MG,Sudeste,2007,0,0,0,0,0,0,0,0,0,0,0,0,,,,,,,,
31074,PATROCINIO/MONTE CARMELO,MG,Sudeste,2008,1,0,1,1,1,1,0,0,1,0,0,0,0.0,0.0,1.0,0.0,0.0,0.0,1.0,0.0
31074,PATROCINIO/MONTE CARMELO,MG,Sudeste,2009,2,0,2,2,2,2,0,0,2,0,0,0,0.0,0.0,1.0,0.0,0.0,0.0,1.0,0.0
31074,PATROCINIO/MONTE CARMELO,MG,Sudeste,2010,1,0,1,1,1,1,0,0,0,1,0,0,0.0,0.0,0.0,1.0,0.0,0.0,1.0,0.0
31074,PATROCINIO/MONTE CARMELO,MG,Sudeste,2011,0,0,0,0,0,0,0,0,0,0,0,0,,,,,,,,
31074,PATROCINIO/MONTE CARMELO,MG,Sudeste,2012,0,0,0,0,0,0,0,0,0,0,0,0,,,,,,,,
31074,PATROCINIO/MONTE CARMELO,MG,Sudeste,2013,0,0,0,0,0,0,0,0,0,0,0,0,,,,,,,,
31074,PATROCINIO/MONTE CARMELO,MG,Sudeste,2014,4,1,4,4,4,4,0,3,1,0,0,0,0.0,0.75,0.25,0.0,0.0,0.0,1.0,0.0
31074,PATROCINIO/MONTE CARMELO,MG,Sudeste,2015,3,1,3,3,3,2,0,0,0,3,0,0,0.0,0.0,0.0,1.0,0.0,0.0,0.6666666666666666,0.0
31074,PATROCINIO/MONTE CARMELO,MG,Sudeste,2016,1,0,1,1,1,1,0,0,0,1,0,0,0.0,0.0,0.0,1.0,0.0,0.0,1.0,0.0
31074,PATROCINIO/MONTE CARMELO,MG,Sudeste,2017,2,0,1,2,2,2,0,0,1,1,0,0,0.0,0.0,0.5,0.5,0.0,0.0,1.0,0.0
31074,PATROCINIO/MONTE CARMELO,MG,Sudeste,2018,2,0,2,2,2,2,0,0,0,2,0,0,0.0,0.0,0.0,1.0,0.0,0.0,1.0,0.0
31074,PATROCINIO/MONTE CARMELO,MG,Sudeste,2019,0,0,0,0,0,0,0,0,0,0,0,0,,,,,,,,
31074,PATROCINIO/MONTE CARMELO,MG,Sudeste,2020,1,0,1,1,1,1,0,0,0,1,0,0,0.0,0.0,0.0,1.0,0.0,0.0,1.0,0.0
31074,PATROCINIO/MONTE CARMELO,MG,Sudeste,2021,6,0,4,6,6,5,0,2,2,1,1,0,0.0,0.3333333333333333,0.3333333333333333,0.16666666666666666,0.16666666666666666,0.0,0.8333333333333334,0.16666666666666666
31074,PATROCINIO/MONTE CARMELO,MG,Sudeste,2022,3,0,3,3,3,2,0,0,1,1,0,1,0.0,0.0,0.3333333333333333,0.3333333333333333,0.0,0.3333333333333333,0.6666666666666666,0.3333333333333333
31074,PATROCINIO/MONTE CARMELO,MG,Sudeste,2023,1,0,1,1,1,1,0,0,1,0,0,0,0.0,0.0,1.0,0.0,0.0,0.0,1.0,0.0
31074,PATROCINIO/MONTE CARMELO,MG,Sudeste,2024,5,2,4,5,5,4,0,1,2,1,0,1,0.0,0.2,0.4,0.2,0.0,0.2,0.8,0.2
31074,PATROCINIO/MONTE CARMELO,MG,Sudeste,2025,2,0,2,2,2,2,0,1,1,0,0,0,0.0,0.5,0.5,0.0,0.0,0.0,1.0,0.0
31075,UBERLANDIA/ARAGUARI,MG,Sudeste,2007,0,0,0,0,0,0,0,0,0,0,0,0,,,,,,,,
31075,UBERLANDIA/ARAGUARI,MG,Sudeste,2008,2,0,2,2,2,2,0,0,1,0,0,1,0.0,0.0,0.5,0.0,0.0,0.5,1.0,0.5
31075,UBERLANDIA/ARAGUARI,MG,Sudeste,2009,0,0,0,0,0,0,0,0,0,0,0,0,,,,,,,,
31075,UBERLANDIA/ARAGUARI,MG,Sudeste,2010,3,0,3,3,3,2,0,0,0,2,0,1,0.0,0.0,0.0,0.6666666666666666,0.0,0.3333333333333333,0.6666666666666666,0.3333333333333333
31075,UBERLANDIA/ARAGUARI,MG,Sudeste,2011,0,0,0,0,0,0,0,0,0,0,0,0,,,,,,,,
31075,UBERLANDIA/ARAGUARI,MG,Sudeste,2012,2,0,2,2,2,2,0,1,1,0,0,0,0.0,0.5,0.5,0.0,0.0,0.0,1.0,0.0
31075,UBERLANDIA/ARAGUARI,MG,Sudeste,2013,7,0,6,7,7,4,2,1,1,2,0,1,0.2857142857142857,0.14285714285714285,0.14285714285714285,0.2857142857142857,0.0,0.14285714285714285,0.5714285714285714,0.14285714285714285
31075,UBERLANDIA/ARAGUARI,MG,Sudeste,2014,3,2,3,3,3,3,0,1,0,1,1,0,0.0,0.3333333333333333,0.0,0.3333333333333333,0.3333333333333333,0.0,1.0,0.3333333333333333
31075,UBERLANDIA/ARAGUARI,MG,Sudeste,2015,5,0,4,5,5,4,0,0,2,2,0,1,0.0,0.0,0.4,0.4,0.0,0.2,0.8,0.2
31075,UBERLANDIA/ARAGUARI,MG,Sudeste,2016,3,0,3,3,3,2,0,0,2,0,1,0,0.0,0.0,0.6666666666666666,0.0,0.3333333333333333,0.0,0.6666666666666666,0.3333333333333333
31075,UBERLANDIA/ARAGUARI,MG,Sudeste,2017,2,0,2,2,2,1,0,0,0,2,0,0,0.0,0.0,0.0,1.0,0.0,0.0,0.5,0.0
31075,UBERLANDIA/ARAGUARI,MG,Sudeste,2018,3,1,3,3,3,1,1,1,0,1,0,0,0.3333333333333333,0.3333333333333333,0.0,0.3333333333333333,0.0,0.0,0.3333333333333333,0.0
31075,UBERLANDIA/ARAGUARI,MG,Sudeste,2019,2,0,2,2,2,2,0,0,0,1,1,0,0.0,0.0,0.0,0.5,0.5,0.0,1.0,0.5
31075,UBERLANDIA/ARAGUARI,MG,Sudeste,2020,2,0,2,2,2,1,0,1,1,0,0,0,0.0,0.5,0.5,0.0,0.0,0.0,0.5,0.0
31075,UBERLANDIA/ARAGUARI,MG,Sudeste,2021,2,1,2,2,2,1,0,1,1,0,0,0,0.0,0.5,0.5,0.0,0.0,0.0,0.5,0.0
31075,UBERLANDIA/ARAGUARI,MG,Sudeste,2022,6,0,6,6,6,5,0,1,0,4,1,0,0.0,0.16666666666666666,0.0,0.6666666666666666,0.16666666666666666,0.0,0.8333333333333334,0.16666666666666666
31075,UBERLANDIA/ARAGUARI,MG,Sudeste,2023,4,1,4,4,4,1,0,1,2,0,1,0,0.0,0.25,0.5,0.0,0.25,0.0,0.25,0.25
31075,UBERLANDIA/ARAGUARI,MG,Sudeste,2024,9,1,9,9,9,6,0,3,3,2,1,0,0.0,0.3333333333333333,0.3333333333333333,0.2222222222222222,0.1111111111111111,0.0,0.6666666666666666,0.1111111111111111
31075,UBERLANDIA/ARAGUARI,MG,Sudeste,2025,7,1,7,7,7,6,0,2,2,1,1,1,0.0,0.2857142857142857,0.2857142857142857,0.14285714285714285,0.14285714285714285,0.14285714285714285,0.8571428571428571,0.2857142857142857
31076,MANGA,MG,Sudeste,2007,0,0,0,0,0,0,0,0,0,0,0,0,,,,,,,,
31076,MANGA,MG,Sudeste,2008,0,0,0,0,0,0,0,0,0,0,0,0,,,,,,,,
31076,MANGA,MG,Sudeste,2009,0,0,0,0,0,0,0,0,0,0,0,0,,,,,,,,
31076,MANGA,MG,Sudeste,2010,1,0,1,1,1,1,1,0,0,0,0,0,1.0,0.0,0.0,0.0,0.0,0.0,1.0,0.0
31076,MANGA,MG,Sudeste,2011,0,0,0,0,0,0,0,0,0,0,0,0,,,,,,,,
31076,MANGA,MG,Sudeste,2012,0,0,0,0,0,0,0,0,0,0,0,0,,,,,,,,
31076,MANGA,MG,Sudeste,2013,1,0,1,1,1,0,1,0,0,0,0,0,1.0,0.0,0.0,0.0,0.0,0.0,0.0,0.0
31076,MANGA,MG,Sudeste,2014,0,0,0,0,0,0,0,0,0,0,0,0,,,,,,,,
31076,MANGA,MG,Sudeste,2015,0,0,0,0,0,0,0,0,0,0,0,0,,,,,,,,
31076,MANGA,MG,Sudeste,2016,0,0,0,0,0,0,0,0,0,0,0,0,,,,,,,,
31076,MANGA,MG,Sudeste,2017,0,0,0,0,0,0,0,0,0,0,0,0,,,,,,,,
31076,MANGA,MG,Sudeste,2018,0,0,0,0,0,0,0,0,0,0,0,0,,,,,,,,
31076,MANGA,MG,Sudeste,2019,1,0,1,1,1,1,0,1,0,0,0,0,0.0,1.0,0.0,0.0,0.0,0.0,1.0,0.0
31076,MANGA,MG,Sudeste,2020,0,0,0,0,0,0,0,0,0,0,0,0,,,,,,,,
31076,MANGA,MG,Sudeste,2021,0,0,0,0,0,0,0,0,0,0,0,0,,,,,,,,
31076,MANGA,MG,Sudeste,2022,0,0,0,0,0,0,0,0,0,0,0,0,,,,,,,,
31076,MANGA,MG,Sudeste,2023,0,0,0,0,0,0,0,0,0,0,0,0,,,,,,,,
31076,MANGA,MG,Sudeste,2024,0,0,0,0,0,0,0,0,0,0,0,0,,,,,,,,
31076,MANGA,MG,Sudeste,2025,0,0,0,0,0,0,0,0,0,0,0,0,,,,,,,,
31077,JOAO PINHEIRO,MG,Sudeste,2007,0,0,0,0,0,0,0,0,0,0,0,0,,,,,,,,
31077,JOAO PINHEIRO,MG,Sudeste,2008,0,0,0,0,0,0,0,0,0,0,0,0,,,,,,,,
31077,JOAO PINHEIRO,MG,Sudeste,2009,0,0,0,0,0,0,0,0,0,0,0,0,,,,,,,,
31077,JOAO PINHEIRO,MG,Sudeste,2010,0,0,0,0,0,0,0,0,0,0,0,0,,,,,,,,
31077,JOAO PINHEIRO,MG,Sudeste,2011,0,0,0,0,0,0,0,0,0,0,0,0,,,,,,,,
31077,JOAO PINHEIRO,MG,Sudeste,2012,0,0,0,0,0,0,0,0,0,0,0,0,,,,,,,,
31077,JOAO PINHEIRO,MG,Sudeste,2013,0,0,0,0,0,0,0,0,0,0,0,0,,,,,,,,
31077,JOAO PINHEIRO,MG,Sudeste,2014,0,0,0,0,0,0,0,0,0,0,0,0,,,,,,,,
31077,JOAO PINHEIRO,MG,Sudeste,2015,0,0,0,0,0,0,0,0,0,0,0,0,,,,,,,,
31077,JOAO PINHEIRO,MG,Sudeste,2016,1,0,1,1,1,1,0,1,0,0,0,0,0.0,1.0,0.0,0.0,0.0,0.0,1.0,0.0
31077,JOAO PINHEIRO,MG,Sudeste,2017,0,0,0,0,0,0,0,0,0,0,0,0,,,,,,,,
31077,JOAO PINHEIRO,MG,Sudeste,2018,0,0,0,0,0,0,0,0,0,0,0,0,,,,,,,,
31077,JOAO PINHEIRO,MG,Sudeste,2019,0,0,0,0,0,0,0,0,0,0,0,0,,,,,,,,
31077,JOAO PINHEIRO,MG,Sudeste,2020,1,0,1,1,1,1,0,1,0,0,0,0,0.0,1.0,0.0,0.0,0.0,0.0,1.0,0.0
31077,JOAO PINHEIRO,MG,Sudeste,2021,0,0,0,0,0,0,0,0,0,0,0,0,,,,,,,,
31077,JOAO PINHEIRO,MG,Sudeste,2022,0,0,0,0,0,0,0,0,0,0,0,0,,,,,,,,
31077,JOAO PINHEIRO,MG,Sudeste,2023,0,0,0,0,0,0,0,0,0,0,0,0,,,,,,,,
31077,JOAO PINHEIRO,MG,Sudeste,2024,0,0,0,0,0,0,0,0,0,0,0,0,,,,,,,,
31077,JOAO PINHEIRO,MG,Sudeste,2025,0,0,0,0,0,0,0,0,0,0,0,0,,,,,,,,
31078,CONGONHAS,MG,Sudeste,2007,1,0,1,1,1,1,0,0,1,0,0,0,0.0,0.0,1.0,0.0,0.0,0.0,1.0,0.0
31078,CONGONHAS,MG,Sudeste,2008,0,0,0,0,0,0,0,0,0,0,0,0,,,,,,,,
31078,CONGONHAS,MG,Sudeste,2009,0,0,0,0,0,0,0,0,0,0,0,0,,,,,,,,
31078,CONGONHAS,MG,Sudeste,2010,0,0,0,0,0,0,0,0,0,0,0,0,,,,,,,,
31078,CONGONHAS,MG,Sudeste,2011,1,0,1,1,1,1,0,0,0,1,0,0,0.0,0.0,0.0,1.0,0.0,0.0,1.0,0.0
31078,CONGONHAS,MG,Sudeste,2012,2,0,2,2,2,2,0,1,1,0,0,0,0.0,0.5,0.5,0.0,0.0,0.0,1.0,0.0
31078,CONGONHAS,MG,Sudeste,2013,4,0,4,4,4,3,0,0,2,2,0,0,0.0,0.0,0.5,0.5,0.0,0.0,0.75,0.0
31078,CONGONHAS,MG,Sudeste,2014,0,0,0,0,0,0,0,0,0,0,0,0,,,,,,,,
31078,CONGONHAS,MG,Sudeste,2015,2,0,2,2,2,2,0,0,2,0,0,0,0.0,0.0,1.0,0.0,0.0,0.0,1.0,0.0
31078,CONGONHAS,MG,Sudeste,2016,1,0,1,1,1,1,0,1,0,0,0,0,0.0,1.0,0.0,0.0,0.0,0.0,1.0,0.0
31078,CONGONHAS,MG,Sudeste,2017,2,0,2,2,2,2,0,0,1,1,0,0,0.0,0.0,0.5,0.5,0.0,0.0,1.0,0.0
31078,CONGONHAS,MG,Sudeste,2018,2,0,2,2,2,2,0,1,1,0,0,0,0.0,0.5,0.5,0.0,0.0,0.0,1.0,0.0
31078,CONGONHAS,MG,Sudeste,2019,0,0,0,0,0,0,0,0,0,0,0,0,,,,,,,,
31078,CONGONHAS,MG,Sudeste,2020,0,0,0,0,0,0,0,0,0,0,0,0,,,,,,,,
31078,CONGONHAS,MG,Sudeste,2021,1,0,1,1,1,1,0,0,0,1,0,0,0.0,0.0,0.0,1.0,0.0,0.0,1.0,0.0
31078,CONGONHAS,MG,Sudeste,2022,7,0,7,7,7,7,0,2,1,3,0,1,0.0,0.2857142857142857,0.14285714285714285,0.42857142857142855,0.0,0.14285714285714285,1.0,0.14285714285714285
31078,CONGONHAS,MG,Sudeste,2023,5,0,5,5,5,3,0,0,1,2,1,1,0.0,0.0,0.2,0.4,0.2,0.2,0.6,0.4
31078,CONGONHAS,MG,Sudeste,2024,2,0,2,2,2,2,0,0,2,0,0,0,0.0,0.0,1.0,0.0,0.0,0.0,1.0,0.0
31078,CONGONHAS,MG,Sudeste,2025,4,0,4,4,4,4,0,0,2,0,2,0,0.0,0.0,0.5,0.0,0.5,0.0,1.0,0.5
31079,CONSELHEIRO LAFAIETE,MG,Sudeste,2007,0,0,0,0,0,0,0,0,0,0,0,0,,,,,,,,
31079,CONSELHEIRO LAFAIETE,MG,Sudeste,2008,1,0,1,1,1,1,0,0,0,1,0,0,0.0,0.0,0.0,1.0,0.0,0.0,1.0,0.0
31079,CONSELHEIRO LAFAIETE,MG,Sudeste,2009,0,0,0,0,0,0,0,0,0,0,0,0,,,,,,,,
31079,CONSELHEIRO LAFAIETE,MG,Sudeste,2010,0,0,0,0,0,0,0,0,0,0,0,0,,,,,,,,
31079,CONSELHEIRO LAFAIETE,MG,Sudeste,2011,0,0,0,0,0,0,0,0,0,0,0,0,,,,,,,,
31079,CONSELHEIRO LAFAIETE,MG,Sudeste,2012,0,0,0,0,0,0,0,0,0,0,0,0,,,,,,,,
31079,CONSELHEIRO LAFAIETE,MG,Sudeste,2013,1,0,1,1,1,1,0,1,0,0,0,0,0.0,1.0,0.0,0.0,0.0,0.0,1.0,0.0
31079,CONSELHEIRO LAFAIETE,MG,Sudeste,2014,2,0,2,2,2,2,0,0,0,2,0,0,0.0,0.0,0.0,1.0,0.0,0.0,1.0,0.0
31079,CONSELHEIRO LAFAIETE,MG,Sudeste,2015,1,1,1,1,1,1,0,1,0,0,0,0,0.0,1.0,0.0,0.0,0.0,0.0,1.0,0.0
31079,CONSELHEIRO LAFAIETE,MG,Sudeste,2016,1,0,1,1,1,1,0,0,1,0,0,0,0.0,0.0,1.0,0.0,0.0,0.0,1.0,0.0
31079,CONSELHEIRO LAFAIETE,MG,Sudeste,2017,0,0,0,0,0,0,0,0,0,0,0,0,,,,,,,,
31079,CONSELHEIRO LAFAIETE,MG,Sudeste,2018,2,0,2,2,2,1,0,0,0,2,0,0,0.0,0.0,0.0,1.0,0.0,0.0,0.5,0.0
31079,CONSELHEIRO LAFAIETE,MG,Sudeste,2019,1,0,1,1,1,1,0,1,0,0,0,0,0.0,1.0,0.0,0.0,0.0,0.0,1.0,0.0
31079,CONSELHEIRO LAFAIETE,MG,Sudeste,2020,0,0,0,0,0,0,0,0,0,0,0,0,,,,,,,,
31079,CONSELHEIRO LAFAIETE,MG,Sudeste,2021,2,0,0,2,2,2,2,0,0,0,0,0,1.0,0.0,0.0,0.0,0.0,0.0,1.0,0.0
31079,CONSELHEIRO LAFAIETE,MG,Sudeste,2022,0,0,0,0,0,0,0,0,0,0,0,0,,,,,,,,
31079,CONSELHEIRO LAFAIETE,MG,Sudeste,2023,3,0,3,3,3,1,0,2,0,1,0,0,0.0,0.6666666666666666,0.0,0.3333333333333333,0.0,0.0,0.3333333333333333,0.0
31079,CONSELHEIRO LAFAIETE,MG,Sudeste,2024,1,0,1,1,1,0,0,0,1,0,0,0,0.0,0.0,1.0,0.0,0.0,0.0,0.0,0.0
31079,CONSELHEIRO LAFAIETE,MG,Sudeste,2025,6,0,5,6,6,3,1,1,2,1,1,0,0.16666666666666666,0.16666666666666666,0.3333333333333333,0.16666666666666666,0.16666666666666666,0.0,0.5,0.16666666666666666
31082,SAO GOTARDO,MG,Sudeste,2007,3,0,3,3,3,3,0,0,2,0,0,1,0.0,0.0,0.6666666666666666,0.0,0.0,0.3333333333333333,1.0,0.3333333333333333
31082,SAO GOTARDO,MG,Sudeste,2008,0,0,0,0,0,0,0,0,0,0,0,0,,,,,,,,
31082,SAO GOTARDO,MG,Sudeste,2009,0,0,0,0,0,0,0,0,0,0,0,0,,,,,,,,
31082,SAO GOTARDO,MG,Sudeste,2010,0,0,0,0,0,0,0,0,0,0,0,0,,,,,,,,
31082,SAO GOTARDO,MG,Sudeste,2011,0,0,0,0,0,0,0,0,0,0,0,0,,,,,,,,
31082,SAO GOTARDO,MG,Sudeste,2012,0,0,0,0,0,0,0,0,0,0,0,0,,,,,,,,
31082,SAO GOTARDO,MG,Sudeste,2013,0,0,0,0,0,0,0,0,0,0,0,0,,,,,,,,
31082,SAO GOTARDO,MG,Sudeste,2014,1,0,1,1,1,1,0,0,0,0,1,0,0.0,0.0,0.0,0.0,1.0,0.0,1.0,1.0
31082,SAO GOTARDO,MG,Sudeste,2015,1,0,1,1,1,1,0,0,1,0,0,0,0.0,0.0,1.0,0.0,0.0,0.0,1.0,0.0
31082,SAO GOTARDO,MG,Sudeste,2016,1,0,1,1,1,1,0,0,1,0,0,0,0.0,0.0,1.0,0.0,0.0,0.0,1.0,0.0
31082,SAO GOTARDO,MG,Sudeste,2017,1,0,1,1,1,1,0,0,0,1,0,0,0.0,0.0,0.0,1.0,0.0,0.0,1.0,0.0
31082,SAO GOTARDO,MG,Sudeste,2018,1,0,1,1,1,1,0,0,0,1,0,0,0.0,0.0,0.0,1.0,0.0,0.0,1.0,0.0
31082,SAO GOTARDO,MG,Sudeste,2019,1,0,1,1,1,1,0,0,0,1,0,0,0.0,0.0,0.0,1.0,0.0,0.0,1.0,0.0
31082,SAO GOTARDO,MG,Sudeste,2020,3,0,3,3,3,2,0,0,0,1,2,0,0.0,0.0,0.0,0.3333333333333333,0.6666666666666666,0.0,0.6666666666666666,0.6666666666666666
31082,SAO GOTARDO,MG,Sudeste,2021,0,0,0,0,0,0,0,0,0,0,0,0,,,,,,,,
31082,SAO GOTARDO,MG,Sudeste,2022,0,0,0,0,0,0,0,0,0,0,0,0,,,,,,,,
31082,SAO GOTARDO,MG,Sudeste,2023,3,0,3,3,3,3,0,0,0,2,1,0,0.0,0.0,0.0,0.6666666666666666,0.3333333333333333,0.0,1.0,0.3333333333333333
31082,SAO GOTARDO,MG,Sudeste,2024,0,0,0,0,0,0,0,0,0,0,0,0,,,,,,,,
31082,SAO GOTARDO,MG,Sudeste,2025,3,0,3,3,3,3,0,1,1,1,0,0,0.0,0.3333333333333333,0.3333333333333333,0.3333333333333333,0.0,0.0,1.0,0.0
31083,BOCAIUVA,MG,Sudeste,2007,0,0,0,0,0,0,0,0,0,0,0,0,,,,,,,,
31083,BOCAIUVA,MG,Sudeste,2008,0,0,0,0,0,0,0,0,0,0,0,0,,,,,,,,
31083,BOCAIUVA,MG,Sudeste,2009,1,0,1,1,1,1,0,0,1,0,0,0,0.0,0.0,1.0,0.0,0.0,0.0,1.0,0.0
31083,BOCAIUVA,MG,Sudeste,2010,0,0,0,0,0,0,0,0,0,0,0,0,,,,,,,,
31083,BOCAIUVA,MG,Sudeste,2011,1,0,1,1,1,1,0,0,0,1,0,0,0.0,0.0,0.0,1.0,0.0,0.0,1.0,0.0
31083,BOCAIUVA,MG,Sudeste,2012,0,0,0,0,0,0,0,0,0,0,0,0,,,,,,,,
31083,BOCAIUVA,MG,Sudeste,2013,0,0,0,0,0,0,0,0,0,0,0,0,,,,,,,,
31083,BOCAIUVA,MG,Sudeste,2014,0,0,0,0,0,0,0,0,0,0,0,0,,,,,,,,
31083,BOCAIUVA,MG,Sudeste,2015,0,0,0,0,0,0,0,0,0,0,0,0,,,,,,,,
31083,BOCAIUVA,MG,Sudeste,2016,0,0,0,0,0,0,0,0,0,0,0,0,,,,,,,,
31083,BOCAIUVA,MG,Sudeste,2017,0,0,0,0,0,0,0,0,0,0,0,0,,,,,,,,
31083,BOCAIUVA,MG,Sudeste,2018,0,0,0,0,0,0,0,0,0,0,0,0,,,,,,,,
31083,BOCAIUVA,MG,Sudeste,2019,0,0,0,0,0,0,0,0,0,0,0,0,,,,,,,,
31083,BOCAIUVA,MG,Sudeste,2020,0,0,0,0,0,0,0,0,0,0,0,0,,,,,,,,
31083,BOCAIUVA,MG,Sudeste,2021,0,0,0,0,0,0,0,0,0,0,0,0,,,,,,,,
31083,BOCAIUVA,MG,Sudeste,2022,0,0,0,0,0,0,0,0,0,0,0,0,,,,,,,,
31083,BOCAIUVA,MG,Sudeste,2023,0,0,0,0,0,0,0,0,0,0,0,0,,,,,,,,
31083,BOCAIUVA,MG,Sudeste,2024,0,0,0,0,0,0,0,0,0,0,0,0,,,,,,,,
31083,BOCAIUVA,MG,Sudeste,2025,0,0,0,0,0,0,0,0,0,0,0,0,,,,,,,,
31084,MONTES CLAROS,MG,Sudeste,2007,0,0,0,0,0,0,0,0,0,0,0,0,,,,,,,,
31084,MONTES CLAROS,MG,Sudeste,2008,1,0,1,1,1,1,0,1,0,0,0,0,0.0,1.0,0.0,0.0,0.0,0.0,1.0,0.0
31084,MONTES CLAROS,MG,Sudeste,2009,0,0,0,0,0,0,0,0,0,0,0,0,,,,,,,,
31084,MONTES CLAROS,MG,Sudeste,2010,0,0,0,0,0,0,0,0,0,0,0,0,,,,,,,,
31084,MONTES CLAROS,MG,Sudeste,2011,0,0,0,0,0,0,0,0,0,0,0,0,,,,,,,,
31084,MONTES CLAROS,MG,Sudeste,2012,2,1,2,2,2,2,0,0,0,1,1,0,0.0,0.0,0.0,0.5,0.5,0.0,1.0,0.5
31084,MONTES CLAROS,MG,Sudeste,2013,0,0,0,0,0,0,0,0,0,0,0,0,,,,,,,,
31084,MONTES CLAROS,MG,Sudeste,2014,0,0,0,0,0,0,0,0,0,0,0,0,,,,,,,,
31084,MONTES CLAROS,MG,Sudeste,2015,1,0,1,1,1,1,0,1,0,0,0,0,0.0,1.0,0.0,0.0,0.0,0.0,1.0,0.0
31084,MONTES CLAROS,MG,Sudeste,2016,0,0,0,0,0,0,0,0,0,0,0,0,,,,,,,,
31084,MONTES CLAROS,MG,Sudeste,2017,0,0,0,0,0,0,0,0,0,0,0,0,,,,,,,,
31084,MONTES CLAROS,MG,Sudeste,2018,1,0,1,1,1,1,0,0,0,1,0,0,0.0,0.0,0.0,1.0,0.0,0.0,1.0,0.0
31084,MONTES CLAROS,MG,Sudeste,2019,1,0,1,1,1,0,0,0,0,1,0,0,0.0,0.0,0.0,1.0,0.0,0.0,0.0,0.0
31084,MONTES CLAROS,MG,Sudeste,2020,0,0,0,0,0,0,0,0,0,0,0,0,,,,,,,,
31084,MONTES CLAROS,MG,Sudeste,2021,1,1,1,1,1,1,0,0,0,1,0,0,0.0,0.0,0.0,1.0,0.0,0.0,1.0,0.0
31084,MONTES CLAROS,MG,Sudeste,2022,0,0,0,0,0,0,0,0,0,0,0,0,,,,,,,,
31084,MONTES CLAROS,MG,Sudeste,2023,0,0,0,0,0,0,0,0,0,0,0,0,,,,,,,,
31084,MONTES CLAROS,MG,Sudeste,2024,0,0,0,0,0,0,0,0,0,0,0,0,,,,,,,,
31084,MONTES CLAROS,MG,Sudeste,2025,2,0,2,2,2,1,0,0,2,0,0,0,0.0,0.0,1.0,0.0,0.0,0.0,0.5,0.0
31086,DIVINOPOLIS,MG,Sudeste,2007,3,0,3,3,3,3,3,0,0,0,0,0,1.0,0.0,0.0,0.0,0.0,0.0,1.0,0.0
31086,DIVINOPOLIS,MG,Sudeste,2008,1,0,1,1,1,1,0,1,0,0,0,0,0.0,1.0,0.0,0.0,0.0,0.0,1.0,0.0
31086,DIVINOPOLIS,MG,Sudeste,2009,0,0,0,0,0,0,0,0,0,0,0,0,,,,,,,,
31086,DIVINOPOLIS,MG,Sudeste,2010,1,0,1,1,1,1,0,0,0,1,0,0,0.0,0.0,0.0,1.0,0.0,0.0,1.0,0.0
31086,DIVINOPOLIS,MG,Sudeste,2011,1,0,0,1,1,1,0,0,1,0,0,0,0.0,0.0,1.0,0.0,0.0,0.0,1.0,0.0
31086,DIVINOPOLIS,MG,Sudeste,2012,0,0,0,0,0,0,0,0,0,0,0,0,,,,,,,,
31086,DIVINOPOLIS,MG,Sudeste,2013,1,1,1,1,1,1,0,1,0,0,0,0,0.0,1.0,0.0,0.0,0.0,0.0,1.0,0.0
31086,DIVINOPOLIS,MG,Sudeste,2014,0,0,0,0,0,0,0,0,0,0,0,0,,,,,,,,
31086,DIVINOPOLIS,MG,Sudeste,2015,2,0,2,2,2,2,0,0,1,0,1,0,0.0,0.0,0.5,0.0,0.5,0.0,1.0,0.5
31086,DIVINOPOLIS,MG,Sudeste,2016,1,1,1,1,1,1,0,0,1,0,0,0,0.0,0.0,1.0,0.0,0.0,0.0,1.0,0.0
31086,DIVINOPOLIS,MG,Sudeste,2017,3,0,1,3,3,2,0,0,0,1,2,0,0.0,0.0,0.0,0.3333333333333333,0.6666666666666666,0.0,0.6666666666666666,0.6666666666666666
31086,DIVINOPOLIS,MG,Sudeste,2018,0,0,0,0,0,0,0,0,0,0,0,0,,,,,,,,
31086,DIVINOPOLIS,MG,Sudeste,2019,4,0,4,4,4,4,0,1,1,2,0,0,0.0,0.25,0.25,0.5,0.0,0.0,1.0,0.0
31086,DIVINOPOLIS,MG,Sudeste,2020,3,1,3,3,3,3,0,0,0,1,2,0,0.0,0.0,0.0,0.3333333333333333,0.6666666666666666,0.0,1.0,0.6666666666666666
31086,DIVINOPOLIS,MG,Sudeste,2021,31,0,31,31,31,26,0,19,11,0,0,1,0.0,0.6129032258064516,0.3548387096774194,0.0,0.0,0.03225806451612903,0.8387096774193549,0.03225806451612903
31086,DIVINOPOLIS,MG,Sudeste,2022,2,0,2,2,2,2,0,1,0,1,0,0,0.0,0.5,0.0,0.5,0.0,0.0,1.0,0.0
31086,DIVINOPOLIS,MG,Sudeste,2023,2,0,2,2,2,2,0,1,0,1,0,0,0.0,0.5,0.0,0.5,0.0,0.0,1.0,0.0
31086,DIVINOPOLIS,MG,Sudeste,2024,0,0,0,0,0,0,0,0,0,0,0,0,,,,,,,,
31086,DIVINOPOLIS,MG,Sudeste,2025,2,0,2,2,2,2,0,0,1,0,1,0,0.0,0.0,0.5,0.0,0.5,0.0,1.0,0.5
31087,LAGOA DA PRATA/SANTO ANTONIO DO MONTE,MG,Sudeste,2007,0,0,0,0,0,0,0,0,0,0,0,0,,,,,,,,
31087,LAGOA DA PRATA/SANTO ANTONIO DO MONTE,MG,Sudeste,2008,0,0,0,0,0,0,0,0,0,0,0,0,,,,,,,,
31087,LAGOA DA PRATA/SANTO ANTONIO DO MONTE,MG,Sudeste,2009,0,0,0,0,0,0,0,0,0,0,0,0,,,,,,,,
31087,LAGOA DA PRATA/SANTO ANTONIO DO MONTE,MG,Sudeste,2010,0,0,0,0,0,0,0,0,0,0,0,0,,,,,,,,
31087,LAGOA DA PRATA/SANTO ANTONIO DO MONTE,MG,Sudeste,2011,0,0,0,0,0,0,0,0,0,0,0,0,,,,,,,,
31087,LAGOA DA PRATA/SANTO ANTONIO DO MONTE,MG,Sudeste,2012,0,0,0,0,0,0,0,0,0,0,0,0,,,,,,,,
31087,LAGOA DA PRATA/SANTO ANTONIO DO MONTE,MG,Sudeste,2013,0,0,0,0,0,0,0,0,0,0,0,0,,,,,,,,
31087,LAGOA DA PRATA/SANTO ANTONIO DO MONTE,MG,Sudeste,2014,0,0,0,0,0,0,0,0,0,0,0,0,,,,,,,,
31087,LAGOA DA PRATA/SANTO ANTONIO DO MONTE,MG,Sudeste,2015,1,0,1,1,1,1,0,0,0,1,0,0,0.0,0.0,0.0,1.0,0.0,0.0,1.0,0.0
31087,LAGOA DA PRATA/SANTO ANTONIO DO MONTE,MG,Sudeste,2016,1,0,1,1,1,1,0,0,1,0,0,0,0.0,0.0,1.0,0.0,0.0,0.0,1.0,0.0
31087,LAGOA DA PRATA/SANTO ANTONIO DO MONTE,MG,Sudeste,2017,0,0,0,0,0,0,0,0,0,0,0,0,,,,,,,,
31087,LAGOA DA PRATA/SANTO ANTONIO DO MONTE,MG,Sudeste,2018,0,0,0,0,0,0,0,0,0,0,0,0,,,,,,,,
31087,LAGOA DA PRATA/SANTO ANTONIO DO MONTE,MG,Sudeste,2019,2,0,2,2,2,2,0,0,0,2,0,0,0.0,0.0,0.0,1.0,0.0,0.0,1.0,0.0
31087,LAGOA DA PRATA/SANTO ANTONIO DO MONTE,MG,Sudeste,2020,0,0,0,0,0,0,0,0,0,0,0,0,,,,,,,,
31087,LAGOA DA PRATA/SANTO ANTONIO DO MONTE,MG,Sudeste,2021,0,0,0,0,0,0,0,0,0,0,0,0,,,,,,,,
31087,LAGOA DA PRATA/SANTO ANTONIO DO MONTE,MG,Sudeste,2022,0,0,0,0,0,0,0,0,0,0,0,0,,,,,,,,
31087,LAGOA DA PRATA/SANTO ANTONIO DO MONTE,MG,Sudeste,2023,4,0,3,4,4,2,0,0,3,0,1,0,0.0,0.0,0.75,0.0,0.25,0.0,0.5,0.25
31087,LAGOA DA PRATA/SANTO ANTONIO DO MONTE,MG,Sudeste,2024,0,0,0,0,0,0,0,0,0,0,0,0,,,,,,,,
31087,LAGOA DA PRATA/SANTO ANTONIO DO MONTE,MG,Sudeste,2025,0,0,0,0,0,0,0,0,0,0,0,0,,,,,,,,
31088,OLIVEIRA/SANTO ANTONIO DO AMPARO,MG,Sudeste,2007,0,0,0,0,0,0,0,0,0,0,0,0,,,,,,,,
31088,OLIVEIRA/SANTO ANTONIO DO AMPARO,MG,Sudeste,2008,0,0,0,0,0,0,0,0,0,0,0,0,,,,,,,,
31088,OLIVEIRA/SANTO ANTONIO DO AMPARO,MG,Sudeste,2009,0,0,0,0,0,0,0,0,0,0,0,0,,,,,,,,
31088,OLIVEIRA/SANTO ANTONIO DO AMPARO,MG,Sudeste,2010,0,0,0,0,0,0,0,0,0,0,0,0,,,,,,,,
31088,OLIVEIRA/SANTO ANTONIO DO AMPARO,MG,Sudeste,2011,0,0,0,0,0,0,0,0,0,0,0,0,,,,,,,,
31088,OLIVEIRA/SANTO ANTONIO DO AMPARO,MG,Sudeste,2012,2,1,2,2,2,1,0,0,0,2,0,0,0.0,0.0,0.0,1.0,0.0,0.0,0.5,0.0
31088,OLIVEIRA/SANTO ANTONIO DO AMPARO,MG,Sudeste,2013,0,0,0,0,0,0,0,0,0,0,0,0,,,,,,,,
31088,OLIVEIRA/SANTO ANTONIO DO AMPARO,MG,Sudeste,2014,1,0,1,1,1,1,0,0,0,1,0,0,0.0,0.0,0.0,1.0,0.0,0.0,1.0,0.0
31088,OLIVEIRA/SANTO ANTONIO DO AMPARO,MG,Sudeste,2015,0,0,0,0,0,0,0,0,0,0,0,0,,,,,,,,
31088,OLIVEIRA/SANTO ANTONIO DO AMPARO,MG,Sudeste,2016,4,0,4,4,4,3,0,0,2,2,0,0,0.0,0.0,0.5,0.5,0.0,0.0,0.75,0.0
31088,OLIVEIRA/SANTO ANTONIO DO AMPARO,MG,Sudeste,2017,1,0,1,1,1,1,0,0,1,0,0,0,0.0,0.0,1.0,0.0,0.0,0.0,1.0,0.0
31088,OLIVEIRA/SANTO ANTONIO DO AMPARO,MG,Sudeste,2018,1,0,1,1,1,1,0,0,1,0,0,0,0.0,0.0,1.0,0.0,0.0,0.0,1.0,0.0
31088,OLIVEIRA/SANTO ANTONIO DO AMPARO,MG,Sudeste,2019,0,0,0,0,0,0,0,0,0,0,0,0,,,,,,,,
31088,OLIVEIRA/SANTO ANTONIO DO AMPARO,MG,Sudeste,2020,0,0,0,0,0,0,0,0,0,0,0,0,,,,,,,,
31088,OLIVEIRA/SANTO ANTONIO DO AMPARO,MG,Sudeste,2021,2,0,2,2,2,2,0,2,0,0,0,0,0.0,1.0,0.0,0.0,0.0,0.0,1.0,0.0
31088,OLIVEIRA/SANTO ANTONIO DO AMPARO,MG,Sudeste,2022,0,0,0,0,0,0,0,0,0,0,0,0,,,,,,,,
31088,OLIVEIRA/SANTO ANTONIO DO AMPARO,MG,Sudeste,2023,1,0,1,1,1,0,0,1,0,0,0,0,0.0,1.0,0.0,0.0,0.0,0.0,0.0,0.0
31088,OLIVEIRA/SANTO ANTONIO DO AMPARO,MG,Sudeste,2024,0,0,0,0,0,0,0,0,0,0,0,0,,,,,,,,
31088,OLIVEIRA/SANTO ANTONIO DO AMPARO,MG,Sudeste,2025,3,0,3,3,3,2,1,1,1,0,0,0,0.3333333333333333,0.3333333333333333,0.3333333333333333,0.0,0.0,0.0,0.6666666666666666,0.0
31089,CAMPO BELO,MG,Sudeste,2007,0,0,0,0,0,0,0,0,0,0,0,0,,,,,,,,
31089,CAMPO BELO,MG,Sudeste,2008,0,0,0,0,0,0,0,0,0,0,0,0,,,,,,,,
31089,CAMPO BELO,MG,Sudeste,2009,0,0,0,0,0,0,0,0,0,0,0,0,,,,,,,,
31089,CAMPO BELO,MG,Sudeste,2010,0,0,0,0,0,0,0,0,0,0,0,0,,,,,,,,
31089,CAMPO BELO,MG,Sudeste,2011,0,0,0,0,0,0,0,0,0,0,0,0,,,,,,,,
31089,CAMPO BELO,MG,Sudeste,2012,0,0,0,0,0,0,0,0,0,0,0,0,,,,,,,,
31089,CAMPO BELO,MG,Sudeste,2013,0,0,0,0,0,0,0,0,0,0,0,0,,,,,,,,
31089,CAMPO BELO,MG,Sudeste,2014,0,0,0,0,0,0,0,0,0,0,0,0,,,,,,,,
31089,CAMPO BELO,MG,Sudeste,2015,2,0,2,2,2,2,0,2,0,0,0,0,0.0,1.0,0.0,0.0,0.0,0.0,1.0,0.0
31089,CAMPO BELO,MG,Sudeste,2016,0,0,0,0,0,0,0,0,0,0,0,0,,,,,,,,
31089,CAMPO BELO,MG,Sudeste,2017,0,0,0,0,0,0,0,0,0,0,0,0,,,,,,,,
31089,CAMPO BELO,MG,Sudeste,2018,0,0,0,0,0,0,0,0,0,0,0,0,,,,,,,,
31089,CAMPO BELO,MG,Sudeste,2019,1,0,1,1,1,1,0,0,0,1,0,0,0.0,0.0,0.0,1.0,0.0,0.0,1.0,0.0
31089,CAMPO BELO,MG,Sudeste,2020,0,0,0,0,0,0,0,0,0,0,0,0,,,,,,,,
31089,CAMPO BELO,MG,Sudeste,2021,2,0,1,2,2,2,0,0,1,1,0,0,0.0,0.0,0.5,0.5,0.0,0.0,1.0,0.0
31089,CAMPO BELO,MG,Sudeste,2022,0,0,0,0,0,0,0,0,0,0,0,0,,,,,,,,
31089,CAMPO BELO,MG,Sudeste,2023,1,0,1,1,1,1,0,0,1,0,0,0,0.0,0.0,1.0,0.0,0.0,0.0,1.0,0.0
31089,CAMPO BELO,MG,Sudeste,2024,0,0,0,0,0,0,0,0,0,0,0,0,,,,,,,,
31089,CAMPO BELO,MG,Sudeste,2025,0,0,0,0,0,0,0,0,0,0,0,0,,,,,,,,
31090,LIMA DUARTE,MG,Sudeste,2007,1,0,1,1,1,1,0,1,0,0,0,0,0.0,1.0,0.0,0.0,0.0,0.0,1.0,0.0
31090,LIMA DUARTE,MG,Sudeste,2008,0,0,0,0,0,0,0,0,0,0,0,0,,,,,,,,
31090,LIMA DUARTE,MG,Sudeste,2009,0,0,0,0,0,0,0,0,0,0,0,0,,,,,,,,
31090,LIMA DUARTE,MG,Sudeste,2010,0,0,0,0,0,0,0,0,0,0,0,0,,,,,,,,
31090,LIMA DUARTE,MG,Sudeste,2011,0,0,0,0,0,0,0,0,0,0,0,0,,,,,,,,
31090,LIMA DUARTE,MG,Sudeste,2012,0,0,0,0,0,0,0,0,0,0,0,0,,,,,,,,
31090,LIMA DUARTE,MG,Sudeste,2013,0,0,0,0,0,0,0,0,0,0,0,0,,,,,,,,
31090,LIMA DUARTE,MG,Sudeste,2014,0,0,0,0,0,0,0,0,0,0,0,0,,,,,,,,
31090,LIMA DUARTE,MG,Sudeste,2015,0,0,0,0,0,0,0,0,0,0,0,0,,,,,,,,
31090,LIMA DUARTE,MG,Sudeste,2016,0,0,0,0,0,0,0,0,0,0,0,0,,,,,,,,
31090,LIMA DUARTE,MG,Sudeste,2017,1,0,1,1,1,0,0,0,0,1,0,0,0.0,0.0,0.0,1.0,0.0,0.0,0.0,0.0
31090,LIMA DUARTE,MG,Sudeste,2018,2,0,2,2,2,2,0,0,0,2,0,0,0.0,0.0,0.0,1.0,0.0,0.0,1.0,0.0
31090,LIMA DUARTE,MG,Sudeste,2019,1,0,1,1,1,1,0,0,0,0,1,0,0.0,0.0,0.0,0.0,1.0,0.0,1.0,1.0
31090,LIMA DUARTE,MG,Sudeste,2020,2,0,1,2,2,2,0,1,0,1,0,0,0.0,0.5,0.0,0.5,0.0,0.0,1.0,0.0
31090,LIMA DUARTE,MG,Sudeste,2021,0,0,0,0,0,0,0,0,0,0,0,0,,,,,,,,
31090,LIMA DUARTE,MG,Sudeste,2022,3,1,2,3,3,3,0,0,2,1,0,0,0.0,0.0,0.6666666666666666,0.3333333333333333,0.0,0.0,1.0,0.0
31090,LIMA DUARTE,MG,Sudeste,2023,4,0,4,4,4,4,0,2,1,1,0,0,0.0,0.5,0.25,0.25,0.0,0.0,1.0,0.0
31090,LIMA DUARTE,MG,Sudeste,2024,6,0,4,6,6,6,0,1,2,1,2,0,0.0,0.16666666666666666,0.3333333333333333,0.16666666666666666,0.3333333333333333,0.0,1.0,0.3333333333333333
31090,LIMA DUARTE,MG,Sudeste,2025,1,0,1,1,1,1,0,0,0,0,0,1,0.0,0.0,0.0,0.0,0.0,1.0,1.0,1.0
31091,CASSIA,MG,Sudeste,2007,0,0,0,0,0,0,0,0,0,0,0,0,,,,,,,,
31091,CASSIA,MG,Sudeste,2008,0,0,0,0,0,0,0,0,0,0,0,0,,,,,,,,
31091,CASSIA,MG,Sudeste,2009,0,0,0,0,0,0,0,0,0,0,0,0,,,,,,,,
31091,CASSIA,MG,Sudeste,2010,1,0,1,1,1,1,0,0,0,1,0,0,0.0,0.0,0.0,1.0,0.0,0.0,1.0,0.0
31091,CASSIA,MG,Sudeste,2011,0,0,0,0,0,0,0,0,0,0,0,0,,,,,,,,
31091,CASSIA,MG,Sudeste,2012,0,0,0,0,0,0,0,0,0,0,0,0,,,,,,,,
31091,CASSIA,MG,Sudeste,2013,0,0,0,0,0,0,0,0,0,0,0,0,,,,,,,,
31091,CASSIA,MG,Sudeste,2014,0,0,0,0,0,0,0,0,0,0,0,0,,,,,,,,
31091,CASSIA,MG,Sudeste,2015,0,0,0,0,0,0,0,0,0,0,0,0,,,,,,,,
31091,CASSIA,MG,Sudeste,2016,1,1,1,1,1,1,0,0,0,0,0,1,0.0,0.0,0.0,0.0,0.0,1.0,1.0,1.0
31091,CASSIA,MG,Sudeste,2017,1,0,1,1,1,0,0,0,0,1,0,0,0.0,0.0,0.0,1.0,0.0,0.0,0.0,0.0
31091,CASSIA,MG,Sudeste,2018,1,1,1,1,1,1,0,0,0,0,1,0,0.0,0.0,0.0,0.0,1.0,0.0,1.0,1.0
31091,CASSIA,MG,Sudeste,2019,1,0,1,1,1,0,0,1,0,0,0,0,0.0,1.0,0.0,0.0,0.0,0.0,0.0,0.0
31091,CASSIA,MG,Sudeste,2020,1,0,1,1,1,1,0,0,0,1,0,0,0.0,0.0,0.0,1.0,0.0,0.0,1.0,0.0
31091,CASSIA,MG,Sudeste,2021,0,0,0,0,0,0,0,0,0,0,0,0,,,,,,,,
31091,CASSIA,MG,Sudeste,2022,0,0,0,0,0,0,0,0,0,0,0,0,,,,,,,,
31091,CASSIA,MG,Sudeste,2023,1,0,1,1,1,0,0,1,0,0,0,0,0.0,1.0,0.0,0.0,0.0,0.0,0.0,0.0
31091,CASSIA,MG,Sudeste,2024,1,0,1,1,1,1,0,0,0,0,1,0,0.0,0.0,0.0,0.0,1.0,0.0,1.0,1.0
31091,CASSIA,MG,Sudeste,2025,1,0,1,1,1,1,0,0,1,0,0,0,0.0,0.0,1.0,0.0,0.0,0.0,1.0,0.0
31092,PASSOS,MG,Sudeste,2007,1,0,1,1,1,1,0,0,0,1,0,0,0.0,0.0,0.0,1.0,0.0,0.0,1.0,0.0
31092,PASSOS,MG,Sudeste,2008,0,0,0,0,0,0,0,0,0,0,0,0,,,,,,,,
31092,PASSOS,MG,Sudeste,2009,6,0,6,6,6,6,0,0,3,3,0,0,0.0,0.0,0.5,0.5,0.0,0.0,1.0,0.0
31092,PASSOS,MG,Sudeste,2010,1,0,1,1,1,1,0,0,1,0,0,0,0.0,0.0,1.0,0.0,0.0,0.0,1.0,0.0
31092,PASSOS,MG,Sudeste,2011,3,0,3,3,3,3,0,0,1,2,0,0,0.0,0.0,0.3333333333333333,0.6666666666666666,0.0,0.0,1.0,0.0
31092,PASSOS,MG,Sudeste,2012,2,0,2,2,2,2,0,0,1,0,1,0,0.0,0.0,0.5,0.0,0.5,0.0,1.0,0.5
31092,PASSOS,MG,Sudeste,2013,4,0,3,4,4,4,0,0,0,3,1,0,0.0,0.0,0.0,0.75,0.25,0.0,1.0,0.25
31092,PASSOS,MG,Sudeste,2014,4,0,4,4,4,4,0,0,2,2,0,0,0.0,0.0,0.5,0.5,0.0,0.0,1.0,0.0
31092,PASSOS,MG,Sudeste,2015,2,0,2,2,2,2,0,0,0,1,1,0,0.0,0.0,0.0,0.5,0.5,0.0,1.0,0.5
31092,PASSOS,MG,Sudeste,2016,6,0,6,6,6,6,1,1,2,2,0,0,0.16666666666666666,0.16666666666666666,0.3333333333333333,0.3333333333333333,0.0,0.0,1.0,0.0
31092,PASSOS,MG,Sudeste,2017,0,0,0,0,0,0,0,0,0,0,0,0,,,,,,,,
31092,PASSOS,MG,Sudeste,2018,3,1,3,3,3,3,0,1,2,0,0,0,0.0,0.3333333333333333,0.6666666666666666,0.0,0.0,0.0,1.0,0.0
31092,PASSOS,MG,Sudeste,2019,2,0,2,2,2,1,0,0,0,1,1,0,0.0,0.0,0.0,0.5,0.5,0.0,0.5,0.5
31092,PASSOS,MG,Sudeste,2020,7,0,6,7,7,6,1,1,0,5,0,0,0.14285714285714285,0.14285714285714285,0.0,0.7142857142857143,0.0,0.0,0.8571428571428571,0.0
31092,PASSOS,MG,Sudeste,2021,1,0,1,1,1,0,0,0,1,0,0,0,0.0,0.0,1.0,0.0,0.0,0.0,0.0,0.0
31092,PASSOS,MG,Sudeste,2022,4,0,3,4,4,3,0,0,2,2,0,0,0.0,0.0,0.5,0.5,0.0,0.0,0.75,0.0
31092,PASSOS,MG,Sudeste,2023,3,0,2,3,3,2,0,0,1,1,1,0,0.0,0.0,0.3333333333333333,0.3333333333333333,0.3333333333333333,0.0,0.6666666666666666,0.3333333333333333
31092,PASSOS,MG,Sudeste,2024,3,0,3,3,3,3,0,0,2,0,0,1,0.0,0.0,0.6666666666666666,0.0,0.0,0.3333333333333333,1.0,0.3333333333333333
31092,PASSOS,MG,Sudeste,2025,2,0,2,2,2,1,0,1,1,0,0,0,0.0,0.5,0.5,0.0,0.0,0.0,0.5,0.0
31093,PIUMHI,MG,Sudeste,2007,0,0,0,0,0,0,0,0,0,0,0,0,,,,,,,,
31093,PIUMHI,MG,Sudeste,2008,0,0,0,0,0,0,0,0,0,0,0,0,,,,,,,,
31093,PIUMHI,MG,Sudeste,2009,1,1,1,1,1,1,0,0,0,1,0,0,0.0,0.0,0.0,1.0,0.0,0.0,1.0,0.0
31093,PIUMHI,MG,Sudeste,2010,0,0,0,0,0,0,0,0,0,0,0,0,,,,,,,,
31093,PIUMHI,MG,Sudeste,2011,1,0,1,1,1,1,0,0,0,1,0,0,0.0,0.0,0.0,1.0,0.0,0.0,1.0,0.0
31093,PIUMHI,MG,Sudeste,2012,1,0,1,1,1,1,0,1,0,0,0,0,0.0,1.0,0.0,0.0,0.0,0.0,1.0,0.0
31093,PIUMHI,MG,Sudeste,2013,0,0,0,0,0,0,0,0,0,0,0,0,,,,,,,,
31093,PIUMHI,MG,Sudeste,2014,2,0,2,2,2,2,0,0,2,0,0,0,0.0,0.0,1.0,0.0,0.0,0.0,1.0,0.0
31093,PIUMHI,MG,Sudeste,2015,0,0,0,0,0,0,0,0,0,0,0,0,,,,,,,,
31093,PIUMHI,MG,Sudeste,2016,2,0,2,2,2,1,0,0,1,1,0,0,0.0,0.0,0.5,0.5,0.0,0.0,0.5,0.0
31093,PIUMHI,MG,Sudeste,2017,1,0,1,1,1,1,0,0,1,0,0,0,0.0,0.0,1.0,0.0,0.0,0.0,1.0,0.0
31093,PIUMHI,MG,Sudeste,2018,0,0,0,0,0,0,0,0,0,0,0,0,,,,,,,,
31093,PIUMHI,MG,Sudeste,2019,0,0,0,0,0,0,0,0,0,0,0,0,,,,,,,,
31093,PIUMHI,MG,Sudeste,2020,0,0,0,0,0,0,0,0,0,0,0,0,,,,,,,,
31093,PIUMHI,MG,Sudeste,2021,1,0,1,1,1,1,0,1,0,0,0,0,0.0,1.0,0.0,0.0,0.0,0.0,1.0,0.0
31093,PIUMHI,MG,Sudeste,2022,0,0,0,0,0,0,0,0,0,0,0,0,,,,,,,,
31093,PIUMHI,MG,Sudeste,2023,2,1,2,2,2,2,0,0,0,2,0,0,0.0,0.0,0.0,1.0,0.0,0.0,1.0,0.0
31093,PIUMHI,MG,Sudeste,2024,1,0,0,1,1,1,0,0,0,1,0,0,0.0,0.0,0.0,1.0,0.0,0.0,1.0,0.0
31093,PIUMHI,MG,Sudeste,2025,3,0,3,3,3,1,0,2,1,0,0,0,0.0,0.6666666666666666,0.3333333333333333,0.0,0.0,0.0,0.3333333333333333,0.0
31094,ALMENARA/JACINTO,MG,Sudeste,2007,0,0,0,0,0,0,0,0,0,0,0,0,,,,,,,,
31094,ALMENARA/JACINTO,MG,Sudeste,2008,0,0,0,0,0,0,0,0,0,0,0,0,,,,,,,,
31094,ALMENARA/JACINTO,MG,Sudeste,2009,0,0,0,0,0,0,0,0,0,0,0,0,,,,,,,,
31094,ALMENARA/JACINTO,MG,Sudeste,2010,0,0,0,0,0,0,0,0,0,0,0,0,,,,,,,,
31094,ALMENARA/JACINTO,MG,Sudeste,2011,0,0,0,0,0,0,0,0,0,0,0,0,,,,,,,,
31094,ALMENARA/JACINTO,MG,Sudeste,2012,0,0,0,0,0,0,0,0,0,0,0,0,,,,,,,,
31094,ALMENARA/JACINTO,MG,Sudeste,2013,0,0,0,0,0,0,0,0,0,0,0,0,,,,,,,,
31094,ALMENARA/JACINTO,MG,Sudeste,2014,0,0,0,0,0,0,0,0,0,0,0,0,,,,,,,,
31094,ALMENARA/JACINTO,MG,Sudeste,2015,0,0,0,0,0,0,0,0,0,0,0,0,,,,,,,,
31094,ALMENARA/JACINTO,MG,Sudeste,2016,0,0,0,0,0,0,0,0,0,0,0,0,,,,,,,,
31094,ALMENARA/JACINTO,MG,Sudeste,2017,1,0,0,1,1,0,0,0,0,1,0,0,0.0,0.0,0.0,1.0,0.0,0.0,0.0,0.0
31094,ALMENARA/JACINTO,MG,Sudeste,2018,1,0,1,1,1,1,0,0,1,0,0,0,0.0,0.0,1.0,0.0,0.0,0.0,1.0,0.0
31094,ALMENARA/JACINTO,MG,Sudeste,2019,1,0,1,1,1,0,0,1,0,0,0,0,0.0,1.0,0.0,0.0,0.0,0.0,0.0,0.0
31094,ALMENARA/JACINTO,MG,Sudeste,2020,0,0,0,0,0,0,0,0,0,0,0,0,,,,,,,,
31094,ALMENARA/JACINTO,MG,Sudeste,2021,1,0,1,1,1,0,0,0,0,0,0,1,0.0,0.0,0.0,0.0,0.0,1.0,0.0,1.0
31094,ALMENARA/JACINTO,MG,Sudeste,2022,0,0,0,0,0,0,0,0,0,0,0,0,,,,,,,,
31094,ALMENARA/JACINTO,MG,Sudeste,2023,0,0,0,0,0,0,0,0,0,0,0,0,,,,,,,,
31094,ALMENARA/JACINTO,MG,Sudeste,2024,0,0,0,0,0,0,0,0,0,0,0,0,,,,,,,,
31094,ALMENARA/JACINTO,MG,Sudeste,2025,0,0,0,0,0,0,0,0,0,0,0,0,,,,,,,,
31095,SERRO,MG,Sudeste,2007,0,0,0,0,0,0,0,0,0,0,0,0,,,,,,,,
31095,SERRO,MG,Sudeste,2008,0,0,0,0,0,0,0,0,0,0,0,0,,,,,,,,
31095,SERRO,MG,Sudeste,2009,0,0,0,0,0,0,0,0,0,0,0,0,,,,,,,,
31095,SERRO,MG,Sudeste,2010,0,0,0,0,0,0,0,0,0,0,0,0,,,,,,,,
31095,SERRO,MG,Sudeste,2011,0,0,0,0,0,0,0,0,0,0,0,0,,,,,,,,
31095,SERRO,MG,Sudeste,2012,0,0,0,0,0,0,0,0,0,0,0,0,,,,,,,,
31095,SERRO,MG,Sudeste,2013,2,0,2,2,2,2,0,0,2,0,0,0,0.0,0.0,1.0,0.0,0.0,0.0,1.0,0.0
31095,SERRO,MG,Sudeste,2014,0,0,0,0,0,0,0,0,0,0,0,0,,,,,,,,
31095,SERRO,MG,Sudeste,2015,0,0,0,0,0,0,0,0,0,0,0,0,,,,,,,,
31095,SERRO,MG,Sudeste,2016,0,0,0,0,0,0,0,0,0,0,0,0,,,,,,,,
31095,SERRO,MG,Sudeste,2017,0,0,0,0,0,0,0,0,0,0,0,0,,,,,,,,
31095,SERRO,MG,Sudeste,2018,0,0,0,0,0,0,0,0,0,0,0,0,,,,,,,,
31095,SERRO,MG,Sudeste,2019,0,0,0,0,0,0,0,0,0,0,0,0,,,,,,,,
31095,SERRO,MG,Sudeste,2020,0,0,0,0,0,0,0,0,0,0,0,0,,,,,,,,
31095,SERRO,MG,Sudeste,2021,2,0,1,2,2,0,0,1,1,0,0,0,0.0,0.5,0.5,0.0,0.0,0.0,0.0,0.0
31095,SERRO,MG,Sudeste,2022,1,0,1,1,1,1,0,0,0,1,0,0,0.0,0.0,0.0,1.0,0.0,0.0,1.0,0.0
31095,SERRO,MG,Sudeste,2023,1,1,1,1,1,1,0,0,0,0,0,1,0.0,0.0,0.0,0.0,0.0,1.0,1.0,1.0
31095,SERRO,MG,Sudeste,2024,0,0,0,0,0,0,0,0,0,0,0,0,,,,,,,,
31095,SERRO,MG,Sudeste,2025,0,0,0,0,0,0,0,0,0,0,0,0,,,,,,,,
31096,ITAMBACURI,MG,Sudeste,2007,1,0,1,1,1,1,0,0,1,0,0,0,0.0,0.0,1.0,0.0,0.0,0.0,1.0,0.0
31096,ITAMBACURI,MG,Sudeste,2008,0,0,0,0,0,0,0,0,0,0,0,0,,,,,,,,
31096,ITAMBACURI,MG,Sudeste,2009,0,0,0,0,0,0,0,0,0,0,0,0,,,,,,,,
31096,ITAMBACURI,MG,Sudeste,2010,1,0,1,1,1,0,0,0,0,0,0,1,0.0,0.0,0.0,0.0,0.0,1.0,0.0,1.0
31096,ITAMBACURI,MG,Sudeste,2011,1,0,1,1,1,1,1,0,0,0,0,0,1.0,0.0,0.0,0.0,0.0,0.0,1.0,0.0
31096,ITAMBACURI,MG,Sudeste,2012,0,0,0,0,0,0,0,0,0,0,0,0,,,,,,,,
31096,ITAMBACURI,MG,Sudeste,2013,0,0,0,0,0,0,0,0,0,0,0,0,,,,,,,,
31096,ITAMBACURI,MG,Sudeste,2014,0,0,0,0,0,0,0,0,0,0,0,0,,,,,,,,
31096,ITAMBACURI,MG,Sudeste,2015,0,0,0,0,0,0,0,0,0,0,0,0,,,,,,,,
31096,ITAMBACURI,MG,Sudeste,2016,0,0,0,0,0,0,0,0,0,0,0,0,,,,,,,,
31096,ITAMBACURI,MG,Sudeste,2017,0,0,0,0,0,0,0,0,0,0,0,0,,,,,,,,
31096,ITAMBACURI,MG,Sudeste,2018,0,0,0,0,0,0,0,0,0,0,0,0,,,,,,,,
31096,ITAMBACURI,MG,Sudeste,2019,0,0,0,0,0,0,0,0,0,0,0,0,,,,,,,,
31096,ITAMBACURI,MG,Sudeste,2020,0,0,0,0,0,0,0,0,0,0,0,0,,,,,,,,
31096,ITAMBACURI,MG,Sudeste,2021,0,0,0,0,0,0,0,0,0,0,0,0,,,,,,,,
31096,ITAMBACURI,MG,Sudeste,2022,0,0,0,0,0,0,0,0,0,0,0,0,,,,,,,,
31096,ITAMBACURI,MG,Sudeste,2023,1,0,1,1,1,1,0,0,0,0,0,1,0.0,0.0,0.0,0.0,0.0,1.0,1.0,1.0
31096,ITAMBACURI,MG,Sudeste,2024,0,0,0,0,0,0,0,0,0,0,0,0,,,,,,,,
31096,ITAMBACURI,MG,Sudeste,2025,0,0,0,0,0,0,0,0,0,0,0,0,,,,,,,,
31097,JUIZ DE FORA,MG,Sudeste,2007,7,3,7,7,7,6,0,1,3,2,0,1,0.0,0.14285714285714285,0.42857142857142855,0.2857142857142857,0.0,0.14285714285714285,0.8571428571428571,0.14285714285714285
31097,JUIZ DE FORA,MG,Sudeste,2008,4,0,4,4,4,3,0,1,2,1,0,0,0.0,0.25,0.5,0.25,0.0,0.0,0.75,0.0
31097,JUIZ DE FORA,MG,Sudeste,2009,3,0,3,3,3,3,0,0,3,0,0,0,0.0,0.0,1.0,0.0,0.0,0.0,1.0,0.0
31097,JUIZ DE FORA,MG,Sudeste,2010,2,1,2,2,2,2,0,0,1,1,0,0,0.0,0.0,0.5,0.5,0.0,0.0,1.0,0.0
31097,JUIZ DE FORA,MG,Sudeste,2011,1,0,1,1,1,1,0,0,0,1,0,0,0.0,0.0,0.0,1.0,0.0,0.0,1.0,0.0
31097,JUIZ DE FORA,MG,Sudeste,2012,3,0,3,3,3,2,0,0,1,2,0,0,0.0,0.0,0.3333333333333333,0.6666666666666666,0.0,0.0,0.6666666666666666,0.0
31097,JUIZ DE FORA,MG,Sudeste,2013,0,0,0,0,0,0,0,0,0,0,0,0,,,,,,,,
31097,JUIZ DE FORA,MG,Sudeste,2014,3,0,3,3,3,3,1,1,0,0,0,1,0.3333333333333333,0.3333333333333333,0.0,0.0,0.0,0.3333333333333333,1.0,0.3333333333333333
31097,JUIZ DE FORA,MG,Sudeste,2015,4,1,3,4,4,3,0,0,1,3,0,0,0.0,0.0,0.25,0.75,0.0,0.0,0.75,0.0
31097,JUIZ DE FORA,MG,Sudeste,2016,3,0,3,3,3,3,0,1,0,1,1,0,0.0,0.3333333333333333,0.0,0.3333333333333333,0.3333333333333333,0.0,1.0,0.3333333333333333
31097,JUIZ DE FORA,MG,Sudeste,2017,6,2,5,6,6,5,0,3,1,2,0,0,0.0,0.5,0.16666666666666666,0.3333333333333333,0.0,0.0,0.8333333333333334,0.0
31097,JUIZ DE FORA,MG,Sudeste,2018,7,1,7,7,7,5,0,2,4,1,0,0,0.0,0.2857142857142857,0.5714285714285714,0.14285714285714285,0.0,0.0,0.7142857142857143,0.0
31097,JUIZ DE FORA,MG,Sudeste,2019,6,2,6,6,6,4,1,0,0,3,2,0,0.16666666666666666,0.0,0.0,0.5,0.3333333333333333,0.0,0.6666666666666666,0.3333333333333333
31097,JUIZ DE FORA,MG,Sudeste,2020,2,0,1,2,2,2,0,0,2,0,0,0,0.0,0.0,1.0,0.0,0.0,0.0,1.0,0.0
31097,JUIZ DE FORA,MG,Sudeste,2021,4,1,4,4,4,4,1,1,2,0,0,0,0.25,0.25,0.5,0.0,0.0,0.0,1.0,0.0
31097,JUIZ DE FORA,MG,Sudeste,2022,5,0,4,5,5,3,1,0,2,1,1,0,0.2,0.0,0.4,0.2,0.2,0.0,0.6,0.2
31097,JUIZ DE FORA,MG,Sudeste,2023,6,0,6,6,6,5,0,1,2,2,1,0,0.0,0.16666666666666666,0.3333333333333333,0.3333333333333333,0.16666666666666666,0.0,0.8333333333333334,0.16666666666666666
31097,JUIZ DE FORA,MG,Sudeste,2024,4,0,4,4,4,2,0,0,2,1,1,0,0.0,0.0,0.5,0.25,0.25,0.0,0.5,0.25
31097,JUIZ DE FORA,MG,Sudeste,2025,7,0,7,7,7,6,0,1,1,4,0,1,0.0,0.14285714285714285,0.14285714285714285,0.5714285714285714,0.0,0.14285714285714285,0.8571428571428571,0.14285714285714285
31098,SALINAS,MG,Sudeste,2007,0,0,0,0,0,0,0,0,0,0,0,0,,,,,,,,
31098,SALINAS,MG,Sudeste,2008,0,0,0,0,0,0,0,0,0,0,0,0,,,,,,,,
31098,SALINAS,MG,Sudeste,2009,0,0,0,0,0,0,0,0,0,0,0,0,,,,,,,,
31098,SALINAS,MG,Sudeste,2010,0,0,0,0,0,0,0,0,0,0,0,0,,,,,,,,
31098,SALINAS,MG,Sudeste,2011,0,0,0,0,0,0,0,0,0,0,0,0,,,,,,,,
31098,SALINAS,MG,Sudeste,2012,0,0,0,0,0,0,0,0,0,0,0,0,,,,,,,,
31098,SALINAS,MG,Sudeste,2013,0,0,0,0,0,0,0,0,0,0,0,0,,,,,,,,
31098,SALINAS,MG,Sudeste,2014,0,0,0,0,0,0,0,0,0,0,0,0,,,,,,,,
31098,SALINAS,MG,Sudeste,2015,0,0,0,0,0,0,0,0,0,0,0,0,,,,,,,,
31098,SALINAS,MG,Sudeste,2016,0,0,0,0,0,0,0,0,0,0,0,0,,,,,,,,
31098,SALINAS,MG,Sudeste,2017,0,0,0,0,0,0,0,0,0,0,0,0,,,,,,,,
31098,SALINAS,MG,Sudeste,2018,0,0,0,0,0,0,0,0,0,0,0,0,,,,,,,,
31098,SALINAS,MG,Sudeste,2019,0,0,0,0,0,0,0,0,0,0,0,0,,,,,,,,
31098,SALINAS,MG,Sudeste,2020,1,0,1,1,1,0,0,0,0,1,0,0,0.0,0.0,0.0,1.0,0.0,0.0,0.0,0.0
31098,SALINAS,MG,Sudeste,2021,0,0,0,0,0,0,0,0,0,0,0,0,,,,,,,,
31098,SALINAS,MG,Sudeste,2022,1,0,1,1,1,1,0,0,0,1,0,0,0.0,0.0,0.0,1.0,0.0,0.0,1.0,0.0
31098,SALINAS,MG,Sudeste,2023,0,0,0,0,0,0,0,0,0,0,0,0,,,,,,,,
31098,SALINAS,MG,Sudeste,2024,0,0,0,0,0,0,0,0,0,0,0,0,,,,,,,,
31098,SALINAS,MG,Sudeste,2025,0,0,0,0,0,0,0,0,0,0,0,0,,,,,,,,
31099,TEOFILO OTONI/MALACACHETA,MG,Sudeste,2007,0,0,0,0,0,0,0,0,0,0,0,0,,,,,,,,
31099,TEOFILO OTONI/MALACACHETA,MG,Sudeste,2008,2,0,2,2,2,2,0,1,1,0,0,0,0.0,0.5,0.5,0.0,0.0,0.0,1.0,0.0
31099,TEOFILO OTONI/MALACACHETA,MG,Sudeste,2009,1,0,1,1,1,1,0,0,1,0,0,0,0.0,0.0,1.0,0.0,0.0,0.0,1.0,0.0
31099,TEOFILO OTONI/MALACACHETA,MG,Sudeste,2010,4,0,4,4,4,4,0,0,4,0,0,0,0.0,0.0,1.0,0.0,0.0,0.0,1.0,0.0
31099,TEOFILO OTONI/MALACACHETA,MG,Sudeste,2011,0,0,0,0,0,0,0,0,0,0,0,0,,,,,,,,
31099,TEOFILO OTONI/MALACACHETA,MG,Sudeste,2012,3,0,3,3,3,1,0,1,0,2,0,0,0.0,0.3333333333333333,0.0,0.6666666666666666,0.0,0.0,0.3333333333333333,0.0
31099,TEOFILO OTONI/MALACACHETA,MG,Sudeste,2013,3,1,3,3,3,3,0,2,0,0,0,1,0.0,0.6666666666666666,0.0,0.0,0.0,0.3333333333333333,1.0,0.3333333333333333
31099,TEOFILO OTONI/MALACACHETA,MG,Sudeste,2014,3,1,3,3,3,2,1,0,0,0,2,0,0.3333333333333333,0.0,0.0,0.0,0.6666666666666666,0.0,0.6666666666666666,0.6666666666666666
31099,TEOFILO OTONI/MALACACHETA,MG,Sudeste,2015,1,0,1,1,1,0,0,0,0,1,0,0,0.0,0.0,0.0,1.0,0.0,0.0,0.0,0.0
31099,TEOFILO OTONI/MALACACHETA,MG,Sudeste,2016,0,0,0,0,0,0,0,0,0,0,0,0,,,,,,,,
31099,TEOFILO OTONI/MALACACHETA,MG,Sudeste,2017,1,0,1,1,1,1,0,0,1,0,0,0,0.0,0.0,1.0,0.0,0.0,0.0,1.0,0.0
31099,TEOFILO OTONI/MALACACHETA,MG,Sudeste,2018,6,1,6,6,6,2,1,1,1,2,1,0,0.16666666666666666,0.16666666666666666,0.16666666666666666,0.3333333333333333,0.16666666666666666,0.0,0.3333333333333333,0.16666666666666666
31099,TEOFILO OTONI/MALACACHETA,MG,Sudeste,2019,3,0,3,3,3,2,0,0,1,2,0,0,0.0,0.0,0.3333333333333333,0.6666666666666666,0.0,0.0,0.6666666666666666,0.0
31099,TEOFILO OTONI/MALACACHETA,MG,Sudeste,2020,1,0,1,1,1,1,0,1,0,0,0,0,0.0,1.0,0.0,0.0,0.0,0.0,1.0,0.0
31099,TEOFILO OTONI/MALACACHETA,MG,Sudeste,2021,1,0,1,1,1,1,0,0,1,0,0,0,0.0,0.0,1.0,0.0,0.0,0.0,1.0,0.0
31099,TEOFILO OTONI/MALACACHETA,MG,Sudeste,2022,2,0,2,2,2,2,0,1,1,0,0,0,0.0,0.5,0.5,0.0,0.0,0.0,1.0,0.0
31099,TEOFILO OTONI/MALACACHETA,MG,Sudeste,2023,1,0,0,1,1,1,0,0,1,0,0,0,0.0,0.0,1.0,0.0,0.0,0.0,1.0,0.0
31099,TEOFILO OTONI/MALACACHETA,MG,Sudeste,2024,2,0,2,2,2,2,0,0,2,0,0,0,0.0,0.0,1.0,0.0,0.0,0.0,1.0,0.0
31099,TEOFILO OTONI/MALACACHETA,MG,Sudeste,2025,2,1,2,2,2,1,1,0,0,0,0,1,0.5,0.0,0.0,0.0,0.0,0.5,0.5,0.5
31100,SAO FRANCISCO,MG,Sudeste,2007,0,0,0,0,0,0,0,0,0,0,0,0,,,,,,,,
31100,SAO FRANCISCO,MG,Sudeste,2008,0,0,0,0,0,0,0,0,0,0,0,0,,,,,,,,
31100,SAO FRANCISCO,MG,Sudeste,2009,2,0,2,2,2,2,0,1,0,1,0,0,0.0,0.5,0.0,0.5,0.0,0.0,1.0,0.0
31100,SAO FRANCISCO,MG,Sudeste,2010,1,0,1,1,1,1,0,0,0,1,0,0,0.0,0.0,0.0,1.0,0.0,0.0,1.0,0.0
31100,SAO FRANCISCO,MG,Sudeste,2011,0,0,0,0,0,0,0,0,0,0,0,0,,,,,,,,
31100,SAO FRANCISCO,MG,Sudeste,2012,0,0,0,0,0,0,0,0,0,0,0,0,,,,,,,,
31100,SAO FRANCISCO,MG,Sudeste,2013,0,0,0,0,0,0,0,0,0,0,0,0,,,,,,,,
31100,SAO FRANCISCO,MG,Sudeste,2014,0,0,0,0,0,0,0,0,0,0,0,0,,,,,,,,
31100,SAO FRANCISCO,MG,Sudeste,2015,0,0,0,0,0,0,0,0,0,0,0,0,,,,,,,,
31100,SAO FRANCISCO,MG,Sudeste,2016,0,0,0,0,0,0,0,0,0,0,0,0,,,,,,,,
31100,SAO FRANCISCO,MG,Sudeste,2017,0,0,0,0,0,0,0,0,0,0,0,0,,,,,,,,
31100,SAO FRANCISCO,MG,Sudeste,2018,0,0,0,0,0,0,0,0,0,0,0,0,,,,,,,,
31100,SAO FRANCISCO,MG,Sudeste,2019,0,0,0,0,0,0,0,0,0,0,0,0,,,,,,,,
31100,SAO FRANCISCO,MG,Sudeste,2020,0,0,0,0,0,0,0,0,0,0,0,0,,,,,,,,
31100,SAO FRANCISCO,MG,Sudeste,2021,0,0,0,0,0,0,0,0,0,0,0,0,,,,,,,,
31100,SAO FRANCISCO,MG,Sudeste,2022,0,0,0,0,0,0,0,0,0,0,0,0,,,,,,,,
31100,SAO FRANCISCO,MG,Sudeste,2023,0,0,0,0,0,0,0,0,0,0,0,0,,,,,,,,
31100,SAO FRANCISCO,MG,Sudeste,2024,0,0,0,0,0,0,0,0,0,0,0,0,,,,,,,,
31100,SAO FRANCISCO,MG,Sudeste,2025,0,0,0,0,0,0,0,0,0,0,0,0,,,,,,,,
31101,BRASILIA DE MINAS,MG,Sudeste,2007,0,0,0,0,0,0,0,0,0,0,0,0,,,,,,,,
31101,BRASILIA DE MINAS,MG,Sudeste,2008,0,0,0,0,0,0,0,0,0,0,0,0,,,,,,,,
31101,BRASILIA DE MINAS,MG,Sudeste,2009,0,0,0,0,0,0,0,0,0,0,0,0,,,,,,,,
31101,BRASILIA DE MINAS,MG,Sudeste,2010,0,0,0,0,0,0,0,0,0,0,0,0,,,,,,,,
31101,BRASILIA DE MINAS,MG,Sudeste,2011,0,0,0,0,0,0,0,0,0,0,0,0,,,,,,,,
31101,BRASILIA DE MINAS,MG,Sudeste,2012,0,0,0,0,0,0,0,0,0,0,0,0,,,,,,,,
31101,BRASILIA DE MINAS,MG,Sudeste,2013,0,0,0,0,0,0,0,0,0,0,0,0,,,,,,,,
31101,BRASILIA DE MINAS,MG,Sudeste,2014,0,0,0,0,0,0,0,0,0,0,0,0,,,,,,,,
31101,BRASILIA DE MINAS,MG,Sudeste,2015,0,0,0,0,0,0,0,0,0,0,0,0,,,,,,,,
31101,BRASILIA DE MINAS,MG,Sudeste,2016,0,0,0,0,0,0,0,0,0,0,0,0,,,,,,,,
31101,BRASILIA DE MINAS,MG,Sudeste,2017,0,0,0,0,0,0,0,0,0,0,0,0,,,,,,,,
31101,BRASILIA DE MINAS,MG,Sudeste,2018,0,0,0,0,0,0,0,0,0,0,0,0,,,,,,,,
31101,BRASILIA DE MINAS,MG,Sudeste,2019,1,0,1,1,1,1,0,0,1,0,0,0,0.0,0.0,1.0,0.0,0.0,0.0,1.0,0.0
31101,BRASILIA DE MINAS,MG,Sudeste,2020,0,0,0,0,0,0,0,0,0,0,0,0,,,,,,,,
31101,BRASILIA DE MINAS,MG,Sudeste,2021,0,0,0,0,0,0,0,0,0,0,0,0,,,,,,,,
31101,BRASILIA DE MINAS,MG,Sudeste,2022,0,0,0,0,0,0,0,0,0,0,0,0,,,,,,,,
31101,BRASILIA DE MINAS,MG,Sudeste,2023,0,0,0,0,0,0,0,0,0,0,0,0,,,,,,,,
31101,BRASILIA DE MINAS,MG,Sudeste,2024,1,0,1,1,1,1,0,1,0,0,0,0,0.0,1.0,0.0,0.0,0.0,0.0,1.0,0.0
31101,BRASILIA DE MINAS,MG,Sudeste,2025,1,0,1,1,1,1,0,0,1,0,0,0,0.0,0.0,1.0,0.0,0.0,0.0,1.0,0.0
31102,PECANHA/SAO JOAO EVANGELISTA/SANTA MARIA DO SUACUI,MG,Sudeste,2007,1,0,1,1,1,1,0,0,1,0,0,0,0.0,0.0,1.0,0.0,0.0,0.0,1.0,0.0
31102,PECANHA/SAO JOAO EVANGELISTA/SANTA MARIA DO SUACUI,MG,Sudeste,2008,0,0,0,0,0,0,0,0,0,0,0,0,,,,,,,,
31102,PECANHA/SAO JOAO EVANGELISTA/SANTA MARIA DO SUACUI,MG,Sudeste,2009,0,0,0,0,0,0,0,0,0,0,0,0,,,,,,,,
31102,PECANHA/SAO JOAO EVANGELISTA/SANTA MARIA DO SUACUI,MG,Sudeste,2010,0,0,0,0,0,0,0,0,0,0,0,0,,,,,,,,
31102,PECANHA/SAO JOAO EVANGELISTA/SANTA MARIA DO SUACUI,MG,Sudeste,2011,0,0,0,0,0,0,0,0,0,0,0,0,,,,,,,,
31102,PECANHA/SAO JOAO EVANGELISTA/SANTA MARIA DO SUACUI,MG,Sudeste,2012,0,0,0,0,0,0,0,0,0,0,0,0,,,,,,,,
31102,PECANHA/SAO JOAO EVANGELISTA/SANTA MARIA DO SUACUI,MG,Sudeste,2013,0,0,0,0,0,0,0,0,0,0,0,0,,,,,,,,
31102,PECANHA/SAO JOAO EVANGELISTA/SANTA MARIA DO SUACUI,MG,Sudeste,2014,0,0,0,0,0,0,0,0,0,0,0,0,,,,,,,,
31102,PECANHA/SAO JOAO EVANGELISTA/SANTA MARIA DO SUACUI,MG,Sudeste,2015,0,0,0,0,0,0,0,0,0,0,0,0,,,,,,,,
31102,PECANHA/SAO JOAO EVANGELISTA/SANTA MARIA DO SUACUI,MG,Sudeste,2016,0,0,0,0,0,0,0,0,0,0,0,0,,,,,,,,
31102,PECANHA/SAO JOAO EVANGELISTA/SANTA MARIA DO SUACUI,MG,Sudeste,2017,1,0,1,1,1,0,0,0,0,1,0,0,0.0,0.0,0.0,1.0,0.0,0.0,0.0,0.0
31102,PECANHA/SAO JOAO EVANGELISTA/SANTA MARIA DO SUACUI,MG,Sudeste,2018,1,0,1,1,1,1,0,0,1,0,0,0,0.0,0.0,1.0,0.0,0.0,0.0,1.0,0.0
31102,PECANHA/SAO JOAO EVANGELISTA/SANTA MARIA DO SUACUI,MG,Sudeste,2019,1,0,0,1,1,1,0,0,0,1,0,0,0.0,0.0,0.0,1.0,0.0,0.0,1.0,0.0
31102,PECANHA/SAO JOAO EVANGELISTA/SANTA MARIA DO SUACUI,MG,Sudeste,2020,1,0,0,1,1,0,0,0,0,0,1,0,0.0,0.0,0.0,0.0,1.0,0.0,0.0,1.0
31102,PECANHA/SAO JOAO EVANGELISTA/SANTA MARIA DO SUACUI,MG,Sudeste,2021,1,0,0,1,1,1,0,0,0,0,0,1,0.0,0.0,0.0,0.0,0.0,1.0,1.0,1.0
31102,PECANHA/SAO JOAO EVANGELISTA/SANTA MARIA DO SUACUI,MG,Sudeste,2022,0,0,0,0,0,0,0,0,0,0,0,0,,,,,,,,
31102,PECANHA/SAO JOAO EVANGELISTA/SANTA MARIA DO SUACUI,MG,Sudeste,2023,0,0,0,0,0,0,0,0,0,0,0,0,,,,,,,,
31102,PECANHA/SAO JOAO EVANGELISTA/SANTA MARIA DO SUACUI,MG,Sudeste,2024,1,0,1,1,1,0,0,1,0,0,0,0,0.0,1.0,0.0,0.0,0.0,0.0,0.0,0.0
31102,PECANHA/SAO JOAO EVANGELISTA/SANTA MARIA DO SUACUI,MG,Sudeste,2025,1,0,1,1,1,1,0,0,1,0,0,0,0.0,0.0,1.0,0.0,0.0,0.0,1.0,0.0
32001,CENTRAL,ES,Sudeste,2007,23,0,22,23,23,15,3,8,6,6,0,0,0.13043478260869565,0.34782608695652173,0.2608695652173913,0.2608695652173913,0.0,0.0,0.6521739130434783,0.0
32001,CENTRAL,ES,Sudeste,2008,22,0,19,22,22,15,0,10,6,4,2,0,0.0,0.45454545454545453,0.2727272727272727,0.18181818181818182,0.09090909090909091,0.0,0.6818181818181818,0.09090909090909091
32001,CENTRAL,ES,Sudeste,2009,33,0,30,33,33,20,2,11,6,8,5,1,0.06060606060606061,0.3333333333333333,0.18181818181818182,0.24242424242424243,0.15151515151515152,0.030303030303030304,0.6060606060606061,0.18181818181818182
32001,CENTRAL,ES,Sudeste,2010,81,0,76,81,81,50,7,21,23,21,5,4,0.08641975308641975,0.25925925925925924,0.2839506172839506,0.25925925925925924,0.06172839506172839,0.04938271604938271,0.6172839506172839,0.1111111111111111
32001,CENTRAL,ES,Sudeste,2011,61,0,57,61,61,35,8,19,16,15,1,2,0.13114754098360656,0.3114754098360656,0.26229508196721313,0.2459016393442623,0.01639344262295082,0.03278688524590164,0.5737704918032787,0.04918032786885246
32001,CENTRAL,ES,Sudeste,2012,42,0,39,42,42,26,6,12,8,8,5,3,0.14285714285714285,0.2857142857142857,0.19047619047619047,0.19047619047619047,0.11904761904761904,0.07142857142857142,0.6190476190476191,0.19047619047619047
32001,CENTRAL,ES,Sudeste,2013,18,0,17,18,18,11,3,5,3,7,0,0,0.16666666666666666,0.2777777777777778,0.16666666666666666,0.3888888888888889,0.0,0.0,0.6111111111111112,0.0
32001,CENTRAL,ES,Sudeste,2014,23,0,23,23,23,12,1,8,4,6,2,2,0.043478260869565216,0.34782608695652173,0.17391304347826086,0.2608695652173913,0.08695652173913043,0.08695652173913043,0.5217391304347826,0.17391304347826086
32001,CENTRAL,ES,Sudeste,2015,10,2,9,10,10,7,1,4,3,0,0,2,0.1,0.4,0.3,0.0,0.0,0.2,0.7,0.2
32001,CENTRAL,ES,Sudeste,2016,9,0,8,9,9,4,0,1,6,1,1,0,0.0,0.1111111111111111,0.6666666666666666,0.1111111111111111,0.1111111111111111,0.0,0.4444444444444444,0.1111111111111111
32001,CENTRAL,ES,Sudeste,2017,4,0,4,4,4,4,0,2,2,0,0,0,0.0,0.5,0.5,0.0,0.0,0.0,1.0,0.0
32001,CENTRAL,ES,Sudeste,2018,8,0,8,8,8,6,0,2,2,3,1,0,0.0,0.25,0.25,0.375,0.125,0.0,0.75,0.125
32001,CENTRAL,ES,Sudeste,2019,7,0,6,7,7,4,2,2,2,1,0,0,0.2857142857142857,0.2857142857142857,0.2857142857142857,0.14285714285714285,0.0,0.0,0.5714285714285714,0.0
32001,CENTRAL,ES,Sudeste,2020,2,0,2,2,2,2,0,0,0,0,0,2,0.0,0.0,0.0,0.0,0.0,1.0,1.0,1.0
32001,CENTRAL,ES,Sudeste,2021,2,0,2,2,2,1,0,1,0,0,1,0,0.0,0.5,0.0,0.0,0.5,0.0,0.5,0.5
32001,CENTRAL,ES,Sudeste,2022,1,0,1,1,1,0,0,0,1,0,0,0,0.0,0.0,1.0,0.0,0.0,0.0,0.0,0.0
32001,CENTRAL,ES,Sudeste,2023,5,0,4,5,5,4,0,2,2,0,1,0,0.0,0.4,0.4,0.0,0.2,0.0,0.8,0.2
32001,CENTRAL,ES,Sudeste,2024,0,0,0,0,0,0,0,0,0,0,0,0,,,,,,,,
32001,CENTRAL,ES,Sudeste,2025,0,0,0,0,0,0,0,0,0,0,0,0,,,,,,,,
32002,METROPOLITANA,ES,Sudeste,2007,52,3,48,52,52,44,5,14,15,11,2,5,0.09615384615384616,0.2692307692307692,0.28846153846153844,0.21153846153846154,0.038461538461538464,0.09615384615384616,0.8461538461538461,0.13461538461538464
32002,METROPOLITANA,ES,Sudeste,2008,70,6,69,70,70,58,5,19,20,17,8,1,0.07142857142857142,0.2714285714285714,0.2857142857142857,0.24285714285714285,0.11428571428571428,0.014285714285714285,0.8285714285714286,0.12857142857142856
32002,METROPOLITANA,ES,Sudeste,2009,89,6,87,89,89,66,13,33,18,21,4,0,0.14606741573033707,0.3707865168539326,0.20224719101123595,0.23595505617977527,0.0449438202247191,0.0,0.7415730337078652,0.0449438202247191
32002,METROPOLITANA,ES,Sudeste,2010,104,2,99,104,104,64,13,39,31,16,1,4,0.125,0.375,0.2980769230769231,0.15384615384615385,0.009615384615384616,0.038461538461538464,0.6153846153846154,0.04807692307692308
32002,METROPOLITANA,ES,Sudeste,2011,124,16,119,124,124,91,8,32,40,30,7,7,0.06451612903225806,0.25806451612903225,0.3225806451612903,0.24193548387096775,0.056451612903225805,0.056451612903225805,0.7338709677419355,0.11290322580645161
32002,METROPOLITANA,ES,Sudeste,2012,112,14,102,112,112,78,12,33,33,22,8,4,0.10714285714285714,0.29464285714285715,0.29464285714285715,0.19642857142857142,0.07142857142857142,0.03571428571428571,0.6964285714285714,0.10714285714285714
32002,METROPOLITANA,ES,Sudeste,2013,74,4,60,74,74,47,14,21,15,19,4,1,0.1891891891891892,0.28378378378378377,0.20270270270270271,0.25675675675675674,0.05405405405405406,0.013513513513513514,0.6351351351351351,0.06756756756756757
32002,METROPOLITANA,ES,Sudeste,2014,162,6,109,162,162,109,26,45,52,31,5,3,0.16049382716049382,0.2777777777777778,0.32098765432098764,0.19135802469135801,0.030864197530864196,0.018518518518518517,0.6728395061728395,0.04938271604938271
32002,METROPOLITANA,ES,Sudeste,2015,36,3,29,36,36,27,7,9,12,6,2,0,0.19444444444444445,0.25,0.3333333333333333,0.16666666666666666,0.05555555555555555,0.0,0.75,0.05555555555555555
32002,METROPOLITANA,ES,Sudeste,2016,30,1,25,30,30,22,3,6,12,7,1,1,0.1,0.2,0.4,0.23333333333333334,0.03333333333333333,0.03333333333333333,0.7333333333333333,0.06666666666666667
32002,METROPOLITANA,ES,Sudeste,2017,51,3,47,51,51,47,10,12,16,9,3,1,0.19607843137254902,0.23529411764705882,0.3137254901960784,0.17647058823529413,0.058823529411764705,0.0196078431372549,0.9215686274509803,0.0784313725490196
32002,METROPOLITANA,ES,Sudeste,2018,37,1,32,37,37,31,5,13,11,6,2,0,0.13513513513513514,0.35135135135135137,0.2972972972972973,0.16216216216216217,0.05405405405405406,0.0,0.8378378378378378,0.05405405405405406
32002,METROPOLITANA,ES,Sudeste,2019,64,1,58,64,64,43,14,12,16,15,4,3,0.21875,0.1875,0.25,0.234375,0.0625,0.046875,0.671875,0.109375
32002,METROPOLITANA,ES,Sudeste,2020,57,0,53,57,57,44,5,17,13,15,4,3,0.08771929824561403,0.2982456140350877,0.22807017543859648,0.2631578947368421,0.07017543859649122,0.05263157894736842,0.7719298245614035,0.12280701754385964
32002,METROPOLITANA,ES,Sudeste,2021,23,2,21,23,23,18,1,7,6,6,2,1,0.043478260869565216,0.30434782608695654,0.2608695652173913,0.2608695652173913,0.08695652173913043,0.043478260869565216,0.782608695652174,0.13043478260869565
32002,METROPOLITANA,ES,Sudeste,2022,35,1,31,35,35,27,1,5,12,12,3,2,0.02857142857142857,0.14285714285714285,0.34285714285714286,0.34285714285714286,0.08571428571428572,0.05714285714285714,0.7714285714285715,0.14285714285714285
32002,METROPOLITANA,ES,Sudeste,2023,43,1,38,43,43,35,5,11,13,10,2,2,0.11627906976744186,0.2558139534883721,0.3023255813953488,0.23255813953488372,0.046511627906976744,0.046511627906976744,0.813953488372093,0.09302325581395349
32002,METROPOLITANA,ES,Sudeste,2024,49,1,34,49,49,40,3,15,15,11,5,0,0.061224489795918366,0.30612244897959184,0.30612244897959184,0.22448979591836735,0.10204081632653061,0.0,0.8163265306122449,0.10204081632653061
32002,METROPOLITANA,ES,Sudeste,2025,44,2,31,44,44,35,2,13,13,12,2,2,0.045454545454545456,0.29545454545454547,0.29545454545454547,0.2727272727272727,0.045454545454545456,0.045454545454545456,0.7954545454545454,0.09090909090909091
32003,NORTE,ES,Sudeste,2007,31,3,31,31,31,21,8,8,6,8,1,0,0.25806451612903225,0.25806451612903225,0.1935483870967742,0.25806451612903225,0.03225806451612903,0.0,0.6774193548387096,0.03225806451612903
32003,NORTE,ES,Sudeste,2008,11,1,10,11,11,5,0,5,3,1,1,1,0.0,0.45454545454545453,0.2727272727272727,0.09090909090909091,0.09090909090909091,0.09090909090909091,0.45454545454545453,0.18181818181818182
32003,NORTE,ES,Sudeste,2009,24,0,22,24,24,19,3,9,9,2,1,0,0.125,0.375,0.375,0.08333333333333333,0.041666666666666664,0.0,0.7916666666666666,0.041666666666666664
32003,NORTE,ES,Sudeste,2010,41,0,38,41,41,27,8,17,8,5,1,2,0.1951219512195122,0.4146341463414634,0.1951219512195122,0.12195121951219512,0.024390243902439025,0.04878048780487805,0.6585365853658537,0.07317073170731708
32003,NORTE,ES,Sudeste,2011,47,0,46,47,47,35,7,9,19,7,2,3,0.14893617021276595,0.19148936170212766,0.40425531914893614,0.14893617021276595,0.0425531914893617,0.06382978723404255,0.7446808510638298,0.10638297872340424
32003,NORTE,ES,Sudeste,2012,30,2,29,30,30,21,3,11,11,4,1,0,0.1,0.36666666666666664,0.36666666666666664,0.13333333333333333,0.03333333333333333,0.0,0.7,0.03333333333333333
32003,NORTE,ES,Sudeste,2013,20,1,19,20,20,15,2,10,6,1,0,1,0.1,0.5,0.3,0.05,0.0,0.05,0.75,0.05
32003,NORTE,ES,Sudeste,2014,7,0,7,7,7,5,0,2,5,0,0,0,0.0,0.2857142857142857,0.7142857142857143,0.0,0.0,0.0,0.7142857142857143,0.0
32003,NORTE,ES,Sudeste,2015,4,0,4,4,4,2,1,0,1,2,0,0,0.25,0.0,0.25,0.5,0.0,0.0,0.5,0.0
32003,NORTE,ES,Sudeste,2016,2,0,2,2,2,1,1,0,1,0,0,0,0.5,0.0,0.5,0.0,0.0,0.0,0.5,0.0
32003,NORTE,ES,Sudeste,2017,3,0,3,3,3,1,0,0,0,3,0,0,0.0,0.0,0.0,1.0,0.0,0.0,0.3333333333333333,0.0
32003,NORTE,ES,Sudeste,2018,4,0,4,4,4,3,0,0,2,0,2,0,0.0,0.0,0.5,0.0,0.5,0.0,0.75,0.5
32003,NORTE,ES,Sudeste,2019,4,0,4,4,4,3,0,1,2,1,0,0,0.0,0.25,0.5,0.25,0.0,0.0,0.75,0.0
32003,NORTE,ES,Sudeste,2020,2,1,1,2,2,2,0,0,0,2,0,0,0.0,0.0,0.0,1.0,0.0,0.0,1.0,0.0
32003,NORTE,ES,Sudeste,2021,2,0,1,2,2,2,1,0,0,1,0,0,0.5,0.0,0.0,0.5,0.0,0.0,1.0,0.0
32003,NORTE,ES,Sudeste,2022,5,0,5,5,5,4,0,2,1,2,0,0,0.0,0.4,0.2,0.4,0.0,0.0,0.8,0.0
32003,NORTE,ES,Sudeste,2023,3,0,3,3,3,2,0,2,0,0,0,1,0.0,0.6666666666666666,0.0,0.0,0.0,0.3333333333333333,0.6666666666666666,0.3333333333333333
32003,NORTE,ES,Sudeste,2024,3,0,3,3,3,3,0,0,2,1,0,0,0.0,0.0,0.6666666666666666,0.3333333333333333,0.0,0.0,1.0,0.0
32003,NORTE,ES,Sudeste,2025,2,0,2,2,2,2,0,1,1,0,0,0,0.0,0.5,0.5,0.0,0.0,0.0,1.0,0.0
32004,SUL,ES,Sudeste,2007,41,0,38,41,41,31,0,16,12,9,2,2,0.0,0.3902439024390244,0.2926829268292683,0.21951219512195122,0.04878048780487805,0.04878048780487805,0.7560975609756098,0.0975609756097561
32004,SUL,ES,Sudeste,2008,37,1,34,37,37,29,2,12,14,8,1,0,0.05405405405405406,0.32432432432432434,0.3783783783783784,0.21621621621621623,0.02702702702702703,0.0,0.7837837837837838,0.02702702702702703
32004,SUL,ES,Sudeste,2009,92,0,88,92,92,74,6,37,24,24,1,0,0.06521739130434782,0.40217391304347827,0.2608695652173913,0.2608695652173913,0.010869565217391304,0.0,0.8043478260869565,0.010869565217391304
32004,SUL,ES,Sudeste,2010,48,1,45,48,48,37,7,13,16,9,2,1,0.14583333333333334,0.2708333333333333,0.3333333333333333,0.1875,0.041666666666666664,0.020833333333333332,0.7708333333333334,0.0625
32004,SUL,ES,Sudeste,2011,63,2,61,63,63,47,1,19,25,12,5,1,0.015873015873015872,0.30158730158730157,0.3968253968253968,0.19047619047619047,0.07936507936507936,0.015873015873015872,0.746031746031746,0.09523809523809523
32004,SUL,ES,Sudeste,2012,53,0,51,53,53,38,3,13,18,15,4,0,0.05660377358490566,0.24528301886792453,0.33962264150943394,0.2830188679245283,0.07547169811320754,0.0,0.7169811320754716,0.07547169811320754
32004,SUL,ES,Sudeste,2013,43,3,43,43,43,31,4,13,16,7,3,0,0.09302325581395349,0.3023255813953488,0.37209302325581395,0.16279069767441862,0.06976744186046512,0.0,0.7209302325581395,0.06976744186046512
32004,SUL,ES,Sudeste,2014,41,2,34,41,41,30,3,8,14,13,3,0,0.07317073170731707,0.1951219512195122,0.34146341463414637,0.3170731707317073,0.07317073170731707,0.0,0.7317073170731707,0.07317073170731707
32004,SUL,ES,Sudeste,2015,24,1,24,24,24,18,0,7,10,4,2,1,0.0,0.2916666666666667,0.4166666666666667,0.16666666666666666,0.08333333333333333,0.041666666666666664,0.75,0.125
32004,SUL,ES,Sudeste,2016,17,0,17,17,17,11,2,3,7,3,1,1,0.11764705882352941,0.17647058823529413,0.4117647058823529,0.17647058823529413,0.058823529411764705,0.058823529411764705,0.6470588235294118,0.11764705882352941
32004,SUL,ES,Sudeste,2017,8,0,8,8,8,7,0,2,5,0,1,0,0.0,0.25,0.625,0.0,0.125,0.0,0.875,0.125
32004,SUL,ES,Sudeste,2018,21,0,21,21,21,18,0,2,6,8,3,2,0.0,0.09523809523809523,0.2857142857142857,0.38095238095238093,0.14285714285714285,0.09523809523809523,0.8571428571428571,0.23809523809523808
32004,SUL,ES,Sudeste,2019,25,0,25,25,25,21,0,8,7,7,1,2,0.0,0.32,0.28,0.28,0.04,0.08,0.84,0.12
32004,SUL,ES,Sudeste,2020,42,1,41,42,42,32,1,10,11,9,8,3,0.023809523809523808,0.23809523809523808,0.2619047619047619,0.21428571428571427,0.19047619047619047,0.07142857142857142,0.7619047619047619,0.26190476190476186
32004,SUL,ES,Sudeste,2021,10,1,8,10,10,10,1,1,4,3,1,0,0.1,0.1,0.4,0.3,0.1,0.0,1.0,0.1
32004,SUL,ES,Sudeste,2022,11,0,11,11,11,11,1,2,2,3,1,2,0.09090909090909091,0.18181818181818182,0.18181818181818182,0.2727272727272727,0.09090909090909091,0.18181818181818182,1.0,0.2727272727272727
32004,SUL,ES,Sudeste,2023,12,0,10,12,12,9,1,1,4,5,0,1,0.08333333333333333,0.08333333333333333,0.3333333333333333,0.4166666666666667,0.0,0.08333333333333333,0.75,0.08333333333333333
32004,SUL,ES,Sudeste,2024,32,0,25,32,32,28,1,6,12,8,4,1,0.03125,0.1875,0.375,0.25,0.125,0.03125,0.875,0.15625
32004,SUL,ES,Sudeste,2025,13,0,9,13,13,13,1,2,5,3,1,1,0.07692307692307693,0.15384615384615385,0.38461538461538464,0.23076923076923078,0.07692307692307693,0.07692307692307693,1.0,0.15384615384615385
33001,BAIA DA ILHA GRANDE,RJ,Sudeste,2007,11,2,10,11,11,8,2,2,5,1,1,0,0.18181818181818182,0.18181818181818182,0.45454545454545453,0.09090909090909091,0.09090909090909091,0.0,0.7272727272727273,0.09090909090909091
33001,BAIA DA ILHA GRANDE,RJ,Sudeste,2008,3,0,2,3,3,3,1,1,0,0,0,1,0.3333333333333333,0.3333333333333333,0.0,0.0,0.0,0.3333333333333333,1.0,0.3333333333333333
33001,BAIA DA ILHA GRANDE,RJ,Sudeste,2009,4,0,3,4,4,4,0,1,3,0,0,0,0.0,0.25,0.75,0.0,0.0,0.0,1.0,0.0
33001,BAIA DA ILHA GRANDE,RJ,Sudeste,2010,6,2,3,6,6,3,0,0,2,4,0,0,0.0,0.0,0.3333333333333333,0.6666666666666666,0.0,0.0,0.5,0.0
33001,BAIA DA ILHA GRANDE,RJ,Sudeste,2011,3,0,3,3,3,3,0,0,3,0,0,0,0.0,0.0,1.0,0.0,0.0,0.0,1.0,0.0
33001,BAIA DA ILHA GRANDE,RJ,Sudeste,2012,2,0,1,2,2,2,0,1,1,0,0,0,0.0,0.5,0.5,0.0,0.0,0.0,1.0,0.0
33001,BAIA DA ILHA GRANDE,RJ,Sudeste,2013,17,2,12,17,17,12,1,3,4,5,4,0,0.058823529411764705,0.17647058823529413,0.23529411764705882,0.29411764705882354,0.23529411764705882,0.0,0.7058823529411765,0.23529411764705882
33001,BAIA DA ILHA GRANDE,RJ,Sudeste,2014,5,1,5,5,5,4,0,4,1,0,0,0,0.0,0.8,0.2,0.0,0.0,0.0,0.8,0.0
33001,BAIA DA ILHA GRANDE,RJ,Sudeste,2015,6,0,5,6,6,5,1,0,1,3,1,0,0.16666666666666666,0.0,0.16666666666666666,0.5,0.16666666666666666,0.0,0.8333333333333334,0.16666666666666666
33001,BAIA DA ILHA GRANDE,RJ,Sudeste,2016,4,0,4,4,4,4,0,1,1,1,0,1,0.0,0.25,0.25,0.25,0.0,0.25,1.0,0.25
33001,BAIA DA ILHA GRANDE,RJ,Sudeste,2017,4,0,4,4,4,3,0,0,3,0,1,0,0.0,0.0,0.75,0.0,0.25,0.0,0.75,0.25
33001,BAIA DA ILHA GRANDE,RJ,Sudeste,2018,19,0,14,19,19,15,1,2,5,7,4,0,0.05263157894736842,0.10526315789473684,0.2631578947368421,0.3684210526315789,0.21052631578947367,0.0,0.7894736842105263,0.21052631578947367
33001,BAIA DA ILHA GRANDE,RJ,Sudeste,2019,5,1,5,5,5,5,0,0,1,4,0,0,0.0,0.0,0.2,0.8,0.0,0.0,1.0,0.0
33001,BAIA DA ILHA GRANDE,RJ,Sudeste,2020,6,0,6,6,6,3,0,2,1,3,0,0,0.0,0.3333333333333333,0.16666666666666666,0.5,0.0,0.0,0.5,0.0
33001,BAIA DA ILHA GRANDE,RJ,Sudeste,2021,4,1,4,4,4,4,0,1,1,1,0,1,0.0,0.25,0.25,0.25,0.0,0.25,1.0,0.25
33001,BAIA DA ILHA GRANDE,RJ,Sudeste,2022,17,2,16,17,17,12,0,5,7,4,1,0,0.0,0.29411764705882354,0.4117647058823529,0.23529411764705882,0.058823529411764705,0.0,0.7058823529411765,0.058823529411764705
33001,BAIA DA ILHA GRANDE,RJ,Sudeste,2023,17,2,16,17,17,12,0,1,5,8,3,0,0.0,0.058823529411764705,0.29411764705882354,0.47058823529411764,0.17647058823529413,0.0,0.7058823529411765,0.17647058823529413
33001,BAIA DA ILHA GRANDE,RJ,Sudeste,2024,7,0,6,7,7,5,1,0,2,3,1,0,0.14285714285714285,0.0,0.2857142857142857,0.42857142857142855,0.14285714285714285,0.0,0.7142857142857143,0.14285714285714285
33001,BAIA DA ILHA GRANDE,RJ,Sudeste,2025,10,1,10,10,10,9,0,2,1,6,1,0,0.0,0.2,0.1,0.6,0.1,0.0,0.9,0.1
33002,BAIXADA LITORANEA,RJ,Sudeste,2007,6,1,6,6,6,4,3,1,2,0,0,0,0.5,0.16666666666666666,0.3333333333333333,0.0,0.0,0.0,0.6666666666666666,0.0
33002,BAIXADA LITORANEA,RJ,Sudeste,2008,3,1,3,3,3,2,0,2,1,0,0,0,0.0,0.6666666666666666,0.3333333333333333,0.0,0.0,0.0,0.6666666666666666,0.0
33002,BAIXADA LITORANEA,RJ,Sudeste,2009,3,1,2,3,3,3,0,2,1,0,0,0,0.0,0.6666666666666666,0.3333333333333333,0.0,0.0,0.0,1.0,0.0
33002,BAIXADA LITORANEA,RJ,Sudeste,2010,0,0,0,0,0,0,0,0,0,0,0,0,,,,,,,,
33002,BAIXADA LITORANEA,RJ,Sudeste,2011,0,0,0,0,0,0,0,0,0,0,0,0,,,,,,,,
33002,BAIXADA LITORANEA,RJ,Sudeste,2012,1,0,0,1,1,1,0,0,1,0,0,0,0.0,0.0,1.0,0.0,0.0,0.0,1.0,0.0
33002,BAIXADA LITORANEA,RJ,Sudeste,2013,3,0,1,3,3,2,0,2,0,1,0,0,0.0,0.6666666666666666,0.0,0.3333333333333333,0.0,0.0,0.6666666666666666,0.0
33002,BAIXADA LITORANEA,RJ,Sudeste,2014,3,1,3,3,3,3,0,1,1,1,0,0,0.0,0.3333333333333333,0.3333333333333333,0.3333333333333333,0.0,0.0,1.0,0.0
33002,BAIXADA LITORANEA,RJ,Sudeste,2015,2,0,2,2,2,1,0,1,0,1,0,0,0.0,0.5,0.0,0.5,0.0,0.0,0.5,0.0
33002,BAIXADA LITORANEA,RJ,Sudeste,2016,2,0,2,2,2,2,0,1,1,0,0,0,0.0,0.5,0.5,0.0,0.0,0.0,1.0,0.0
33002,BAIXADA LITORANEA,RJ,Sudeste,2017,1,0,1,1,1,1,0,0,0,0,1,0,0.0,0.0,0.0,0.0,1.0,0.0,1.0,1.0
33002,BAIXADA LITORANEA,RJ,Sudeste,2018,3,1,2,3,3,3,0,1,1,0,0,1,0.0,0.3333333333333333,0.3333333333333333,0.0,0.0,0.3333333333333333,1.0,0.3333333333333333
33002,BAIXADA LITORANEA,RJ,Sudeste,2019,3,0,3,3,3,2,1,2,0,0,0,0,0.3333333333333333,0.6666666666666666,0.0,0.0,0.0,0.0,0.6666666666666666,0.0
33002,BAIXADA LITORANEA,RJ,Sudeste,2020,1,0,0,1,1,1,0,0,1,0,0,0,0.0,0.0,1.0,0.0,0.0,0.0,1.0,0.0
33002,BAIXADA LITORANEA,RJ,Sudeste,2021,1,0,1,1,1,1,0,1,0,0,0,0,0.0,1.0,0.0,0.0,0.0,0.0,1.0,0.0
33002,BAIXADA LITORANEA,RJ,Sudeste,2022,4,0,3,4,4,2,0,0,3,0,1,0,0.0,0.0,0.75,0.0,0.25,0.0,0.5,0.25
33002,BAIXADA LITORANEA,RJ,Sudeste,2023,16,2,15,16,16,14,2,3,2,4,5,0,0.125,0.1875,0.125,0.25,0.3125,0.0,0.875,0.3125
33002,BAIXADA LITORANEA,RJ,Sudeste,2024,4,1,4,4,4,4,0,0,3,1,0,0,0.0,0.0,0.75,0.25,0.0,0.0,1.0,0.0
33002,BAIXADA LITORANEA,RJ,Sudeste,2025,3,0,2,3,3,2,1,0,0,2,0,0,0.3333333333333333,0.0,0.0,0.6666666666666666,0.0,0.0,0.6666666666666666,0.0
33003,CENTRO-SUL,RJ,Sudeste,2007,6,1,5,6,6,6,0,2,4,0,0,0,0.0,0.3333333333333333,0.6666666666666666,0.0,0.0,0.0,1.0,0.0
33003,CENTRO-SUL,RJ,Sudeste,2008,2,0,2,2,2,2,0,0,2,0,0,0,0.0,0.0,1.0,0.0,0.0,0.0,1.0,0.0
33003,CENTRO-SUL,RJ,Sudeste,2009,5,2,3,5,5,5,1,0,3,1,0,0,0.2,0.0,0.6,0.2,0.0,0.0,1.0,0.0
33003,CENTRO-SUL,RJ,Sudeste,2010,4,0,4,4,4,3,0,0,1,3,0,0,0.0,0.0,0.25,0.75,0.0,0.0,0.75,0.0
33003,CENTRO-SUL,RJ,Sudeste,2011,10,0,10,10,10,8,0,2,3,5,0,0,0.0,0.2,0.3,0.5,0.0,0.0,0.8,0.0
33003,CENTRO-SUL,RJ,Sudeste,2012,3,2,3,3,3,1,1,0,1,1,0,0,0.3333333333333333,0.0,0.3333333333333333,0.3333333333333333,0.0,0.0,0.3333333333333333,0.0
33003,CENTRO-SUL,RJ,Sudeste,2013,1,0,1,1,1,1,0,1,0,0,0,0,0.0,1.0,0.0,0.0,0.0,0.0,1.0,0.0
33003,CENTRO-SUL,RJ,Sudeste,2014,2,1,2,2,2,2,1,0,0,1,0,0,0.5,0.0,0.0,0.5,0.0,0.0,1.0,0.0
33003,CENTRO-SUL,RJ,Sudeste,2015,2,0,2,2,2,2,0,1,0,1,0,0,0.0,0.5,0.0,0.5,0.0,0.0,1.0,0.0
33003,CENTRO-SUL,RJ,Sudeste,2016,0,0,0,0,0,0,0,0,0,0,0,0,,,,,,,,
33003,CENTRO-SUL,RJ,Sudeste,2017,4,0,4,4,4,3,1,0,2,1,0,0,0.25,0.0,0.5,0.25,0.0,0.0,0.75,0.0
33003,CENTRO-SUL,RJ,Sudeste,2018,4,2,4,4,4,4,0,1,2,1,0,0,0.0,0.25,0.5,0.25,0.0,0.0,1.0,0.0
33003,CENTRO-SUL,RJ,Sudeste,2019,7,0,6,7,7,2,0,1,1,3,1,1,0.0,0.14285714285714285,0.14285714285714285,0.42857142857142855,0.14285714285714285,0.14285714285714285,0.2857142857142857,0.2857142857142857
33003,CENTRO-SUL,RJ,Sudeste,2020,5,0,3,5,5,5,0,0,2,3,0,0,0.0,0.0,0.4,0.6,0.0,0.0,1.0,0.0
33003,CENTRO-SUL,RJ,Sudeste,2021,7,0,6,7,7,7,0,2,2,1,1,1,0.0,0.2857142857142857,0.2857142857142857,0.14285714285714285,0.14285714285714285,0.14285714285714285,1.0,0.2857142857142857
33003,CENTRO-SUL,RJ,Sudeste,2022,5,1,5,5,5,3,0,0,0,3,1,1,0.0,0.0,0.0,0.6,0.2,0.2,0.6,0.4
33003,CENTRO-SUL,RJ,Sudeste,2023,7,0,6,7,7,6,0,1,3,2,0,1,0.0,0.14285714285714285,0.42857142857142855,0.2857142857142857,0.0,0.14285714285714285,0.8571428571428571,0.14285714285714285
33003,CENTRO-SUL,RJ,Sudeste,2024,23,2,21,23,23,16,1,4,5,7,4,2,0.043478260869565216,0.17391304347826086,0.21739130434782608,0.30434782608695654,0.17391304347826086,0.08695652173913043,0.6956521739130435,0.2608695652173913
33003,CENTRO-SUL,RJ,Sudeste,2025,3,0,3,3,3,3,0,1,1,1,0,0,0.0,0.3333333333333333,0.3333333333333333,0.3333333333333333,0.0,0.0,1.0,0.0
33004,MEDIO PARAIBA,RJ,Sudeste,2007,31,2,28,31,31,24,2,7,12,7,2,1,0.06451612903225806,0.22580645161290322,0.3870967741935484,0.22580645161290322,0.06451612903225806,0.03225806451612903,0.7741935483870968,0.0967741935483871
33004,MEDIO PARAIBA,RJ,Sudeste,2008,22,2,19,22,22,17,0,6,6,6,3,1,0.0,0.2727272727272727,0.2727272727272727,0.2727272727272727,0.13636363636363635,0.045454545454545456,0.7727272727272727,0.18181818181818182
33004,MEDIO PARAIBA,RJ,Sudeste,2009,27,2,21,27,27,24,3,8,5,7,4,0,0.1111111111111111,0.2962962962962963,0.18518518518518517,0.25925925925925924,0.14814814814814814,0.0,0.8888888888888888,0.14814814814814814
33004,MEDIO PARAIBA,RJ,Sudeste,2010,21,4,21,21,21,19,0,2,9,5,4,1,0.0,0.09523809523809523,0.42857142857142855,0.23809523809523808,0.19047619047619047,0.047619047619047616,0.9047619047619048,0.23809523809523808
33004,MEDIO PARAIBA,RJ,Sudeste,2011,21,2,18,21,21,16,2,3,7,4,2,3,0.09523809523809523,0.14285714285714285,0.3333333333333333,0.19047619047619047,0.09523809523809523,0.14285714285714285,0.7619047619047619,0.23809523809523808
33004,MEDIO PARAIBA,RJ,Sudeste,2012,18,2,18,18,18,16,1,9,4,2,2,0,0.05555555555555555,0.5,0.2222222222222222,0.1111111111111111,0.1111111111111111,0.0,0.8888888888888888,0.1111111111111111
33004,MEDIO PARAIBA,RJ,Sudeste,2013,27,6,20,27,27,19,1,7,7,7,2,3,0.037037037037037035,0.25925925925925924,0.25925925925925924,0.25925925925925924,0.07407407407407407,0.1111111111111111,0.7037037037037037,0.18518518518518517
33004,MEDIO PARAIBA,RJ,Sudeste,2014,14,2,14,14,14,11,2,3,2,5,1,1,0.14285714285714285,0.21428571428571427,0.14285714285714285,0.35714285714285715,0.07142857142857142,0.07142857142857142,0.7857142857142857,0.14285714285714285
33004,MEDIO PARAIBA,RJ,Sudeste,2015,9,4,9,9,9,6,0,1,2,4,2,0,0.0,0.1111111111111111,0.2222222222222222,0.4444444444444444,0.2222222222222222,0.0,0.6666666666666666,0.2222222222222222
33004,MEDIO PARAIBA,RJ,Sudeste,2016,13,0,13,13,13,13,0,4,6,3,0,0,0.0,0.3076923076923077,0.46153846153846156,0.23076923076923078,0.0,0.0,1.0,0.0
33004,MEDIO PARAIBA,RJ,Sudeste,2017,11,2,11,11,11,10,0,1,5,3,2,0,0.0,0.09090909090909091,0.45454545454545453,0.2727272727272727,0.18181818181818182,0.0,0.9090909090909091,0.18181818181818182
33004,MEDIO PARAIBA,RJ,Sudeste,2018,24,4,22,24,24,21,3,5,5,10,1,0,0.125,0.20833333333333334,0.20833333333333334,0.4166666666666667,0.041666666666666664,0.0,0.875,0.041666666666666664
33004,MEDIO PARAIBA,RJ,Sudeste,2019,25,3,25,25,25,20,0,8,8,6,2,1,0.0,0.32,0.32,0.24,0.08,0.04,0.8,0.12
33004,MEDIO PARAIBA,RJ,Sudeste,2020,7,1,7,7,7,5,1,0,1,3,1,1,0.14285714285714285,0.0,0.14285714285714285,0.42857142857142855,0.14285714285714285,0.14285714285714285,0.7142857142857143,0.2857142857142857
33004,MEDIO PARAIBA,RJ,Sudeste,2021,14,3,13,14,14,12,1,4,3,3,2,1,0.07142857142857142,0.2857142857142857,0.21428571428571427,0.21428571428571427,0.14285714285714285,0.07142857142857142,0.8571428571428571,0.21428571428571427
33004,MEDIO PARAIBA,RJ,Sudeste,2022,18,0,17,18,18,17,1,4,4,7,0,2,0.05555555555555555,0.2222222222222222,0.2222222222222222,0.3888888888888889,0.0,0.1111111111111111,0.9444444444444444,0.1111111111111111
33004,MEDIO PARAIBA,RJ,Sudeste,2023,44,6,38,44,44,34,3,8,13,11,8,1,0.06818181818181818,0.18181818181818182,0.29545454545454547,0.25,0.18181818181818182,0.022727272727272728,0.7727272727272727,0.20454545454545456
33004,MEDIO PARAIBA,RJ,Sudeste,2024,20,3,18,20,20,13,0,4,8,4,4,0,0.0,0.2,0.4,0.2,0.2,0.0,0.65,0.2
33004,MEDIO PARAIBA,RJ,Sudeste,2025,16,1,14,16,16,11,1,0,7,5,3,0,0.0625,0.0,0.4375,0.3125,0.1875,0.0,0.6875,0.1875
33005,METROPOLITANA I,RJ,Sudeste,2007,89,21,68,89,89,65,6,29,18,29,4,3,0.06741573033707865,0.3258426966292135,0.20224719101123595,0.3258426966292135,0.0449438202247191,0.033707865168539325,0.7303370786516854,0.07865168539325842
33005,METROPOLITANA I,RJ,Sudeste,2008,104,23,91,104,104,92,4,30,34,31,4,1,0.038461538461538464,0.28846153846153844,0.3269230769230769,0.2980769230769231,0.038461538461538464,0.009615384615384616,0.8846153846153846,0.04807692307692308
33005,METROPOLITANA I,RJ,Sudeste,2009,133,21,118,133,133,113,7,34,42,34,9,7,0.05263157894736842,0.2556390977443609,0.3157894736842105,0.2556390977443609,0.06766917293233082,0.05263157894736842,0.849624060150376,0.12030075187969924
33005,METROPOLITANA I,RJ,Sudeste,2010,139,32,124,139,139,114,18,41,38,27,12,3,0.12949640287769784,0.2949640287769784,0.2733812949640288,0.19424460431654678,0.08633093525179857,0.02158273381294964,0.8201438848920863,0.10791366906474821
33005,METROPOLITANA I,RJ,Sudeste,2011,87,18,78,87,87,70,7,23,28,21,6,2,0.08045977011494253,0.26436781609195403,0.3218390804597701,0.2413793103448276,0.06896551724137931,0.022988505747126436,0.8045977011494253,0.09195402298850575
33005,METROPOLITANA I,RJ,Sudeste,2012,79,16,78,79,79,64,10,15,25,20,6,3,0.12658227848101267,0.189873417721519,0.31645569620253167,0.25316455696202533,0.0759493670886076,0.0379746835443038,0.810126582278481,0.11392405063291139
33005,METROPOLITANA I,RJ,Sudeste,2013,108,16,95,108,108,93,5,36,24,35,2,6,0.046296296296296294,0.3333333333333333,0.2222222222222222,0.32407407407407407,0.018518518518518517,0.05555555555555555,0.8611111111111112,0.07407407407407407
33005,METROPOLITANA I,RJ,Sudeste,2014,64,19,55,64,64,54,3,15,19,19,6,2,0.046875,0.234375,0.296875,0.296875,0.09375,0.03125,0.84375,0.125
33005,METROPOLITANA I,RJ,Sudeste,2015,62,12,57,62,62,54,1,14,13,23,8,3,0.016129032258064516,0.22580645161290322,0.20967741935483872,0.3709677419354839,0.12903225806451613,0.04838709677419355,0.8709677419354839,0.1774193548387097
33005,METROPOLITANA I,RJ,Sudeste,2016,79,17,70,79,79,70,5,25,20,19,7,3,0.06329113924050633,0.31645569620253167,0.25316455696202533,0.24050632911392406,0.08860759493670886,0.0379746835443038,0.8860759493670886,0.12658227848101267
33005,METROPOLITANA I,RJ,Sudeste,2017,90,16,81,90,90,76,4,18,27,31,9,1,0.044444444444444446,0.2,0.3,0.34444444444444444,0.1,0.011111111111111112,0.8444444444444444,0.11111111111111112
33005,METROPOLITANA I,RJ,Sudeste,2018,104,23,90,104,104,86,2,22,23,43,12,2,0.019230769230769232,0.21153846153846154,0.22115384615384615,0.41346153846153844,0.11538461538461539,0.019230769230769232,0.8269230769230769,0.13461538461538464
33005,METROPOLITANA I,RJ,Sudeste,2019,116,22,105,116,116,102,3,22,38,29,20,4,0.02586206896551724,0.1896551724137931,0.3275862068965517,0.25,0.1724137931034483,0.034482758620689655,0.8793103448275862,0.20689655172413796
33005,METROPOLITANA I,RJ,Sudeste,2020,59,16,54,59,59,50,3,13,15,19,8,1,0.05084745762711865,0.22033898305084745,0.2542372881355932,0.3220338983050847,0.13559322033898305,0.01694915254237288,0.847457627118644,0.15254237288135594
33005,METROPOLITANA I,RJ,Sudeste,2021,42,3,38,42,42,41,2,16,10,10,4,0,0.047619047619047616,0.38095238095238093,0.23809523809523808,0.23809523809523808,0.09523809523809523,0.0,0.9761904761904762,0.09523809523809523
33005,METROPOLITANA I,RJ,Sudeste,2022,183,19,159,183,183,140,12,50,48,47,16,10,0.06557377049180328,0.273224043715847,0.26229508196721313,0.2568306010928962,0.08743169398907104,0.0546448087431694,0.7650273224043715,0.14207650273224043
33005,METROPOLITANA I,RJ,Sudeste,2023,126,12,112,126,126,110,8,27,37,33,19,2,0.06349206349206349,0.21428571428571427,0.29365079365079366,0.2619047619047619,0.15079365079365079,0.015873015873015872,0.873015873015873,0.16666666666666666
33005,METROPOLITANA I,RJ,Sudeste,2024,198,26,159,198,198,164,6,37,51,64,29,11,0.030303030303030304,0.18686868686868688,0.25757575757575757,0.32323232323232326,0.14646464646464646,0.05555555555555555,0.8282828282828283,0.20202020202020202
33005,METROPOLITANA I,RJ,Sudeste,2025,85,14,79,85,85,71,1,21,23,23,13,4,0.011764705882352941,0.24705882352941178,0.27058823529411763,0.27058823529411763,0.15294117647058825,0.047058823529411764,0.8352941176470589,0.2
33006,METROPOLITANA II,RJ,Sudeste,2007,44,12,26,44,44,39,3,14,12,10,3,2,0.06818181818181818,0.3181818181818182,0.2727272727272727,0.22727272727272727,0.06818181818181818,0.045454545454545456,0.8863636363636364,0.11363636363636363
33006,METROPOLITANA II,RJ,Sudeste,2008,70,19,42,70,70,46,4,17,21,22,3,3,0.05714285714285714,0.24285714285714285,0.3,0.3142857142857143,0.04285714285714286,0.04285714285714286,0.6571428571428571,0.08571428571428572
33006,METROPOLITANA II,RJ,Sudeste,2009,58,9,43,58,58,35,4,26,14,11,3,0,0.06896551724137931,0.4482758620689655,0.2413793103448276,0.1896551724137931,0.05172413793103448,0.0,0.603448275862069,0.05172413793103448
33006,METROPOLITANA II,RJ,Sudeste,2010,73,13,53,73,73,56,1,29,20,14,6,3,0.0136986301369863,0.3972602739726027,0.273972602739726,0.1917808219178082,0.0821917808219178,0.0410958904109589,0.7671232876712328,0.1232876712328767
33006,METROPOLITANA II,RJ,Sudeste,2011,26,5,20,26,26,17,0,8,8,8,0,2,0.0,0.3076923076923077,0.3076923076923077,0.3076923076923077,0.0,0.07692307692307693,0.6538461538461539,0.07692307692307693
33006,METROPOLITANA II,RJ,Sudeste,2012,25,4,19,25,25,18,1,8,6,6,3,1,0.04,0.32,0.24,0.24,0.12,0.04,0.72,0.16
33006,METROPOLITANA II,RJ,Sudeste,2013,32,5,26,32,32,20,1,12,7,10,1,1,0.03125,0.375,0.21875,0.3125,0.03125,0.03125,0.625,0.0625
33006,METROPOLITANA II,RJ,Sudeste,2014,27,7,21,27,27,22,3,8,3,9,4,0,0.1111111111111111,0.2962962962962963,0.1111111111111111,0.3333333333333333,0.14814814814814814,0.0,0.8148148148148148,0.14814814814814814
33006,METROPOLITANA II,RJ,Sudeste,2015,17,5,14,17,17,12,1,2,4,4,4,2,0.058823529411764705,0.11764705882352941,0.23529411764705882,0.23529411764705882,0.23529411764705882,0.11764705882352941,0.7058823529411765,0.3529411764705882
33006,METROPOLITANA II,RJ,Sudeste,2016,31,6,20,31,31,24,0,6,10,9,6,0,0.0,0.1935483870967742,0.3225806451612903,0.2903225806451613,0.1935483870967742,0.0,0.7741935483870968,0.1935483870967742
33006,METROPOLITANA II,RJ,Sudeste,2017,19,5,14,19,19,14,0,4,4,7,3,1,0.0,0.21052631578947367,0.21052631578947367,0.3684210526315789,0.15789473684210525,0.05263157894736842,0.7368421052631579,0.21052631578947367
33006,METROPOLITANA II,RJ,Sudeste,2018,30,2,28,30,30,27,0,5,7,14,3,1,0.0,0.16666666666666666,0.23333333333333334,0.4666666666666667,0.1,0.03333333333333333,0.9,0.13333333333333333
33006,METROPOLITANA II,RJ,Sudeste,2019,22,4,22,22,22,20,1,4,5,7,4,1,0.045454545454545456,0.18181818181818182,0.22727272727272727,0.3181818181818182,0.18181818181818182,0.045454545454545456,0.9090909090909091,0.2272727272727273
33006,METROPOLITANA II,RJ,Sudeste,2020,17,2,14,17,17,15,0,5,4,6,2,0,0.0,0.29411764705882354,0.23529411764705882,0.35294117647058826,0.11764705882352941,0.0,0.8823529411764706,0.11764705882352941
33006,METROPOLITANA II,RJ,Sudeste,2021,8,3,7,8,8,6,0,3,0,4,1,0,0.0,0.375,0.0,0.5,0.125,0.0,0.75,0.125
33006,METROPOLITANA II,RJ,Sudeste,2022,16,4,14,16,16,15,0,7,2,5,0,2,0.0,0.4375,0.125,0.3125,0.0,0.125,0.9375,0.125
33006,METROPOLITANA II,RJ,Sudeste,2023,42,6,39,42,42,33,3,9,15,11,3,1,0.07142857142857142,0.21428571428571427,0.35714285714285715,0.2619047619047619,0.07142857142857142,0.023809523809523808,0.7857142857142857,0.09523809523809523
33006,METROPOLITANA II,RJ,Sudeste,2024,20,3,17,20,20,18,0,5,5,6,3,1,0.0,0.25,0.25,0.3,0.15,0.05,0.9,0.2
33006,METROPOLITANA II,RJ,Sudeste,2025,8,0,7,8,8,7,0,2,3,3,0,0,0.0,0.25,0.375,0.375,0.0,0.0,0.875,0.0
33007,NOROESTE,RJ,Sudeste,2007,11,3,10,11,11,8,2,1,5,3,0,0,0.18181818181818182,0.09090909090909091,0.45454545454545453,0.2727272727272727,0.0,0.0,0.7272727272727273,0.0
33007,NOROESTE,RJ,Sudeste,2008,18,7,17,18,18,16,0,13,4,1,0,0,0.0,0.7222222222222222,0.2222222222222222,0.05555555555555555,0.0,0.0,0.8888888888888888,0.0
33007,NOROESTE,RJ,Sudeste,2009,29,2,29,29,29,25,3,10,8,5,3,0,0.10344827586206896,0.3448275862068966,0.27586206896551724,0.1724137931034483,0.10344827586206896,0.0,0.8620689655172413,0.10344827586206896
33007,NOROESTE,RJ,Sudeste,2010,18,4,17,18,18,15,0,4,6,6,2,0,0.0,0.2222222222222222,0.3333333333333333,0.3333333333333333,0.1111111111111111,0.0,0.8333333333333334,0.1111111111111111
33007,NOROESTE,RJ,Sudeste,2011,12,1,12,12,12,8,0,2,7,2,1,0,0.0,0.16666666666666666,0.5833333333333334,0.16666666666666666,0.08333333333333333,0.0,0.6666666666666666,0.08333333333333333
33007,NOROESTE,RJ,Sudeste,2012,11,0,11,11,11,7,3,3,2,1,2,0,0.2727272727272727,0.2727272727272727,0.18181818181818182,0.09090909090909091,0.18181818181818182,0.0,0.6363636363636364,0.18181818181818182
33007,NOROESTE,RJ,Sudeste,2013,9,1,8,9,9,6,1,4,1,3,0,0,0.1111111111111111,0.4444444444444444,0.1111111111111111,0.3333333333333333,0.0,0.0,0.6666666666666666,0.0
33007,NOROESTE,RJ,Sudeste,2014,13,3,10,13,13,9,0,4,4,4,0,1,0.0,0.3076923076923077,0.3076923076923077,0.3076923076923077,0.0,0.07692307692307693,0.6923076923076923,0.07692307692307693
33007,NOROESTE,RJ,Sudeste,2015,8,1,7,8,8,6,0,1,4,2,1,0,0.0,0.125,0.5,0.25,0.125,0.0,0.75,0.125
33007,NOROESTE,RJ,Sudeste,2016,14,6,12,14,14,13,1,4,3,5,1,0,0.07142857142857142,0.2857142857142857,0.21428571428571427,0.35714285714285715,0.07142857142857142,0.0,0.9285714285714286,0.07142857142857142
33007,NOROESTE,RJ,Sudeste,2017,10,2,8,10,10,9,1,5,0,3,1,0,0.1,0.5,0.0,0.3,0.1,0.0,0.9,0.1
33007,NOROESTE,RJ,Sudeste,2018,9,2,6,9,9,8,0,1,4,3,0,1,0.0,0.1111111111111111,0.4444444444444444,0.3333333333333333,0.0,0.1111111111111111,0.8888888888888888,0.1111111111111111
33007,NOROESTE,RJ,Sudeste,2019,18,8,15,18,18,16,0,5,5,4,2,2,0.0,0.2777777777777778,0.2777777777777778,0.2222222222222222,0.1111111111111111,0.1111111111111111,0.8888888888888888,0.2222222222222222
33007,NOROESTE,RJ,Sudeste,2020,7,1,4,7,7,7,0,3,1,3,0,0,0.0,0.42857142857142855,0.14285714285714285,0.42857142857142855,0.0,0.0,1.0,0.0
33007,NOROESTE,RJ,Sudeste,2021,13,2,7,13,13,12,0,3,5,3,1,1,0.0,0.23076923076923078,0.38461538461538464,0.23076923076923078,0.07692307692307693,0.07692307692307693,0.9230769230769231,0.15384615384615385
33007,NOROESTE,RJ,Sudeste,2022,7,1,4,7,7,7,0,1,2,3,1,0,0.0,0.14285714285714285,0.2857142857142857,0.42857142857142855,0.14285714285714285,0.0,1.0,0.14285714285714285
33007,NOROESTE,RJ,Sudeste,2023,13,0,12,13,13,12,0,2,3,6,1,1,0.0,0.15384615384615385,0.23076923076923078,0.46153846153846156,0.07692307692307693,0.07692307692307693,0.9230769230769231,0.15384615384615385
33007,NOROESTE,RJ,Sudeste,2024,15,1,10,15,15,12,1,1,7,4,2,0,0.06666666666666667,0.06666666666666667,0.4666666666666667,0.26666666666666666,0.13333333333333333,0.0,0.8,0.13333333333333333
33007,NOROESTE,RJ,Sudeste,2025,5,0,3,5,5,5,0,1,2,2,0,0,0.0,0.2,0.4,0.4,0.0,0.0,1.0,0.0
33008,NORTE,RJ,Sudeste,2007,7,0,6,7,7,5,1,1,1,4,0,0,0.14285714285714285,0.14285714285714285,0.14285714285714285,0.5714285714285714,0.0,0.0,0.7142857142857143,0.0
33008,NORTE,RJ,Sudeste,2008,35,9,34,35,35,29,3,3,15,10,4,0,0.08571428571428572,0.08571428571428572,0.42857142857142855,0.2857142857142857,0.11428571428571428,0.0,0.8285714285714286,0.11428571428571428
33008,NORTE,RJ,Sudeste,2009,23,8,22,23,23,21,0,10,4,7,1,1,0.0,0.43478260869565216,0.17391304347826086,0.30434782608695654,0.043478260869565216,0.043478260869565216,0.9130434782608695,0.08695652173913043
33008,NORTE,RJ,Sudeste,2010,9,2,9,9,9,8,2,3,0,4,0,0,0.2222222222222222,0.3333333333333333,0.0,0.4444444444444444,0.0,0.0,0.8888888888888888,0.0
33008,NORTE,RJ,Sudeste,2011,17,5,17,17,17,16,1,3,9,4,0,0,0.058823529411764705,0.17647058823529413,0.5294117647058824,0.23529411764705882,0.0,0.0,0.9411764705882353,0.0
33008,NORTE,RJ,Sudeste,2012,12,3,11,12,12,9,1,1,2,7,0,1,0.08333333333333333,0.08333333333333333,0.16666666666666666,0.5833333333333334,0.0,0.08333333333333333,0.75,0.08333333333333333
33008,NORTE,RJ,Sudeste,2013,8,3,7,8,8,5,0,2,1,1,1,3,0.0,0.25,0.125,0.125,0.125,0.375,0.625,0.5
33008,NORTE,RJ,Sudeste,2014,13,2,13,13,13,11,1,3,1,4,4,0,0.07692307692307693,0.23076923076923078,0.07692307692307693,0.3076923076923077,0.3076923076923077,0.0,0.8461538461538461,0.3076923076923077
33008,NORTE,RJ,Sudeste,2015,12,0,7,12,12,9,0,2,6,4,0,0,0.0,0.16666666666666666,0.5,0.3333333333333333,0.0,0.0,0.75,0.0
33008,NORTE,RJ,Sudeste,2016,7,0,6,7,7,5,0,1,3,3,0,0,0.0,0.14285714285714285,0.42857142857142855,0.42857142857142855,0.0,0.0,0.7142857142857143,0.0
33008,NORTE,RJ,Sudeste,2017,9,2,8,9,9,7,0,4,5,0,0,0,0.0,0.4444444444444444,0.5555555555555556,0.0,0.0,0.0,0.7777777777777778,0.0
33008,NORTE,RJ,Sudeste,2018,14,2,10,14,14,13,0,6,2,3,0,3,0.0,0.42857142857142855,0.14285714285714285,0.21428571428571427,0.0,0.21428571428571427,0.9285714285714286,0.21428571428571427
33008,NORTE,RJ,Sudeste,2019,7,2,6,7,7,6,0,1,1,2,3,0,0.0,0.14285714285714285,0.14285714285714285,0.2857142857142857,0.42857142857142855,0.0,0.8571428571428571,0.42857142857142855
33008,NORTE,RJ,Sudeste,2020,3,0,1,3,3,2,0,1,2,0,0,0,0.0,0.3333333333333333,0.6666666666666666,0.0,0.0,0.0,0.6666666666666666,0.0
33008,NORTE,RJ,Sudeste,2021,4,1,4,4,4,4,0,1,2,1,0,0,0.0,0.25,0.5,0.25,0.0,0.0,1.0,0.0
33008,NORTE,RJ,Sudeste,2022,8,1,8,8,8,6,1,1,1,4,0,1,0.125,0.125,0.125,0.5,0.0,0.125,0.75,0.125
33008,NORTE,RJ,Sudeste,2023,13,2,12,13,13,9,1,3,6,3,0,0,0.07692307692307693,0.23076923076923078,0.46153846153846156,0.23076923076923078,0.0,0.0,0.6923076923076923,0.0
33008,NORTE,RJ,Sudeste,2024,18,4,16,18,18,16,1,4,2,7,3,1,0.05555555555555555,0.2222222222222222,0.1111111111111111,0.3888888888888889,0.16666666666666666,0.05555555555555555,0.8888888888888888,0.2222222222222222
33008,NORTE,RJ,Sudeste,2025,11,4,11,11,11,11,0,1,2,7,0,1,0.0,0.09090909090909091,0.18181818181818182,0.6363636363636364,0.0,0.09090909090909091,1.0,0.09090909090909091
33009,SERRANA,RJ,Sudeste,2007,41,5,39,41,41,32,4,10,16,10,1,0,0.0975609756097561,0.24390243902439024,0.3902439024390244,0.24390243902439024,0.024390243902439025,0.0,0.7804878048780488,0.024390243902439025
33009,SERRANA,RJ,Sudeste,2008,29,4,13,29,29,28,2,9,9,6,3,0,0.06896551724137931,0.3103448275862069,0.3103448275862069,0.20689655172413793,0.10344827586206896,0.0,0.9655172413793104,0.10344827586206896
33009,SERRANA,RJ,Sudeste,2009,29,5,24,29,29,22,2,9,7,7,4,0,0.06896551724137931,0.3103448275862069,0.2413793103448276,0.2413793103448276,0.13793103448275862,0.0,0.7586206896551724,0.13793103448275862
33009,SERRANA,RJ,Sudeste,2010,15,2,14,15,15,15,0,1,6,6,1,1,0.0,0.06666666666666667,0.4,0.4,0.06666666666666667,0.06666666666666667,1.0,0.13333333333333333
33009,SERRANA,RJ,Sudeste,2011,244,2,188,244,244,146,16,87,81,48,8,4,0.06557377049180328,0.35655737704918034,0.3319672131147541,0.19672131147540983,0.03278688524590164,0.01639344262295082,0.5983606557377049,0.04918032786885246
33009,SERRANA,RJ,Sudeste,2012,35,4,33,35,35,32,2,9,12,10,1,1,0.05714285714285714,0.2571428571428571,0.34285714285714286,0.2857142857142857,0.02857142857142857,0.02857142857142857,0.9142857142857143,0.05714285714285714
33009,SERRANA,RJ,Sudeste,2013,30,9,28,30,30,20,3,2,7,14,2,2,0.1,0.06666666666666667,0.23333333333333334,0.4666666666666667,0.06666666666666667,0.06666666666666667,0.6666666666666666,0.13333333333333333
33009,SERRANA,RJ,Sudeste,2014,14,3,12,14,14,13,2,3,3,3,3,0,0.14285714285714285,0.21428571428571427,0.21428571428571427,0.21428571428571427,0.21428571428571427,0.0,0.9285714285714286,0.21428571428571427
33009,SERRANA,RJ,Sudeste,2015,18,0,15,18,18,17,0,2,5,9,1,1,0.0,0.1111111111111111,0.2777777777777778,0.5,0.05555555555555555,0.05555555555555555,0.9444444444444444,0.1111111111111111
33009,SERRANA,RJ,Sudeste,2016,16,4,15,16,16,13,0,3,4,7,1,1,0.0,0.1875,0.25,0.4375,0.0625,0.0625,0.8125,0.125
33009,SERRANA,RJ,Sudeste,2017,18,2,17,18,18,17,0,7,6,4,0,1,0.0,0.3888888888888889,0.3333333333333333,0.2222222222222222,0.0,0.05555555555555555,0.9444444444444444,0.05555555555555555
33009,SERRANA,RJ,Sudeste,2018,32,1,18,32,32,26,1,4,9,13,2,3,0.03125,0.125,0.28125,0.40625,0.0625,0.09375,0.8125,0.15625
33009,SERRANA,RJ,Sudeste,2019,19,1,17,19,19,18,0,6,6,3,3,1,0.0,0.3157894736842105,0.3157894736842105,0.15789473684210525,0.15789473684210525,0.05263157894736842,0.9473684210526315,0.21052631578947367
33009,SERRANA,RJ,Sudeste,2020,11,1,7,11,11,10,0,3,2,4,0,2,0.0,0.2727272727272727,0.18181818181818182,0.36363636363636365,0.0,0.18181818181818182,0.9090909090909091,0.18181818181818182
33009,SERRANA,RJ,Sudeste,2021,11,2,9,11,11,11,0,2,3,4,1,1,0.0,0.18181818181818182,0.2727272727272727,0.36363636363636365,0.09090909090909091,0.09090909090909091,1.0,0.18181818181818182
33009,SERRANA,RJ,Sudeste,2022,91,2,80,91,91,67,2,23,32,25,9,0,0.02197802197802198,0.25274725274725274,0.3516483516483517,0.27472527472527475,0.0989010989010989,0.0,0.7362637362637363,0.0989010989010989
33009,SERRANA,RJ,Sudeste,2023,26,2,23,26,26,19,2,6,4,7,4,3,0.07692307692307693,0.23076923076923078,0.15384615384615385,0.2692307692307692,0.15384615384615385,0.11538461538461539,0.7307692307692307,0.2692307692307693
33009,SERRANA,RJ,Sudeste,2024,32,3,30,32,32,25,1,7,9,12,1,2,0.03125,0.21875,0.28125,0.375,0.03125,0.0625,0.78125,0.09375
33009,SERRANA,RJ,Sudeste,2025,25,3,25,25,25,18,0,4,9,6,5,1,0.0,0.16,0.36,0.24,0.2,0.04,0.72,0.24000000000000002
35011,ALTO DO TIETE,SP,Sudeste,2007,162,14,154,162,162,96,17,63,49,23,5,5,0.10493827160493827,0.3888888888888889,0.30246913580246915,0.1419753086419753,0.030864197530864196,0.030864197530864196,0.5925925925925926,0.06172839506172839
35011,ALTO DO TIETE,SP,Sudeste,2008,92,15,90,92,92,65,5,34,27,20,6,0,0.05434782608695652,0.3695652173913043,0.29347826086956524,0.21739130434782608,0.06521739130434782,0.0,0.7065217391304348,0.06521739130434782
35011,ALTO DO TIETE,SP,Sudeste,2009,95,9,84,95,95,77,7,30,34,18,5,1,0.07368421052631578,0.3157894736842105,0.35789473684210527,0.18947368421052632,0.05263157894736842,0.010526315789473684,0.8105263157894737,0.06315789473684211
35011,ALTO DO TIETE,SP,Sudeste,2010,144,14,122,144,144,113,12,42,49,34,6,1,0.08333333333333333,0.2916666666666667,0.3402777777777778,0.2361111111111111,0.041666666666666664,0.006944444444444444,0.7847222222222222,0.048611111111111105
35011,ALTO DO TIETE,SP,Sudeste,2011,124,8,111,124,124,91,5,49,32,31,5,2,0.04032258064516129,0.3951612903225806,0.25806451612903225,0.25,0.04032258064516129,0.016129032258064516,0.7338709677419355,0.056451612903225805
35011,ALTO DO TIETE,SP,Sudeste,2012,92,12,89,92,92,55,4,36,28,21,1,2,0.043478260869565216,0.391304347826087,0.30434782608695654,0.22826086956521738,0.010869565217391304,0.021739130434782608,0.5978260869565217,0.03260869565217391
35011,ALTO DO TIETE,SP,Sudeste,2013,118,9,101,118,118,87,6,38,35,30,6,3,0.05084745762711865,0.3220338983050847,0.2966101694915254,0.2542372881355932,0.05084745762711865,0.025423728813559324,0.7372881355932204,0.07627118644067797
35011,ALTO DO TIETE,SP,Sudeste,2014,124,10,107,124,124,79,10,51,28,28,7,0,0.08064516129032258,0.4112903225806452,0.22580645161290322,0.22580645161290322,0.056451612903225805,0.0,0.6370967741935484,0.056451612903225805
35011,ALTO DO TIETE,SP,Sudeste,2015,69,8,65,69,69,52,7,21,18,19,4,0,0.10144927536231885,0.30434782608695654,0.2608695652173913,0.2753623188405797,0.057971014492753624,0.0,0.7536231884057971,0.057971014492753624
35011,ALTO DO TIETE,SP,Sudeste,2016,54,9,44,54,54,48,0,17,20,11,4,2,0.0,0.3148148148148148,0.37037037037037035,0.2037037037037037,0.07407407407407407,0.037037037037037035,0.8888888888888888,0.1111111111111111
35011,ALTO DO TIETE,SP,Sudeste,2017,42,14,38,42,42,34,1,13,14,11,3,0,0.023809523809523808,0.30952380952380953,0.3333333333333333,0.2619047619047619,0.07142857142857142,0.0,0.8095238095238095,0.07142857142857142
35011,ALTO DO TIETE,SP,Sudeste,2018,51,12,45,51,51,41,3,16,15,7,3,7,0.058823529411764705,0.3137254901960784,0.29411764705882354,0.13725490196078433,0.058823529411764705,0.13725490196078433,0.803921568627451,0.19607843137254904
35011,ALTO DO TIETE,SP,Sudeste,2019,58,11,48,58,58,52,2,16,14,18,4,4,0.034482758620689655,0.27586206896551724,0.2413793103448276,0.3103448275862069,0.06896551724137931,0.06896551724137931,0.896551724137931,0.13793103448275862
35011,ALTO DO TIETE,SP,Sudeste,2020,30,9,24,30,30,25,3,6,6,11,2,2,0.1,0.2,0.2,0.36666666666666664,0.06666666666666667,0.06666666666666667,0.8333333333333334,0.13333333333333333
35011,ALTO DO TIETE,SP,Sudeste,2021,25,2,21,25,25,23,1,7,6,7,2,2,0.04,0.28,0.24,0.28,0.08,0.08,0.92,0.16
35011,ALTO DO TIETE,SP,Sudeste,2022,35,6,29,35,35,31,0,8,8,15,4,0,0.0,0.22857142857142856,0.22857142857142856,0.42857142857142855,0.11428571428571428,0.0,0.8857142857142857,0.11428571428571428
35011,ALTO DO TIETE,SP,Sudeste,2023,40,6,34,40,40,32,1,11,11,11,5,1,0.025,0.275,0.275,0.275,0.125,0.025,0.8,0.15
35011,ALTO DO TIETE,SP,Sudeste,2024,29,6,24,29,29,25,0,10,10,7,2,0,0.0,0.3448275862068966,0.3448275862068966,0.2413793103448276,0.06896551724137931,0.0,0.8620689655172413,0.06896551724137931
35011,ALTO DO TIETE,SP,Sudeste,2025,43,11,36,43,43,39,1,8,21,13,0,0,0.023255813953488372,0.18604651162790697,0.4883720930232558,0.3023255813953488,0.0,0.0,0.9069767441860465,0.0
35012,FRANCO DA ROCHA,SP,Sudeste,2007,5,0,5,5,5,5,1,1,2,1,0,0,0.2,0.2,0.4,0.2,0.0,0.0,1.0,0.0
35012,FRANCO DA ROCHA,SP,Sudeste,2008,11,2,11,11,11,8,0,4,5,2,0,0,0.0,0.36363636363636365,0.45454545454545453,0.18181818181818182,0.0,0.0,0.7272727272727273,0.0
35012,FRANCO DA ROCHA,SP,Sudeste,2009,17,2,14,17,17,17,0,5,2,9,1,0,0.0,0.29411764705882354,0.11764705882352941,0.5294117647058824,0.058823529411764705,0.0,1.0,0.058823529411764705
35012,FRANCO DA ROCHA,SP,Sudeste,2010,13,1,11,13,13,11,0,5,4,2,0,2,0.0,0.38461538461538464,0.3076923076923077,0.15384615384615385,0.0,0.15384615384615385,0.8461538461538461,0.15384615384615385
35012,FRANCO DA ROCHA,SP,Sudeste,2011,6,0,6,6,6,5,2,3,0,1,0,0,0.3333333333333333,0.5,0.0,0.16666666666666666,0.0,0.0,0.8333333333333334,0.0
35012,FRANCO DA ROCHA,SP,Sudeste,2012,11,2,7,11,11,10,0,2,5,2,2,0,0.0,0.18181818181818182,0.45454545454545453,0.18181818181818182,0.18181818181818182,0.0,0.9090909090909091,0.18181818181818182
35012,FRANCO DA ROCHA,SP,Sudeste,2013,4,3,3,4,4,3,0,2,0,2,0,0,0.0,0.5,0.0,0.5,0.0,0.0,0.75,0.0
35012,FRANCO DA ROCHA,SP,Sudeste,2014,6,0,6,6,6,6,0,2,1,1,2,0,0.0,0.3333333333333333,0.16666666666666666,0.16666666666666666,0.3333333333333333,0.0,1.0,0.3333333333333333
35012,FRANCO DA ROCHA,SP,Sudeste,2015,7,0,6,7,7,5,0,1,3,3,0,0,0.0,0.14285714285714285,0.42857142857142855,0.42857142857142855,0.0,0.0,0.7142857142857143,0.0
35012,FRANCO DA ROCHA,SP,Sudeste,2016,9,1,9,9,9,5,1,2,2,2,2,0,0.1111111111111111,0.2222222222222222,0.2222222222222222,0.2222222222222222,0.2222222222222222,0.0,0.5555555555555556,0.2222222222222222
35012,FRANCO DA ROCHA,SP,Sudeste,2017,10,0,8,10,10,10,1,2,3,1,1,2,0.1,0.2,0.3,0.1,0.1,0.2,1.0,0.30000000000000004
35012,FRANCO DA ROCHA,SP,Sudeste,2018,8,1,8,8,8,8,0,3,3,2,0,0,0.0,0.375,0.375,0.25,0.0,0.0,1.0,0.0
35012,FRANCO DA ROCHA,SP,Sudeste,2019,6,1,5,6,6,5,0,3,1,2,0,0,0.0,0.5,0.16666666666666666,0.3333333333333333,0.0,0.0,0.8333333333333334,0.0
35012,FRANCO DA ROCHA,SP,Sudeste,2020,6,1,6,6,6,5,0,1,2,2,1,0,0.0,0.16666666666666666,0.3333333333333333,0.3333333333333333,0.16666666666666666,0.0,0.8333333333333334,0.16666666666666666
35012,FRANCO DA ROCHA,SP,Sudeste,2021,2,0,2,2,2,2,0,0,2,0,0,0,0.0,0.0,1.0,0.0,0.0,0.0,1.0,0.0
35012,FRANCO DA ROCHA,SP,Sudeste,2022,6,1,6,6,6,5,0,2,3,1,0,0,0.0,0.3333333333333333,0.5,0.16666666666666666,0.0,0.0,0.8333333333333334,0.0
35012,FRANCO DA ROCHA,SP,Sudeste,2023,3,0,3,3,3,3,0,1,0,2,0,0,0.0,0.3333333333333333,0.0,0.6666666666666666,0.0,0.0,1.0,0.0
35012,FRANCO DA ROCHA,SP,Sudeste,2024,4,2,3,4,4,4,0,1,3,0,0,0,0.0,0.25,0.75,0.0,0.0,0.0,1.0,0.0
35012,FRANCO DA ROCHA,SP,Sudeste,2025,6,0,6,6,6,5,1,2,1,2,0,0,0.16666666666666666,0.3333333333333333,0.16666666666666666,0.3333333333333333,0.0,0.0,0.8333333333333334,0.0
35013,MANANCIAIS,SP,Sudeste,2007,18,2,14,18,18,11,1,8,5,2,1,1,0.05555555555555555,0.4444444444444444,0.2777777777777778,0.1111111111111111,0.05555555555555555,0.05555555555555555,0.6111111111111112,0.1111111111111111
35013,MANANCIAIS,SP,Sudeste,2008,13,1,10,13,13,8,0,3,5,5,0,0,0.0,0.23076923076923078,0.38461538461538464,0.38461538461538464,0.0,0.0,0.6153846153846154,0.0
35013,MANANCIAIS,SP,Sudeste,2009,19,3,15,19,19,15,1,6,6,3,1,2,0.05263157894736842,0.3157894736842105,0.3157894736842105,0.15789473684210525,0.05263157894736842,0.10526315789473684,0.7894736842105263,0.15789473684210525
35013,MANANCIAIS,SP,Sudeste,2010,24,3,18,24,24,21,0,7,5,11,1,0,0.0,0.2916666666666667,0.20833333333333334,0.4583333333333333,0.041666666666666664,0.0,0.875,0.041666666666666664
35013,MANANCIAIS,SP,Sudeste,2011,18,0,12,18,18,17,1,1,12,3,1,0,0.05555555555555555,0.05555555555555555,0.6666666666666666,0.16666666666666666,0.05555555555555555,0.0,0.9444444444444444,0.05555555555555555
35013,MANANCIAIS,SP,Sudeste,2012,25,0,17,25,25,25,1,4,11,8,0,1,0.04,0.16,0.44,0.32,0.0,0.04,1.0,0.04
35013,MANANCIAIS,SP,Sudeste,2013,28,2,24,28,28,25,0,7,12,4,2,3,0.0,0.25,0.42857142857142855,0.14285714285714285,0.07142857142857142,0.10714285714285714,0.8928571428571429,0.17857142857142855
35013,MANANCIAIS,SP,Sudeste,2014,21,0,18,21,21,16,0,4,10,7,0,0,0.0,0.19047619047619047,0.47619047619047616,0.3333333333333333,0.0,0.0,0.7619047619047619,0.0
35013,MANANCIAIS,SP,Sudeste,2015,15,2,14,15,15,8,2,2,6,4,0,1,0.13333333333333333,0.13333333333333333,0.4,0.26666666666666666,0.0,0.06666666666666667,0.5333333333333333,0.06666666666666667
35013,MANANCIAIS,SP,Sudeste,2016,24,1,15,24,24,22,0,8,7,6,2,1,0.0,0.3333333333333333,0.2916666666666667,0.25,0.08333333333333333,0.041666666666666664,0.9166666666666666,0.125
35013,MANANCIAIS,SP,Sudeste,2017,21,5,15,21,21,19,1,3,7,8,2,0,0.047619047619047616,0.14285714285714285,0.3333333333333333,0.38095238095238093,0.09523809523809523,0.0,0.9047619047619048,0.09523809523809523
35013,MANANCIAIS,SP,Sudeste,2018,15,1,13,15,15,14,1,6,5,3,0,0,0.06666666666666667,0.4,0.3333333333333333,0.2,0.0,0.0,0.9333333333333333,0.0
35013,MANANCIAIS,SP,Sudeste,2019,19,3,16,19,19,15,0,3,7,7,2,0,0.0,0.15789473684210525,0.3684210526315789,0.3684210526315789,0.10526315789473684,0.0,0.7894736842105263,0.10526315789473684
35013,MANANCIAIS,SP,Sudeste,2020,13,1,12,13,13,12,1,4,3,5,0,0,0.07692307692307693,0.3076923076923077,0.23076923076923078,0.38461538461538464,0.0,0.0,0.9230769230769231,0.0
35013,MANANCIAIS,SP,Sudeste,2021,8,2,7,8,8,4,0,1,2,2,2,1,0.0,0.125,0.25,0.25,0.25,0.125,0.5,0.375
35013,MANANCIAIS,SP,Sudeste,2022,15,1,13,15,15,13,1,3,4,5,2,0,0.06666666666666667,0.2,0.26666666666666666,0.3333333333333333,0.13333333333333333,0.0,0.8666666666666667,0.13333333333333333
35013,MANANCIAIS,SP,Sudeste,2023,19,1,18,19,19,18,0,3,6,7,1,2,0.0,0.15789473684210525,0.3157894736842105,0.3684210526315789,0.05263157894736842,0.10526315789473684,0.9473684210526315,0.15789473684210525
35013,MANANCIAIS,SP,Sudeste,2024,12,1,8,12,12,10,0,4,4,2,2,0,0.0,0.3333333333333333,0.3333333333333333,0.16666666666666666,0.16666666666666666,0.0,0.8333333333333334,0.16666666666666666
35013,MANANCIAIS,SP,Sudeste,2025,16,0,15,16,16,13,1,4,3,4,4,0,0.0625,0.25,0.1875,0.25,0.25,0.0,0.8125,0.25
35014,ROTA DOS BANDEIRANTES,SP,Sudeste,2007,44,9,40,44,44,33,3,16,11,7,5,2,0.06818181818181818,0.36363636363636365,0.25,0.1590909090909091,0.11363636363636363,0.045454545454545456,0.75,0.1590909090909091
35014,ROTA DOS BANDEIRANTES,SP,Sudeste,2008,39,8,37,39,39,29,5,11,15,6,2,0,0.1282051282051282,0.28205128205128205,0.38461538461538464,0.15384615384615385,0.05128205128205128,0.0,0.7435897435897436,0.05128205128205128
35014,ROTA DOS BANDEIRANTES,SP,Sudeste,2009,38,4,28,38,38,31,8,11,13,5,0,1,0.21052631578947367,0.2894736842105263,0.34210526315789475,0.13157894736842105,0.0,0.02631578947368421,0.8157894736842105,0.02631578947368421
35014,ROTA DOS BANDEIRANTES,SP,Sudeste,2010,32,1,28,32,32,28,4,13,6,8,1,0,0.125,0.40625,0.1875,0.25,0.03125,0.0,0.875,0.03125
35014,ROTA DOS BANDEIRANTES,SP,Sudeste,2011,49,13,39,49,49,39,1,10,15,18,5,0,0.02040816326530612,0.20408163265306123,0.30612244897959184,0.3673469387755102,0.10204081632653061,0.0,0.7959183673469388,0.10204081632653061
35014,ROTA DOS BANDEIRANTES,SP,Sudeste,2012,46,7,34,46,46,41,1,14,16,11,2,2,0.021739130434782608,0.30434782608695654,0.34782608695652173,0.2391304347826087,0.043478260869565216,0.043478260869565216,0.8913043478260869,0.08695652173913043
35014,ROTA DOS BANDEIRANTES,SP,Sudeste,2013,50,8,34,50,50,43,1,14,23,11,1,0,0.02,0.28,0.46,0.22,0.02,0.0,0.86,0.02
35014,ROTA DOS BANDEIRANTES,SP,Sudeste,2014,25,4,19,25,25,21,1,10,5,5,3,1,0.04,0.4,0.2,0.2,0.12,0.04,0.84,0.16
35014,ROTA DOS BANDEIRANTES,SP,Sudeste,2015,20,2,13,20,20,18,1,7,6,5,1,0,0.05,0.35,0.3,0.25,0.05,0.0,0.9,0.05
35014,ROTA DOS BANDEIRANTES,SP,Sudeste,2016,34,6,25,34,34,28,0,13,7,7,4,3,0.0,0.38235294117647056,0.20588235294117646,0.20588235294117646,0.11764705882352941,0.08823529411764706,0.8235294117647058,0.20588235294117646
35014,ROTA DOS BANDEIRANTES,SP,Sudeste,2017,28,3,26,28,28,25,1,5,12,9,1,0,0.03571428571428571,0.17857142857142858,0.42857142857142855,0.32142857142857145,0.03571428571428571,0.0,0.8928571428571429,0.03571428571428571
35014,ROTA DOS BANDEIRANTES,SP,Sudeste,2018,23,5,21,23,23,18,1,5,9,5,3,0,0.043478260869565216,0.21739130434782608,0.391304347826087,0.21739130434782608,0.13043478260869565,0.0,0.782608695652174,0.13043478260869565
35014,ROTA DOS BANDEIRANTES,SP,Sudeste,2019,24,2,24,24,24,22,2,3,11,7,1,0,0.08333333333333333,0.125,0.4583333333333333,0.2916666666666667,0.041666666666666664,0.0,0.9166666666666666,0.041666666666666664
35014,ROTA DOS BANDEIRANTES,SP,Sudeste,2020,17,3,17,17,17,16,0,4,6,5,1,1,0.0,0.23529411764705882,0.35294117647058826,0.29411764705882354,0.058823529411764705,0.058823529411764705,0.9411764705882353,0.11764705882352941
35014,ROTA DOS BANDEIRANTES,SP,Sudeste,2021,15,4,15,15,15,14,0,4,6,3,1,1,0.0,0.26666666666666666,0.4,0.2,0.06666666666666667,0.06666666666666667,0.9333333333333333,0.13333333333333333
35014,ROTA DOS BANDEIRANTES,SP,Sudeste,2022,21,3,18,21,21,19,0,6,9,4,1,1,0.0,0.2857142857142857,0.42857142857142855,0.19047619047619047,0.047619047619047616,0.047619047619047616,0.9047619047619048,0.09523809523809523
35014,ROTA DOS BANDEIRANTES,SP,Sudeste,2023,29,5,27,29,29,27,0,9,11,6,3,0,0.0,0.3103448275862069,0.3793103448275862,0.20689655172413793,0.10344827586206896,0.0,0.9310344827586207,0.10344827586206896
35014,ROTA DOS BANDEIRANTES,SP,Sudeste,2024,14,4,12,14,14,11,0,3,4,5,1,1,0.0,0.21428571428571427,0.2857142857142857,0.35714285714285715,0.07142857142857142,0.07142857142857142,0.7857142857142857,0.14285714285714285
35014,ROTA DOS BANDEIRANTES,SP,Sudeste,2025,32,7,32,32,32,31,0,7,13,9,0,3,0.0,0.21875,0.40625,0.28125,0.0,0.09375,0.96875,0.09375
35015,GRANDE ABC,SP,Sudeste,2007,32,4,30,32,32,22,3,13,7,7,2,0,0.09375,0.40625,0.21875,0.21875,0.0625,0.0,0.6875,0.0625
35015,GRANDE ABC,SP,Sudeste,2008,43,2,41,43,43,35,5,16,13,8,0,1,0.11627906976744186,0.37209302325581395,0.3023255813953488,0.18604651162790697,0.0,0.023255813953488372,0.813953488372093,0.023255813953488372
35015,GRANDE ABC,SP,Sudeste,2009,38,4,35,38,38,31,2,15,15,5,0,1,0.05263157894736842,0.39473684210526316,0.39473684210526316,0.13157894736842105,0.0,0.02631578947368421,0.8157894736842105,0.02631578947368421
35015,GRANDE ABC,SP,Sudeste,2010,72,6,66,72,72,59,7,13,21,22,6,3,0.09722222222222222,0.18055555555555555,0.2916666666666667,0.3055555555555556,0.08333333333333333,0.041666666666666664,0.8194444444444444,0.125
35015,GRANDE ABC,SP,Sudeste,2011,56,7,51,56,56,47,6,16,17,12,2,3,0.10714285714285714,0.2857142857142857,0.30357142857142855,0.21428571428571427,0.03571428571428571,0.05357142857142857,0.8392857142857143,0.08928571428571427
35015,GRANDE ABC,SP,Sudeste,2012,43,3,42,43,43,32,5,13,12,8,4,1,0.11627906976744186,0.3023255813953488,0.27906976744186046,0.18604651162790697,0.09302325581395349,0.023255813953488372,0.7441860465116279,0.11627906976744186
35015,GRANDE ABC,SP,Sudeste,2013,34,8,33,34,34,29,3,10,9,9,3,0,0.08823529411764706,0.29411764705882354,0.2647058823529412,0.2647058823529412,0.08823529411764706,0.0,0.8529411764705882,0.08823529411764706
35015,GRANDE ABC,SP,Sudeste,2014,33,6,30,33,33,29,3,11,9,7,3,0,0.09090909090909091,0.3333333333333333,0.2727272727272727,0.21212121212121213,0.09090909090909091,0.0,0.8787878787878788,0.09090909090909091
35015,GRANDE ABC,SP,Sudeste,2015,24,6,23,24,24,21,1,5,7,9,1,1,0.041666666666666664,0.20833333333333334,0.2916666666666667,0.375,0.041666666666666664,0.041666666666666664,0.875,0.08333333333333333
35015,GRANDE ABC,SP,Sudeste,2016,20,1,19,20,20,17,2,4,4,6,2,2,0.1,0.2,0.2,0.3,0.1,0.1,0.85,0.2
35015,GRANDE ABC,SP,Sudeste,2017,26,3,25,26,26,24,0,7,10,7,1,1,0.0,0.2692307692307692,0.38461538461538464,0.2692307692307692,0.038461538461538464,0.038461538461538464,0.9230769230769231,0.07692307692307693
35015,GRANDE ABC,SP,Sudeste,2018,31,5,30,31,31,28,2,7,14,7,1,0,0.06451612903225806,0.22580645161290322,0.45161290322580644,0.22580645161290322,0.03225806451612903,0.0,0.9032258064516129,0.03225806451612903
35015,GRANDE ABC,SP,Sudeste,2019,25,4,25,25,25,20,0,10,7,5,3,0,0.0,0.4,0.28,0.2,0.12,0.0,0.8,0.12
35015,GRANDE ABC,SP,Sudeste,2020,13,2,13,13,13,11,2,1,1,7,2,0,0.15384615384615385,0.07692307692307693,0.07692307692307693,0.5384615384615384,0.15384615384615385,0.0,0.8461538461538461,0.15384615384615385
35015,GRANDE ABC,SP,Sudeste,2021,13,2,12,13,13,13,1,0,5,5,2,0,0.07692307692307693,0.0,0.38461538461538464,0.38461538461538464,0.15384615384615385,0.0,1.0,0.15384615384615385
35015,GRANDE ABC,SP,Sudeste,2022,27,5,27,27,27,24,0,8,7,6,5,1,0.0,0.2962962962962963,0.25925925925925924,0.2222222222222222,0.18518518518518517,0.037037037037037035,0.8888888888888888,0.2222222222222222
35015,GRANDE ABC,SP,Sudeste,2023,25,7,23,25,25,22,0,3,10,12,0,0,0.0,0.12,0.4,0.48,0.0,0.0,0.88,0.0
35015,GRANDE ABC,SP,Sudeste,2024,27,7,27,27,27,23,1,1,12,6,5,2,0.037037037037037035,0.037037037037037035,0.4444444444444444,0.2222222222222222,0.18518518518518517,0.07407407407407407,0.8518518518518519,0.25925925925925924
35015,GRANDE ABC,SP,Sudeste,2025,14,3,13,14,14,11,2,1,6,2,3,0,0.14285714285714285,0.07142857142857142,0.42857142857142855,0.14285714285714285,0.21428571428571427,0.0,0.7857142857142857,0.21428571428571427
35016,SAO PAULO,SP,Sudeste,2007,278,55,251,278,278,224,18,79,97,63,15,6,0.06474820143884892,0.2841726618705036,0.3489208633093525,0.22661870503597123,0.0539568345323741,0.02158273381294964,0.8057553956834532,0.07553956834532374
35016,SAO PAULO,SP,Sudeste,2008,186,36,171,186,186,153,8,40,71,48,10,9,0.043010752688172046,0.21505376344086022,0.3817204301075269,0.25806451612903225,0.053763440860215055,0.04838709677419355,0.8225806451612904,0.1021505376344086
35016,SAO PAULO,SP,Sudeste,2009,296,46,276,296,296,246,15,101,87,67,17,9,0.05067567567567568,0.34121621621621623,0.2939189189189189,0.22635135135135134,0.057432432432432436,0.030405405405405407,0.831081081081081,0.08783783783783784
35016,SAO PAULO,SP,Sudeste,2010,278,40,256,278,278,231,20,80,97,55,17,9,0.07194244604316546,0.28776978417266186,0.3489208633093525,0.19784172661870503,0.06115107913669065,0.03237410071942446,0.8309352517985612,0.09352517985611511
35016,SAO PAULO,SP,Sudeste,2011,259,28,229,259,259,203,10,69,89,75,15,1,0.03861003861003861,0.26640926640926643,0.3436293436293436,0.28957528957528955,0.05791505791505792,0.003861003861003861,0.7837837837837838,0.06177606177606178
35016,SAO PAULO,SP,Sudeste,2012,187,24,173,187,187,151,10,53,62,52,7,3,0.053475935828877004,0.28342245989304815,0.3315508021390374,0.27807486631016043,0.0374331550802139,0.016042780748663103,0.8074866310160428,0.053475935828877004
35016,SAO PAULO,SP,Sudeste,2013,229,36,203,229,229,190,12,48,84,63,11,11,0.05240174672489083,0.2096069868995633,0.36681222707423583,0.27510917030567683,0.048034934497816595,0.048034934497816595,0.8296943231441049,0.09606986899563319
35016,SAO PAULO,SP,Sudeste,2014,180,24,155,180,180,148,5,51,76,36,9,3,0.027777777777777776,0.2833333333333333,0.4222222222222222,0.2,0.05,0.016666666666666666,0.8222222222222222,0.06666666666666667
35016,SAO PAULO,SP,Sudeste,2015,177,29,145,177,177,145,5,48,51,44,19,10,0.02824858757062147,0.2711864406779661,0.288135593220339,0.24858757062146894,0.10734463276836158,0.05649717514124294,0.8192090395480226,0.1638418079096045
35016,SAO PAULO,SP,Sudeste,2016,155,20,132,155,155,132,3,41,58,42,10,1,0.01935483870967742,0.2645161290322581,0.3741935483870968,0.2709677419354839,0.06451612903225806,0.0064516129032258064,0.8516129032258064,0.07096774193548387
35016,SAO PAULO,SP,Sudeste,2017,179,26,153,179,179,144,3,49,60,53,12,2,0.01675977653631285,0.2737430167597765,0.33519553072625696,0.29608938547486036,0.0670391061452514,0.0111731843575419,0.8044692737430168,0.0782122905027933
35016,SAO PAULO,SP,Sudeste,2018,134,20,117,134,134,112,8,28,41,35,9,13,0.05970149253731343,0.208955223880597,0.30597014925373134,0.26119402985074625,0.06716417910447761,0.09701492537313433,0.835820895522388,0.16417910447761194
35016,SAO PAULO,SP,Sudeste,2019,187,19,165,187,187,166,7,38,75,46,11,10,0.0374331550802139,0.20320855614973263,0.40106951871657753,0.24598930481283424,0.058823529411764705,0.053475935828877004,0.8877005347593583,0.11229946524064172
35016,SAO PAULO,SP,Sudeste,2020,120,14,98,120,120,104,6,27,39,31,9,8,0.05,0.225,0.325,0.25833333333333336,0.075,0.06666666666666667,0.8666666666666667,0.14166666666666666
35016,SAO PAULO,SP,Sudeste,2021,108,16,95,108,108,90,8,17,38,35,8,2,0.07407407407407407,0.1574074074074074,0.35185185185185186,0.32407407407407407,0.07407407407407407,0.018518518518518517,0.8333333333333334,0.09259259259259259
35016,SAO PAULO,SP,Sudeste,2022,199,20,174,199,199,176,5,49,72,61,7,5,0.02512562814070352,0.24623115577889448,0.36180904522613067,0.3065326633165829,0.035175879396984924,0.02512562814070352,0.8844221105527639,0.06030150753768844
35016,SAO PAULO,SP,Sudeste,2023,189,20,174,189,189,166,1,30,78,62,12,6,0.005291005291005291,0.15873015873015872,0.4126984126984127,0.328042328042328,0.06349206349206349,0.031746031746031744,0.8783068783068783,0.09523809523809523
35016,SAO PAULO,SP,Sudeste,2024,146,16,128,146,146,134,3,26,51,42,21,3,0.02054794520547945,0.1780821917808219,0.3493150684931507,0.2876712328767123,0.14383561643835616,0.02054794520547945,0.9178082191780822,0.1643835616438356
35016,SAO PAULO,SP,Sudeste,2025,146,18,134,146,146,126,6,24,54,46,12,4,0.0410958904109589,0.1643835616438356,0.3698630136986301,0.3150684931506849,0.0821917808219178,0.0273972602739726,0.863013698630137,0.1095890410958904
35021,CENTRAL DO DRS II,SP,Sudeste,2007,0,0,0,0,0,0,0,0,0,0,0,0,,,,,,,,
35021,CENTRAL DO DRS II,SP,Sudeste,2008,0,0,0,0,0,0,0,0,0,0,0,0,,,,,,,,
35021,CENTRAL DO DRS II,SP,Sudeste,2009,1,0,1,1,1,1,0,1,0,0,0,0,0.0,1.0,0.0,0.0,0.0,0.0,1.0,0.0
35021,CENTRAL DO DRS II,SP,Sudeste,2010,0,0,0,0,0,0,0,0,0,0,0,0,,,,,,,,
35021,CENTRAL DO DRS II,SP,Sudeste,2011,0,0,0,0,0,0,0,0,0,0,0,0,,,,,,,,
35021,CENTRAL DO DRS II,SP,Sudeste,2012,0,0,0,0,0,0,0,0,0,0,0,0,,,,,,,,
35021,CENTRAL DO DRS II,SP,Sudeste,2013,0,0,0,0,0,0,0,0,0,0,0,0,,,,,,,,
35021,CENTRAL DO DRS II,SP,Sudeste,2014,0,0,0,0,0,0,0,0,0,0,0,0,,,,,,,,
35021,CENTRAL DO DRS II,SP,Sudeste,2015,1,0,1,1,1,1,0,0,0,0,1,0,0.0,0.0,0.0,0.0,1.0,0.0,1.0,1.0
35021,CENTRAL DO DRS II,SP,Sudeste,2016,1,0,1,1,1,0,1,0,0,0,0,0,1.0,0.0,0.0,0.0,0.0,0.0,0.0,0.0
35021,CENTRAL DO DRS II,SP,Sudeste,2017,0,0,0,0,0,0,0,0,0,0,0,0,,,,,,,,
35021,CENTRAL DO DRS II,SP,Sudeste,2018,0,0,0,0,0,0,0,0,0,0,0,0,,,,,,,,
35021,CENTRAL DO DRS II,SP,Sudeste,2019,0,0,0,0,0,0,0,0,0,0,0,0,,,,,,,,
35021,CENTRAL DO DRS II,SP,Sudeste,2020,0,0,0,0,0,0,0,0,0,0,0,0,,,,,,,,
35021,CENTRAL DO DRS II,SP,Sudeste,2021,0,0,0,0,0,0,0,0,0,0,0,0,,,,,,,,
35021,CENTRAL DO DRS II,SP,Sudeste,2022,0,0,0,0,0,0,0,0,0,0,0,0,,,,,,,,
35021,CENTRAL DO DRS II,SP,Sudeste,2023,0,0,0,0,0,0,0,0,0,0,0,0,,,,,,,,
35021,CENTRAL DO DRS II,SP,Sudeste,2024,0,0,0,0,0,0,0,0,0,0,0,0,,,,,,,,
35021,CENTRAL DO DRS II,SP,Sudeste,2025,0,0,0,0,0,0,0,0,0,0,0,0,,,,,,,,
35022,LAGOS DO DRS II,SP,Sudeste,2007,0,0,0,0,0,0,0,0,0,0,0,0,,,,,,,,
35022,LAGOS DO DRS II,SP,Sudeste,2008,0,0,0,0,0,0,0,0,0,0,0,0,,,,,,,,
35022,LAGOS DO DRS II,SP,Sudeste,2009,1,0,1,1,1,1,0,0,1,0,0,0,0.0,0.0,1.0,0.0,0.0,0.0,1.0,0.0
35022,LAGOS DO DRS II,SP,Sudeste,2010,0,0,0,0,0,0,0,0,0,0,0,0,,,,,,,,
35022,LAGOS DO DRS II,SP,Sudeste,2011,0,0,0,0,0,0,0,0,0,0,0,0,,,,,,,,
35022,LAGOS DO DRS II,SP,Sudeste,2012,0,0,0,0,0,0,0,0,0,0,0,0,,,,,,,,
35022,LAGOS DO DRS II,SP,Sudeste,2013,0,0,0,0,0,0,0,0,0,0,0,0,,,,,,,,
35022,LAGOS DO DRS II,SP,Sudeste,2014,0,0,0,0,0,0,0,0,0,0,0,0,,,,,,,,
35022,LAGOS DO DRS II,SP,Sudeste,2015,0,0,0,0,0,0,0,0,0,0,0,0,,,,,,,,
35022,LAGOS DO DRS II,SP,Sudeste,2016,0,0,0,0,0,0,0,0,0,0,0,0,,,,,,,,
35022,LAGOS DO DRS II,SP,Sudeste,2017,0,0,0,0,0,0,0,0,0,0,0,0,,,,,,,,
35022,LAGOS DO DRS II,SP,Sudeste,2018,0,0,0,0,0,0,0,0,0,0,0,0,,,,,,,,
35022,LAGOS DO DRS II,SP,Sudeste,2019,0,0,0,0,0,0,0,0,0,0,0,0,,,,,,,,
35022,LAGOS DO DRS II,SP,Sudeste,2020,0,0,0,0,0,0,0,0,0,0,0,0,,,,,,,,
35022,LAGOS DO DRS II,SP,Sudeste,2021,0,0,0,0,0,0,0,0,0,0,0,0,,,,,,,,
35022,LAGOS DO DRS II,SP,Sudeste,2022,0,0,0,0,0,0,0,0,0,0,0,0,,,,,,,,
35022,LAGOS DO DRS II,SP,Sudeste,2023,0,0,0,0,0,0,0,0,0,0,0,0,,,,,,,,
35022,LAGOS DO DRS II,SP,Sudeste,2024,0,0,0,0,0,0,0,0,0,0,0,0,,,,,,,,
35022,LAGOS DO DRS II,SP,Sudeste,2025,0,0,0,0,0,0,0,0,0,0,0,0,,,,,,,,
35023,CONSORCIOS DO DRS II,SP,Sudeste,2007,0,0,0,0,0,0,0,0,0,0,0,0,,,,,,,,
35023,CONSORCIOS DO DRS II,SP,Sudeste,2008,0,0,0,0,0,0,0,0,0,0,0,0,,,,,,,,
35023,CONSORCIOS DO DRS II,SP,Sudeste,2009,0,0,0,0,0,0,0,0,0,0,0,0,,,,,,,,
35023,CONSORCIOS DO DRS II,SP,Sudeste,2010,0,0,0,0,0,0,0,0,0,0,0,0,,,,,,,,
35023,CONSORCIOS DO DRS II,SP,Sudeste,2011,2,0,1,2,2,2,0,0,1,1,0,0,0.0,0.0,0.5,0.5,0.0,0.0,1.0,0.0
35023,CONSORCIOS DO DRS II,SP,Sudeste,2012,1,0,1,1,1,1,0,0,0,1,0,0,0.0,0.0,0.0,1.0,0.0,0.0,1.0,0.0
35023,CONSORCIOS DO DRS II,SP,Sudeste,2013,0,0,0,0,0,0,0,0,0,0,0,0,,,,,,,,
35023,CONSORCIOS DO DRS II,SP,Sudeste,2014,0,0,0,0,0,0,0,0,0,0,0,0,,,,,,,,
35023,CONSORCIOS DO DRS II,SP,Sudeste,2015,0,0,0,0,0,0,0,0,0,0,0,0,,,,,,,,
35023,CONSORCIOS DO DRS II,SP,Sudeste,2016,0,0,0,0,0,0,0,0,0,0,0,0,,,,,,,,
35023,CONSORCIOS DO DRS II,SP,Sudeste,2017,1,0,1,1,1,1,0,0,0,1,0,0,0.0,0.0,0.0,1.0,0.0,0.0,1.0,0.0
35023,CONSORCIOS DO DRS II,SP,Sudeste,2018,0,0,0,0,0,0,0,0,0,0,0,0,,,,,,,,
35023,CONSORCIOS DO DRS II,SP,Sudeste,2019,0,0,0,0,0,0,0,0,0,0,0,0,,,,,,,,
35023,CONSORCIOS DO DRS II,SP,Sudeste,2020,0,0,0,0,0,0,0,0,0,0,0,0,,,,,,,,
35023,CONSORCIOS DO DRS II,SP,Sudeste,2021,0,0,0,0,0,0,0,0,0,0,0,0,,,,,,,,
35023,CONSORCIOS DO DRS II,SP,Sudeste,2022,0,0,0,0,0,0,0,0,0,0,0,0,,,,,,,,
35023,CONSORCIOS DO DRS II,SP,Sudeste,2023,0,0,0,0,0,0,0,0,0,0,0,0,,,,,,,,
35023,CONSORCIOS DO DRS II,SP,Sudeste,2024,1,0,1,1,1,1,0,0,0,1,0,0,0.0,0.0,0.0,1.0,0.0,0.0,1.0,0.0
35023,CONSORCIOS DO DRS II,SP,Sudeste,2025,0,0,0,0,0,0,0,0,0,0,0,0,,,,,,,,
35031,CENTRAL DO DRS III,SP,Sudeste,2007,0,0,0,0,0,0,0,0,0,0,0,0,,,,,,,,
35031,CENTRAL DO DRS III,SP,Sudeste,2008,0,0,0,0,0,0,0,0,0,0,0,0,,,,,,,,
35031,CENTRAL DO DRS III,SP,Sudeste,2009,0,0,0,0,0,0,0,0,0,0,0,0,,,,,,,,
35031,CENTRAL DO DRS III,SP,Sudeste,2010,0,0,0,0,0,0,0,0,0,0,0,0,,,,,,,,
35031,CENTRAL DO DRS III,SP,Sudeste,2011,3,0,2,3,3,2,0,0,2,1,0,0,0.0,0.0,0.6666666666666666,0.3333333333333333,0.0,0.0,0.6666666666666666,0.0
35031,CENTRAL DO DRS III,SP,Sudeste,2012,0,0,0,0,0,0,0,0,0,0,0,0,,,,,,,,
35031,CENTRAL DO DRS III,SP,Sudeste,2013,2,0,2,2,2,2,0,0,1,1,0,0,0.0,0.0,0.5,0.5,0.0,0.0,1.0,0.0
35031,CENTRAL DO DRS III,SP,Sudeste,2014,1,0,1,1,1,1,0,0,0,1,0,0,0.0,0.0,0.0,1.0,0.0,0.0,1.0,0.0
35031,CENTRAL DO DRS III,SP,Sudeste,2015,2,0,2,2,2,2,0,0,1,0,1,0,0.0,0.0,0.5,0.0,0.5,0.0,1.0,0.5
35031,CENTRAL DO DRS III,SP,Sudeste,2016,2,0,2,2,2,2,0,0,2,0,0,0,0.0,0.0,1.0,0.0,0.0,0.0,1.0,0.0
35031,CENTRAL DO DRS III,SP,Sudeste,2017,0,0,0,0,0,0,0,0,0,0,0,0,,,,,,,,
35031,CENTRAL DO DRS III,SP,Sudeste,2018,0,0,0,0,0,0,0,0,0,0,0,0,,,,,,,,
35031,CENTRAL DO DRS III,SP,Sudeste,2019,0,0,0,0,0,0,0,0,0,0,0,0,,,,,,,,
35031,CENTRAL DO DRS III,SP,Sudeste,2020,0,0,0,0,0,0,0,0,0,0,0,0,,,,,,,,
35031,CENTRAL DO DRS III,SP,Sudeste,2021,0,0,0,0,0,0,0,0,0,0,0,0,,,,,,,,
35031,CENTRAL DO DRS III,SP,Sudeste,2022,1,0,1,1,1,1,0,1,0,0,0,0,0.0,1.0,0.0,0.0,0.0,0.0,1.0,0.0
35031,CENTRAL DO DRS III,SP,Sudeste,2023,0,0,0,0,0,0,0,0,0,0,0,0,,,,,,,,
35031,CENTRAL DO DRS III,SP,Sudeste,2024,3,2,3,3,3,3,0,1,1,0,0,1,0.0,0.3333333333333333,0.3333333333333333,0.0,0.0,0.3333333333333333,1.0,0.3333333333333333
35031,CENTRAL DO DRS III,SP,Sudeste,2025,0,0,0,0,0,0,0,0,0,0,0,0,,,,,,,,
35032,CORACAO DO DRS III,SP,Sudeste,2007,0,0,0,0,0,0,0,0,0,0,0,0,,,,,,,,
35032,CORACAO DO DRS III,SP,Sudeste,2008,0,0,0,0,0,0,0,0,0,0,0,0,,,,,,,,
35032,CORACAO DO DRS III,SP,Sudeste,2009,1,0,1,1,1,1,1,0,0,0,0,0,1.0,0.0,0.0,0.0,0.0,0.0,1.0,0.0
35032,CORACAO DO DRS III,SP,Sudeste,2010,1,0,1,1,1,1,0,0,1,0,0,0,0.0,0.0,1.0,0.0,0.0,0.0,1.0,0.0
35032,CORACAO DO DRS III,SP,Sudeste,2011,3,1,2,3,3,2,0,1,1,1,0,0,0.0,0.3333333333333333,0.3333333333333333,0.3333333333333333,0.0,0.0,0.6666666666666666,0.0
35032,CORACAO DO DRS III,SP,Sudeste,2012,0,0,0,0,0,0,0,0,0,0,0,0,,,,,,,,
35032,CORACAO DO DRS III,SP,Sudeste,2013,1,0,1,1,1,0,0,0,1,0,0,0,0.0,0.0,1.0,0.0,0.0,0.0,0.0,0.0
35032,CORACAO DO DRS III,SP,Sudeste,2014,0,0,0,0,0,0,0,0,0,0,0,0,,,,,,,,
35032,CORACAO DO DRS III,SP,Sudeste,2015,0,0,0,0,0,0,0,0,0,0,0,0,,,,,,,,
35032,CORACAO DO DRS III,SP,Sudeste,2016,2,0,2,2,2,2,0,1,0,1,0,0,0.0,0.5,0.0,0.5,0.0,0.0,1.0,0.0
35032,CORACAO DO DRS III,SP,Sudeste,2017,2,0,2,2,2,2,0,1,1,0,0,0,0.0,0.5,0.5,0.0,0.0,0.0,1.0,0.0
35032,CORACAO DO DRS III,SP,Sudeste,2018,1,0,1,1,1,1,0,0,0,1,0,0,0.0,0.0,0.0,1.0,0.0,0.0,1.0,0.0
35032,CORACAO DO DRS III,SP,Sudeste,2019,0,0,0,0,0,0,0,0,0,0,0,0,,,,,,,,
35032,CORACAO DO DRS III,SP,Sudeste,2020,2,2,2,2,2,2,0,0,0,2,0,0,0.0,0.0,0.0,1.0,0.0,0.0,1.0,0.0
35032,CORACAO DO DRS III,SP,Sudeste,2021,2,0,2,2,2,2,0,0,1,0,1,0,0.0,0.0,0.5,0.0,0.5,0.0,1.0,0.5
35032,CORACAO DO DRS III,SP,Sudeste,2022,3,0,2,3,3,1,0,0,2,1,0,0,0.0,0.0,0.6666666666666666,0.3333333333333333,0.0,0.0,0.3333333333333333,0.0
35032,CORACAO DO DRS III,SP,Sudeste,2023,0,0,0,0,0,0,0,0,0,0,0,0,,,,,,,,
35032,CORACAO DO DRS III,SP,Sudeste,2024,3,0,3,3,3,3,0,0,2,1,0,0,0.0,0.0,0.6666666666666666,0.3333333333333333,0.0,0.0,1.0,0.0
35032,CORACAO DO DRS III,SP,Sudeste,2025,0,0,0,0,0,0,0,0,0,0,0,0,,,,,,,,
35033,NOROESTE DO DRS III,SP,Sudeste,2007,1,0,1,1,1,1,1,0,0,0,0,0,1.0,0.0,0.0,0.0,0.0,0.0,1.0,0.0
35033,NOROESTE DO DRS III,SP,Sudeste,2008,2,0,2,2,2,2,0,1,1,0,0,0,0.0,0.5,0.5,0.0,0.0,0.0,1.0,0.0
35033,NOROESTE DO DRS III,SP,Sudeste,2009,4,0,4,4,4,4,1,0,1,2,0,0,0.25,0.0,0.25,0.5,0.0,0.0,1.0,0.0
35033,NOROESTE DO DRS III,SP,Sudeste,2010,1,0,1,1,1,1,0,0,1,0,0,0,0.0,0.0,1.0,0.0,0.0,0.0,1.0,0.0
35033,NOROESTE DO DRS III,SP,Sudeste,2011,3,0,3,3,3,3,0,1,1,1,0,0,0.0,0.3333333333333333,0.3333333333333333,0.3333333333333333,0.0,0.0,1.0,0.0
35033,NOROESTE DO DRS III,SP,Sudeste,2012,1,0,1,1,1,1,0,0,0,0,1,0,0.0,0.0,0.0,0.0,1.0,0.0,1.0,1.0
35033,NOROESTE DO DRS III,SP,Sudeste,2013,0,0,0,0,0,0,0,0,0,0,0,0,,,,,,,,
35033,NOROESTE DO DRS III,SP,Sudeste,2014,0,0,0,0,0,0,0,0,0,0,0,0,,,,,,,,
35033,NOROESTE DO DRS III,SP,Sudeste,2015,2,0,2,2,2,1,0,0,0,2,0,0,0.0,0.0,0.0,1.0,0.0,0.0,0.5,0.0
35033,NOROESTE DO DRS III,SP,Sudeste,2016,1,0,1,1,1,1,0,0,0,1,0,0,0.0,0.0,0.0,1.0,0.0,0.0,1.0,0.0
35033,NOROESTE DO DRS III,SP,Sudeste,2017,0,0,0,0,0,0,0,0,0,0,0,0,,,,,,,,
35033,NOROESTE DO DRS III,SP,Sudeste,2018,1,0,1,1,1,1,0,0,1,0,0,0,0.0,0.0,1.0,0.0,0.0,0.0,1.0,0.0
35033,NOROESTE DO DRS III,SP,Sudeste,2019,1,0,1,1,1,1,0,0,0,1,0,0,0.0,0.0,0.0,1.0,0.0,0.0,1.0,0.0
35033,NOROESTE DO DRS III,SP,Sudeste,2020,0,0,0,0,0,0,0,0,0,0,0,0,,,,,,,,
35033,NOROESTE DO DRS III,SP,Sudeste,2021,1,0,1,1,1,1,0,0,1,0,0,0,0.0,0.0,1.0,0.0,0.0,0.0,1.0,0.0
35033,NOROESTE DO DRS III,SP,Sudeste,2022,1,0,1,1,1,1,0,0,0,1,0,0,0.0,0.0,0.0,1.0,0.0,0.0,1.0,0.0
35033,NOROESTE DO DRS III,SP,Sudeste,2023,0,0,0,0,0,0,0,0,0,0,0,0,,,,,,,,
35033,NOROESTE DO DRS III,SP,Sudeste,2024,1,0,1,1,1,0,0,0,0,0,1,0,0.0,0.0,0.0,0.0,1.0,0.0,0.0,1.0
35033,NOROESTE DO DRS III,SP,Sudeste,2025,1,0,1,1,1,1,0,0,1,0,0,0,0.0,0.0,1.0,0.0,0.0,0.0,1.0,0.0
35041,BAIXADA SANTISTA,SP,Sudeste,2007,32,5,29,32,32,26,1,16,9,5,1,0,0.03125,0.5,0.28125,0.15625,0.03125,0.0,0.8125,0.03125
35041,BAIXADA SANTISTA,SP,Sudeste,2008,53,8,51,53,53,49,8,12,16,14,1,2,0.1509433962264151,0.22641509433962265,0.3018867924528302,0.2641509433962264,0.018867924528301886,0.03773584905660377,0.9245283018867925,0.05660377358490566
35041,BAIXADA SANTISTA,SP,Sudeste,2009,42,8,40,42,42,36,5,11,16,9,0,1,0.11904761904761904,0.2619047619047619,0.38095238095238093,0.21428571428571427,0.0,0.023809523809523808,0.8571428571428571,0.023809523809523808
35041,BAIXADA SANTISTA,SP,Sudeste,2010,60,14,57,60,60,53,2,16,21,13,6,2,0.03333333333333333,0.26666666666666666,0.35,0.21666666666666667,0.1,0.03333333333333333,0.8833333333333333,0.13333333333333333
35041,BAIXADA SANTISTA,SP,Sudeste,2011,64,14,59,64,64,53,5,17,21,17,4,0,0.078125,0.265625,0.328125,0.265625,0.0625,0.0,0.828125,0.0625
35041,BAIXADA SANTISTA,SP,Sudeste,2012,49,5,38,49,49,40,3,18,14,13,1,0,0.061224489795918366,0.3673469387755102,0.2857142857142857,0.2653061224489796,0.02040816326530612,0.0,0.8163265306122449,0.02040816326530612
35041,BAIXADA SANTISTA,SP,Sudeste,2013,75,6,55,75,75,55,6,31,17,19,2,0,0.08,0.41333333333333333,0.22666666666666666,0.25333333333333335,0.02666666666666667,0.0,0.7333333333333333,0.02666666666666667
35041,BAIXADA SANTISTA,SP,Sudeste,2014,60,18,51,60,60,45,3,24,19,9,3,2,0.05,0.4,0.31666666666666665,0.15,0.05,0.03333333333333333,0.75,0.08333333333333334
35041,BAIXADA SANTISTA,SP,Sudeste,2015,84,20,75,84,84,73,8,19,30,18,5,4,0.09523809523809523,0.2261904761904762,0.35714285714285715,0.21428571428571427,0.05952380952380952,0.047619047619047616,0.8690476190476191,0.10714285714285714
35041,BAIXADA SANTISTA,SP,Sudeste,2016,32,8,30,32,32,26,5,4,12,8,2,1,0.15625,0.125,0.375,0.25,0.0625,0.03125,0.8125,0.09375
35041,BAIXADA SANTISTA,SP,Sudeste,2017,39,9,36,39,39,34,1,7,16,7,5,3,0.02564102564102564,0.1794871794871795,0.41025641025641024,0.1794871794871795,0.1282051282051282,0.07692307692307693,0.8717948717948718,0.20512820512820512
35041,BAIXADA SANTISTA,SP,Sudeste,2018,73,20,68,73,73,61,4,23,22,20,3,1,0.0547945205479452,0.3150684931506849,0.3013698630136986,0.273972602739726,0.0410958904109589,0.0136986301369863,0.8356164383561644,0.0547945205479452
35041,BAIXADA SANTISTA,SP,Sudeste,2019,82,19,81,82,82,72,2,27,19,22,11,1,0.024390243902439025,0.32926829268292684,0.23170731707317074,0.2682926829268293,0.13414634146341464,0.012195121951219513,0.8780487804878049,0.14634146341463417
35041,BAIXADA SANTISTA,SP,Sudeste,2020,35,10,33,35,35,32,5,11,7,7,4,1,0.14285714285714285,0.3142857142857143,0.2,0.2,0.11428571428571428,0.02857142857142857,0.9142857142857143,0.14285714285714285
35041,BAIXADA SANTISTA,SP,Sudeste,2021,36,9,34,36,36,34,2,15,9,8,2,0,0.05555555555555555,0.4166666666666667,0.25,0.2222222222222222,0.05555555555555555,0.0,0.9444444444444444,0.05555555555555555
35041,BAIXADA SANTISTA,SP,Sudeste,2022,45,12,41,45,45,39,2,11,20,7,4,1,0.044444444444444446,0.24444444444444444,0.4444444444444444,0.15555555555555556,0.08888888888888889,0.022222222222222223,0.8666666666666667,0.11111111111111112
35041,BAIXADA SANTISTA,SP,Sudeste,2023,65,15,60,65,65,56,1,12,31,11,9,1,0.015384615384615385,0.18461538461538463,0.47692307692307695,0.16923076923076924,0.13846153846153847,0.015384615384615385,0.8615384615384616,0.15384615384615385
35041,BAIXADA SANTISTA,SP,Sudeste,2024,45,12,42,45,45,38,2,7,17,11,7,1,0.044444444444444446,0.15555555555555556,0.37777777777777777,0.24444444444444444,0.15555555555555556,0.022222222222222223,0.8444444444444444,0.17777777777777778
35041,BAIXADA SANTISTA,SP,Sudeste,2025,47,10,45,47,47,41,1,14,15,8,2,7,0.02127659574468085,0.2978723404255319,0.3191489361702128,0.1702127659574468,0.0425531914893617,0.14893617021276595,0.8723404255319149,0.19148936170212766
35051,NORTE - BARRETOS,SP,Sudeste,2007,3,0,3,3,3,2,0,1,1,1,0,0,0.0,0.3333333333333333,0.3333333333333333,0.3333333333333333,0.0,0.0,0.6666666666666666,0.0
35051,NORTE - BARRETOS,SP,Sudeste,2008,0,0,0,0,0,0,0,0,0,0,0,0,,,,,,,,
35051,NORTE - BARRETOS,SP,Sudeste,2009,0,0,0,0,0,0,0,0,0,0,0,0,,,,,,,,
35051,NORTE - BARRETOS,SP,Sudeste,2010,1,0,1,1,1,1,0,0,1,0,0,0,0.0,0.0,1.0,0.0,0.0,0.0,1.0,0.0
35051,NORTE - BARRETOS,SP,Sudeste,2011,0,0,0,0,0,0,0,0,0,0,0,0,,,,,,,,
35051,NORTE - BARRETOS,SP,Sudeste,2012,0,0,0,0,0,0,0,0,0,0,0,0,,,,,,,,
35051,NORTE - BARRETOS,SP,Sudeste,2013,1,0,1,1,1,1,0,0,0,1,0,0,0.0,0.0,0.0,1.0,0.0,0.0,1.0,0.0
35051,NORTE - BARRETOS,SP,Sudeste,2014,0,0,0,0,0,0,0,0,0,0,0,0,,,,,,,,
35051,NORTE - BARRETOS,SP,Sudeste,2015,2,0,2,2,2,2,0,0,0,2,0,0,0.0,0.0,0.0,1.0,0.0,0.0,1.0,0.0
35051,NORTE - BARRETOS,SP,Sudeste,2016,1,0,1,1,1,1,0,0,1,0,0,0,0.0,0.0,1.0,0.0,0.0,0.0,1.0,0.0
35051,NORTE - BARRETOS,SP,Sudeste,2017,0,0,0,0,0,0,0,0,0,0,0,0,,,,,,,,
35051,NORTE - BARRETOS,SP,Sudeste,2018,2,0,2,2,2,1,0,2,0,0,0,0,0.0,1.0,0.0,0.0,0.0,0.0,0.5,0.0
35051,NORTE - BARRETOS,SP,Sudeste,2019,0,0,0,0,0,0,0,0,0,0,0,0,,,,,,,,
35051,NORTE - BARRETOS,SP,Sudeste,2020,0,0,0,0,0,0,0,0,0,0,0,0,,,,,,,,
35051,NORTE - BARRETOS,SP,Sudeste,2021,2,1,2,2,2,2,0,1,0,1,0,0,0.0,0.5,0.0,0.5,0.0,0.0,1.0,0.0
35051,NORTE - BARRETOS,SP,Sudeste,2022,0,0,0,0,0,0,0,0,0,0,0,0,,,,,,,,
35051,NORTE - BARRETOS,SP,Sudeste,2023,1,1,1,1,1,1,0,0,0,1,0,0,0.0,0.0,0.0,1.0,0.0,0.0,1.0,0.0
35051,NORTE - BARRETOS,SP,Sudeste,2024,2,1,2,2,2,2,0,0,1,1,0,0,0.0,0.0,0.5,0.5,0.0,0.0,1.0,0.0
35051,NORTE - BARRETOS,SP,Sudeste,2025,0,0,0,0,0,0,0,0,0,0,0,0,,,,,,,,
35052,SUL - BARRETOS,SP,Sudeste,2007,0,0,0,0,0,0,0,0,0,0,0,0,,,,,,,,
35052,SUL - BARRETOS,SP,Sudeste,2008,1,0,1,1,1,1,0,0,1,0,0,0,0.0,0.0,1.0,0.0,0.0,0.0,1.0,0.0
35052,SUL - BARRETOS,SP,Sudeste,2009,1,0,1,1,1,1,0,0,1,0,0,0,0.0,0.0,1.0,0.0,0.0,0.0,1.0,0.0
35052,SUL - BARRETOS,SP,Sudeste,2010,0,0,0,0,0,0,0,0,0,0,0,0,,,,,,,,
35052,SUL - BARRETOS,SP,Sudeste,2011,0,0,0,0,0,0,0,0,0,0,0,0,,,,,,,,
35052,SUL - BARRETOS,SP,Sudeste,2012,0,0,0,0,0,0,0,0,0,0,0,0,,,,,,,,
35052,SUL - BARRETOS,SP,Sudeste,2013,0,0,0,0,0,0,0,0,0,0,0,0,,,,,,,,
35052,SUL - BARRETOS,SP,Sudeste,2014,0,0,0,0,0,0,0,0,0,0,0,0,,,,,,,,
35052,SUL - BARRETOS,SP,Sudeste,2015,0,0,0,0,0,0,0,0,0,0,0,0,,,,,,,,
35052,SUL - BARRETOS,SP,Sudeste,2016,0,0,0,0,0,0,0,0,0,0,0,0,,,,,,,,
35052,SUL - BARRETOS,SP,Sudeste,2017,1,0,1,1,1,1,0,0,1,0,0,0,0.0,0.0,1.0,0.0,0.0,0.0,1.0,0.0
35052,SUL - BARRETOS,SP,Sudeste,2018,1,0,1,1,1,0,0,0,1,0,0,0,0.0,0.0,1.0,0.0,0.0,0.0,0.0,0.0
35052,SUL - BARRETOS,SP,Sudeste,2019,2,0,2,2,2,1,0,0,1,1,0,0,0.0,0.0,0.5,0.5,0.0,0.0,0.5,0.0
35052,SUL - BARRETOS,SP,Sudeste,2020,1,0,1,1,1,0,0,0,1,0,0,0,0.0,0.0,1.0,0.0,0.0,0.0,0.0,0.0
35052,SUL - BARRETOS,SP,Sudeste,2021,0,0,0,0,0,0,0,0,0,0,0,0,,,,,,,,
35052,SUL - BARRETOS,SP,Sudeste,2022,0,0,0,0,0,0,0,0,0,0,0,0,,,,,,,,
35052,SUL - BARRETOS,SP,Sudeste,2023,1,0,1,1,1,1,0,0,0,1,0,0,0.0,0.0,0.0,1.0,0.0,0.0,1.0,0.0
35052,SUL - BARRETOS,SP,Sudeste,2024,0,0,0,0,0,0,0,0,0,0,0,0,,,,,,,,
35052,SUL - BARRETOS,SP,Sudeste,2025,0,0,0,0,0,0,0,0,0,0,0,0,,,,,,,,
35061,VALE DO JURUMIRIM,SP,Sudeste,2007,0,0,0,0,0,0,0,0,0,0,0,0,,,,,,,,
35061,VALE DO JURUMIRIM,SP,Sudeste,2008,1,0,1,1,1,1,0,1,0,0,0,0,0.0,1.0,0.0,0.0,0.0,0.0,1.0,0.0
35061,VALE DO JURUMIRIM,SP,Sudeste,2009,2,0,2,2,2,2,1,0,0,1,0,0,0.5,0.0,0.0,0.5,0.0,0.0,1.0,0.0
35061,VALE DO JURUMIRIM,SP,Sudeste,2010,2,0,2,2,2,2,0,0,1,1,0,0,0.0,0.0,0.5,0.5,0.0,0.0,1.0,0.0
35061,VALE DO JURUMIRIM,SP,Sudeste,2011,0,0,0,0,0,0,0,0,0,0,0,0,,,,,,,,
35061,VALE DO JURUMIRIM,SP,Sudeste,2012,0,0,0,0,0,0,0,0,0,0,0,0,,,,,,,,
35061,VALE DO JURUMIRIM,SP,Sudeste,2013,0,0,0,0,0,0,0,0,0,0,0,0,,,,,,,,
35061,VALE DO JURUMIRIM,SP,Sudeste,2014,2,0,2,2,2,2,0,1,1,0,0,0,0.0,0.5,0.5,0.0,0.0,0.0,1.0,0.0
35061,VALE DO JURUMIRIM,SP,Sudeste,2015,2,0,2,2,2,1,0,1,1,0,0,0,0.0,0.5,0.5,0.0,0.0,0.0,0.5,0.0
35061,VALE DO JURUMIRIM,SP,Sudeste,2016,1,0,1,1,1,0,0,0,0,1,0,0,0.0,0.0,0.0,1.0,0.0,0.0,0.0,0.0
35061,VALE DO JURUMIRIM,SP,Sudeste,2017,0,0,0,0,0,0,0,0,0,0,0,0,,,,,,,,
35061,VALE DO JURUMIRIM,SP,Sudeste,2018,3,0,3,3,3,2,0,0,2,1,0,0,0.0,0.0,0.6666666666666666,0.3333333333333333,0.0,0.0,0.6666666666666666,0.0
35061,VALE DO JURUMIRIM,SP,Sudeste,2019,3,0,3,3,3,1,0,2,1,0,0,0,0.0,0.6666666666666666,0.3333333333333333,0.0,0.0,0.0,0.3333333333333333,0.0
35061,VALE DO JURUMIRIM,SP,Sudeste,2020,1,1,1,1,1,0,0,0,1,0,0,0,0.0,0.0,1.0,0.0,0.0,0.0,0.0,0.0
35061,VALE DO JURUMIRIM,SP,Sudeste,2021,0,0,0,0,0,0,0,0,0,0,0,0,,,,,,,,
35061,VALE DO JURUMIRIM,SP,Sudeste,2022,0,0,0,0,0,0,0,0,0,0,0,0,,,,,,,,
35061,VALE DO JURUMIRIM,SP,Sudeste,2023,2,1,2,2,2,2,0,0,1,1,0,0,0.0,0.0,0.5,0.5,0.0,0.0,1.0,0.0
35061,VALE DO JURUMIRIM,SP,Sudeste,2024,3,2,2,3,3,3,0,0,0,1,2,0,0.0,0.0,0.0,0.3333333333333333,0.6666666666666666,0.0,1.0,0.6666666666666666
35061,VALE DO JURUMIRIM,SP,Sudeste,2025,0,0,0,0,0,0,0,0,0,0,0,0,,,,,,,,
35062,BAURU,SP,Sudeste,2007,1,0,1,1,1,1,0,1,0,0,0,0,0.0,1.0,0.0,0.0,0.0,0.0,1.0,0.0
35062,BAURU,SP,Sudeste,2008,1,0,1,1,1,1,0,0,0,1,0,0,0.0,0.0,0.0,1.0,0.0,0.0,1.0,0.0
35062,BAURU,SP,Sudeste,2009,0,0,0,0,0,0,0,0,0,0,0,0,,,,,,,,
35062,BAURU,SP,Sudeste,2010,1,0,1,1,1,1,0,0,1,0,0,0,0.0,0.0,1.0,0.0,0.0,0.0,1.0,0.0
35062,BAURU,SP,Sudeste,2011,4,0,4,4,4,3,1,0,0,1,1,1,0.25,0.0,0.0,0.25,0.25,0.25,0.75,0.5
35062,BAURU,SP,Sudeste,2012,3,1,3,3,3,3,1,0,2,0,0,0,0.3333333333333333,0.0,0.6666666666666666,0.0,0.0,0.0,1.0,0.0
35062,BAURU,SP,Sudeste,2013,2,0,2,2,2,1,0,1,0,0,1,0,0.0,0.5,0.0,0.0,0.5,0.0,0.5,0.5
35062,BAURU,SP,Sudeste,2014,1,0,1,1,1,1,0,1,0,0,0,0,0.0,1.0,0.0,0.0,0.0,0.0,1.0,0.0
35062,BAURU,SP,Sudeste,2015,4,0,4,4,4,4,1,0,1,2,0,0,0.25,0.0,0.25,0.5,0.0,0.0,1.0,0.0
35062,BAURU,SP,Sudeste,2016,1,0,1,1,1,1,0,1,0,0,0,0,0.0,1.0,0.0,0.0,0.0,0.0,1.0,0.0
35062,BAURU,SP,Sudeste,2017,4,0,4,4,4,3,0,2,1,1,0,0,0.0,0.5,0.25,0.25,0.0,0.0,0.75,0.0
35062,BAURU,SP,Sudeste,2018,2,0,2,2,2,2,0,2,0,0,0,0,0.0,1.0,0.0,0.0,0.0,0.0,1.0,0.0
35062,BAURU,SP,Sudeste,2019,2,0,2,2,2,1,0,0,1,1,0,0,0.0,0.0,0.5,0.5,0.0,0.0,0.5,0.0
35062,BAURU,SP,Sudeste,2020,0,0,0,0,0,0,0,0,0,0,0,0,,,,,,,,
35062,BAURU,SP,Sudeste,2021,3,1,3,3,3,3,1,1,0,0,1,0,0.3333333333333333,0.3333333333333333,0.0,0.0,0.3333333333333333,0.0,1.0,0.3333333333333333
35062,BAURU,SP,Sudeste,2022,2,0,2,2,2,2,0,2,0,0,0,0,0.0,1.0,0.0,0.0,0.0,0.0,1.0,0.0
35062,BAURU,SP,Sudeste,2023,2,1,2,2,2,2,0,0,2,0,0,0,0.0,0.0,1.0,0.0,0.0,0.0,1.0,0.0
35062,BAURU,SP,Sudeste,2024,3,0,3,3,3,3,0,1,1,1,0,0,0.0,0.3333333333333333,0.3333333333333333,0.3333333333333333,0.0,0.0,1.0,0.0
35062,BAURU,SP,Sudeste,2025,3,0,3,3,3,3,1,1,0,1,0,0,0.3333333333333333,0.3333333333333333,0.0,0.3333333333333333,0.0,0.0,1.0,0.0
35063,POLO CUESTA,SP,Sudeste,2007,2,0,2,2,2,2,0,0,1,1,0,0,0.0,0.0,0.5,0.5,0.0,0.0,1.0,0.0
35063,POLO CUESTA,SP,Sudeste,2008,3,0,3,3,3,3,0,0,0,2,1,0,0.0,0.0,0.0,0.6666666666666666,0.3333333333333333,0.0,1.0,0.3333333333333333
35063,POLO CUESTA,SP,Sudeste,2009,5,0,5,5,5,5,0,2,3,0,0,0,0.0,0.4,0.6,0.0,0.0,0.0,1.0,0.0
35063,POLO CUESTA,SP,Sudeste,2010,5,0,5,5,5,4,0,1,3,1,0,0,0.0,0.2,0.6,0.2,0.0,0.0,0.8,0.0
35063,POLO CUESTA,SP,Sudeste,2011,3,0,3,3,3,1,0,0,3,0,0,0,0.0,0.0,1.0,0.0,0.0,0.0,0.3333333333333333,0.0
35063,POLO CUESTA,SP,Sudeste,2012,4,0,4,4,4,4,1,1,2,0,0,0,0.25,0.25,0.5,0.0,0.0,0.0,1.0,0.0
35063,POLO CUESTA,SP,Sudeste,2013,5,0,5,5,5,5,0,4,1,0,0,0,0.0,0.8,0.2,0.0,0.0,0.0,1.0,0.0
35063,POLO CUESTA,SP,Sudeste,2014,2,1,2,2,2,1,0,0,2,0,0,0,0.0,0.0,1.0,0.0,0.0,0.0,0.5,0.0
35063,POLO CUESTA,SP,Sudeste,2015,2,1,2,2,2,2,0,1,1,0,0,0,0.0,0.5,0.5,0.0,0.0,0.0,1.0,0.0
35063,POLO CUESTA,SP,Sudeste,2016,2,0,2,2,2,2,0,0,1,1,0,0,0.0,0.0,0.5,0.5,0.0,0.0,1.0,0.0
35063,POLO CUESTA,SP,Sudeste,2017,1,0,1,1,1,1,0,0,0,1,0,0,0.0,0.0,0.0,1.0,0.0,0.0,1.0,0.0
35063,POLO CUESTA,SP,Sudeste,2018,5,0,5,5,5,5,0,3,2,0,0,0,0.0,0.6,0.4,0.0,0.0,0.0,1.0,0.0
35063,POLO CUESTA,SP,Sudeste,2019,7,0,7,7,7,7,0,1,3,2,0,1,0.0,0.14285714285714285,0.42857142857142855,0.2857142857142857,0.0,0.14285714285714285,1.0,0.14285714285714285
35063,POLO CUESTA,SP,Sudeste,2020,1,0,1,1,1,1,0,0,1,0,0,0,0.0,0.0,1.0,0.0,0.0,0.0,1.0,0.0
35063,POLO CUESTA,SP,Sudeste,2021,2,0,2,2,2,2,0,0,2,0,0,0,0.0,0.0,1.0,0.0,0.0,0.0,1.0,0.0
35063,POLO CUESTA,SP,Sudeste,2022,3,0,3,3,3,2,0,0,1,1,1,0,0.0,0.0,0.3333333333333333,0.3333333333333333,0.3333333333333333,0.0,0.6666666666666666,0.3333333333333333
35063,POLO CUESTA,SP,Sudeste,2023,3,0,3,3,3,2,0,2,0,1,0,0,0.0,0.6666666666666666,0.0,0.3333333333333333,0.0,0.0,0.6666666666666666,0.0
35063,POLO CUESTA,SP,Sudeste,2024,2,0,2,2,2,2,0,0,2,0,0,0,0.0,0.0,1.0,0.0,0.0,0.0,1.0,0.0
35063,POLO CUESTA,SP,Sudeste,2025,1,0,1,1,1,1,0,0,0,1,0,0,0.0,0.0,0.0,1.0,0.0,0.0,1.0,0.0
35064,JAU,SP,Sudeste,2007,1,0,1,1,1,1,0,0,0,1,0,0,0.0,0.0,0.0,1.0,0.0,0.0,1.0,0.0
35064,JAU,SP,Sudeste,2008,1,0,1,1,1,1,0,1,0,0,0,0,0.0,1.0,0.0,0.0,0.0,0.0,1.0,0.0
35064,JAU,SP,Sudeste,2009,1,0,1,1,1,1,0,0,1,0,0,0,0.0,0.0,1.0,0.0,0.0,0.0,1.0,0.0
35064,JAU,SP,Sudeste,2010,1,0,0,1,1,1,0,0,1,0,0,0,0.0,0.0,1.0,0.0,0.0,0.0,1.0,0.0
35064,JAU,SP,Sudeste,2011,7,2,7,7,7,6,0,1,3,3,0,0,0.0,0.14285714285714285,0.42857142857142855,0.42857142857142855,0.0,0.0,0.8571428571428571,0.0
35064,JAU,SP,Sudeste,2012,5,0,5,5,5,4,0,1,1,2,1,0,0.0,0.2,0.2,0.4,0.2,0.0,0.8,0.2
35064,JAU,SP,Sudeste,2013,4,1,4,4,4,3,0,3,0,1,0,0,0.0,0.75,0.0,0.25,0.0,0.0,0.75,0.0
35064,JAU,SP,Sudeste,2014,2,1,1,2,2,2,0,0,2,0,0,0,0.0,0.0,1.0,0.0,0.0,0.0,1.0,0.0
35064,JAU,SP,Sudeste,2015,1,0,1,1,1,1,0,0,1,0,0,0,0.0,0.0,1.0,0.0,0.0,0.0,1.0,0.0
35064,JAU,SP,Sudeste,2016,4,2,4,4,4,3,0,1,3,0,0,0,0.0,0.25,0.75,0.0,0.0,0.0,0.75,0.0
35064,JAU,SP,Sudeste,2017,2,2,2,2,2,2,0,0,2,0,0,0,0.0,0.0,1.0,0.0,0.0,0.0,1.0,0.0
35064,JAU,SP,Sudeste,2018,3,0,3,3,3,3,0,1,1,1,0,0,0.0,0.3333333333333333,0.3333333333333333,0.3333333333333333,0.0,0.0,1.0,0.0
35064,JAU,SP,Sudeste,2019,0,0,0,0,0,0,0,0,0,0,0,0,,,,,,,,
35064,JAU,SP,Sudeste,2020,0,0,0,0,0,0,0,0,0,0,0,0,,,,,,,,
35064,JAU,SP,Sudeste,2021,0,0,0,0,0,0,0,0,0,0,0,0,,,,,,,,
35064,JAU,SP,Sudeste,2022,0,0,0,0,0,0,0,0,0,0,0,0,,,,,,,,
35064,JAU,SP,Sudeste,2023,0,0,0,0,0,0,0,0,0,0,0,0,,,,,,,,
35064,JAU,SP,Sudeste,2024,0,0,0,0,0,0,0,0,0,0,0,0,,,,,,,,
35064,JAU,SP,Sudeste,2025,1,0,1,1,1,1,0,0,1,0,0,0,0.0,0.0,1.0,0.0,0.0,0.0,1.0,0.0
35065,LINS,SP,Sudeste,2007,0,0,0,0,0,0,0,0,0,0,0,0,,,,,,,,
35065,LINS,SP,Sudeste,2008,0,0,0,0,0,0,0,0,0,0,0,0,,,,,,,,
35065,LINS,SP,Sudeste,2009,0,0,0,0,0,0,0,0,0,0,0,0,,,,,,,,
35065,LINS,SP,Sudeste,2010,0,0,0,0,0,0,0,0,0,0,0,0,,,,,,,,
35065,LINS,SP,Sudeste,2011,0,0,0,0,0,0,0,0,0,0,0,0,,,,,,,,
35065,LINS,SP,Sudeste,2012,1,0,1,1,1,1,0,0,0,1,0,0,0.0,0.0,0.0,1.0,0.0,0.0,1.0,0.0
35065,LINS,SP,Sudeste,2013,0,0,0,0,0,0,0,0,0,0,0,0,,,,,,,,
35065,LINS,SP,Sudeste,2014,0,0,0,0,0,0,0,0,0,0,0,0,,,,,,,,
35065,LINS,SP,Sudeste,2015,0,0,0,0,0,0,0,0,0,0,0,0,,,,,,,,
35065,LINS,SP,Sudeste,2016,2,0,1,2,2,2,0,2,0,0,0,0,0.0,1.0,0.0,0.0,0.0,0.0,1.0,0.0
35065,LINS,SP,Sudeste,2017,2,0,2,2,2,2,0,0,0,2,0,0,0.0,0.0,0.0,1.0,0.0,0.0,1.0,0.0
35065,LINS,SP,Sudeste,2018,0,0,0,0,0,0,0,0,0,0,0,0,,,,,,,,
35065,LINS,SP,Sudeste,2019,0,0,0,0,0,0,0,0,0,0,0,0,,,,,,,,
35065,LINS,SP,Sudeste,2020,0,0,0,0,0,0,0,0,0,0,0,0,,,,,,,,
35065,LINS,SP,Sudeste,2021,1,0,1,1,1,1,0,0,0,0,1,0,0.0,0.0,0.0,0.0,1.0,0.0,1.0,1.0
35065,LINS,SP,Sudeste,2022,1,0,1,1,1,1,0,0,1,0,0,0,0.0,0.0,1.0,0.0,0.0,0.0,1.0,0.0
35065,LINS,SP,Sudeste,2023,0,0,0,0,0,0,0,0,0,0,0,0,,,,,,,,
35065,LINS,SP,Sudeste,2024,0,0,0,0,0,0,0,0,0,0,0,0,,,,,,,,
35065,LINS,SP,Sudeste,2025,0,0,0,0,0,0,0,0,0,0,0,0,,,,,,,,
35071,BRAGANCA,SP,Sudeste,2007,2,0,2,2,2,2,1,0,0,1,0,0,0.5,0.0,0.0,0.5,0.0,0.0,1.0,0.0
35071,BRAGANCA,SP,Sudeste,2008,2,0,1,2,2,1,0,0,0,2,0,0,0.0,0.0,0.0,1.0,0.0,0.0,0.5,0.0
35071,BRAGANCA,SP,Sudeste,2009,9,1,8,9,9,7,0,3,5,0,1,0,0.0,0.3333333333333333,0.5555555555555556,0.0,0.1111111111111111,0.0,0.7777777777777778,0.1111111111111111
35071,BRAGANCA,SP,Sudeste,2010,15,0,11,15,15,13,2,3,5,4,0,1,0.13333333333333333,0.2,0.3333333333333333,0.26666666666666666,0.0,0.06666666666666667,0.8666666666666667,0.06666666666666667
35071,BRAGANCA,SP,Sudeste,2011,15,2,10,15,15,13,1,7,2,2,2,1,0.06666666666666667,0.4666666666666667,0.13333333333333333,0.13333333333333333,0.13333333333333333,0.06666666666666667,0.8666666666666667,0.2
35071,BRAGANCA,SP,Sudeste,2012,4,0,2,4,4,3,0,2,1,0,1,0,0.0,0.5,0.25,0.0,0.25,0.0,0.75,0.25
35071,BRAGANCA,SP,Sudeste,2013,20,2,19,20,20,15,0,3,6,7,2,2,0.0,0.15,0.3,0.35,0.1,0.1,0.75,0.2
35071,BRAGANCA,SP,Sudeste,2014,8,1,7,8,8,7,0,3,3,1,1,0,0.0,0.375,0.375,0.125,0.125,0.0,0.875,0.125
35071,BRAGANCA,SP,Sudeste,2015,14,0,13,14,14,10,1,3,6,3,1,0,0.07142857142857142,0.21428571428571427,0.42857142857142855,0.21428571428571427,0.07142857142857142,0.0,0.7142857142857143,0.07142857142857142
35071,BRAGANCA,SP,Sudeste,2016,12,1,11,12,12,9,1,3,7,1,0,0,0.08333333333333333,0.25,0.5833333333333334,0.08333333333333333,0.0,0.0,0.75,0.0
35071,BRAGANCA,SP,Sudeste,2017,8,0,8,8,8,8,0,1,5,0,1,1,0.0,0.125,0.625,0.0,0.125,0.125,1.0,0.25
35071,BRAGANCA,SP,Sudeste,2018,4,0,3,4,4,4,0,0,2,1,1,0,0.0,0.0,0.5,0.25,0.25,0.0,1.0,0.25
35071,BRAGANCA,SP,Sudeste,2019,8,1,7,8,8,8,0,1,1,1,2,3,0.0,0.125,0.125,0.125,0.25,0.375,1.0,0.625
35071,BRAGANCA,SP,Sudeste,2020,3,0,3,3,3,3,0,0,0,3,0,0,0.0,0.0,0.0,1.0,0.0,0.0,1.0,0.0
35071,BRAGANCA,SP,Sudeste,2021,3,0,3,3,3,1,0,2,0,1,0,0,0.0,0.6666666666666666,0.0,0.3333333333333333,0.0,0.0,0.3333333333333333,0.0
35071,BRAGANCA,SP,Sudeste,2022,5,0,5,5,5,3,0,0,1,1,2,1,0.0,0.0,0.2,0.2,0.4,0.2,0.6,0.6000000000000001
35071,BRAGANCA,SP,Sudeste,2023,8,0,8,8,8,8,0,2,2,2,1,1,0.0,0.25,0.25,0.25,0.125,0.125,1.0,0.25
35071,BRAGANCA,SP,Sudeste,2024,5,1,5,5,5,3,0,1,1,1,2,0,0.0,0.2,0.2,0.2,0.4,0.0,0.6,0.4
35071,BRAGANCA,SP,Sudeste,2025,6,1,6,6,6,6,0,0,2,2,2,0,0.0,0.0,0.3333333333333333,0.3333333333333333,0.3333333333333333,0.0,1.0,0.3333333333333333
35072,REGIAO METROPOLITANA DE CAMPINAS,SP,Sudeste,2007,51,8,45,51,51,42,2,18,17,10,3,1,0.0392156862745098,0.35294117647058826,0.3333333333333333,0.19607843137254902,0.058823529411764705,0.0196078431372549,0.8235294117647058,0.0784313725490196
35072,REGIAO METROPOLITANA DE CAMPINAS,SP,Sudeste,2008,43,4,39,43,43,35,4,13,13,7,6,0,0.09302325581395349,0.3023255813953488,0.3023255813953488,0.16279069767441862,0.13953488372093023,0.0,0.813953488372093,0.13953488372093023
35072,REGIAO METROPOLITANA DE CAMPINAS,SP,Sudeste,2009,86,7,76,86,86,64,7,27,24,20,6,2,0.08139534883720931,0.313953488372093,0.27906976744186046,0.23255813953488372,0.06976744186046512,0.023255813953488372,0.7441860465116279,0.09302325581395349
35072,REGIAO METROPOLITANA DE CAMPINAS,SP,Sudeste,2010,64,9,60,64,64,51,7,22,20,11,3,1,0.109375,0.34375,0.3125,0.171875,0.046875,0.015625,0.796875,0.0625
35072,REGIAO METROPOLITANA DE CAMPINAS,SP,Sudeste,2011,145,15,135,145,145,104,16,43,45,27,11,3,0.1103448275862069,0.296551724137931,0.3103448275862069,0.18620689655172415,0.07586206896551724,0.020689655172413793,0.7172413793103448,0.09655172413793103
35072,REGIAO METROPOLITANA DE CAMPINAS,SP,Sudeste,2012,98,5,93,98,98,76,9,25,36,19,7,2,0.09183673469387756,0.25510204081632654,0.3673469387755102,0.19387755102040816,0.07142857142857142,0.02040816326530612,0.7755102040816326,0.09183673469387754
35072,REGIAO METROPOLITANA DE CAMPINAS,SP,Sudeste,2013,93,7,90,93,93,66,6,30,29,19,8,1,0.06451612903225806,0.3225806451612903,0.3118279569892473,0.20430107526881722,0.08602150537634409,0.010752688172043012,0.7096774193548387,0.09677419354838711
35072,REGIAO METROPOLITANA DE CAMPINAS,SP,Sudeste,2014,92,5,92,92,92,60,12,27,32,14,6,1,0.13043478260869565,0.29347826086956524,0.34782608695652173,0.15217391304347827,0.06521739130434782,0.010869565217391304,0.6521739130434783,0.07608695652173914
35072,REGIAO METROPOLITANA DE CAMPINAS,SP,Sudeste,2015,45,4,42,45,45,33,0,11,11,19,4,0,0.0,0.24444444444444444,0.24444444444444444,0.4222222222222222,0.08888888888888889,0.0,0.7333333333333333,0.08888888888888889
35072,REGIAO METROPOLITANA DE CAMPINAS,SP,Sudeste,2016,57,4,56,57,57,41,2,14,18,15,6,2,0.03508771929824561,0.24561403508771928,0.3157894736842105,0.2631578947368421,0.10526315789473684,0.03508771929824561,0.7192982456140351,0.14035087719298245
35072,REGIAO METROPOLITANA DE CAMPINAS,SP,Sudeste,2017,42,1,39,42,42,34,2,8,14,15,2,1,0.047619047619047616,0.19047619047619047,0.3333333333333333,0.35714285714285715,0.047619047619047616,0.023809523809523808,0.8095238095238095,0.07142857142857142
35072,REGIAO METROPOLITANA DE CAMPINAS,SP,Sudeste,2018,23,4,22,23,23,21,0,5,3,9,2,4,0.0,0.21739130434782608,0.13043478260869565,0.391304347826087,0.08695652173913043,0.17391304347826086,0.9130434782608695,0.2608695652173913
35072,REGIAO METROPOLITANA DE CAMPINAS,SP,Sudeste,2019,34,5,32,34,34,30,2,10,11,7,3,1,0.058823529411764705,0.29411764705882354,0.3235294117647059,0.20588235294117646,0.08823529411764706,0.029411764705882353,0.8823529411764706,0.11764705882352941
35072,REGIAO METROPOLITANA DE CAMPINAS,SP,Sudeste,2020,17,3,17,17,17,15,0,3,8,3,2,1,0.0,0.17647058823529413,0.47058823529411764,0.17647058823529413,0.11764705882352941,0.058823529411764705,0.8823529411764706,0.1764705882352941
35072,REGIAO METROPOLITANA DE CAMPINAS,SP,Sudeste,2021,13,1,13,13,13,12,1,5,3,3,1,0,0.07692307692307693,0.38461538461538464,0.23076923076923078,0.23076923076923078,0.07692307692307693,0.0,0.9230769230769231,0.07692307692307693
35072,REGIAO METROPOLITANA DE CAMPINAS,SP,Sudeste,2022,26,2,25,26,26,22,1,4,10,6,4,1,0.038461538461538464,0.15384615384615385,0.38461538461538464,0.23076923076923078,0.15384615384615385,0.038461538461538464,0.8461538461538461,0.19230769230769232
35072,REGIAO METROPOLITANA DE CAMPINAS,SP,Sudeste,2023,23,6,23,23,23,22,0,5,8,5,2,3,0.0,0.21739130434782608,0.34782608695652173,0.21739130434782608,0.08695652173913043,0.13043478260869565,0.9565217391304348,0.21739130434782608
35072,REGIAO METROPOLITANA DE CAMPINAS,SP,Sudeste,2024,23,4,23,23,23,19,0,1,5,12,4,1,0.0,0.043478260869565216,0.21739130434782608,0.5217391304347826,0.17391304347826086,0.043478260869565216,0.8260869565217391,0.21739130434782608
35072,REGIAO METROPOLITANA DE CAMPINAS,SP,Sudeste,2025,18,2,18,18,18,15,0,2,4,6,4,2,0.0,0.1111111111111111,0.2222222222222222,0.3333333333333333,0.2222222222222222,0.1111111111111111,0.8333333333333334,0.3333333333333333
35073,JUNDIAI,SP,Sudeste,2007,3,1,3,3,3,3,0,2,1,0,0,0,0.0,0.6666666666666666,0.3333333333333333,0.0,0.0,0.0,1.0,0.0
35073,JUNDIAI,SP,Sudeste,2008,10,0,7,10,10,10,1,2,5,2,0,0,0.1,0.2,0.5,0.2,0.0,0.0,1.0,0.0
35073,JUNDIAI,SP,Sudeste,2009,8,1,8,8,8,7,0,4,1,3,0,0,0.0,0.5,0.125,0.375,0.0,0.0,0.875,0.0
35073,JUNDIAI,SP,Sudeste,2010,12,1,12,12,12,8,4,5,1,1,1,0,0.3333333333333333,0.4166666666666667,0.08333333333333333,0.08333333333333333,0.08333333333333333,0.0,0.6666666666666666,0.08333333333333333
35073,JUNDIAI,SP,Sudeste,2011,14,1,13,14,14,11,1,3,6,3,1,0,0.07142857142857142,0.21428571428571427,0.42857142857142855,0.21428571428571427,0.07142857142857142,0.0,0.7857142857142857,0.07142857142857142
35073,JUNDIAI,SP,Sudeste,2012,12,0,10,12,12,12,2,5,4,1,0,0,0.16666666666666666,0.4166666666666667,0.3333333333333333,0.08333333333333333,0.0,0.0,1.0,0.0
35073,JUNDIAI,SP,Sudeste,2013,17,0,16,17,17,14,0,3,6,6,2,0,0.0,0.17647058823529413,0.35294117647058826,0.35294117647058826,0.11764705882352941,0.0,0.8235294117647058,0.11764705882352941
35073,JUNDIAI,SP,Sudeste,2014,6,0,6,6,6,4,1,2,1,2,0,0,0.16666666666666666,0.3333333333333333,0.16666666666666666,0.3333333333333333,0.0,0.0,0.6666666666666666,0.0
35073,JUNDIAI,SP,Sudeste,2015,4,0,4,4,4,4,0,0,3,1,0,0,0.0,0.0,0.75,0.25,0.0,0.0,1.0,0.0
35073,JUNDIAI,SP,Sudeste,2016,6,1,6,6,6,6,1,1,3,0,1,0,0.16666666666666666,0.16666666666666666,0.5,0.0,0.16666666666666666,0.0,1.0,0.16666666666666666
35073,JUNDIAI,SP,Sudeste,2017,5,0,5,5,5,4,1,1,2,1,0,0,0.2,0.2,0.4,0.2,0.0,0.0,0.8,0.0
35073,JUNDIAI,SP,Sudeste,2018,3,0,3,3,3,3,1,2,0,0,0,0,0.3333333333333333,0.6666666666666666,0.0,0.0,0.0,0.0,1.0,0.0
35073,JUNDIAI,SP,Sudeste,2019,3,0,3,3,3,3,0,1,1,1,0,0,0.0,0.3333333333333333,0.3333333333333333,0.3333333333333333,0.0,0.0,1.0,0.0
35073,JUNDIAI,SP,Sudeste,2020,3,0,2,3,3,3,0,1,1,0,1,0,0.0,0.3333333333333333,0.3333333333333333,0.0,0.3333333333333333,0.0,1.0,0.3333333333333333
35073,JUNDIAI,SP,Sudeste,2021,4,0,3,4,4,3,0,1,1,0,2,0,0.0,0.25,0.25,0.0,0.5,0.0,0.75,0.5
35073,JUNDIAI,SP,Sudeste,2022,7,2,5,7,7,7,0,2,3,1,1,0,0.0,0.2857142857142857,0.42857142857142855,0.14285714285714285,0.14285714285714285,0.0,1.0,0.14285714285714285
35073,JUNDIAI,SP,Sudeste,2023,3,0,3,3,3,3,0,1,1,1,0,0,0.0,0.3333333333333333,0.3333333333333333,0.3333333333333333,0.0,0.0,1.0,0.0
35073,JUNDIAI,SP,Sudeste,2024,3,1,2,3,3,3,0,1,0,1,1,0,0.0,0.3333333333333333,0.0,0.3333333333333333,0.3333333333333333,0.0,1.0,0.3333333333333333
35073,JUNDIAI,SP,Sudeste,2025,2,0,2,2,2,2,0,2,0,0,0,0,0.0,1.0,0.0,0.0,0.0,0.0,1.0,0.0
35074,CIRCUITO DAS AGUAS,SP,Sudeste,2007,2,0,2,2,2,1,0,1,0,1,0,0,0.0,0.5,0.0,0.5,0.0,0.0,0.5,0.0
35074,CIRCUITO DAS AGUAS,SP,Sudeste,2008,4,0,3,4,4,3,0,2,2,0,0,0,0.0,0.5,0.5,0.0,0.0,0.0,0.75,0.0
35074,CIRCUITO DAS AGUAS,SP,Sudeste,2009,6,0,4,6,6,5,0,3,0,3,0,0,0.0,0.5,0.0,0.5,0.0,0.0,0.8333333333333334,0.0
35074,CIRCUITO DAS AGUAS,SP,Sudeste,2010,4,0,4,4,4,4,0,1,1,1,1,0,0.0,0.25,0.25,0.25,0.25,0.0,1.0,0.25
35074,CIRCUITO DAS AGUAS,SP,Sudeste,2011,9,0,9,9,9,4,0,1,3,5,0,0,0.0,0.1111111111111111,0.3333333333333333,0.5555555555555556,0.0,0.0,0.4444444444444444,0.0
35074,CIRCUITO DAS AGUAS,SP,Sudeste,2012,4,0,4,4,4,4,0,0,1,3,0,0,0.0,0.0,0.25,0.75,0.0,0.0,1.0,0.0
35074,CIRCUITO DAS AGUAS,SP,Sudeste,2013,8,0,8,8,8,5,0,2,3,2,1,0,0.0,0.25,0.375,0.25,0.125,0.0,0.625,0.125
35074,CIRCUITO DAS AGUAS,SP,Sudeste,2014,4,1,4,4,4,2,1,0,2,0,0,1,0.25,0.0,0.5,0.0,0.0,0.25,0.5,0.25
35074,CIRCUITO DAS AGUAS,SP,Sudeste,2015,3,0,3,3,3,3,0,1,1,1,0,0,0.0,0.3333333333333333,0.3333333333333333,0.3333333333333333,0.0,0.0,1.0,0.0
35074,CIRCUITO DAS AGUAS,SP,Sudeste,2016,0,0,0,0,0,0,0,0,0,0,0,0,,,,,,,,
35074,CIRCUITO DAS AGUAS,SP,Sudeste,2017,5,1,5,5,5,4,0,1,0,3,1,0,0.0,0.2,0.0,0.6,0.2,0.0,0.8,0.2
35074,CIRCUITO DAS AGUAS,SP,Sudeste,2018,2,0,2,2,2,2,0,1,0,1,0,0,0.0,0.5,0.0,0.5,0.0,0.0,1.0,0.0
35074,CIRCUITO DAS AGUAS,SP,Sudeste,2019,2,0,2,2,2,1,0,0,1,0,1,0,0.0,0.0,0.5,0.0,0.5,0.0,0.5,0.5
35074,CIRCUITO DAS AGUAS,SP,Sudeste,2020,0,0,0,0,0,0,0,0,0,0,0,0,,,,,,,,
35074,CIRCUITO DAS AGUAS,SP,Sudeste,2021,1,0,1,1,1,0,0,1,0,0,0,0,0.0,1.0,0.0,0.0,0.0,0.0,0.0,0.0
35074,CIRCUITO DAS AGUAS,SP,Sudeste,2022,3,0,3,3,3,3,0,0,1,2,0,0,0.0,0.0,0.3333333333333333,0.6666666666666666,0.0,0.0,1.0,0.0
35074,CIRCUITO DAS AGUAS,SP,Sudeste,2023,0,0,0,0,0,0,0,0,0,0,0,0,,,,,,,,
35074,CIRCUITO DAS AGUAS,SP,Sudeste,2024,1,0,1,1,1,1,0,0,1,0,0,0,0.0,0.0,1.0,0.0,0.0,0.0,1.0,0.0
35074,CIRCUITO DAS AGUAS,SP,Sudeste,2025,5,0,5,5,5,5,1,0,1,2,1,0,0.2,0.0,0.2,0.4,0.2,0.0,1.0,0.2
35081,TRES COLINAS,SP,Sudeste,2007,3,0,3,3,3,2,1,0,0,1,1,0,0.3333333333333333,0.0,0.0,0.3333333333333333,0.3333333333333333,0.0,0.6666666666666666,0.3333333333333333
35081,TRES COLINAS,SP,Sudeste,2008,0,0,0,0,0,0,0,0,0,0,0,0,,,,,,,,
35081,TRES COLINAS,SP,Sudeste,2009,2,0,2,2,2,2,0,1,1,0,0,0,0.0,0.5,0.5,0.0,0.0,0.0,1.0,0.0
35081,TRES COLINAS,SP,Sudeste,2010,3,0,3,3,3,3,0,1,1,1,0,0,0.0,0.3333333333333333,0.3333333333333333,0.3333333333333333,0.0,0.0,1.0,0.0
35081,TRES COLINAS,SP,Sudeste,2011,0,0,0,0,0,0,0,0,0,0,0,0,,,,,,,,
35081,TRES COLINAS,SP,Sudeste,2012,3,1,3,3,3,3,0,0,0,2,0,1,0.0,0.0,0.0,0.6666666666666666,0.0,0.3333333333333333,1.0,0.3333333333333333
35081,TRES COLINAS,SP,Sudeste,2013,2,1,2,2,2,1,1,0,1,0,0,0,0.5,0.0,0.5,0.0,0.0,0.0,0.5,0.0
35081,TRES COLINAS,SP,Sudeste,2014,2,0,2,2,2,1,0,0,1,0,1,0,0.0,0.0,0.5,0.0,0.5,0.0,0.5,0.5
35081,TRES COLINAS,SP,Sudeste,2015,1,0,1,1,1,1,0,0,0,1,0,0,0.0,0.0,0.0,1.0,0.0,0.0,1.0,0.0
35081,TRES COLINAS,SP,Sudeste,2016,1,0,1,1,1,1,0,1,0,0,0,0,0.0,1.0,0.0,0.0,0.0,0.0,1.0,0.0
35081,TRES COLINAS,SP,Sudeste,2017,0,0,0,0,0,0,0,0,0,0,0,0,,,,,,,,
35081,TRES COLINAS,SP,Sudeste,2018,0,0,0,0,0,0,0,0,0,0,0,0,,,,,,,,
35081,TRES COLINAS,SP,Sudeste,2019,3,0,2,3,3,2,0,1,0,2,0,0,0.0,0.3333333333333333,0.0,0.6666666666666666,0.0,0.0,0.6666666666666666,0.0
35081,TRES COLINAS,SP,Sudeste,2020,3,0,3,3,3,3,0,1,1,1,0,0,0.0,0.3333333333333333,0.3333333333333333,0.3333333333333333,0.0,0.0,1.0,0.0
35081,TRES COLINAS,SP,Sudeste,2021,0,0,0,0,0,0,0,0,0,0,0,0,,,,,,,,
35081,TRES COLINAS,SP,Sudeste,2022,1,0,1,1,1,0,0,0,0,0,1,0,0.0,0.0,0.0,0.0,1.0,0.0,0.0,1.0
35081,TRES COLINAS,SP,Sudeste,2023,1,0,0,1,1,1,0,0,0,0,1,0,0.0,0.0,0.0,0.0,1.0,0.0,1.0,1.0
35081,TRES COLINAS,SP,Sudeste,2024,1,0,1,1,1,1,0,0,0,1,0,0,0.0,0.0,0.0,1.0,0.0,0.0,1.0,0.0
35081,TRES COLINAS,SP,Sudeste,2025,0,0,0,0,0,0,0,0,0,0,0,0,,,,,,,,
35082,ALTA ANHANGUERA,SP,Sudeste,2007,0,0,0,0,0,0,0,0,0,0,0,0,,,,,,,,
35082,ALTA ANHANGUERA,SP,Sudeste,2008,0,0,0,0,0,0,0,0,0,0,0,0,,,,,,,,
35082,ALTA ANHANGUERA,SP,Sudeste,2009,0,0,0,0,0,0,0,0,0,0,0,0,,,,,,,,
35082,ALTA ANHANGUERA,SP,Sudeste,2010,1,0,1,1,1,0,0,1,0,0,0,0,0.0,1.0,0.0,0.0,0.0,0.0,0.0,0.0
35082,ALTA ANHANGUERA,SP,Sudeste,2011,1,0,1,1,1,1,0,0,1,0,0,0,0.0,0.0,1.0,0.0,0.0,0.0,1.0,0.0
35082,ALTA ANHANGUERA,SP,Sudeste,2012,0,0,0,0,0,0,0,0,0,0,0,0,,,,,,,,
35082,ALTA ANHANGUERA,SP,Sudeste,2013,0,0,0,0,0,0,0,0,0,0,0,0,,,,,,,,
35082,ALTA ANHANGUERA,SP,Sudeste,2014,0,0,0,0,0,0,0,0,0,0,0,0,,,,,,,,
35082,ALTA ANHANGUERA,SP,Sudeste,2015,0,0,0,0,0,0,0,0,0,0,0,0,,,,,,,,
35082,ALTA ANHANGUERA,SP,Sudeste,2016,0,0,0,0,0,0,0,0,0,0,0,0,,,,,,,,
35082,ALTA ANHANGUERA,SP,Sudeste,2017,1,0,0,1,1,1,0,0,1,0,0,0,0.0,0.0,1.0,0.0,0.0,0.0,1.0,0.0
35082,ALTA ANHANGUERA,SP,Sudeste,2018,0,0,0,0,0,0,0,0,0,0,0,0,,,,,,,,
35082,ALTA ANHANGUERA,SP,Sudeste,2019,0,0,0,0,0,0,0,0,0,0,0,0,,,,,,,,
35082,ALTA ANHANGUERA,SP,Sudeste,2020,0,0,0,0,0,0,0,0,0,0,0,0,,,,,,,,
35082,ALTA ANHANGUERA,SP,Sudeste,2021,0,0,0,0,0,0,0,0,0,0,0,0,,,,,,,,
35082,ALTA ANHANGUERA,SP,Sudeste,2022,0,0,0,0,0,0,0,0,0,0,0,0,,,,,,,,
35082,ALTA ANHANGUERA,SP,Sudeste,2023,0,0,0,0,0,0,0,0,0,0,0,0,,,,,,,,
35082,ALTA ANHANGUERA,SP,Sudeste,2024,0,0,0,0,0,0,0,0,0,0,0,0,,,,,,,,
35082,ALTA ANHANGUERA,SP,Sudeste,2025,1,0,1,1,1,1,0,0,0,1,0,0,0.0,0.0,0.0,1.0,0.0,0.0,1.0,0.0
35083,ALTA MOGIANA,SP,Sudeste,2007,0,0,0,0,0,0,0,0,0,0,0,0,,,,,,,,
35083,ALTA MOGIANA,SP,Sudeste,2008,0,0,0,0,0,0,0,0,0,0,0,0,,,,,,,,
35083,ALTA MOGIANA,SP,Sudeste,2009,0,0,0,0,0,0,0,0,0,0,0,0,,,,,,,,
35083,ALTA MOGIANA,SP,Sudeste,2010,0,0,0,0,0,0,0,0,0,0,0,0,,,,,,,,
35083,ALTA MOGIANA,SP,Sudeste,2011,0,0,0,0,0,0,0,0,0,0,0,0,,,,,,,,
35083,ALTA MOGIANA,SP,Sudeste,2012,0,0,0,0,0,0,0,0,0,0,0,0,,,,,,,,
35083,ALTA MOGIANA,SP,Sudeste,2013,1,1,1,1,1,1,0,0,0,0,1,0,0.0,0.0,0.0,0.0,1.0,0.0,1.0,1.0
35083,ALTA MOGIANA,SP,Sudeste,2014,0,0,0,0,0,0,0,0,0,0,0,0,,,,,,,,
35083,ALTA MOGIANA,SP,Sudeste,2015,0,0,0,0,0,0,0,0,0,0,0,0,,,,,,,,
35083,ALTA MOGIANA,SP,Sudeste,2016,0,0,0,0,0,0,0,0,0,0,0,0,,,,,,,,
35083,ALTA MOGIANA,SP,Sudeste,2017,0,0,0,0,0,0,0,0,0,0,0,0,,,,,,,,
35083,ALTA MOGIANA,SP,Sudeste,2018,0,0,0,0,0,0,0,0,0,0,0,0,,,,,,,,
35083,ALTA MOGIANA,SP,Sudeste,2019,0,0,0,0,0,0,0,0,0,0,0,0,,,,,,,,
35083,ALTA MOGIANA,SP,Sudeste,2020,0,0,0,0,0,0,0,0,0,0,0,0,,,,,,,,
35083,ALTA MOGIANA,SP,Sudeste,2021,1,0,1,1,1,1,0,0,1,0,0,0,0.0,0.0,1.0,0.0,0.0,0.0,1.0,0.0
35083,ALTA MOGIANA,SP,Sudeste,2022,0,0,0,0,0,0,0,0,0,0,0,0,,,,,,,,
35083,ALTA MOGIANA,SP,Sudeste,2023,1,0,1,1,1,1,0,0,1,0,0,0,0.0,0.0,1.0,0.0,0.0,0.0,1.0,0.0
35083,ALTA MOGIANA,SP,Sudeste,2024,1,0,1,1,1,0,0,0,1,0,0,0,0.0,0.0,1.0,0.0,0.0,0.0,0.0,0.0
35083,ALTA MOGIANA,SP,Sudeste,2025,0,0,0,0,0,0,0,0,0,0,0,0,,,,,,,,
35091,ADAMANTINA,SP,Sudeste,2007,0,0,0,0,0,0,0,0,0,0,0,0,,,,,,,,
35091,ADAMANTINA,SP,Sudeste,2008,0,0,0,0,0,0,0,0,0,0,0,0,,,,,,,,
35091,ADAMANTINA,SP,Sudeste,2009,1,0,1,1,1,1,0,0,1,0,0,0,0.0,0.0,1.0,0.0,0.0,0.0,1.0,0.0
35091,ADAMANTINA,SP,Sudeste,2010,0,0,0,0,0,0,0,0,0,0,0,0,,,,,,,,
35091,ADAMANTINA,SP,Sudeste,2011,1,0,1,1,1,1,0,0,1,0,0,0,0.0,0.0,1.0,0.0,0.0,0.0,1.0,0.0
35091,ADAMANTINA,SP,Sudeste,2012,2,1,2,2,2,2,0,0,1,1,0,0,0.0,0.0,0.5,0.5,0.0,0.0,1.0,0.0
35091,ADAMANTINA,SP,Sudeste,2013,1,0,1,1,1,1,0,0,0,1,0,0,0.0,0.0,0.0,1.0,0.0,0.0,1.0,0.0
35091,ADAMANTINA,SP,Sudeste,2014,2,0,2,2,2,1,0,1,1,0,0,0,0.0,0.5,0.5,0.0,0.0,0.0,0.5,0.0
35091,ADAMANTINA,SP,Sudeste,2015,3,0,3,3,3,3,0,0,2,1,0,0,0.0,0.0,0.6666666666666666,0.3333333333333333,0.0,0.0,1.0,0.0
35091,ADAMANTINA,SP,Sudeste,2016,2,0,2,2,2,2,0,0,1,1,0,0,0.0,0.0,0.5,0.5,0.0,0.0,1.0,0.0
35091,ADAMANTINA,SP,Sudeste,2017,2,0,2,2,2,2,0,0,1,1,0,0,0.0,0.0,0.5,0.5,0.0,0.0,1.0,0.0
35091,ADAMANTINA,SP,Sudeste,2018,6,0,6,6,6,6,1,4,1,0,0,0,0.16666666666666666,0.6666666666666666,0.16666666666666666,0.0,0.0,0.0,1.0,0.0
35091,ADAMANTINA,SP,Sudeste,2019,2,0,2,2,2,2,0,0,1,1,0,0,0.0,0.0,0.5,0.5,0.0,0.0,1.0,0.0
35091,ADAMANTINA,SP,Sudeste,2020,0,0,0,0,0,0,0,0,0,0,0,0,,,,,,,,
35091,ADAMANTINA,SP,Sudeste,2021,0,0,0,0,0,0,0,0,0,0,0,0,,,,,,,,
35091,ADAMANTINA,SP,Sudeste,2022,0,0,0,0,0,0,0,0,0,0,0,0,,,,,,,,
35091,ADAMANTINA,SP,Sudeste,2023,2,0,2,2,2,2,0,0,2,0,0,0,0.0,0.0,1.0,0.0,0.0,0.0,1.0,0.0
35091,ADAMANTINA,SP,Sudeste,2024,0,0,0,0,0,0,0,0,0,0,0,0,,,,,,,,
35091,ADAMANTINA,SP,Sudeste,2025,1,0,1,1,1,1,0,0,0,1,0,0,0.0,0.0,0.0,1.0,0.0,0.0,1.0,0.0
35092,ASSIS,SP,Sudeste,2007,5,1,5,5,5,5,0,1,2,2,0,0,0.0,0.2,0.4,0.4,0.0,0.0,1.0,0.0
35092,ASSIS,SP,Sudeste,2008,1,0,1,1,1,1,0,0,1,0,0,0,0.0,0.0,1.0,0.0,0.0,0.0,1.0,0.0
35092,ASSIS,SP,Sudeste,2009,5,0,5,5,5,3,0,1,2,0,1,1,0.0,0.2,0.4,0.0,0.2,0.2,0.6,0.4
35092,ASSIS,SP,Sudeste,2010,15,1,15,15,15,9,1,7,1,4,2,0,0.06666666666666667,0.4666666666666667,0.06666666666666667,0.26666666666666666,0.13333333333333333,0.0,0.6,0.13333333333333333
35092,ASSIS,SP,Sudeste,2011,7,1,7,7,7,4,1,0,3,2,1,0,0.14285714285714285,0.0,0.42857142857142855,0.2857142857142857,0.14285714285714285,0.0,0.5714285714285714,0.14285714285714285
35092,ASSIS,SP,Sudeste,2012,9,0,9,9,9,5,0,2,2,2,3,0,0.0,0.2222222222222222,0.2222222222222222,0.2222222222222222,0.3333333333333333,0.0,0.5555555555555556,0.3333333333333333
35092,ASSIS,SP,Sudeste,2013,25,1,25,25,25,13,2,5,10,6,2,0,0.08,0.2,0.4,0.24,0.08,0.0,0.52,0.08
35092,ASSIS,SP,Sudeste,2014,15,1,15,15,15,13,0,3,6,5,0,1,0.0,0.2,0.4,0.3333333333333333,0.0,0.06666666666666667,0.8666666666666667,0.06666666666666667
35092,ASSIS,SP,Sudeste,2015,3,0,3,3,3,2,0,2,0,1,0,0,0.0,0.6666666666666666,0.0,0.3333333333333333,0.0,0.0,0.6666666666666666,0.0
35092,ASSIS,SP,Sudeste,2016,0,0,0,0,0,0,0,0,0,0,0,0,,,,,,,,
35092,ASSIS,SP,Sudeste,2017,2,0,1,2,2,2,0,1,0,0,1,0,0.0,0.5,0.0,0.0,0.5,0.0,1.0,0.5
35092,ASSIS,SP,Sudeste,2018,9,0,9,9,9,7,1,2,2,2,1,1,0.1111111111111111,0.2222222222222222,0.2222222222222222,0.2222222222222222,0.1111111111111111,0.1111111111111111,0.7777777777777778,0.2222222222222222
35092,ASSIS,SP,Sudeste,2019,4,0,4,4,4,3,1,1,1,1,0,0,0.25,0.25,0.25,0.25,0.0,0.0,0.75,0.0
35092,ASSIS,SP,Sudeste,2020,1,0,1,1,1,1,0,0,0,1,0,0,0.0,0.0,0.0,1.0,0.0,0.0,1.0,0.0
35092,ASSIS,SP,Sudeste,2021,0,0,0,0,0,0,0,0,0,0,0,0,,,,,,,,
35092,ASSIS,SP,Sudeste,2022,3,1,3,3,3,3,1,0,1,1,0,0,0.3333333333333333,0.0,0.3333333333333333,0.3333333333333333,0.0,0.0,1.0,0.0
35092,ASSIS,SP,Sudeste,2023,0,0,0,0,0,0,0,0,0,0,0,0,,,,,,,,
35092,ASSIS,SP,Sudeste,2024,2,1,2,2,2,2,0,0,1,0,0,1,0.0,0.0,0.5,0.0,0.0,0.5,1.0,0.5
35092,ASSIS,SP,Sudeste,2025,3,2,3,3,3,3,0,1,2,0,0,0,0.0,0.3333333333333333,0.6666666666666666,0.0,0.0,0.0,1.0,0.0
35093,MARILIA,SP,Sudeste,2007,8,0,8,8,8,8,0,7,1,0,0,0,0.0,0.875,0.125,0.0,0.0,0.0,1.0,0.0
35093,MARILIA,SP,Sudeste,2008,5,0,5,5,5,5,0,0,3,2,0,0,0.0,0.0,0.6,0.4,0.0,0.0,1.0,0.0
35093,MARILIA,SP,Sudeste,2009,3,0,3,3,3,3,0,2,1,0,0,0,0.0,0.6666666666666666,0.3333333333333333,0.0,0.0,0.0,1.0,0.0
35093,MARILIA,SP,Sudeste,2010,1,0,1,1,1,1,0,0,0,1,0,0,0.0,0.0,0.0,1.0,0.0,0.0,1.0,0.0
35093,MARILIA,SP,Sudeste,2011,3,0,3,3,3,3,0,1,2,0,0,0,0.0,0.3333333333333333,0.6666666666666666,0.0,0.0,0.0,1.0,0.0
35093,MARILIA,SP,Sudeste,2012,5,0,5,5,5,4,0,1,2,2,0,0,0.0,0.2,0.4,0.4,0.0,0.0,0.8,0.0
35093,MARILIA,SP,Sudeste,2013,8,0,8,8,8,7,0,1,3,3,1,0,0.0,0.125,0.375,0.375,0.125,0.0,0.875,0.125
35093,MARILIA,SP,Sudeste,2014,6,0,6,6,6,4,1,2,2,0,0,1,0.16666666666666666,0.3333333333333333,0.3333333333333333,0.0,0.0,0.16666666666666666,0.6666666666666666,0.16666666666666666
35093,MARILIA,SP,Sudeste,2015,3,0,3,3,3,3,0,1,1,1,0,0,0.0,0.3333333333333333,0.3333333333333333,0.3333333333333333,0.0,0.0,1.0,0.0
35093,MARILIA,SP,Sudeste,2016,3,0,3,3,3,3,0,1,0,1,1,0,0.0,0.3333333333333333,0.0,0.3333333333333333,0.3333333333333333,0.0,1.0,0.3333333333333333
35093,MARILIA,SP,Sudeste,2017,0,0,0,0,0,0,0,0,0,0,0,0,,,,,,,,
35093,MARILIA,SP,Sudeste,2018,4,0,4,4,4,4,1,1,0,0,1,1,0.25,0.25,0.0,0.0,0.25,0.25,1.0,0.5
35093,MARILIA,SP,Sudeste,2019,1,0,1,1,1,1,0,1,0,0,0,0,0.0,1.0,0.0,0.0,0.0,0.0,1.0,0.0
35093,MARILIA,SP,Sudeste,2020,1,0,1,1,1,1,0,1,0,0,0,0,0.0,1.0,0.0,0.0,0.0,0.0,1.0,0.0
35093,MARILIA,SP,Sudeste,2021,1,0,1,1,1,1,0,0,0,1,0,0,0.0,0.0,0.0,1.0,0.0,0.0,1.0,0.0
35093,MARILIA,SP,Sudeste,2022,1,0,1,1,1,1,0,0,0,1,0,0,0.0,0.0,0.0,1.0,0.0,0.0,1.0,0.0
35093,MARILIA,SP,Sudeste,2023,2,0,2,2,2,2,0,1,0,1,0,0,0.0,0.5,0.0,0.5,0.0,0.0,1.0,0.0
35093,MARILIA,SP,Sudeste,2024,0,0,0,0,0,0,0,0,0,0,0,0,,,,,,,,
35093,MARILIA,SP,Sudeste,2025,3,0,3,3,3,3,0,0,3,0,0,0,0.0,0.0,1.0,0.0,0.0,0.0,1.0,0.0
35094,OURINHOS,SP,Sudeste,2007,1,0,1,1,1,1,0,0,0,1,0,0,0.0,0.0,0.0,1.0,0.0,0.0,1.0,0.0
35094,OURINHOS,SP,Sudeste,2008,1,0,1,1,1,1,0,0,0,1,0,0,0.0,0.0,0.0,1.0,0.0,0.0,1.0,0.0
35094,OURINHOS,SP,Sudeste,2009,1,0,1,1,1,1,0,0,0,1,0,0,0.0,0.0,0.0,1.0,0.0,0.0,1.0,0.0
35094,OURINHOS,SP,Sudeste,2010,0,0,0,0,0,0,0,0,0,0,0,0,,,,,,,,
35094,OURINHOS,SP,Sudeste,2011,0,0,0,0,0,0,0,0,0,0,0,0,,,,,,,,
35094,OURINHOS,SP,Sudeste,2012,1,0,1,1,1,1,0,0,0,1,0,0,0.0,0.0,0.0,1.0,0.0,0.0,1.0,0.0
35094,OURINHOS,SP,Sudeste,2013,3,0,2,3,3,2,0,1,0,2,0,0,0.0,0.3333333333333333,0.0,0.6666666666666666,0.0,0.0,0.6666666666666666,0.0
35094,OURINHOS,SP,Sudeste,2014,0,0,0,0,0,0,0,0,0,0,0,0,,,,,,,,
35094,OURINHOS,SP,Sudeste,2015,0,0,0,0,0,0,0,0,0,0,0,0,,,,,,,,
35094,OURINHOS,SP,Sudeste,2016,2,0,2,2,2,2,0,1,0,0,1,0,0.0,0.5,0.0,0.0,0.5,0.0,1.0,0.5
35094,OURINHOS,SP,Sudeste,2017,2,0,2,2,2,2,0,1,0,0,1,0,0.0,0.5,0.0,0.0,0.5,0.0,1.0,0.5
35094,OURINHOS,SP,Sudeste,2018,1,0,1,1,1,1,0,0,0,1,0,0,0.0,0.0,0.0,1.0,0.0,0.0,1.0,0.0
35094,OURINHOS,SP,Sudeste,2019,3,0,3,3,3,3,0,0,2,0,1,0,0.0,0.0,0.6666666666666666,0.0,0.3333333333333333,0.0,1.0,0.3333333333333333
35094,OURINHOS,SP,Sudeste,2020,5,1,5,5,5,4,0,0,3,2,0,0,0.0,0.0,0.6,0.4,0.0,0.0,0.8,0.0
35094,OURINHOS,SP,Sudeste,2021,1,0,1,1,1,0,0,0,0,1,0,0,0.0,0.0,0.0,1.0,0.0,0.0,0.0,0.0
35094,OURINHOS,SP,Sudeste,2022,3,0,3,3,3,3,0,0,2,1,0,0,0.0,0.0,0.6666666666666666,0.3333333333333333,0.0,0.0,1.0,0.0
35094,OURINHOS,SP,Sudeste,2023,1,0,1,1,1,1,0,0,0,1,0,0,0.0,0.0,0.0,1.0,0.0,0.0,1.0,0.0
35094,OURINHOS,SP,Sudeste,2024,2,0,2,2,2,1,0,0,0,2,0,0,0.0,0.0,0.0,1.0,0.0,0.0,0.5,0.0
35094,OURINHOS,SP,Sudeste,2025,0,0,0,0,0,0,0,0,0,0,0,0,,,,,,,,
35095,TUPA,SP,Sudeste,2007,2,0,2,2,2,1,0,0,2,0,0,0,0.0,0.0,1.0,0.0,0.0,0.0,0.5,0.0
35095,TUPA,SP,Sudeste,2008,0,0,0,0,0,0,0,0,0,0,0,0,,,,,,,,
35095,TUPA,SP,Sudeste,2009,1,0,1,1,1,1,0,0,1,0,0,0,0.0,0.0,1.0,0.0,0.0,0.0,1.0,0.0
35095,TUPA,SP,Sudeste,2010,0,0,0,0,0,0,0,0,0,0,0,0,,,,,,,,
35095,TUPA,SP,Sudeste,2011,0,0,0,0,0,0,0,0,0,0,0,0,,,,,,,,
35095,TUPA,SP,Sudeste,2012,2,0,2,2,2,2,0,1,1,0,0,0,0.0,0.5,0.5,0.0,0.0,0.0,1.0,0.0
35095,TUPA,SP,Sudeste,2013,4,0,4,4,4,3,0,0,2,1,0,1,0.0,0.0,0.5,0.25,0.0,0.25,0.75,0.25
35095,TUPA,SP,Sudeste,2014,3,1,3,3,3,2,0,2,0,1,0,0,0.0,0.6666666666666666,0.0,0.3333333333333333,0.0,0.0,0.6666666666666666,0.0
35095,TUPA,SP,Sudeste,2015,1,0,1,1,1,1,0,1,0,0,0,0,0.0,1.0,0.0,0.0,0.0,0.0,1.0,0.0
35095,TUPA,SP,Sudeste,2016,1,0,1,1,1,1,0,0,0,1,0,0,0.0,0.0,0.0,1.0,0.0,0.0,1.0,0.0
35095,TUPA,SP,Sudeste,2017,0,0,0,0,0,0,0,0,0,0,0,0,,,,,,,,
35095,TUPA,SP,Sudeste,2018,0,0,0,0,0,0,0,0,0,0,0,0,,,,,,,,
35095,TUPA,SP,Sudeste,2019,1,1,1,1,1,1,0,0,0,1,0,0,0.0,0.0,0.0,1.0,0.0,0.0,1.0,0.0
35095,TUPA,SP,Sudeste,2020,0,0,0,0,0,0,0,0,0,0,0,0,,,,,,,,
35095,TUPA,SP,Sudeste,2021,0,0,0,0,0,0,0,0,0,0,0,0,,,,,,,,
35095,TUPA,SP,Sudeste,2022,1,0,1,1,1,1,0,0,1,0,0,0,0.0,0.0,1.0,0.0,0.0,0.0,1.0,0.0
35095,TUPA,SP,Sudeste,2023,0,0,0,0,0,0,0,0,0,0,0,0,,,,,,,,
35095,TUPA,SP,Sudeste,2024,0,0,0,0,0,0,0,0,0,0,0,0,,,,,,,,
35095,TUPA,SP,Sudeste,2025,0,0,0,0,0,0,0,0,0,0,0,0,,,,,,,,
35101,ARARAS,SP,Sudeste,2007,0,0,0,0,0,0,0,0,0,0,0,0,,,,,,,,
35101,ARARAS,SP,Sudeste,2008,3,0,3,3,3,3,0,0,1,1,0,1,0.0,0.0,0.3333333333333333,0.3333333333333333,0.0,0.3333333333333333,1.0,0.3333333333333333
35101,ARARAS,SP,Sudeste,2009,4,0,4,4,4,3,0,4,0,0,0,0,0.0,1.0,0.0,0.0,0.0,0.0,0.75,0.0
35101,ARARAS,SP,Sudeste,2010,3,1,3,3,3,3,0,1,0,2,0,0,0.0,0.3333333333333333,0.0,0.6666666666666666,0.0,0.0,1.0,0.0
35101,ARARAS,SP,Sudeste,2011,1,0,1,1,1,1,0,0,1,0,0,0,0.0,0.0,1.0,0.0,0.0,0.0,1.0,0.0
35101,ARARAS,SP,Sudeste,2012,3,0,3,3,3,3,0,2,1,0,0,0,0.0,0.6666666666666666,0.3333333333333333,0.0,0.0,0.0,1.0,0.0
35101,ARARAS,SP,Sudeste,2013,0,0,0,0,0,0,0,0,0,0,0,0,,,,,,,,
35101,ARARAS,SP,Sudeste,2014,4,0,3,4,4,2,0,1,3,0,0,0,0.0,0.25,0.75,0.0,0.0,0.0,0.5,0.0
35101,ARARAS,SP,Sudeste,2015,3,0,2,3,3,3,0,0,2,1,0,0,0.0,0.0,0.6666666666666666,0.3333333333333333,0.0,0.0,1.0,0.0
35101,ARARAS,SP,Sudeste,2016,5,3,5,5,5,2,0,2,0,1,0,2,0.0,0.4,0.0,0.2,0.0,0.4,0.4,0.4
35101,ARARAS,SP,Sudeste,2017,5,2,5,5,5,4,1,0,2,0,1,1,0.2,0.0,0.4,0.0,0.2,0.2,0.8,0.4
35101,ARARAS,SP,Sudeste,2018,0,0,0,0,0,0,0,0,0,0,0,0,,,,,,,,
35101,ARARAS,SP,Sudeste,2019,2,0,2,2,2,1,0,0,2,0,0,0,0.0,0.0,1.0,0.0,0.0,0.0,0.5,0.0
35101,ARARAS,SP,Sudeste,2020,3,0,2,3,3,3,0,3,0,0,0,0,0.0,1.0,0.0,0.0,0.0,0.0,1.0,0.0
35101,ARARAS,SP,Sudeste,2021,5,1,4,5,5,5,0,1,3,1,0,0,0.0,0.2,0.6,0.2,0.0,0.0,1.0,0.0
35101,ARARAS,SP,Sudeste,2022,0,0,0,0,0,0,0,0,0,0,0,0,,,,,,,,
35101,ARARAS,SP,Sudeste,2023,3,0,2,3,3,3,1,0,1,1,0,0,0.3333333333333333,0.0,0.3333333333333333,0.3333333333333333,0.0,0.0,1.0,0.0
35101,ARARAS,SP,Sudeste,2024,5,0,5,5,5,5,0,0,1,3,1,0,0.0,0.0,0.2,0.6,0.2,0.0,1.0,0.2
35101,ARARAS,SP,Sudeste,2025,1,0,1,1,1,1,0,0,1,0,0,0,0.0,0.0,1.0,0.0,0.0,0.0,1.0,0.0
35102,LIMEIRA,SP,Sudeste,2007,0,0,0,0,0,0,0,0,0,0,0,0,,,,,,,,
35102,LIMEIRA,SP,Sudeste,2008,2,0,2,2,2,1,0,1,1,0,0,0,0.0,0.5,0.5,0.0,0.0,0.0,0.5,0.0
35102,LIMEIRA,SP,Sudeste,2009,6,1,5,6,6,6,0,3,2,1,0,0,0.0,0.5,0.3333333333333333,0.16666666666666666,0.0,0.0,1.0,0.0
35102,LIMEIRA,SP,Sudeste,2010,3,0,3,3,3,2,0,2,1,0,0,0,0.0,0.6666666666666666,0.3333333333333333,0.0,0.0,0.0,0.6666666666666666,0.0
35102,LIMEIRA,SP,Sudeste,2011,4,2,4,4,4,2,0,2,2,0,0,0,0.0,0.5,0.5,0.0,0.0,0.0,0.5,0.0
35102,LIMEIRA,SP,Sudeste,2012,2,0,2,2,2,1,0,1,1,0,0,0,0.0,0.5,0.5,0.0,0.0,0.0,0.5,0.0
35102,LIMEIRA,SP,Sudeste,2013,2,0,2,2,2,1,0,1,1,0,0,0,0.0,0.5,0.5,0.0,0.0,0.0,0.5,0.0
35102,LIMEIRA,SP,Sudeste,2014,0,0,0,0,0,0,0,0,0,0,0,0,,,,,,,,
35102,LIMEIRA,SP,Sudeste,2015,3,0,3,3,3,3,0,0,1,2,0,0,0.0,0.0,0.3333333333333333,0.6666666666666666,0.0,0.0,1.0,0.0
35102,LIMEIRA,SP,Sudeste,2016,1,0,1,1,1,0,1,0,0,0,0,0,1.0,0.0,0.0,0.0,0.0,0.0,0.0,0.0
35102,LIMEIRA,SP,Sudeste,2017,3,0,3,3,3,3,0,1,1,1,0,0,0.0,0.3333333333333333,0.3333333333333333,0.3333333333333333,0.0,0.0,1.0,0.0
35102,LIMEIRA,SP,Sudeste,2018,2,0,2,2,2,2,0,0,0,2,0,0,0.0,0.0,0.0,1.0,0.0,0.0,1.0,0.0
35102,LIMEIRA,SP,Sudeste,2019,0,0,0,0,0,0,0,0,0,0,0,0,,,,,,,,
35102,LIMEIRA,SP,Sudeste,2020,0,0,0,0,0,0,0,0,0,0,0,0,,,,,,,,
35102,LIMEIRA,SP,Sudeste,2021,1,1,1,1,1,1,0,0,1,0,0,0,0.0,0.0,1.0,0.0,0.0,0.0,1.0,0.0
35102,LIMEIRA,SP,Sudeste,2022,1,0,1,1,1,0,0,1,0,0,0,0,0.0,1.0,0.0,0.0,0.0,0.0,0.0,0.0
35102,LIMEIRA,SP,Sudeste,2023,1,0,1,1,1,1,0,1,0,0,0,0,0.0,1.0,0.0,0.0,0.0,0.0,1.0,0.0
35102,LIMEIRA,SP,Sudeste,2024,1,0,1,1,1,1,0,0,1,0,0,0,0.0,0.0,1.0,0.0,0.0,0.0,1.0,0.0
35102,LIMEIRA,SP,Sudeste,2025,2,0,1,2,2,2,0,2,0,0,0,0,0.0,1.0,0.0,0.0,0.0,0.0,1.0,0.0
35103,PIRACICABA,SP,Sudeste,2007,14,0,14,14,14,9,4,4,3,3,0,0,0.2857142857142857,0.2857142857142857,0.21428571428571427,0.21428571428571427,0.0,0.0,0.6428571428571429,0.0
35103,PIRACICABA,SP,Sudeste,2008,8,0,8,8,8,7,1,3,3,0,1,0,0.125,0.375,0.375,0.0,0.125,0.0,0.875,0.125
35103,PIRACICABA,SP,Sudeste,2009,23,0,23,23,23,19,6,10,5,2,0,0,0.2608695652173913,0.43478260869565216,0.21739130434782608,0.08695652173913043,0.0,0.0,0.8260869565217391,0.0
35103,PIRACICABA,SP,Sudeste,2010,22,0,21,22,22,20,7,7,3,4,0,1,0.3181818181818182,0.3181818181818182,0.13636363636363635,0.18181818181818182,0.0,0.045454545454545456,0.9090909090909091,0.045454545454545456
35103,PIRACICABA,SP,Sudeste,2011,12,0,12,12,12,11,3,4,5,0,0,0,0.25,0.3333333333333333,0.4166666666666667,0.0,0.0,0.0,0.9166666666666666,0.0
35103,PIRACICABA,SP,Sudeste,2012,16,0,16,16,16,11,4,6,3,3,0,0,0.25,0.375,0.1875,0.1875,0.0,0.0,0.6875,0.0
35103,PIRACICABA,SP,Sudeste,2013,20,1,20,20,20,18,0,7,13,0,0,0,0.0,0.35,0.65,0.0,0.0,0.0,0.9,0.0
35103,PIRACICABA,SP,Sudeste,2014,16,2,14,16,16,16,1,6,5,3,0,1,0.0625,0.375,0.3125,0.1875,0.0,0.0625,1.0,0.0625
35103,PIRACICABA,SP,Sudeste,2015,15,0,14,15,15,13,4,5,3,2,1,0,0.26666666666666666,0.3333333333333333,0.2,0.13333333333333333,0.06666666666666667,0.0,0.8666666666666667,0.06666666666666667
35103,PIRACICABA,SP,Sudeste,2016,20,0,20,20,20,17,5,7,5,1,2,0,0.25,0.35,0.25,0.05,0.1,0.0,0.85,0.1
35103,PIRACICABA,SP,Sudeste,2017,9,1,9,9,9,8,0,5,1,2,1,0,0.0,0.5555555555555556,0.1111111111111111,0.2222222222222222,0.1111111111111111,0.0,0.8888888888888888,0.1111111111111111
35103,PIRACICABA,SP,Sudeste,2018,7,0,7,7,7,7,0,3,3,1,0,0,0.0,0.42857142857142855,0.42857142857142855,0.14285714285714285,0.0,0.0,1.0,0.0
35103,PIRACICABA,SP,Sudeste,2019,5,0,5,5,5,5,0,1,2,0,1,1,0.0,0.2,0.4,0.0,0.2,0.2,1.0,0.4
35103,PIRACICABA,SP,Sudeste,2020,5,0,5,5,5,4,0,1,1,2,1,0,0.0,0.2,0.2,0.4,0.2,0.0,0.8,0.2
35103,PIRACICABA,SP,Sudeste,2021,7,1,6,7,7,6,0,2,1,2,0,2,0.0,0.2857142857142857,0.14285714285714285,0.2857142857142857,0.0,0.2857142857142857,0.8571428571428571,0.2857142857142857
35103,PIRACICABA,SP,Sudeste,2022,8,1,7,8,8,4,1,4,2,0,1,0,0.125,0.5,0.25,0.0,0.125,0.0,0.5,0.125
35103,PIRACICABA,SP,Sudeste,2023,6,0,6,6,6,6,0,4,1,0,1,0,0.0,0.6666666666666666,0.16666666666666666,0.0,0.16666666666666666,0.0,1.0,0.16666666666666666
35103,PIRACICABA,SP,Sudeste,2024,1,1,1,1,1,1,0,0,0,1,0,0,0.0,0.0,0.0,1.0,0.0,0.0,1.0,0.0
35103,PIRACICABA,SP,Sudeste,2025,2,0,2,2,2,1,0,0,0,2,0,0,0.0,0.0,0.0,1.0,0.0,0.0,0.5,0.0
35104,RIO CLARO,SP,Sudeste,2007,2,0,2,2,2,2,0,0,2,0,0,0,0.0,0.0,1.0,0.0,0.0,0.0,1.0,0.0
35104,RIO CLARO,SP,Sudeste,2008,3,2,3,3,3,2,1,0,2,0,0,0,0.3333333333333333,0.0,0.6666666666666666,0.0,0.0,0.0,0.6666666666666666,0.0
35104,RIO CLARO,SP,Sudeste,2009,7,0,7,7,7,4,0,1,3,2,1,0,0.0,0.14285714285714285,0.42857142857142855,0.2857142857142857,0.14285714285714285,0.0,0.5714285714285714,0.14285714285714285
35104,RIO CLARO,SP,Sudeste,2010,5,0,4,5,5,5,0,1,3,1,0,0,0.0,0.2,0.6,0.2,0.0,0.0,1.0,0.0
35104,RIO CLARO,SP,Sudeste,2011,2,0,2,2,2,2,0,0,0,2,0,0,0.0,0.0,0.0,1.0,0.0,0.0,1.0,0.0
35104,RIO CLARO,SP,Sudeste,2012,2,0,2,2,2,2,0,1,0,1,0,0,0.0,0.5,0.0,0.5,0.0,0.0,1.0,0.0
35104,RIO CLARO,SP,Sudeste,2013,3,1,3,3,3,2,1,1,1,0,0,0,0.3333333333333333,0.3333333333333333,0.3333333333333333,0.0,0.0,0.0,0.6666666666666666,0.0
35104,RIO CLARO,SP,Sudeste,2014,3,1,3,3,3,3,0,0,0,2,1,0,0.0,0.0,0.0,0.6666666666666666,0.3333333333333333,0.0,1.0,0.3333333333333333
35104,RIO CLARO,SP,Sudeste,2015,1,0,1,1,1,0,0,1,0,0,0,0,0.0,1.0,0.0,0.0,0.0,0.0,0.0,0.0
35104,RIO CLARO,SP,Sudeste,2016,5,0,5,5,5,5,0,2,2,0,1,0,0.0,0.4,0.4,0.0,0.2,0.0,1.0,0.2
35104,RIO CLARO,SP,Sudeste,2017,2,0,2,2,2,2,0,1,1,0,0,0,0.0,0.5,0.5,0.0,0.0,0.0,1.0,0.0
35104,RIO CLARO,SP,Sudeste,2018,3,0,3,3,3,3,0,1,1,0,1,0,0.0,0.3333333333333333,0.3333333333333333,0.0,0.3333333333333333,0.0,1.0,0.3333333333333333
35104,RIO CLARO,SP,Sudeste,2019,2,0,2,2,2,2,0,1,0,1,0,0,0.0,0.5,0.0,0.5,0.0,0.0,1.0,0.0
35104,RIO CLARO,SP,Sudeste,2020,2,0,2,2,2,1,0,0,0,1,1,0,0.0,0.0,0.0,0.5,0.5,0.0,0.5,0.5
35104,RIO CLARO,SP,Sudeste,2021,1,0,1,1,1,1,0,1,0,0,0,0,0.0,1.0,0.0,0.0,0.0,0.0,1.0,0.0
35104,RIO CLARO,SP,Sudeste,2022,1,0,1,1,1,0,1,0,0,0,0,0,1.0,0.0,0.0,0.0,0.0,0.0,0.0,0.0
35104,RIO CLARO,SP,Sudeste,2023,3,1,2,3,3,3,1,0,0,0,1,1,0.3333333333333333,0.0,0.0,0.0,0.3333333333333333,0.3333333333333333,1.0,0.6666666666666666
35104,RIO CLARO,SP,Sudeste,2024,3,1,3,3,3,3,0,0,1,1,0,1,0.0,0.0,0.3333333333333333,0.3333333333333333,0.0,0.3333333333333333,1.0,0.3333333333333333
35104,RIO CLARO,SP,Sudeste,2025,2,0,2,2,2,1,0,1,0,0,0,1,0.0,0.5,0.0,0.0,0.0,0.5,0.5,0.5
35111,ALTA PAULISTA,SP,Sudeste,2007,0,0,0,0,0,0,0,0,0,0,0,0,,,,,,,,
35111,ALTA PAULISTA,SP,Sudeste,2008,0,0,0,0,0,0,0,0,0,0,0,0,,,,,,,,
35111,ALTA PAULISTA,SP,Sudeste,2009,0,0,0,0,0,0,0,0,0,0,0,0,,,,,,,,
35111,ALTA PAULISTA,SP,Sudeste,2010,0,0,0,0,0,0,0,0,0,0,0,0,,,,,,,,
35111,ALTA PAULISTA,SP,Sudeste,2011,0,0,0,0,0,0,0,0,0,0,0,0,,,,,,,,
35111,ALTA PAULISTA,SP,Sudeste,2012,0,0,0,0,0,0,0,0,0,0,0,0,,,,,,,,
35111,ALTA PAULISTA,SP,Sudeste,2013,0,0,0,0,0,0,0,0,0,0,0,0,,,,,,,,
35111,ALTA PAULISTA,SP,Sudeste,2014,0,0,0,0,0,0,0,0,0,0,0,0,,,,,,,,
35111,ALTA PAULISTA,SP,Sudeste,2015,0,0,0,0,0,0,0,0,0,0,0,0,,,,,,,,
35111,ALTA PAULISTA,SP,Sudeste,2016,0,0,0,0,0,0,0,0,0,0,0,0,,,,,,,,
35111,ALTA PAULISTA,SP,Sudeste,2017,0,0,0,0,0,0,0,0,0,0,0,0,,,,,,,,
35111,ALTA PAULISTA,SP,Sudeste,2018,0,0,0,0,0,0,0,0,0,0,0,0,,,,,,,,
35111,ALTA PAULISTA,SP,Sudeste,2019,1,0,1,1,1,1,0,0,1,0,0,0,0.0,0.0,1.0,0.0,0.0,0.0,1.0,0.0
35111,ALTA PAULISTA,SP,Sudeste,2020,0,0,0,0,0,0,0,0,0,0,0,0,,,,,,,,
35111,ALTA PAULISTA,SP,Sudeste,2021,0,0,0,0,0,0,0,0,0,0,0,0,,,,,,,,
35111,ALTA PAULISTA,SP,Sudeste,2022,0,0,0,0,0,0,0,0,0,0,0,0,,,,,,,,
35111,ALTA PAULISTA,SP,Sudeste,2023,0,0,0,0,0,0,0,0,0,0,0,0,,,,,,,,
35111,ALTA PAULISTA,SP,Sudeste,2024,3,0,3,3,3,3,0,0,1,0,2,0,0.0,0.0,0.3333333333333333,0.0,0.6666666666666666,0.0,1.0,0.6666666666666666
35111,ALTA PAULISTA,SP,Sudeste,2025,0,0,0,0,0,0,0,0,0,0,0,0,,,,,,,,
35112,ALTA SOROCABANA,SP,Sudeste,2007,1,0,1,1,1,1,0,0,0,1,0,0,0.0,0.0,0.0,1.0,0.0,0.0,1.0,0.0
35112,ALTA SOROCABANA,SP,Sudeste,2008,4,0,4,4,4,3,0,1,1,2,0,0,0.0,0.25,0.25,0.5,0.0,0.0,0.75,0.0
35112,ALTA SOROCABANA,SP,Sudeste,2009,2,0,2,2,2,2,0,1,0,0,1,0,0.0,0.5,0.0,0.0,0.5,0.0,1.0,0.5
35112,ALTA SOROCABANA,SP,Sudeste,2010,3,0,3,3,3,2,0,1,1,1,0,0,0.0,0.3333333333333333,0.3333333333333333,0.3333333333333333,0.0,0.0,0.6666666666666666,0.0
35112,ALTA SOROCABANA,SP,Sudeste,2011,4,0,4,4,4,3,0,1,2,0,0,1,0.0,0.25,0.5,0.0,0.0,0.25,0.75,0.25
35112,ALTA SOROCABANA,SP,Sudeste,2012,3,0,3,3,3,3,0,1,1,0,1,0,0.0,0.3333333333333333,0.3333333333333333,0.0,0.3333333333333333,0.0,1.0,0.3333333333333333
35112,ALTA SOROCABANA,SP,Sudeste,2013,0,0,0,0,0,0,0,0,0,0,0,0,,,,,,,,
35112,ALTA SOROCABANA,SP,Sudeste,2014,4,1,4,4,4,3,0,1,2,1,0,0,0.0,0.25,0.5,0.25,0.0,0.0,0.75,0.0
35112,ALTA SOROCABANA,SP,Sudeste,2015,1,0,1,1,1,1,0,0,0,0,1,0,0.0,0.0,0.0,0.0,1.0,0.0,1.0,1.0
35112,ALTA SOROCABANA,SP,Sudeste,2016,0,0,0,0,0,0,0,0,0,0,0,0,,,,,,,,
35112,ALTA SOROCABANA,SP,Sudeste,2017,0,0,0,0,0,0,0,0,0,0,0,0,,,,,,,,
35112,ALTA SOROCABANA,SP,Sudeste,2018,1,0,1,1,1,1,0,0,0,0,1,0,0.0,0.0,0.0,0.0,1.0,0.0,1.0,1.0
35112,ALTA SOROCABANA,SP,Sudeste,2019,1,0,1,1,1,1,0,1,0,0,0,0,0.0,1.0,0.0,0.0,0.0,0.0,1.0,0.0
35112,ALTA SOROCABANA,SP,Sudeste,2020,0,0,0,0,0,0,0,0,0,0,0,0,,,,,,,,
35112,ALTA SOROCABANA,SP,Sudeste,2021,0,0,0,0,0,0,0,0,0,0,0,0,,,,,,,,
35112,ALTA SOROCABANA,SP,Sudeste,2022,0,0,0,0,0,0,0,0,0,0,0,0,,,,,,,,
35112,ALTA SOROCABANA,SP,Sudeste,2023,0,0,0,0,0,0,0,0,0,0,0,0,,,,,,,,
35112,ALTA SOROCABANA,SP,Sudeste,2024,0,0,0,0,0,0,0,0,0,0,0,0,,,,,,,,
35112,ALTA SOROCABANA,SP,Sudeste,2025,1,0,1,1,1,1,0,1,0,0,0,0,0.0,1.0,0.0,0.0,0.0,0.0,1.0,0.0
35113,ALTO CAPIVARI,SP,Sudeste,2007,1,0,1,1,1,1,0,0,1,0,0,0,0.0,0.0,1.0,0.0,0.0,0.0,1.0,0.0
35113,ALTO CAPIVARI,SP,Sudeste,2008,2,0,2,2,2,2,0,0,1,1,0,0,0.0,0.0,0.5,0.5,0.0,0.0,1.0,0.0
35113,ALTO CAPIVARI,SP,Sudeste,2009,1,0,1,1,1,0,0,0,1,0,0,0,0.0,0.0,1.0,0.0,0.0,0.0,0.0,0.0
35113,ALTO CAPIVARI,SP,Sudeste,2010,1,0,1,1,1,1,0,0,0,0,1,0,0.0,0.0,0.0,0.0,1.0,0.0,1.0,1.0
35113,ALTO CAPIVARI,SP,Sudeste,2011,0,0,0,0,0,0,0,0,0,0,0,0,,,,,,,,
35113,ALTO CAPIVARI,SP,Sudeste,2012,1,0,1,1,1,1,0,1,0,0,0,0,0.0,1.0,0.0,0.0,0.0,0.0,1.0,0.0
35113,ALTO CAPIVARI,SP,Sudeste,2013,0,0,0,0,0,0,0,0,0,0,0,0,,,,,,,,
35113,ALTO CAPIVARI,SP,Sudeste,2014,0,0,0,0,0,0,0,0,0,0,0,0,,,,,,,,
35113,ALTO CAPIVARI,SP,Sudeste,2015,0,0,0,0,0,0,0,0,0,0,0,0,,,,,,,,
35113,ALTO CAPIVARI,SP,Sudeste,2016,0,0,0,0,0,0,0,0,0,0,0,0,,,,,,,,
35113,ALTO CAPIVARI,SP,Sudeste,2017,0,0,0,0,0,0,0,0,0,0,0,0,,,,,,,,
35113,ALTO CAPIVARI,SP,Sudeste,2018,0,0,0,0,0,0,0,0,0,0,0,0,,,,,,,,
35113,ALTO CAPIVARI,SP,Sudeste,2019,0,0,0,0,0,0,0,0,0,0,0,0,,,,,,,,
35113,ALTO CAPIVARI,SP,Sudeste,2020,1,1,1,1,1,1,0,1,0,0,0,0,0.0,1.0,0.0,0.0,0.0,0.0,1.0,0.0
35113,ALTO CAPIVARI,SP,Sudeste,2021,0,0,0,0,0,0,0,0,0,0,0,0,,,,,,,,
35113,ALTO CAPIVARI,SP,Sudeste,2022,0,0,0,0,0,0,0,0,0,0,0,0,,,,,,,,
35113,ALTO CAPIVARI,SP,Sudeste,2023,0,0,0,0,0,0,0,0,0,0,0,0,,,,,,,,
35113,ALTO CAPIVARI,SP,Sudeste,2024,0,0,0,0,0,0,0,0,0,0,0,0,,,,,,,,
35113,ALTO CAPIVARI,SP,Sudeste,2025,0,0,0,0,0,0,0,0,0,0,0,0,,,,,,,,
35114,EXTREMO OESTE PAULISTA,SP,Sudeste,2007,0,0,0,0,0,0,0,0,0,0,0,0,,,,,,,,
35114,EXTREMO OESTE PAULISTA,SP,Sudeste,2008,0,0,0,0,0,0,0,0,0,0,0,0,,,,,,,,
35114,EXTREMO OESTE PAULISTA,SP,Sudeste,2009,1,0,1,1,1,1,0,0,0,1,0,0,0.0,0.0,0.0,1.0,0.0,0.0,1.0,0.0
35114,EXTREMO OESTE PAULISTA,SP,Sudeste,2010,0,0,0,0,0,0,0,0,0,0,0,0,,,,,,,,
35114,EXTREMO OESTE PAULISTA,SP,Sudeste,2011,0,0,0,0,0,0,0,0,0,0,0,0,,,,,,,,
35114,EXTREMO OESTE PAULISTA,SP,Sudeste,2012,0,0,0,0,0,0,0,0,0,0,0,0,,,,,,,,
35114,EXTREMO OESTE PAULISTA,SP,Sudeste,2013,0,0,0,0,0,0,0,0,0,0,0,0,,,,,,,,
35114,EXTREMO OESTE PAULISTA,SP,Sudeste,2014,1,0,1,1,1,0,0,1,0,0,0,0,0.0,1.0,0.0,0.0,0.0,0.0,0.0,0.0
35114,EXTREMO OESTE PAULISTA,SP,Sudeste,2015,0,0,0,0,0,0,0,0,0,0,0,0,,,,,,,,
35114,EXTREMO OESTE PAULISTA,SP,Sudeste,2016,0,0,0,0,0,0,0,0,0,0,0,0,,,,,,,,
35114,EXTREMO OESTE PAULISTA,SP,Sudeste,2017,1,0,1,1,1,0,0,0,1,0,0,0,0.0,0.0,1.0,0.0,0.0,0.0,0.0,0.0
35114,EXTREMO OESTE PAULISTA,SP,Sudeste,2018,0,0,0,0,0,0,0,0,0,0,0,0,,,,,,,,
35114,EXTREMO OESTE PAULISTA,SP,Sudeste,2019,0,0,0,0,0,0,0,0,0,0,0,0,,,,,,,,
35114,EXTREMO OESTE PAULISTA,SP,Sudeste,2020,0,0,0,0,0,0,0,0,0,0,0,0,,,,,,,,
35114,EXTREMO OESTE PAULISTA,SP,Sudeste,2021,0,0,0,0,0,0,0,0,0,0,0,0,,,,,,,,
35114,EXTREMO OESTE PAULISTA,SP,Sudeste,2022,0,0,0,0,0,0,0,0,0,0,0,0,,,,,,,,
35114,EXTREMO OESTE PAULISTA,SP,Sudeste,2023,0,0,0,0,0,0,0,0,0,0,0,0,,,,,,,,
35114,EXTREMO OESTE PAULISTA,SP,Sudeste,2024,0,0,0,0,0,0,0,0,0,0,0,0,,,,,,,,
35114,EXTREMO OESTE PAULISTA,SP,Sudeste,2025,1,0,1,1,1,1,0,1,0,0,0,0,0.0,1.0,0.0,0.0,0.0,0.0,1.0,0.0
35115,PONTAL DO PARANAPANEMA,SP,Sudeste,2007,0,0,0,0,0,0,0,0,0,0,0,0,,,,,,,,
35115,PONTAL DO PARANAPANEMA,SP,Sudeste,2008,1,0,1,1,1,1,0,0,1,0,0,0,0.0,0.0,1.0,0.0,0.0,0.0,1.0,0.0
35115,PONTAL DO PARANAPANEMA,SP,Sudeste,2009,0,0,0,0,0,0,0,0,0,0,0,0,,,,,,,,
35115,PONTAL DO PARANAPANEMA,SP,Sudeste,2010,0,0,0,0,0,0,0,0,0,0,0,0,,,,,,,,
35115,PONTAL DO PARANAPANEMA,SP,Sudeste,2011,0,0,0,0,0,0,0,0,0,0,0,0,,,,,,,,
35115,PONTAL DO PARANAPANEMA,SP,Sudeste,2012,0,0,0,0,0,0,0,0,0,0,0,0,,,,,,,,
35115,PONTAL DO PARANAPANEMA,SP,Sudeste,2013,0,0,0,0,0,0,0,0,0,0,0,0,,,,,,,,
35115,PONTAL DO PARANAPANEMA,SP,Sudeste,2014,1,0,1,1,1,1,0,0,0,1,0,0,0.0,0.0,0.0,1.0,0.0,0.0,1.0,0.0
35115,PONTAL DO PARANAPANEMA,SP,Sudeste,2015,1,1,1,1,1,1,0,1,0,0,0,0,0.0,1.0,0.0,0.0,0.0,0.0,1.0,0.0
35115,PONTAL DO PARANAPANEMA,SP,Sudeste,2016,0,0,0,0,0,0,0,0,0,0,0,0,,,,,,,,
35115,PONTAL DO PARANAPANEMA,SP,Sudeste,2017,0,0,0,0,0,0,0,0,0,0,0,0,,,,,,,,
35115,PONTAL DO PARANAPANEMA,SP,Sudeste,2018,0,0,0,0,0,0,0,0,0,0,0,0,,,,,,,,
35115,PONTAL DO PARANAPANEMA,SP,Sudeste,2019,0,0,0,0,0,0,0,0,0,0,0,0,,,,,,,,
35115,PONTAL DO PARANAPANEMA,SP,Sudeste,2020,0,0,0,0,0,0,0,0,0,0,0,0,,,,,,,,
35115,PONTAL DO PARANAPANEMA,SP,Sudeste,2021,0,0,0,0,0,0,0,0,0,0,0,0,,,,,,,,
35115,PONTAL DO PARANAPANEMA,SP,Sudeste,2022,0,0,0,0,0,0,0,0,0,0,0,0,,,,,,,,
35115,PONTAL DO PARANAPANEMA,SP,Sudeste,2023,0,0,0,0,0,0,0,0,0,0,0,0,,,,,,,,
35115,PONTAL DO PARANAPANEMA,SP,Sudeste,2024,0,0,0,0,0,0,0,0,0,0,0,0,,,,,,,,
35115,PONTAL DO PARANAPANEMA,SP,Sudeste,2025,0,0,0,0,0,0,0,0,0,0,0,0,,,,,,,,
35121,VALE DO RIBEIRA,SP,Sudeste,2007,6,0,6,6,6,5,2,2,0,1,1,0,0.3333333333333333,0.3333333333333333,0.0,0.16666666666666666,0.16666666666666666,0.0,0.8333333333333334,0.16666666666666666
35121,VALE DO RIBEIRA,SP,Sudeste,2008,8,0,8,8,8,8,1,5,1,1,0,0,0.125,0.625,0.125,0.125,0.0,0.0,1.0,0.0
35121,VALE DO RIBEIRA,SP,Sudeste,2009,23,1,23,23,23,19,1,10,7,5,0,0,0.043478260869565216,0.43478260869565216,0.30434782608695654,0.21739130434782608,0.0,0.0,0.8260869565217391,0.0
35121,VALE DO RIBEIRA,SP,Sudeste,2010,14,2,13,14,14,14,1,3,5,1,4,0,0.07142857142857142,0.21428571428571427,0.35714285714285715,0.07142857142857142,0.2857142857142857,0.0,1.0,0.2857142857142857
35121,VALE DO RIBEIRA,SP,Sudeste,2011,17,3,17,17,17,15,0,10,2,4,1,0,0.0,0.5882352941176471,0.11764705882352941,0.23529411764705882,0.058823529411764705,0.0,0.8823529411764706,0.058823529411764705
35121,VALE DO RIBEIRA,SP,Sudeste,2012,17,3,17,17,17,13,0,2,8,3,3,1,0.0,0.11764705882352941,0.47058823529411764,0.17647058823529413,0.17647058823529413,0.058823529411764705,0.7647058823529411,0.23529411764705882
35121,VALE DO RIBEIRA,SP,Sudeste,2013,20,3,17,20,20,13,2,3,4,9,2,0,0.1,0.15,0.2,0.45,0.1,0.0,0.65,0.1
35121,VALE DO RIBEIRA,SP,Sudeste,2014,19,3,18,19,19,16,1,5,9,4,0,0,0.05263157894736842,0.2631578947368421,0.47368421052631576,0.21052631578947367,0.0,0.0,0.8421052631578947,0.0
35121,VALE DO RIBEIRA,SP,Sudeste,2015,13,0,13,13,13,12,2,1,6,4,0,0,0.15384615384615385,0.07692307692307693,0.46153846153846156,0.3076923076923077,0.0,0.0,0.9230769230769231,0.0
35121,VALE DO RIBEIRA,SP,Sudeste,2016,18,3,18,18,18,16,2,2,4,6,3,1,0.1111111111111111,0.1111111111111111,0.2222222222222222,0.3333333333333333,0.16666666666666666,0.05555555555555555,0.8888888888888888,0.2222222222222222
35121,VALE DO RIBEIRA,SP,Sudeste,2017,8,0,7,8,8,6,1,3,3,0,0,1,0.125,0.375,0.375,0.0,0.0,0.125,0.75,0.125
35121,VALE DO RIBEIRA,SP,Sudeste,2018,8,1,7,8,8,6,0,3,2,3,0,0,0.0,0.375,0.25,0.375,0.0,0.0,0.75,0.0
35121,VALE DO RIBEIRA,SP,Sudeste,2019,8,1,8,8,8,8,0,2,4,2,0,0,0.0,0.25,0.5,0.25,0.0,0.0,1.0,0.0
35121,VALE DO RIBEIRA,SP,Sudeste,2020,1,0,1,1,1,1,0,0,0,1,0,0,0.0,0.0,0.0,1.0,0.0,0.0,1.0,0.0
35121,VALE DO RIBEIRA,SP,Sudeste,2021,3,0,3,3,3,3,1,0,0,2,0,0,0.3333333333333333,0.0,0.0,0.6666666666666666,0.0,0.0,1.0,0.0
35121,VALE DO RIBEIRA,SP,Sudeste,2022,8,0,7,8,8,6,0,1,1,4,2,0,0.0,0.125,0.125,0.5,0.25,0.0,0.75,0.25
35121,VALE DO RIBEIRA,SP,Sudeste,2023,5,1,5,5,5,5,0,1,2,1,0,1,0.0,0.2,0.4,0.2,0.0,0.2,1.0,0.2
35121,VALE DO RIBEIRA,SP,Sudeste,2024,4,0,3,4,4,3,0,3,1,0,0,0,0.0,0.75,0.25,0.0,0.0,0.0,0.75,0.0
35121,VALE DO RIBEIRA,SP,Sudeste,2025,3,0,1,3,3,3,0,0,0,3,0,0,0.0,0.0,0.0,1.0,0.0,0.0,1.0,0.0
35131,HORIZONTE VERDE,SP,Sudeste,2007,3,0,3,3,3,3,0,1,1,1,0,0,0.0,0.3333333333333333,0.3333333333333333,0.3333333333333333,0.0,0.0,1.0,0.0
35131,HORIZONTE VERDE,SP,Sudeste,2008,1,0,1,1,1,1,0,0,1,0,0,0,0.0,0.0,1.0,0.0,0.0,0.0,1.0,0.0
35131,HORIZONTE VERDE,SP,Sudeste,2009,0,0,0,0,0,0,0,0,0,0,0,0,,,,,,,,
35131,HORIZONTE VERDE,SP,Sudeste,2010,0,0,0,0,0,0,0,0,0,0,0,0,,,,,,,,
35131,HORIZONTE VERDE,SP,Sudeste,2011,3,1,3,3,3,3,1,1,1,0,0,0,0.3333333333333333,0.3333333333333333,0.3333333333333333,0.0,0.0,0.0,1.0,0.0
35131,HORIZONTE VERDE,SP,Sudeste,2012,3,0,3,3,3,1,1,1,1,0,0,0,0.3333333333333333,0.3333333333333333,0.3333333333333333,0.0,0.0,0.0,0.3333333333333333,0.0
35131,HORIZONTE VERDE,SP,Sudeste,2013,3,0,3,3,3,3,0,0,2,1,0,0,0.0,0.0,0.6666666666666666,0.3333333333333333,0.0,0.0,1.0,0.0
35131,HORIZONTE VERDE,SP,Sudeste,2014,6,0,6,6,6,5,0,1,2,1,1,1,0.0,0.16666666666666666,0.3333333333333333,0.16666666666666666,0.16666666666666666,0.16666666666666666,0.8333333333333334,0.3333333333333333
35131,HORIZONTE VERDE,SP,Sudeste,2015,2,1,2,2,2,2,0,0,2,0,0,0,0.0,0.0,1.0,0.0,0.0,0.0,1.0,0.0
35131,HORIZONTE VERDE,SP,Sudeste,2016,1,1,1,1,1,0,0,0,0,1,0,0,0.0,0.0,0.0,1.0,0.0,0.0,0.0,0.0
35131,HORIZONTE VERDE,SP,Sudeste,2017,2,0,2,2,2,2,0,1,0,1,0,0,0.0,0.5,0.0,0.5,0.0,0.0,1.0,0.0
35131,HORIZONTE VERDE,SP,Sudeste,2018,3,0,3,3,3,3,0,1,2,0,0,0,0.0,0.3333333333333333,0.6666666666666666,0.0,0.0,0.0,1.0,0.0
35131,HORIZONTE VERDE,SP,Sudeste,2019,1,0,1,1,1,1,0,1,0,0,0,0,0.0,1.0,0.0,0.0,0.0,0.0,1.0,0.0
35131,HORIZONTE VERDE,SP,Sudeste,2020,2,0,2,2,2,2,0,0,1,1,0,0,0.0,0.0,0.5,0.5,0.0,0.0,1.0,0.0
35131,HORIZONTE VERDE,SP,Sudeste,2021,1,0,1,1,1,1,0,0,0,0,1,0,0.0,0.0,0.0,0.0,1.0,0.0,1.0,1.0
35131,HORIZONTE VERDE,SP,Sudeste,2022,2,1,2,2,2,1,0,0,2,0,0,0,0.0,0.0,1.0,0.0,0.0,0.0,0.5,0.0
35131,HORIZONTE VERDE,SP,Sudeste,2023,1,0,0,1,1,1,0,0,0,1,0,0,0.0,0.0,0.0,1.0,0.0,0.0,1.0,0.0
35131,HORIZONTE VERDE,SP,Sudeste,2024,1,0,1,1,1,0,0,1,0,0,0,0,0.0,1.0,0.0,0.0,0.0,0.0,0.0,0.0
35131,HORIZONTE VERDE,SP,Sudeste,2025,5,0,4,5,5,4,0,2,1,1,1,0,0.0,0.4,0.2,0.2,0.2,0.0,0.8,0.2
35132,AQUIFERO GUARANI,SP,Sudeste,2007,4,0,3,4,4,3,0,1,1,1,0,1,0.0,0.25,0.25,0.25,0.0,0.25,0.75,0.25
35132,AQUIFERO GUARANI,SP,Sudeste,2008,3,0,3,3,3,3,0,1,1,1,0,0,0.0,0.3333333333333333,0.3333333333333333,0.3333333333333333,0.0,0.0,1.0,0.0
35132,AQUIFERO GUARANI,SP,Sudeste,2009,1,0,1,1,1,1,0,0,0,0,0,1,0.0,0.0,0.0,0.0,0.0,1.0,1.0,1.0
35132,AQUIFERO GUARANI,SP,Sudeste,2010,3,1,2,3,3,3,0,1,2,0,0,0,0.0,0.3333333333333333,0.6666666666666666,0.0,0.0,0.0,1.0,0.0
35132,AQUIFERO GUARANI,SP,Sudeste,2011,5,1,5,5,5,3,0,0,2,3,0,0,0.0,0.0,0.4,0.6,0.0,0.0,0.6,0.0
35132,AQUIFERO GUARANI,SP,Sudeste,2012,4,0,3,4,4,3,1,0,0,1,2,0,0.25,0.0,0.0,0.25,0.5,0.0,0.75,0.5
35132,AQUIFERO GUARANI,SP,Sudeste,2013,7,0,4,7,7,7,0,3,2,1,1,0,0.0,0.42857142857142855,0.2857142857142857,0.14285714285714285,0.14285714285714285,0.0,1.0,0.14285714285714285
35132,AQUIFERO GUARANI,SP,Sudeste,2014,3,2,3,3,3,3,0,0,1,1,1,0,0.0,0.0,0.3333333333333333,0.3333333333333333,0.3333333333333333,0.0,1.0,0.3333333333333333
35132,AQUIFERO GUARANI,SP,Sudeste,2015,5,1,5,5,5,4,0,0,3,1,1,0,0.0,0.0,0.6,0.2,0.2,0.0,0.8,0.2
35132,AQUIFERO GUARANI,SP,Sudeste,2016,2,0,2,2,2,2,0,1,1,0,0,0,0.0,0.5,0.5,0.0,0.0,0.0,1.0,0.0
35132,AQUIFERO GUARANI,SP,Sudeste,2017,1,0,1,1,1,1,0,0,1,0,0,0,0.0,0.0,1.0,0.0,0.0,0.0,1.0,0.0
35132,AQUIFERO GUARANI,SP,Sudeste,2018,3,0,3,3,3,2,0,0,2,1,0,0,0.0,0.0,0.6666666666666666,0.3333333333333333,0.0,0.0,0.6666666666666666,0.0
35132,AQUIFERO GUARANI,SP,Sudeste,2019,3,1,3,3,3,1,0,1,0,1,1,0,0.0,0.3333333333333333,0.0,0.3333333333333333,0.3333333333333333,0.0,0.3333333333333333,0.3333333333333333
35132,AQUIFERO GUARANI,SP,Sudeste,2020,0,0,0,0,0,0,0,0,0,0,0,0,,,,,,,,
35132,AQUIFERO GUARANI,SP,Sudeste,2021,1,0,1,1,1,0,0,1,0,0,0,0,0.0,1.0,0.0,0.0,0.0,0.0,0.0,0.0
35132,AQUIFERO GUARANI,SP,Sudeste,2022,1,0,1,1,1,1,0,0,0,0,0,1,0.0,0.0,0.0,0.0,0.0,1.0,1.0,1.0
35132,AQUIFERO GUARANI,SP,Sudeste,2023,2,0,2,2,2,2,0,0,2,0,0,0,0.0,0.0,1.0,0.0,0.0,0.0,1.0,0.0
35132,AQUIFERO GUARANI,SP,Sudeste,2024,4,1,4,4,4,4,0,0,2,2,0,0,0.0,0.0,0.5,0.5,0.0,0.0,1.0,0.0
35132,AQUIFERO GUARANI,SP,Sudeste,2025,4,1,4,4,4,3,0,1,3,0,0,0,0.0,0.25,0.75,0.0,0.0,0.0,0.75,0.0
35133,VALE DAS CACHOEIRAS,SP,Sudeste,2007,0,0,0,0,0,0,0,0,0,0,0,0,,,,,,,,
35133,VALE DAS CACHOEIRAS,SP,Sudeste,2008,0,0,0,0,0,0,0,0,0,0,0,0,,,,,,,,
35133,VALE DAS CACHOEIRAS,SP,Sudeste,2009,1,0,1,1,1,0,0,0,0,1,0,0,0.0,0.0,0.0,1.0,0.0,0.0,0.0,0.0
35133,VALE DAS CACHOEIRAS,SP,Sudeste,2010,0,0,0,0,0,0,0,0,0,0,0,0,,,,,,,,
35133,VALE DAS CACHOEIRAS,SP,Sudeste,2011,0,0,0,0,0,0,0,0,0,0,0,0,,,,,,,,
35133,VALE DAS CACHOEIRAS,SP,Sudeste,2012,0,0,0,0,0,0,0,0,0,0,0,0,,,,,,,,
35133,VALE DAS CACHOEIRAS,SP,Sudeste,2013,0,0,0,0,0,0,0,0,0,0,0,0,,,,,,,,
35133,VALE DAS CACHOEIRAS,SP,Sudeste,2014,1,0,1,1,1,0,0,1,0,0,0,0,0.0,1.0,0.0,0.0,0.0,0.0,0.0,0.0
35133,VALE DAS CACHOEIRAS,SP,Sudeste,2015,0,0,0,0,0,0,0,0,0,0,0,0,,,,,,,,
35133,VALE DAS CACHOEIRAS,SP,Sudeste,2016,0,0,0,0,0,0,0,0,0,0,0,0,,,,,,,,
35133,VALE DAS CACHOEIRAS,SP,Sudeste,2017,1,0,1,1,1,1,0,0,0,0,0,1,0.0,0.0,0.0,0.0,0.0,1.0,1.0,1.0
35133,VALE DAS CACHOEIRAS,SP,Sudeste,2018,1,0,1,1,1,1,0,1,0,0,0,0,0.0,1.0,0.0,0.0,0.0,0.0,1.0,0.0
35133,VALE DAS CACHOEIRAS,SP,Sudeste,2019,1,0,1,1,1,1,0,0,0,1,0,0,0.0,0.0,0.0,1.0,0.0,0.0,1.0,0.0
35133,VALE DAS CACHOEIRAS,SP,Sudeste,2020,0,0,0,0,0,0,0,0,0,0,0,0,,,,,,,,
35133,VALE DAS CACHOEIRAS,SP,Sudeste,2021,0,0,0,0,0,0,0,0,0,0,0,0,,,,,,,,
35133,VALE DAS CACHOEIRAS,SP,Sudeste,2022,1,0,1,1,1,1,0,1,0,0,0,0,0.0,1.0,0.0,0.0,0.0,0.0,1.0,0.0
35133,VALE DAS CACHOEIRAS,SP,Sudeste,2023,0,0,0,0,0,0,0,0,0,0,0,0,,,,,,,,
35133,VALE DAS CACHOEIRAS,SP,Sudeste,2024,1,0,1,1,1,1,0,0,0,1,0,0,0.0,0.0,0.0,1.0,0.0,0.0,1.0,0.0
35133,VALE DAS CACHOEIRAS,SP,Sudeste,2025,0,0,0,0,0,0,0,0,0,0,0,0,,,,,,,,
35141,BAIXA MOGIANA,SP,Sudeste,2007,3,0,3,3,3,2,0,2,0,0,0,1,0.0,0.6666666666666666,0.0,0.0,0.0,0.3333333333333333,0.6666666666666666,0.3333333333333333
35141,BAIXA MOGIANA,SP,Sudeste,2008,6,0,6,6,6,5,0,1,5,0,0,0,0.0,0.16666666666666666,0.8333333333333334,0.0,0.0,0.0,0.8333333333333334,0.0
35141,BAIXA MOGIANA,SP,Sudeste,2009,3,0,3,3,3,3,0,0,3,0,0,0,0.0,0.0,1.0,0.0,0.0,0.0,1.0,0.0
35141,BAIXA MOGIANA,SP,Sudeste,2010,6,0,6,6,6,4,0,1,1,2,2,0,0.0,0.16666666666666666,0.16666666666666666,0.3333333333333333,0.3333333333333333,0.0,0.6666666666666666,0.3333333333333333
35141,BAIXA MOGIANA,SP,Sudeste,2011,1,1,1,1,1,1,0,0,1,0,0,0,0.0,0.0,1.0,0.0,0.0,0.0,1.0,0.0
35141,BAIXA MOGIANA,SP,Sudeste,2012,1,0,1,1,1,1,0,0,0,1,0,0,0.0,0.0,0.0,1.0,0.0,0.0,1.0,0.0
35141,BAIXA MOGIANA,SP,Sudeste,2013,0,0,0,0,0,0,0,0,0,0,0,0,,,,,,,,
35141,BAIXA MOGIANA,SP,Sudeste,2014,0,0,0,0,0,0,0,0,0,0,0,0,,,,,,,,
35141,BAIXA MOGIANA,SP,Sudeste,2015,0,0,0,0,0,0,0,0,0,0,0,0,,,,,,,,
35141,BAIXA MOGIANA,SP,Sudeste,2016,5,0,5,5,5,3,0,1,2,1,1,0,0.0,0.2,0.4,0.2,0.2,0.0,0.6,0.2
35141,BAIXA MOGIANA,SP,Sudeste,2017,5,2,5,5,5,4,0,0,3,2,0,0,0.0,0.0,0.6,0.4,0.0,0.0,0.8,0.0
35141,BAIXA MOGIANA,SP,Sudeste,2018,0,0,0,0,0,0,0,0,0,0,0,0,,,,,,,,
35141,BAIXA MOGIANA,SP,Sudeste,2019,4,0,4,4,4,2,0,1,3,0,0,0,0.0,0.25,0.75,0.0,0.0,0.0,0.5,0.0
35141,BAIXA MOGIANA,SP,Sudeste,2020,0,0,0,0,0,0,0,0,0,0,0,0,,,,,,,,
35141,BAIXA MOGIANA,SP,Sudeste,2021,1,0,1,1,1,1,0,0,0,0,1,0,0.0,0.0,0.0,0.0,1.0,0.0,1.0,1.0
35141,BAIXA MOGIANA,SP,Sudeste,2022,1,0,1,1,1,0,0,1,0,0,0,0,0.0,1.0,0.0,0.0,0.0,0.0,0.0,0.0
35141,BAIXA MOGIANA,SP,Sudeste,2023,1,0,1,1,1,0,0,1,0,0,0,0,0.0,1.0,0.0,0.0,0.0,0.0,0.0,0.0
35141,BAIXA MOGIANA,SP,Sudeste,2024,3,0,3,3,3,1,0,1,1,1,0,0,0.0,0.3333333333333333,0.3333333333333333,0.3333333333333333,0.0,0.0,0.3333333333333333,0.0
35141,BAIXA MOGIANA,SP,Sudeste,2025,1,0,1,1,1,1,0,0,1,0,0,0,0.0,0.0,1.0,0.0,0.0,0.0,1.0,0.0
35142,MANTIQUEIRA,SP,Sudeste,2007,1,0,1,1,1,1,0,1,0,0,0,0,0.0,1.0,0.0,0.0,0.0,0.0,1.0,0.0
35142,MANTIQUEIRA,SP,Sudeste,2008,0,0,0,0,0,0,0,0,0,0,0,0,,,,,,,,
35142,MANTIQUEIRA,SP,Sudeste,2009,0,0,0,0,0,0,0,0,0,0,0,0,,,,,,,,
35142,MANTIQUEIRA,SP,Sudeste,2010,0,0,0,0,0,0,0,0,0,0,0,0,,,,,,,,
35142,MANTIQUEIRA,SP,Sudeste,2011,4,0,4,4,4,4,0,1,1,2,0,0,0.0,0.25,0.25,0.5,0.0,0.0,1.0,0.0
35142,MANTIQUEIRA,SP,Sudeste,2012,4,0,4,4,4,4,1,1,2,0,0,0,0.25,0.25,0.5,0.0,0.0,0.0,1.0,0.0
35142,MANTIQUEIRA,SP,Sudeste,2013,1,0,1,1,1,1,0,0,1,0,0,0,0.0,0.0,1.0,0.0,0.0,0.0,1.0,0.0
35142,MANTIQUEIRA,SP,Sudeste,2014,5,0,5,5,5,4,0,1,3,1,0,0,0.0,0.2,0.6,0.2,0.0,0.0,0.8,0.0
35142,MANTIQUEIRA,SP,Sudeste,2015,3,0,3,3,3,3,0,1,1,1,0,0,0.0,0.3333333333333333,0.3333333333333333,0.3333333333333333,0.0,0.0,1.0,0.0
35142,MANTIQUEIRA,SP,Sudeste,2016,3,0,3,3,3,3,0,1,0,2,0,0,0.0,0.3333333333333333,0.0,0.6666666666666666,0.0,0.0,1.0,0.0
35142,MANTIQUEIRA,SP,Sudeste,2017,1,0,1,1,1,1,0,0,1,0,0,0,0.0,0.0,1.0,0.0,0.0,0.0,1.0,0.0
35142,MANTIQUEIRA,SP,Sudeste,2018,2,0,2,2,2,2,0,0,1,0,0,1,0.0,0.0,0.5,0.0,0.0,0.5,1.0,0.5
35142,MANTIQUEIRA,SP,Sudeste,2019,1,0,1,1,1,0,0,1,0,0,0,0,0.0,1.0,0.0,0.0,0.0,0.0,0.0,0.0
35142,MANTIQUEIRA,SP,Sudeste,2020,1,0,1,1,1,1,0,0,1,0,0,0,0.0,0.0,1.0,0.0,0.0,0.0,1.0,0.0
35142,MANTIQUEIRA,SP,Sudeste,2021,2,0,2,2,2,1,0,0,1,1,0,0,0.0,0.0,0.5,0.5,0.0,0.0,0.5,0.0
35142,MANTIQUEIRA,SP,Sudeste,2022,2,0,2,2,2,2,0,0,0,0,2,0,0.0,0.0,0.0,0.0,1.0,0.0,1.0,1.0
35142,MANTIQUEIRA,SP,Sudeste,2023,5,0,5,5,5,4,0,2,1,1,1,0,0.0,0.4,0.2,0.2,0.2,0.0,0.8,0.2
35142,MANTIQUEIRA,SP,Sudeste,2024,0,0,0,0,0,0,0,0,0,0,0,0,,,,,,,,
35142,MANTIQUEIRA,SP,Sudeste,2025,1,0,1,1,1,1,0,0,0,1,0,0,0.0,0.0,0.0,1.0,0.0,0.0,1.0,0.0
35143,RIO PARDO,SP,Sudeste,2007,5,0,5,5,5,3,0,2,0,3,0,0,0.0,0.4,0.0,0.6,0.0,0.0,0.6,0.0
35143,RIO PARDO,SP,Sudeste,2008,0,0,0,0,0,0,0,0,0,0,0,0,,,,,,,,
35143,RIO PARDO,SP,Sudeste,2009,1,0,1,1,1,1,0,0,1,0,0,0,0.0,0.0,1.0,0.0,0.0,0.0,1.0,0.0
35143,RIO PARDO,SP,Sudeste,2010,2,0,2,2,2,2,1,0,0,1,0,0,0.5,0.0,0.0,0.5,0.0,0.0,1.0,0.0
35143,RIO PARDO,SP,Sudeste,2011,1,0,0,1,1,1,0,0,0,1,0,0,0.0,0.0,0.0,1.0,0.0,0.0,1.0,0.0
35143,RIO PARDO,SP,Sudeste,2012,1,0,1,1,1,1,0,1,0,0,0,0,0.0,1.0,0.0,0.0,0.0,0.0,1.0,0.0
35143,RIO PARDO,SP,Sudeste,2013,4,0,4,4,4,2,1,0,1,0,2,0,0.25,0.0,0.25,0.0,0.5,0.0,0.5,0.5
35143,RIO PARDO,SP,Sudeste,2014,1,0,1,1,1,1,0,1,0,0,0,0,0.0,1.0,0.0,0.0,0.0,0.0,1.0,0.0
35143,RIO PARDO,SP,Sudeste,2015,1,0,1,1,1,0,0,0,0,1,0,0,0.0,0.0,0.0,1.0,0.0,0.0,0.0,0.0
35143,RIO PARDO,SP,Sudeste,2016,1,0,1,1,1,1,0,0,0,0,1,0,0.0,0.0,0.0,0.0,1.0,0.0,1.0,1.0
35143,RIO PARDO,SP,Sudeste,2017,0,0,0,0,0,0,0,0,0,0,0,0,,,,,,,,
35143,RIO PARDO,SP,Sudeste,2018,2,0,2,2,2,1,0,0,1,1,0,0,0.0,0.0,0.5,0.5,0.0,0.0,0.5,0.0
35143,RIO PARDO,SP,Sudeste,2019,1,0,1,1,1,1,0,0,0,0,0,1,0.0,0.0,0.0,0.0,0.0,1.0,1.0,1.0
35143,RIO PARDO,SP,Sudeste,2020,1,0,1,1,1,1,0,0,0,1,0,0,0.0,0.0,0.0,1.0,0.0,0.0,1.0,0.0
35143,RIO PARDO,SP,Sudeste,2021,0,0,0,0,0,0,0,0,0,0,0,0,,,,,,,,
35143,RIO PARDO,SP,Sudeste,2022,1,0,1,1,1,0,0,0,1,0,0,0,0.0,0.0,1.0,0.0,0.0,0.0,0.0,0.0
35143,RIO PARDO,SP,Sudeste,2023,3,1,3,3,3,2,0,0,2,0,1,0,0.0,0.0,0.6666666666666666,0.0,0.3333333333333333,0.0,0.6666666666666666,0.3333333333333333
35143,RIO PARDO,SP,Sudeste,2024,1,1,1,1,1,1,0,0,0,0,0,1,0.0,0.0,0.0,0.0,0.0,1.0,1.0,1.0
35143,RIO PARDO,SP,Sudeste,2025,2,1,2,2,2,0,0,1,0,1,0,0,0.0,0.5,0.0,0.5,0.0,0.0,0.0,0.0
35151,CATANDUVA,SP,Sudeste,2007,3,0,3,3,3,2,1,1,1,0,0,0,0.3333333333333333,0.3333333333333333,0.3333333333333333,0.0,0.0,0.0,0.6666666666666666,0.0
35151,CATANDUVA,SP,Sudeste,2008,2,0,2,2,2,2,0,1,0,1,0,0,0.0,0.5,0.0,0.5,0.0,0.0,1.0,0.0
35151,CATANDUVA,SP,Sudeste,2009,2,0,2,2,2,2,1,0,0,1,0,0,0.5,0.0,0.0,0.5,0.0,0.0,1.0,0.0
35151,CATANDUVA,SP,Sudeste,2010,9,0,9,9,9,9,1,2,3,2,1,0,0.1111111111111111,0.2222222222222222,0.3333333333333333,0.2222222222222222,0.1111111111111111,0.0,1.0,0.1111111111111111
35151,CATANDUVA,SP,Sudeste,2011,23,0,20,23,23,19,0,16,4,2,0,1,0.0,0.6956521739130435,0.17391304347826086,0.08695652173913043,0.0,0.043478260869565216,0.8260869565217391,0.043478260869565216
35151,CATANDUVA,SP,Sudeste,2012,8,0,8,8,8,7,0,3,0,2,3,0,0.0,0.375,0.0,0.25,0.375,0.0,0.875,0.375
35151,CATANDUVA,SP,Sudeste,2013,10,1,9,10,10,8,2,4,2,2,0,0,0.2,0.4,0.2,0.2,0.0,0.0,0.8,0.0
35151,CATANDUVA,SP,Sudeste,2014,7,0,7,7,7,6,0,3,0,4,0,0,0.0,0.42857142857142855,0.0,0.5714285714285714,0.0,0.0,0.8571428571428571,0.0
35151,CATANDUVA,SP,Sudeste,2015,4,1,4,4,4,4,0,0,1,3,0,0,0.0,0.0,0.25,0.75,0.0,0.0,1.0,0.0
35151,CATANDUVA,SP,Sudeste,2016,2,0,2,2,2,2,0,0,0,1,0,1,0.0,0.0,0.0,0.5,0.0,0.5,1.0,0.5
35151,CATANDUVA,SP,Sudeste,2017,6,0,6,6,6,6,0,3,0,3,0,0,0.0,0.5,0.0,0.5,0.0,0.0,1.0,0.0
35151,CATANDUVA,SP,Sudeste,2018,4,0,4,4,4,4,0,0,3,0,1,0,0.0,0.0,0.75,0.0,0.25,0.0,1.0,0.25
35151,CATANDUVA,SP,Sudeste,2019,7,0,7,7,7,5,0,2,3,1,1,0,0.0,0.2857142857142857,0.42857142857142855,0.14285714285714285,0.14285714285714285,0.0,0.7142857142857143,0.14285714285714285
35151,CATANDUVA,SP,Sudeste,2020,3,1,3,3,3,3,1,0,1,1,0,0,0.3333333333333333,0.0,0.3333333333333333,0.3333333333333333,0.0,0.0,1.0,0.0
35151,CATANDUVA,SP,Sudeste,2021,0,0,0,0,0,0,0,0,0,0,0,0,,,,,,,,
35151,CATANDUVA,SP,Sudeste,2022,2,0,2,2,2,2,0,0,1,1,0,0,0.0,0.0,0.5,0.5,0.0,0.0,1.0,0.0
35151,CATANDUVA,SP,Sudeste,2023,0,0,0,0,0,0,0,0,0,0,0,0,,,,,,,,
35151,CATANDUVA,SP,Sudeste,2024,1,0,1,1,1,1,0,0,1,0,0,0,0.0,0.0,1.0,0.0,0.0,0.0,1.0,0.0
35151,CATANDUVA,SP,Sudeste,2025,3,0,3,3,3,2,0,0,1,2,0,0,0.0,0.0,0.3333333333333333,0.6666666666666666,0.0,0.0,0.6666666666666666,0.0
35152,SANTA FE DO SUL,SP,Sudeste,2007,0,0,0,0,0,0,0,0,0,0,0,0,,,,,,,,
35152,SANTA FE DO SUL,SP,Sudeste,2008,0,0,0,0,0,0,0,0,0,0,0,0,,,,,,,,
35152,SANTA FE DO SUL,SP,Sudeste,2009,1,0,1,1,1,0,0,1,0,0,0,0,0.0,1.0,0.0,0.0,0.0,0.0,0.0,0.0
35152,SANTA FE DO SUL,SP,Sudeste,2010,0,0,0,0,0,0,0,0,0,0,0,0,,,,,,,,
35152,SANTA FE DO SUL,SP,Sudeste,2011,0,0,0,0,0,0,0,0,0,0,0,0,,,,,,,,
35152,SANTA FE DO SUL,SP,Sudeste,2012,0,0,0,0,0,0,0,0,0,0,0,0,,,,,,,,
35152,SANTA FE DO SUL,SP,Sudeste,2013,0,0,0,0,0,0,0,0,0,0,0,0,,,,,,,,
35152,SANTA FE DO SUL,SP,Sudeste,2014,0,0,0,0,0,0,0,0,0,0,0,0,,,,,,,,
35152,SANTA FE DO SUL,SP,Sudeste,2015,0,0,0,0,0,0,0,0,0,0,0,0,,,,,,,,
35152,SANTA FE DO SUL,SP,Sudeste,2016,0,0,0,0,0,0,0,0,0,0,0,0,,,,,,,,
35152,SANTA FE DO SUL,SP,Sudeste,2017,0,0,0,0,0,0,0,0,0,0,0,0,,,,,,,,
35152,SANTA FE DO SUL,SP,Sudeste,2018,0,0,0,0,0,0,0,0,0,0,0,0,,,,,,,,
35152,SANTA FE DO SUL,SP,Sudeste,2019,0,0,0,0,0,0,0,0,0,0,0,0,,,,,,,,
35152,SANTA FE DO SUL,SP,Sudeste,2020,0,0,0,0,0,0,0,0,0,0,0,0,,,,,,,,
35152,SANTA FE DO SUL,SP,Sudeste,2021,0,0,0,0,0,0,0,0,0,0,0,0,,,,,,,,
35152,SANTA FE DO SUL,SP,Sudeste,2022,0,0,0,0,0,0,0,0,0,0,0,0,,,,,,,,
35152,SANTA FE DO SUL,SP,Sudeste,2023,0,0,0,0,0,0,0,0,0,0,0,0,,,,,,,,
35152,SANTA FE DO SUL,SP,Sudeste,2024,0,0,0,0,0,0,0,0,0,0,0,0,,,,,,,,
35152,SANTA FE DO SUL,SP,Sudeste,2025,0,0,0,0,0,0,0,0,0,0,0,0,,,,,,,,
35153,JALES,SP,Sudeste,2007,2,0,1,2,2,2,0,0,1,1,0,0,0.0,0.0,0.5,0.5,0.0,0.0,1.0,0.0
35153,JALES,SP,Sudeste,2008,0,0,0,0,0,0,0,0,0,0,0,0,,,,,,,,
35153,JALES,SP,Sudeste,2009,0,0,0,0,0,0,0,0,0,0,0,0,,,,,,,,
35153,JALES,SP,Sudeste,2010,0,0,0,0,0,0,0,0,0,0,0,0,,,,,,,,
35153,JALES,SP,Sudeste,2011,0,0,0,0,0,0,0,0,0,0,0,0,,,,,,,,
35153,JALES,SP,Sudeste,2012,0,0,0,0,0,0,0,0,0,0,0,0,,,,,,,,
35153,JALES,SP,Sudeste,2013,1,0,1,1,1,1,0,1,0,0,0,0,0.0,1.0,0.0,0.0,0.0,0.0,1.0,0.0
35153,JALES,SP,Sudeste,2014,0,0,0,0,0,0,0,0,0,0,0,0,,,,,,,,
35153,JALES,SP,Sudeste,2015,0,0,0,0,0,0,0,0,0,0,0,0,,,,,,,,
35153,JALES,SP,Sudeste,2016,1,0,1,1,1,1,0,0,1,0,0,0,0.0,0.0,1.0,0.0,0.0,0.0,1.0,0.0
35153,JALES,SP,Sudeste,2017,0,0,0,0,0,0,0,0,0,0,0,0,,,,,,,,
35153,JALES,SP,Sudeste,2018,1,0,1,1,1,1,0,0,1,0,0,0,0.0,0.0,1.0,0.0,0.0,0.0,1.0,0.0
35153,JALES,SP,Sudeste,2019,1,0,1,1,1,1,0,0,1,0,0,0,0.0,0.0,1.0,0.0,0.0,0.0,1.0,0.0
35153,JALES,SP,Sudeste,2020,0,0,0,0,0,0,0,0,0,0,0,0,,,,,,,,
35153,JALES,SP,Sudeste,2021,0,0,0,0,0,0,0,0,0,0,0,0,,,,,,,,
35153,JALES,SP,Sudeste,2022,0,0,0,0,0,0,0,0,0,0,0,0,,,,,,,,
35153,JALES,SP,Sudeste,2023,0,0,0,0,0,0,0,0,0,0,0,0,,,,,,,,
35153,JALES,SP,Sudeste,2024,0,0,0,0,0,0,0,0,0,0,0,0,,,,,,,,
35153,JALES,SP,Sudeste,2025,1,0,1,1,1,1,0,0,0,1,0,0,0.0,0.0,0.0,1.0,0.0,0.0,1.0,0.0
35154,FERNANDOPOLIS,SP,Sudeste,2007,0,0,0,0,0,0,0,0,0,0,0,0,,,,,,,,
35154,FERNANDOPOLIS,SP,Sudeste,2008,1,0,0,1,1,1,0,0,0,1,0,0,0.0,0.0,0.0,1.0,0.0,0.0,1.0,0.0
35154,FERNANDOPOLIS,SP,Sudeste,2009,4,0,4,4,4,4,0,1,1,2,0,0,0.0,0.25,0.25,0.5,0.0,0.0,1.0,0.0
35154,FERNANDOPOLIS,SP,Sudeste,2010,2,0,2,2,2,1,0,0,1,1,0,0,0.0,0.0,0.5,0.5,0.0,0.0,0.5,0.0
35154,FERNANDOPOLIS,SP,Sudeste,2011,1,1,1,1,1,1,0,0,1,0,0,0,0.0,0.0,1.0,0.0,0.0,0.0,1.0,0.0
35154,FERNANDOPOLIS,SP,Sudeste,2012,2,0,2,2,2,1,1,0,1,0,0,0,0.5,0.0,0.5,0.0,0.0,0.0,0.5,0.0
35154,FERNANDOPOLIS,SP,Sudeste,2013,4,0,3,4,4,4,0,1,1,2,0,0,0.0,0.25,0.25,0.5,0.0,0.0,1.0,0.0
35154,FERNANDOPOLIS,SP,Sudeste,2014,1,0,1,1,1,1,0,1,0,0,0,0,0.0,1.0,0.0,0.0,0.0,0.0,1.0,0.0
35154,FERNANDOPOLIS,SP,Sudeste,2015,1,1,1,1,1,1,0,0,0,0,0,1,0.0,0.0,0.0,0.0,0.0,1.0,1.0,1.0
35154,FERNANDOPOLIS,SP,Sudeste,2016,0,0,0,0,0,0,0,0,0,0,0,0,,,,,,,,
35154,FERNANDOPOLIS,SP,Sudeste,2017,0,0,0,0,0,0,0,0,0,0,0,0,,,,,,,,
35154,FERNANDOPOLIS,SP,Sudeste,2018,4,0,3,4,4,4,0,1,1,1,1,0,0.0,0.25,0.25,0.25,0.25,0.0,1.0,0.25
35154,FERNANDOPOLIS,SP,Sudeste,2019,3,0,3,3,3,3,0,0,2,1,0,0,0.0,0.0,0.6666666666666666,0.3333333333333333,0.0,0.0,1.0,0.0
35154,FERNANDOPOLIS,SP,Sudeste,2020,0,0,0,0,0,0,0,0,0,0,0,0,,,,,,,,
35154,FERNANDOPOLIS,SP,Sudeste,2021,0,0,0,0,0,0,0,0,0,0,0,0,,,,,,,,
35154,FERNANDOPOLIS,SP,Sudeste,2022,1,0,1,1,1,1,0,0,0,0,1,0,0.0,0.0,0.0,0.0,1.0,0.0,1.0,1.0
35154,FERNANDOPOLIS,SP,Sudeste,2023,3,0,3,3,3,3,0,0,3,0,0,0,0.0,0.0,1.0,0.0,0.0,0.0,1.0,0.0
35154,FERNANDOPOLIS,SP,Sudeste,2024,0,0,0,0,0,0,0,0,0,0,0,0,,,,,,,,
35154,FERNANDOPOLIS,SP,Sudeste,2025,0,0,0,0,0,0,0,0,0,0,0,0,,,,,,,,
35155,SAO JOSE DO RIO PRETO,SP,Sudeste,2007,2,1,2,2,2,1,0,1,1,0,0,0,0.0,0.5,0.5,0.0,0.0,0.0,0.5,0.0
35155,SAO JOSE DO RIO PRETO,SP,Sudeste,2008,2,1,2,2,2,1,0,0,1,0,0,1,0.0,0.0,0.5,0.0,0.0,0.5,0.5,0.5
35155,SAO JOSE DO RIO PRETO,SP,Sudeste,2009,5,0,5,5,5,5,1,2,1,1,0,0,0.2,0.4,0.2,0.2,0.0,0.0,1.0,0.0
35155,SAO JOSE DO RIO PRETO,SP,Sudeste,2010,1,1,1,1,1,1,0,0,0,1,0,0,0.0,0.0,0.0,1.0,0.0,0.0,1.0,0.0
35155,SAO JOSE DO RIO PRETO,SP,Sudeste,2011,16,2,16,16,16,13,1,4,8,3,0,0,0.0625,0.25,0.5,0.1875,0.0,0.0,0.8125,0.0
35155,SAO JOSE DO RIO PRETO,SP,Sudeste,2012,9,2,9,9,9,7,0,2,3,3,0,1,0.0,0.2222222222222222,0.3333333333333333,0.3333333333333333,0.0,0.1111111111111111,0.7777777777777778,0.1111111111111111
35155,SAO JOSE DO RIO PRETO,SP,Sudeste,2013,15,1,15,15,15,11,2,0,3,8,2,0,0.13333333333333333,0.0,0.2,0.5333333333333333,0.13333333333333333,0.0,0.7333333333333333,0.13333333333333333
35155,SAO JOSE DO RIO PRETO,SP,Sudeste,2014,8,2,8,8,8,8,0,1,2,4,1,0,0.0,0.125,0.25,0.5,0.125,0.0,1.0,0.125
35155,SAO JOSE DO RIO PRETO,SP,Sudeste,2015,3,0,3,3,3,3,0,1,1,0,0,1,0.0,0.3333333333333333,0.3333333333333333,0.0,0.0,0.3333333333333333,1.0,0.3333333333333333
35155,SAO JOSE DO RIO PRETO,SP,Sudeste,2016,6,0,6,6,6,5,0,1,2,1,2,0,0.0,0.16666666666666666,0.3333333333333333,0.16666666666666666,0.3333333333333333,0.0,0.8333333333333334,0.3333333333333333
35155,SAO JOSE DO RIO PRETO,SP,Sudeste,2017,1,0,1,1,1,1,0,0,0,0,1,0,0.0,0.0,0.0,0.0,1.0,0.0,1.0,1.0
35155,SAO JOSE DO RIO PRETO,SP,Sudeste,2018,3,2,3,3,3,3,0,0,2,0,1,0,0.0,0.0,0.6666666666666666,0.0,0.3333333333333333,0.0,1.0,0.3333333333333333
35155,SAO JOSE DO RIO PRETO,SP,Sudeste,2019,2,0,2,2,2,2,0,0,1,1,0,0,0.0,0.0,0.5,0.5,0.0,0.0,1.0,0.0
35155,SAO JOSE DO RIO PRETO,SP,Sudeste,2020,2,1,1,2,2,2,0,0,1,1,0,0,0.0,0.0,0.5,0.5,0.0,0.0,1.0,0.0
35155,SAO JOSE DO RIO PRETO,SP,Sudeste,2021,2,1,2,2,2,2,0,0,1,1,0,0,0.0,0.0,0.5,0.5,0.0,0.0,1.0,0.0
35155,SAO JOSE DO RIO PRETO,SP,Sudeste,2022,1,1,1,1,1,1,0,0,1,0,0,0,0.0,0.0,1.0,0.0,0.0,0.0,1.0,0.0
35155,SAO JOSE DO RIO PRETO,SP,Sudeste,2023,1,0,1,1,1,1,0,0,1,0,0,0,0.0,0.0,1.0,0.0,0.0,0.0,1.0,0.0
35155,SAO JOSE DO RIO PRETO,SP,Sudeste,2024,2,1,1,2,2,2,0,1,0,1,0,0,0.0,0.5,0.0,0.5,0.0,0.0,1.0,0.0
35155,SAO JOSE DO RIO PRETO,SP,Sudeste,2025,2,0,2,2,2,2,0,1,0,1,0,0,0.0,0.5,0.0,0.5,0.0,0.0,1.0,0.0
35156,JOSE BONIFACIO,SP,Sudeste,2007,0,0,0,0,0,0,0,0,0,0,0,0,,,,,,,,
35156,JOSE BONIFACIO,SP,Sudeste,2008,1,0,1,1,1,1,0,0,0,0,1,0,0.0,0.0,0.0,0.0,1.0,0.0,1.0,1.0
35156,JOSE BONIFACIO,SP,Sudeste,2009,1,0,1,1,1,1,0,0,0,1,0,0,0.0,0.0,0.0,1.0,0.0,0.0,1.0,0.0
35156,JOSE BONIFACIO,SP,Sudeste,2010,1,0,1,1,1,1,0,0,0,1,0,0,0.0,0.0,0.0,1.0,0.0,0.0,1.0,0.0
35156,JOSE BONIFACIO,SP,Sudeste,2011,0,0,0,0,0,0,0,0,0,0,0,0,,,,,,,,
35156,JOSE BONIFACIO,SP,Sudeste,2012,1,0,1,1,1,1,0,0,0,1,0,0,0.0,0.0,0.0,1.0,0.0,0.0,1.0,0.0
35156,JOSE BONIFACIO,SP,Sudeste,2013,3,1,3,3,3,3,0,0,0,3,0,0,0.0,0.0,0.0,1.0,0.0,0.0,1.0,0.0
35156,JOSE BONIFACIO,SP,Sudeste,2014,1,0,0,1,1,0,0,0,1,0,0,0,0.0,0.0,1.0,0.0,0.0,0.0,0.0,0.0
35156,JOSE BONIFACIO,SP,Sudeste,2015,0,0,0,0,0,0,0,0,0,0,0,0,,,,,,,,
35156,JOSE BONIFACIO,SP,Sudeste,2016,0,0,0,0,0,0,0,0,0,0,0,0,,,,,,,,
35156,JOSE BONIFACIO,SP,Sudeste,2017,1,0,1,1,1,1,0,0,1,0,0,0,0.0,0.0,1.0,0.0,0.0,0.0,1.0,0.0
35156,JOSE BONIFACIO,SP,Sudeste,2018,0,0,0,0,0,0,0,0,0,0,0,0,,,,,,,,
35156,JOSE BONIFACIO,SP,Sudeste,2019,0,0,0,0,0,0,0,0,0,0,0,0,,,,,,,,
35156,JOSE BONIFACIO,SP,Sudeste,2020,0,0,0,0,0,0,0,0,0,0,0,0,,,,,,,,
35156,JOSE BONIFACIO,SP,Sudeste,2021,1,0,1,1,1,1,0,0,0,1,0,0,0.0,0.0,0.0,1.0,0.0,0.0,1.0,0.0
35156,JOSE BONIFACIO,SP,Sudeste,2022,0,0,0,0,0,0,0,0,0,0,0,0,,,,,,,,
35156,JOSE BONIFACIO,SP,Sudeste,2023,1,0,1,1,1,1,0,0,0,1,0,0,0.0,0.0,0.0,1.0,0.0,0.0,1.0,0.0
35156,JOSE BONIFACIO,SP,Sudeste,2024,0,0,0,0,0,0,0,0,0,0,0,0,,,,,,,,
35156,JOSE BONIFACIO,SP,Sudeste,2025,0,0,0,0,0,0,0,0,0,0,0,0,,,,,,,,
35157,VOTUPORANGA,SP,Sudeste,2007,0,0,0,0,0,0,0,0,0,0,0,0,,,,,,,,
35157,VOTUPORANGA,SP,Sudeste,2008,0,0,0,0,0,0,0,0,0,0,0,0,,,,,,,,
35157,VOTUPORANGA,SP,Sudeste,2009,6,0,6,6,6,3,3,1,2,0,0,0,0.5,0.16666666666666666,0.3333333333333333,0.0,0.0,0.0,0.5,0.0
35157,VOTUPORANGA,SP,Sudeste,2010,1,0,1,1,1,1,0,0,1,0,0,0,0.0,0.0,1.0,0.0,0.0,0.0,1.0,0.0
35157,VOTUPORANGA,SP,Sudeste,2011,3,0,3,3,3,3,0,0,2,1,0,0,0.0,0.0,0.6666666666666666,0.3333333333333333,0.0,0.0,1.0,0.0
35157,VOTUPORANGA,SP,Sudeste,2012,1,0,1,1,1,1,0,0,1,0,0,0,0.0,0.0,1.0,0.0,0.0,0.0,1.0,0.0
35157,VOTUPORANGA,SP,Sudeste,2013,2,0,2,2,2,2,0,0,0,2,0,0,0.0,0.0,0.0,1.0,0.0,0.0,1.0,0.0
35157,VOTUPORANGA,SP,Sudeste,2014,0,0,0,0,0,0,0,0,0,0,0,0,,,,,,,,
35157,VOTUPORANGA,SP,Sudeste,2015,2,0,2,2,2,2,0,1,0,1,0,0,0.0,0.5,0.0,0.5,0.0,0.0,1.0,0.0
35157,VOTUPORANGA,SP,Sudeste,2016,2,0,2,2,2,2,0,0,0,2,0,0,0.0,0.0,0.0,1.0,0.0,0.0,1.0,0.0
35157,VOTUPORANGA,SP,Sudeste,2017,0,0,0,0,0,0,0,0,0,0,0,0,,,,,,,,
35157,VOTUPORANGA,SP,Sudeste,2018,1,0,1,1,1,1,0,0,1,0,0,0,0.0,0.0,1.0,0.0,0.0,0.0,1.0,0.0
35157,VOTUPORANGA,SP,Sudeste,2019,5,0,4,5,5,3,0,2,3,0,0,0,0.0,0.4,0.6,0.0,0.0,0.0,0.6,0.0
35157,VOTUPORANGA,SP,Sudeste,2020,2,1,2,2,2,1,0,1,0,1,0,0,0.0,0.5,0.0,0.5,0.0,0.0,0.5,0.0
35157,VOTUPORANGA,SP,Sudeste,2021,2,0,2,2,2,2,0,0,1,1,0,0,0.0,0.0,0.5,0.5,0.0,0.0,1.0,0.0
35157,VOTUPORANGA,SP,Sudeste,2022,0,0,0,0,0,0,0,0,0,0,0,0,,,,,,,,
35157,VOTUPORANGA,SP,Sudeste,2023,0,0,0,0,0,0,0,0,0,0,0,0,,,,,,,,
35157,VOTUPORANGA,SP,Sudeste,2024,2,0,2,2,2,2,0,0,1,1,0,0,0.0,0.0,0.5,0.5,0.0,0.0,1.0,0.0
35157,VOTUPORANGA,SP,Sudeste,2025,3,0,3,3,3,3,0,0,1,1,0,1,0.0,0.0,0.3333333333333333,0.3333333333333333,0.0,0.3333333333333333,1.0,0.3333333333333333
35161,ITAPETININGA,SP,Sudeste,2007,4,1,3,4,4,3,1,1,2,0,0,0,0.25,0.25,0.5,0.0,0.0,0.0,0.75,0.0
35161,ITAPETININGA,SP,Sudeste,2008,3,0,3,3,3,2,0,1,0,2,0,0,0.0,0.3333333333333333,0.0,0.6666666666666666,0.0,0.0,0.6666666666666666,0.0
35161,ITAPETININGA,SP,Sudeste,2009,0,0,0,0,0,0,0,0,0,0,0,0,,,,,,,,
35161,ITAPETININGA,SP,Sudeste,2010,1,1,1,1,1,1,0,0,1,0,0,0,0.0,0.0,1.0,0.0,0.0,0.0,1.0,0.0
35161,ITAPETININGA,SP,Sudeste,2011,2,0,2,2,2,2,1,1,0,0,0,0,0.5,0.5,0.0,0.0,0.0,0.0,1.0,0.0
35161,ITAPETININGA,SP,Sudeste,2012,6,0,6,6,6,4,0,2,1,2,1,0,0.0,0.3333333333333333,0.16666666666666666,0.3333333333333333,0.16666666666666666,0.0,0.6666666666666666,0.16666666666666666
35161,ITAPETININGA,SP,Sudeste,2013,3,0,3,3,3,3,0,2,1,0,0,0,0.0,0.6666666666666666,0.3333333333333333,0.0,0.0,0.0,1.0,0.0
35161,ITAPETININGA,SP,Sudeste,2014,3,0,3,3,3,3,0,0,1,2,0,0,0.0,0.0,0.3333333333333333,0.6666666666666666,0.0,0.0,1.0,0.0
35161,ITAPETININGA,SP,Sudeste,2015,5,0,4,5,5,3,0,1,2,2,0,0,0.0,0.2,0.4,0.4,0.0,0.0,0.6,0.0
35161,ITAPETININGA,SP,Sudeste,2016,1,0,1,1,1,1,0,0,0,1,0,0,0.0,0.0,0.0,1.0,0.0,0.0,1.0,0.0
35161,ITAPETININGA,SP,Sudeste,2017,1,0,1,1,1,0,0,0,0,1,0,0,0.0,0.0,0.0,1.0,0.0,0.0,0.0,0.0
35161,ITAPETININGA,SP,Sudeste,2018,6,1,6,6,6,3,0,1,2,2,1,0,0.0,0.16666666666666666,0.3333333333333333,0.3333333333333333,0.16666666666666666,0.0,0.5,0.16666666666666666
35161,ITAPETININGA,SP,Sudeste,2019,4,0,4,4,4,2,0,1,1,1,1,0,0.0,0.25,0.25,0.25,0.25,0.0,0.5,0.25
35161,ITAPETININGA,SP,Sudeste,2020,0,0,0,0,0,0,0,0,0,0,0,0,,,,,,,,
35161,ITAPETININGA,SP,Sudeste,2021,1,0,0,1,1,1,0,0,0,1,0,0,0.0,0.0,0.0,1.0,0.0,0.0,1.0,0.0
35161,ITAPETININGA,SP,Sudeste,2022,0,0,0,0,0,0,0,0,0,0,0,0,,,,,,,,
35161,ITAPETININGA,SP,Sudeste,2023,5,1,4,5,5,5,0,1,2,2,0,0,0.0,0.2,0.4,0.4,0.0,0.0,1.0,0.0
35161,ITAPETININGA,SP,Sudeste,2024,11,0,11,11,11,7,0,2,8,1,0,0,0.0,0.18181818181818182,0.7272727272727273,0.09090909090909091,0.0,0.0,0.6363636363636364,0.0
35161,ITAPETININGA,SP,Sudeste,2025,6,0,5,6,6,3,0,1,4,1,0,0,0.0,0.16666666666666666,0.6666666666666666,0.16666666666666666,0.0,0.0,0.5,0.0
35162,ITAPEVA,SP,Sudeste,2007,0,0,0,0,0,0,0,0,0,0,0,0,,,,,,,,
35162,ITAPEVA,SP,Sudeste,2008,1,1,1,1,1,1,0,1,0,0,0,0,0.0,1.0,0.0,0.0,0.0,0.0,1.0,0.0
35162,ITAPEVA,SP,Sudeste,2009,0,0,0,0,0,0,0,0,0,0,0,0,,,,,,,,
35162,ITAPEVA,SP,Sudeste,2010,2,0,2,2,2,2,0,0,2,0,0,0,0.0,0.0,1.0,0.0,0.0,0.0,1.0,0.0
35162,ITAPEVA,SP,Sudeste,2011,2,1,2,2,2,2,0,0,2,0,0,0,0.0,0.0,1.0,0.0,0.0,0.0,1.0,0.0
35162,ITAPEVA,SP,Sudeste,2012,7,0,7,7,7,6,1,4,0,0,2,0,0.14285714285714285,0.5714285714285714,0.0,0.0,0.2857142857142857,0.0,0.8571428571428571,0.2857142857142857
35162,ITAPEVA,SP,Sudeste,2013,10,1,10,10,10,7,1,7,2,0,0,0,0.1,0.7,0.2,0.0,0.0,0.0,0.7,0.0
35162,ITAPEVA,SP,Sudeste,2014,1,0,1,1,1,0,0,0,0,1,0,0,0.0,0.0,0.0,1.0,0.0,0.0,0.0,0.0
35162,ITAPEVA,SP,Sudeste,2015,1,0,1,1,1,1,0,1,0,0,0,0,0.0,1.0,0.0,0.0,0.0,0.0,1.0,0.0
35162,ITAPEVA,SP,Sudeste,2016,6,0,6,6,6,5,0,1,1,3,1,0,0.0,0.16666666666666666,0.16666666666666666,0.5,0.16666666666666666,0.0,0.8333333333333334,0.16666666666666666
35162,ITAPEVA,SP,Sudeste,2017,2,1,2,2,2,1,0,0,0,2,0,0,0.0,0.0,0.0,1.0,0.0,0.0,0.5,0.0
35162,ITAPEVA,SP,Sudeste,2018,2,1,2,2,2,1,0,2,0,0,0,0,0.0,1.0,0.0,0.0,0.0,0.0,0.5,0.0
35162,ITAPEVA,SP,Sudeste,2019,4,2,3,4,4,3,0,0,2,1,0,1,0.0,0.0,0.5,0.25,0.0,0.25,0.75,0.25
35162,ITAPEVA,SP,Sudeste,2020,2,0,2,2,2,2,0,1,1,0,0,0,0.0,0.5,0.5,0.0,0.0,0.0,1.0,0.0
35162,ITAPEVA,SP,Sudeste,2021,1,1,1,1,1,0,0,0,1,0,0,0,0.0,0.0,1.0,0.0,0.0,0.0,0.0,0.0
35162,ITAPEVA,SP,Sudeste,2022,2,0,2,2,2,2,0,0,2,0,0,0,0.0,0.0,1.0,0.0,0.0,0.0,1.0,0.0
35162,ITAPEVA,SP,Sudeste,2023,3,0,3,3,3,3,1,0,1,0,1,0,0.3333333333333333,0.0,0.3333333333333333,0.0,0.3333333333333333,0.0,1.0,0.3333333333333333
35162,ITAPEVA,SP,Sudeste,2024,4,0,4,4,4,2,0,0,4,0,0,0,0.0,0.0,1.0,0.0,0.0,0.0,0.5,0.0
35162,ITAPEVA,SP,Sudeste,2025,0,0,0,0,0,0,0,0,0,0,0,0,,,,,,,,
35163,SOROCABA,SP,Sudeste,2007,15,0,15,15,15,11,3,3,6,2,1,0,0.2,0.2,0.4,0.13333333333333333,0.06666666666666667,0.0,0.7333333333333333,0.06666666666666667
35163,SOROCABA,SP,Sudeste,2008,22,1,18,22,22,15,3,8,4,5,2,0,0.13636363636363635,0.36363636363636365,0.18181818181818182,0.22727272727272727,0.09090909090909091,0.0,0.6818181818181818,0.09090909090909091
35163,SOROCABA,SP,Sudeste,2009,28,2,26,28,28,24,3,9,7,5,3,1,0.10714285714285714,0.32142857142857145,0.25,0.17857142857142858,0.10714285714285714,0.03571428571428571,0.8571428571428571,0.14285714285714285
35163,SOROCABA,SP,Sudeste,2010,31,3,29,31,31,26,1,9,14,7,0,0,0.03225806451612903,0.2903225806451613,0.45161290322580644,0.22580645161290322,0.0,0.0,0.8387096774193549,0.0
35163,SOROCABA,SP,Sudeste,2011,32,6,29,32,32,28,2,13,9,5,2,1,0.0625,0.40625,0.28125,0.15625,0.0625,0.03125,0.875,0.09375
35163,SOROCABA,SP,Sudeste,2012,25,4,23,25,25,18,8,4,5,4,2,2,0.32,0.16,0.2,0.16,0.08,0.08,0.72,0.16
35163,SOROCABA,SP,Sudeste,2013,44,4,39,44,44,32,6,12,16,5,5,0,0.13636363636363635,0.2727272727272727,0.36363636363636365,0.11363636363636363,0.11363636363636363,0.0,0.7272727272727273,0.11363636363636363
35163,SOROCABA,SP,Sudeste,2014,35,4,32,35,35,25,4,12,11,7,1,0,0.11428571428571428,0.34285714285714286,0.3142857142857143,0.2,0.02857142857142857,0.0,0.7142857142857143,0.02857142857142857
35163,SOROCABA,SP,Sudeste,2015,34,7,32,34,34,27,3,5,15,10,1,0,0.08823529411764706,0.14705882352941177,0.4411764705882353,0.29411764705882354,0.029411764705882353,0.0,0.7941176470588235,0.029411764705882353
35163,SOROCABA,SP,Sudeste,2016,36,3,33,36,36,28,4,10,12,9,1,0,0.1111111111111111,0.2777777777777778,0.3333333333333333,0.25,0.027777777777777776,0.0,0.7777777777777778,0.027777777777777776
35163,SOROCABA,SP,Sudeste,2017,26,3,24,26,26,19,3,4,10,5,3,1,0.11538461538461539,0.15384615384615385,0.38461538461538464,0.19230769230769232,0.11538461538461539,0.038461538461538464,0.7307692307692307,0.15384615384615385
35163,SOROCABA,SP,Sudeste,2018,31,7,29,31,31,27,0,3,16,7,0,5,0.0,0.0967741935483871,0.5161290322580645,0.22580645161290322,0.0,0.16129032258064516,0.8709677419354839,0.16129032258064516
35163,SOROCABA,SP,Sudeste,2019,22,3,21,22,22,19,1,6,2,9,2,2,0.045454545454545456,0.2727272727272727,0.09090909090909091,0.4090909090909091,0.09090909090909091,0.09090909090909091,0.8636363636363636,0.18181818181818182
35163,SOROCABA,SP,Sudeste,2020,15,1,14,15,15,14,0,3,5,5,2,0,0.0,0.2,0.3333333333333333,0.3333333333333333,0.13333333333333333,0.0,0.9333333333333333,0.13333333333333333
35163,SOROCABA,SP,Sudeste,2021,9,1,8,9,9,8,0,3,2,3,0,1,0.0,0.3333333333333333,0.2222222222222222,0.3333333333333333,0.0,0.1111111111111111,0.8888888888888888,0.1111111111111111
35163,SOROCABA,SP,Sudeste,2022,29,4,20,29,29,23,1,11,7,6,3,1,0.034482758620689655,0.3793103448275862,0.2413793103448276,0.20689655172413793,0.10344827586206896,0.034482758620689655,0.7931034482758621,0.13793103448275862
35163,SOROCABA,SP,Sudeste,2023,20,6,17,20,20,16,2,4,8,3,2,1,0.1,0.2,0.4,0.15,0.1,0.05,0.8,0.15000000000000002
35163,SOROCABA,SP,Sudeste,2024,23,3,22,23,23,16,1,11,6,4,0,1,0.043478260869565216,0.4782608695652174,0.2608695652173913,0.17391304347826086,0.0,0.043478260869565216,0.6956521739130435,0.043478260869565216
35163,SOROCABA,SP,Sudeste,2025,25,4,24,25,25,18,0,12,6,4,2,1,0.0,0.48,0.24,0.16,0.08,0.04,0.72,0.12
35171,ALTO VALE DO PARAIBA,SP,Sudeste,2007,19,0,16,19,19,16,3,7,4,4,1,0,0.15789473684210525,0.3684210526315789,0.21052631578947367,0.21052631578947367,0.05263157894736842,0.0,0.8421052631578947,0.05263157894736842
35171,ALTO VALE DO PARAIBA,SP,Sudeste,2008,12,1,12,12,12,10,3,4,3,1,0,1,0.25,0.3333333333333333,0.25,0.08333333333333333,0.0,0.08333333333333333,0.8333333333333334,0.08333333333333333
35171,ALTO VALE DO PARAIBA,SP,Sudeste,2009,16,3,13,16,16,15,0,5,4,5,2,0,0.0,0.3125,0.25,0.3125,0.125,0.0,0.9375,0.125
35171,ALTO VALE DO PARAIBA,SP,Sudeste,2010,15,1,14,15,15,10,0,8,1,4,2,0,0.0,0.5333333333333333,0.06666666666666667,0.26666666666666666,0.13333333333333333,0.0,0.6666666666666666,0.13333333333333333
35171,ALTO VALE DO PARAIBA,SP,Sudeste,2011,21,3,21,21,21,18,1,8,5,4,2,1,0.047619047619047616,0.38095238095238093,0.23809523809523808,0.19047619047619047,0.09523809523809523,0.047619047619047616,0.8571428571428571,0.14285714285714285
35171,ALTO VALE DO PARAIBA,SP,Sudeste,2012,33,1,21,33,33,27,4,11,9,7,2,0,0.12121212121212122,0.3333333333333333,0.2727272727272727,0.21212121212121213,0.06060606060606061,0.0,0.8181818181818182,0.06060606060606061
35171,ALTO VALE DO PARAIBA,SP,Sudeste,2013,29,3,26,29,29,24,2,7,11,5,1,3,0.06896551724137931,0.2413793103448276,0.3793103448275862,0.1724137931034483,0.034482758620689655,0.10344827586206896,0.8275862068965517,0.13793103448275862
35171,ALTO VALE DO PARAIBA,SP,Sudeste,2014,24,3,23,24,24,19,5,8,7,4,0,0,0.20833333333333334,0.3333333333333333,0.2916666666666667,0.16666666666666666,0.0,0.0,0.7916666666666666,0.0
35171,ALTO VALE DO PARAIBA,SP,Sudeste,2015,22,2,22,22,22,18,0,7,10,1,1,3,0.0,0.3181818181818182,0.45454545454545453,0.045454545454545456,0.045454545454545456,0.13636363636363635,0.8181818181818182,0.18181818181818182
35171,ALTO VALE DO PARAIBA,SP,Sudeste,2016,10,2,10,10,10,6,0,2,2,4,1,1,0.0,0.2,0.2,0.4,0.1,0.1,0.6,0.2
35171,ALTO VALE DO PARAIBA,SP,Sudeste,2017,16,1,16,16,16,11,2,3,4,5,2,0,0.125,0.1875,0.25,0.3125,0.125,0.0,0.6875,0.125
35171,ALTO VALE DO PARAIBA,SP,Sudeste,2018,15,2,13,15,15,11,1,1,5,7,1,0,0.06666666666666667,0.06666666666666667,0.3333333333333333,0.4666666666666667,0.06666666666666667,0.0,0.7333333333333333,0.06666666666666667
35171,ALTO VALE DO PARAIBA,SP,Sudeste,2019,8,4,8,8,8,8,0,4,1,2,1,0,0.0,0.5,0.125,0.25,0.125,0.0,1.0,0.125
35171,ALTO VALE DO PARAIBA,SP,Sudeste,2020,11,2,11,11,11,8,0,1,1,4,3,2,0.0,0.09090909090909091,0.09090909090909091,0.36363636363636365,0.2727272727272727,0.18181818181818182,0.7272727272727273,0.45454545454545453
35171,ALTO VALE DO PARAIBA,SP,Sudeste,2021,10,0,10,10,10,10,1,5,2,1,1,0,0.1,0.5,0.2,0.1,0.1,0.0,1.0,0.1
35171,ALTO VALE DO PARAIBA,SP,Sudeste,2022,14,3,14,14,14,11,0,5,2,5,1,1,0.0,0.35714285714285715,0.14285714285714285,0.35714285714285715,0.07142857142857142,0.07142857142857142,0.7857142857142857,0.14285714285714285
35171,ALTO VALE DO PARAIBA,SP,Sudeste,2023,20,1,20,20,20,18,0,3,7,4,5,1,0.0,0.15,0.35,0.2,0.25,0.05,0.9,0.3
35171,ALTO VALE DO PARAIBA,SP,Sudeste,2024,16,2,16,16,16,13,1,2,6,2,3,2,0.0625,0.125,0.375,0.125,0.1875,0.125,0.8125,0.3125
35171,ALTO VALE DO PARAIBA,SP,Sudeste,2025,17,1,17,17,17,15,2,0,5,3,6,1,0.11764705882352941,0.0,0.29411764705882354,0.17647058823529413,0.35294117647058826,0.058823529411764705,0.8823529411764706,0.411764705882353
35172,CIRCUITO DA FE E VALE HISTORICO,SP,Sudeste,2007,5,0,5,5,5,4,0,0,2,3,0,0,0.0,0.0,0.4,0.6,0.0,0.0,0.8,0.0
35172,CIRCUITO DA FE E VALE HISTORICO,SP,Sudeste,2008,3,1,3,3,3,3,1,0,1,0,1,0,0.3333333333333333,0.0,0.3333333333333333,0.0,0.3333333333333333,0.0,1.0,0.3333333333333333
35172,CIRCUITO DA FE E VALE HISTORICO,SP,Sudeste,2009,15,1,15,15,15,13,0,3,6,3,3,0,0.0,0.2,0.4,0.2,0.2,0.0,0.8666666666666667,0.2
35172,CIRCUITO DA FE E VALE HISTORICO,SP,Sudeste,2010,8,1,7,8,8,7,0,2,4,0,1,1,0.0,0.25,0.5,0.0,0.125,0.125,0.875,0.25
35172,CIRCUITO DA FE E VALE HISTORICO,SP,Sudeste,2011,12,0,10,12,12,10,3,2,4,2,0,1,0.25,0.16666666666666666,0.3333333333333333,0.16666666666666666,0.0,0.08333333333333333,0.8333333333333334,0.08333333333333333
35172,CIRCUITO DA FE E VALE HISTORICO,SP,Sudeste,2012,8,0,8,8,8,6,0,5,2,1,0,0,0.0,0.625,0.25,0.125,0.0,0.0,0.75,0.0
35172,CIRCUITO DA FE E VALE HISTORICO,SP,Sudeste,2013,16,1,13,16,16,11,1,3,4,5,2,1,0.0625,0.1875,0.25,0.3125,0.125,0.0625,0.6875,0.1875
35172,CIRCUITO DA FE E VALE HISTORICO,SP,Sudeste,2014,7,0,7,7,7,3,0,2,1,2,2,0,0.0,0.2857142857142857,0.14285714285714285,0.2857142857142857,0.2857142857142857,0.0,0.42857142857142855,0.2857142857142857
35172,CIRCUITO DA FE E VALE HISTORICO,SP,Sudeste,2015,19,2,19,19,19,16,5,4,7,0,1,2,0.2631578947368421,0.21052631578947367,0.3684210526315789,0.0,0.05263157894736842,0.10526315789473684,0.8421052631578947,0.15789473684210525
35172,CIRCUITO DA FE E VALE HISTORICO,SP,Sudeste,2016,14,1,14,14,14,10,0,6,4,3,1,0,0.0,0.42857142857142855,0.2857142857142857,0.21428571428571427,0.07142857142857142,0.0,0.7142857142857143,0.07142857142857142
35172,CIRCUITO DA FE E VALE HISTORICO,SP,Sudeste,2017,18,3,18,18,18,10,1,2,4,7,2,2,0.05555555555555555,0.1111111111111111,0.2222222222222222,0.3888888888888889,0.1111111111111111,0.1111111111111111,0.5555555555555556,0.2222222222222222
35172,CIRCUITO DA FE E VALE HISTORICO,SP,Sudeste,2018,8,1,8,8,8,6,1,0,3,3,1,0,0.125,0.0,0.375,0.375,0.125,0.0,0.75,0.125
35172,CIRCUITO DA FE E VALE HISTORICO,SP,Sudeste,2019,6,1,6,6,6,6,0,0,3,2,0,1,0.0,0.0,0.5,0.3333333333333333,0.0,0.16666666666666666,1.0,0.16666666666666666
35172,CIRCUITO DA FE E VALE HISTORICO,SP,Sudeste,2020,3,0,2,3,3,2,0,1,1,0,1,0,0.0,0.3333333333333333,0.3333333333333333,0.0,0.3333333333333333,0.0,0.6666666666666666,0.3333333333333333
35172,CIRCUITO DA FE E VALE HISTORICO,SP,Sudeste,2021,0,0,0,0,0,0,0,0,0,0,0,0,,,,,,,,
35172,CIRCUITO DA FE E VALE HISTORICO,SP,Sudeste,2022,5,0,3,5,5,4,1,1,0,2,1,0,0.2,0.2,0.0,0.4,0.2,0.0,0.8,0.2
35172,CIRCUITO DA FE E VALE HISTORICO,SP,Sudeste,2023,8,0,8,8,8,6,0,0,2,3,2,1,0.0,0.0,0.25,0.375,0.25,0.125,0.75,0.375
35172,CIRCUITO DA FE E VALE HISTORICO,SP,Sudeste,2024,10,1,7,10,10,8,1,4,0,4,0,1,0.1,0.4,0.0,0.4,0.0,0.1,0.8,0.1
35172,CIRCUITO DA FE E VALE HISTORICO,SP,Sudeste,2025,3,0,2,3,3,1,0,1,1,1,0,0,0.0,0.3333333333333333,0.3333333333333333,0.3333333333333333,0.0,0.0,0.3333333333333333,0.0
35173,LITORAL NORTE,SP,Sudeste,2007,3,0,2,3,3,3,0,1,1,1,0,0,0.0,0.3333333333333333,0.3333333333333333,0.3333333333333333,0.0,0.0,1.0,0.0
35173,LITORAL NORTE,SP,Sudeste,2008,5,1,3,5,5,4,0,1,1,2,1,0,0.0,0.2,0.2,0.4,0.2,0.0,0.8,0.2
35173,LITORAL NORTE,SP,Sudeste,2009,12,1,12,12,12,11,1,6,3,2,0,0,0.08333333333333333,0.5,0.25,0.16666666666666666,0.0,0.0,0.9166666666666666,0.0
35173,LITORAL NORTE,SP,Sudeste,2010,2,0,2,2,2,1,0,0,1,1,0,0,0.0,0.0,0.5,0.5,0.0,0.0,0.5,0.0
35173,LITORAL NORTE,SP,Sudeste,2011,7,0,7,7,7,4,0,5,1,1,0,0,0.0,0.7142857142857143,0.14285714285714285,0.14285714285714285,0.0,0.0,0.5714285714285714,0.0
35173,LITORAL NORTE,SP,Sudeste,2012,6,0,5,6,6,3,0,0,2,2,1,1,0.0,0.0,0.3333333333333333,0.3333333333333333,0.16666666666666666,0.16666666666666666,0.5,0.3333333333333333
35173,LITORAL NORTE,SP,Sudeste,2013,11,1,11,11,11,11,1,5,1,4,0,0,0.09090909090909091,0.45454545454545453,0.09090909090909091,0.36363636363636365,0.0,0.0,1.0,0.0
35173,LITORAL NORTE,SP,Sudeste,2014,9,1,9,9,9,8,1,0,4,3,1,0,0.1111111111111111,0.0,0.4444444444444444,0.3333333333333333,0.1111111111111111,0.0,0.8888888888888888,0.1111111111111111
35173,LITORAL NORTE,SP,Sudeste,2015,1,1,1,1,1,1,0,1,0,0,0,0,0.0,1.0,0.0,0.0,0.0,0.0,1.0,0.0
35173,LITORAL NORTE,SP,Sudeste,2016,5,0,4,5,5,5,1,0,1,3,0,0,0.2,0.0,0.2,0.6,0.0,0.0,1.0,0.0
35173,LITORAL NORTE,SP,Sudeste,2017,3,0,3,3,3,3,0,0,2,1,0,0,0.0,0.0,0.6666666666666666,0.3333333333333333,0.0,0.0,1.0,0.0
35173,LITORAL NORTE,SP,Sudeste,2018,4,0,4,4,4,4,0,0,3,1,0,0,0.0,0.0,0.75,0.25,0.0,0.0,1.0,0.0
35173,LITORAL NORTE,SP,Sudeste,2019,1,0,1,1,1,0,0,0,1,0,0,0,0.0,0.0,1.0,0.0,0.0,0.0,0.0,0.0
35173,LITORAL NORTE,SP,Sudeste,2020,4,0,2,4,4,2,0,1,2,0,1,0,0.0,0.25,0.5,0.0,0.25,0.0,0.5,0.25
35173,LITORAL NORTE,SP,Sudeste,2021,3,0,1,3,3,3,0,1,1,0,1,0,0.0,0.3333333333333333,0.3333333333333333,0.0,0.3333333333333333,0.0,1.0,0.3333333333333333
35173,LITORAL NORTE,SP,Sudeste,2022,5,1,4,5,5,5,1,1,3,0,0,0,0.2,0.2,0.6,0.0,0.0,0.0,1.0,0.0
35173,LITORAL NORTE,SP,Sudeste,2023,7,0,5,7,7,6,1,2,0,4,0,0,0.14285714285714285,0.2857142857142857,0.0,0.5714285714285714,0.0,0.0,0.8571428571428571,0.0
35173,LITORAL NORTE,SP,Sudeste,2024,10,0,8,10,10,9,0,5,3,2,0,0,0.0,0.5,0.3,0.2,0.0,0.0,0.9,0.0
35173,LITORAL NORTE,SP,Sudeste,2025,7,1,5,7,7,6,1,3,2,1,0,0,0.14285714285714285,0.42857142857142855,0.2857142857142857,0.14285714285714285,0.0,0.0,0.8571428571428571,0.0
35174,VALE DO PARAIBA/REGIAO SERRANA,SP,Sudeste,2007,5,0,5,5,5,5,0,1,1,1,1,1,0.0,0.2,0.2,0.2,0.2,0.2,1.0,0.4
35174,VALE DO PARAIBA/REGIAO SERRANA,SP,Sudeste,2008,1,0,1,1,1,1,0,1,0,0,0,0,0.0,1.0,0.0,0.0,0.0,0.0,1.0,0.0
35174,VALE DO PARAIBA/REGIAO SERRANA,SP,Sudeste,2009,5,0,4,5,5,5,0,1,2,1,0,1,0.0,0.2,0.4,0.2,0.0,0.2,1.0,0.2
35174,VALE DO PARAIBA/REGIAO SERRANA,SP,Sudeste,2010,9,0,9,9,9,4,0,2,5,1,1,0,0.0,0.2222222222222222,0.5555555555555556,0.1111111111111111,0.1111111111111111,0.0,0.4444444444444444,0.1111111111111111
35174,VALE DO PARAIBA/REGIAO SERRANA,SP,Sudeste,2011,4,0,4,4,4,3,1,0,3,0,0,0,0.25,0.0,0.75,0.0,0.0,0.0,0.75,0.0
35174,VALE DO PARAIBA/REGIAO SERRANA,SP,Sudeste,2012,3,0,2,3,3,3,0,2,1,0,0,0,0.0,0.6666666666666666,0.3333333333333333,0.0,0.0,0.0,1.0,0.0
35174,VALE DO PARAIBA/REGIAO SERRANA,SP,Sudeste,2013,6,2,5,6,6,6,0,2,1,2,0,1,0.0,0.3333333333333333,0.16666666666666666,0.3333333333333333,0.0,0.16666666666666666,1.0,0.16666666666666666
35174,VALE DO PARAIBA/REGIAO SERRANA,SP,Sudeste,2014,8,1,7,8,8,7,0,2,4,2,0,0,0.0,0.25,0.5,0.25,0.0,0.0,0.875,0.0
35174,VALE DO PARAIBA/REGIAO SERRANA,SP,Sudeste,2015,1,0,1,1,1,1,0,0,1,0,0,0,0.0,0.0,1.0,0.0,0.0,0.0,1.0,0.0
35174,VALE DO PARAIBA/REGIAO SERRANA,SP,Sudeste,2016,10,0,10,10,10,7,0,3,3,3,1,0,0.0,0.3,0.3,0.3,0.1,0.0,0.7,0.1
35174,VALE DO PARAIBA/REGIAO SERRANA,SP,Sudeste,2017,5,2,5,5,5,5,0,1,1,1,2,0,0.0,0.2,0.2,0.2,0.4,0.0,1.0,0.4
35174,VALE DO PARAIBA/REGIAO SERRANA,SP,Sudeste,2018,10,4,10,10,10,8,0,4,3,1,2,0,0.0,0.4,0.3,0.1,0.2,0.0,0.8,0.2
35174,VALE DO PARAIBA/REGIAO SERRANA,SP,Sudeste,2019,9,2,8,9,9,8,1,1,1,5,0,1,0.1111111111111111,0.1111111111111111,0.1111111111111111,0.5555555555555556,0.0,0.1111111111111111,0.8888888888888888,0.1111111111111111
35174,VALE DO PARAIBA/REGIAO SERRANA,SP,Sudeste,2020,3,0,3,3,3,3,0,0,3,0,0,0,0.0,0.0,1.0,0.0,0.0,0.0,1.0,0.0
35174,VALE DO PARAIBA/REGIAO SERRANA,SP,Sudeste,2021,3,1,3,3,3,3,0,1,1,0,1,0,0.0,0.3333333333333333,0.3333333333333333,0.0,0.3333333333333333,0.0,1.0,0.3333333333333333
35174,VALE DO PARAIBA/REGIAO SERRANA,SP,Sudeste,2022,5,1,4,5,5,5,0,0,2,3,0,0,0.0,0.0,0.4,0.6,0.0,0.0,1.0,0.0
35174,VALE DO PARAIBA/REGIAO SERRANA,SP,Sudeste,2023,7,1,7,7,7,7,0,1,2,2,2,0,0.0,0.14285714285714285,0.2857142857142857,0.2857142857142857,0.2857142857142857,0.0,1.0,0.2857142857142857
35174,VALE DO PARAIBA/REGIAO SERRANA,SP,Sudeste,2024,10,2,10,10,10,6,0,2,4,1,1,2,0.0,0.2,0.4,0.1,0.1,0.2,0.6,0.30000000000000004
35174,VALE DO PARAIBA/REGIAO SERRANA,SP,Sudeste,2025,8,0,8,8,8,7,0,1,5,1,1,0,0.0,0.125,0.625,0.125,0.125,0.0,0.875,0.125
41001,1ª RS PARANAGUA,PR,Sul,2007,12,0,12,12,12,9,1,3,3,4,1,0,0.08333333333333333,0.25,0.25,0.3333333333333333,0.08333333333333333,0.0,0.75,0.08333333333333333
41001,1ª RS PARANAGUA,PR,Sul,2008,13,2,11,13,13,11,2,6,0,4,1,0,0.15384615384615385,0.46153846153846156,0.0,0.3076923076923077,0.07692307692307693,0.0,0.8461538461538461,0.07692307692307693
41001,1ª RS PARANAGUA,PR,Sul,2009,6,1,6,6,6,6,1,2,1,2,0,0,0.16666666666666666,0.3333333333333333,0.16666666666666666,0.3333333333333333,0.0,0.0,1.0,0.0
41001,1ª RS PARANAGUA,PR,Sul,2010,12,6,11,12,12,12,1,3,4,3,1,0,0.08333333333333333,0.25,0.3333333333333333,0.25,0.08333333333333333,0.0,1.0,0.08333333333333333
41001,1ª RS PARANAGUA,PR,Sul,2011,54,7,53,54,54,43,10,15,14,13,0,2,0.18518518518518517,0.2777777777777778,0.25925925925925924,0.24074074074074073,0.0,0.037037037037037035,0.7962962962962963,0.037037037037037035
41001,1ª RS PARANAGUA,PR,Sul,2012,10,2,10,10,10,8,3,2,0,5,0,0,0.3,0.2,0.0,0.5,0.0,0.0,0.8,0.0
41001,1ª RS PARANAGUA,PR,Sul,2013,12,2,12,12,12,10,0,2,7,2,0,1,0.0,0.16666666666666666,0.5833333333333334,0.16666666666666666,0.0,0.08333333333333333,0.8333333333333334,0.08333333333333333
41001,1ª RS PARANAGUA,PR,Sul,2014,6,1,6,6,6,6,1,2,2,0,1,0,0.16666666666666666,0.3333333333333333,0.3333333333333333,0.0,0.16666666666666666,0.0,1.0,0.16666666666666666
41001,1ª RS PARANAGUA,PR,Sul,2015,27,7,25,27,27,24,3,5,7,7,4,1,0.1111111111111111,0.18518518518518517,0.25925925925925924,0.25925925925925924,0.14814814814814814,0.037037037037037035,0.8888888888888888,0.18518518518518517
41001,1ª RS PARANAGUA,PR,Sul,2016,13,2,12,13,13,9,1,3,5,2,2,0,0.07692307692307693,0.23076923076923078,0.38461538461538464,0.15384615384615385,0.15384615384615385,0.0,0.6923076923076923,0.15384615384615385
41001,1ª RS PARANAGUA,PR,Sul,2017,18,0,17,18,18,15,0,4,8,5,1,0,0.0,0.2222222222222222,0.4444444444444444,0.2777777777777778,0.05555555555555555,0.0,0.8333333333333334,0.05555555555555555
41001,1ª RS PARANAGUA,PR,Sul,2018,11,0,10,11,11,11,0,2,8,0,0,1,0.0,0.18181818181818182,0.7272727272727273,0.0,0.0,0.09090909090909091,1.0,0.09090909090909091
41001,1ª RS PARANAGUA,PR,Sul,2019,20,1,19,20,20,20,0,3,7,8,2,0,0.0,0.15,0.35,0.4,0.1,0.0,1.0,0.1
41001,1ª RS PARANAGUA,PR,Sul,2020,11,1,11,11,11,6,0,2,4,3,1,1,0.0,0.18181818181818182,0.36363636363636365,0.2727272727272727,0.09090909090909091,0.09090909090909091,0.5454545454545454,0.18181818181818182
41001,1ª RS PARANAGUA,PR,Sul,2021,20,4,20,20,20,19,3,4,5,3,3,2,0.15,0.2,0.25,0.15,0.15,0.1,0.95,0.25
41001,1ª RS PARANAGUA,PR,Sul,2022,18,5,17,18,18,15,0,4,6,6,0,2,0.0,0.2222222222222222,0.3333333333333333,0.3333333333333333,0.0,0.1111111111111111,0.8333333333333334,0.1111111111111111
41001,1ª RS PARANAGUA,PR,Sul,2023,16,2,16,16,16,15,0,6,6,3,1,0,0.0,0.375,0.375,0.1875,0.0625,0.0,0.9375,0.0625
41001,1ª RS PARANAGUA,PR,Sul,2024,29,9,27,29,29,25,0,7,7,9,4,2,0.0,0.2413793103448276,0.2413793103448276,0.3103448275862069,0.13793103448275862,0.06896551724137931,0.8620689655172413,0.20689655172413793
41001,1ª RS PARANAGUA,PR,Sul,2025,19,2,15,19,19,17,3,6,5,4,1,0,0.15789473684210525,0.3157894736842105,0.2631578947368421,0.21052631578947367,0.05263157894736842,0.0,0.8947368421052632,0.05263157894736842
41002,2ª RS METROPOLITANA,PR,Sul,2007,236,19,228,236,236,179,29,79,58,51,12,7,0.1228813559322034,0.3347457627118644,0.2457627118644068,0.21610169491525424,0.05084745762711865,0.029661016949152543,0.7584745762711864,0.0805084745762712
41002,2ª RS METROPOLITANA,PR,Sul,2008,131,14,128,131,131,107,25,37,33,28,6,2,0.19083969465648856,0.2824427480916031,0.25190839694656486,0.21374045801526717,0.04580152671755725,0.015267175572519083,0.816793893129771,0.061068702290076333
41002,2ª RS METROPOLITANA,PR,Sul,2009,108,15,99,108,108,89,14,27,40,21,3,3,0.12962962962962962,0.25,0.37037037037037035,0.19444444444444445,0.027777777777777776,0.027777777777777776,0.8240740740740741,0.05555555555555555
41002,2ª RS METROPOLITANA,PR,Sul,2010,238,42,220,238,238,203,29,70,72,37,24,6,0.12184873949579832,0.29411764705882354,0.3025210084033613,0.15546218487394958,0.10084033613445378,0.025210084033613446,0.8529411764705882,0.12605042016806722
41002,2ª RS METROPOLITANA,PR,Sul,2011,321,42,310,321,321,276,32,88,97,77,17,10,0.09968847352024922,0.27414330218068533,0.30218068535825543,0.2398753894080997,0.0529595015576324,0.03115264797507788,0.8598130841121495,0.08411214953271028
41002,2ª RS METROPOLITANA,PR,Sul,2012,133,18,131,133,133,111,15,42,30,32,11,3,0.11278195488721804,0.3157894736842105,0.22556390977443608,0.24060150375939848,0.08270676691729323,0.022556390977443608,0.8345864661654135,0.10526315789473684
41002,2ª RS METROPOLITANA,PR,Sul,2013,197,32,191,197,197,162,13,56,63,45,12,8,0.06598984771573604,0.28426395939086296,0.3197969543147208,0.22842639593908629,0.06091370558375635,0.04060913705583756,0.8223350253807107,0.10152284263959391
41002,2ª RS METROPOLITANA,PR,Sul,2014,151,16,149,151,151,123,17,38,53,33,8,2,0.11258278145695365,0.25165562913907286,0.3509933774834437,0.2185430463576159,0.052980132450331126,0.013245033112582781,0.8145695364238411,0.06622516556291391
41002,2ª RS METROPOLITANA,PR,Sul,2015,265,27,254,265,265,227,22,74,87,55,19,8,0.0830188679245283,0.2792452830188679,0.3283018867924528,0.20754716981132076,0.07169811320754717,0.03018867924528302,0.8566037735849057,0.1018867924528302
41002,2ª RS METROPOLITANA,PR,Sul,2016,224,15,214,224,224,191,20,57,74,54,15,4,0.08928571428571429,0.2544642857142857,0.33035714285714285,0.24107142857142858,0.06696428571428571,0.017857142857142856,0.8526785714285714,0.08482142857142858
41002,2ª RS METROPOLITANA,PR,Sul,2017,140,10,136,140,140,118,11,45,38,36,8,2,0.07857142857142857,0.32142857142857145,0.2714285714285714,0.2571428571428571,0.05714285714285714,0.014285714285714285,0.8428571428571429,0.07142857142857142
41002,2ª RS METROPOLITANA,PR,Sul,2018,188,12,185,188,188,157,12,46,61,53,11,5,0.06382978723404255,0.24468085106382978,0.324468085106383,0.28191489361702127,0.05851063829787234,0.026595744680851064,0.8351063829787234,0.0851063829787234
41002,2ª RS METROPOLITANA,PR,Sul,2019,204,13,199,204,204,170,9,66,62,51,13,3,0.04411764705882353,0.3235294117647059,0.30392156862745096,0.25,0.06372549019607843,0.014705882352941176,0.8333333333333334,0.0784313725490196
41002,2ª RS METROPOLITANA,PR,Sul,2020,89,10,83,89,89,76,6,24,28,25,6,0,0.06741573033707865,0.2696629213483146,0.3146067415730337,0.2808988764044944,0.06741573033707865,0.0,0.8539325842696629,0.06741573033707865
41002,2ª RS METROPOLITANA,PR,Sul,2021,95,9,93,95,95,82,13,16,34,19,11,2,0.1368421052631579,0.16842105263157894,0.35789473684210527,0.2,0.11578947368421053,0.021052631578947368,0.8631578947368421,0.1368421052631579
41002,2ª RS METROPOLITANA,PR,Sul,2022,191,16,176,191,191,168,7,39,82,41,13,9,0.03664921465968586,0.20418848167539266,0.4293193717277487,0.21465968586387435,0.06806282722513089,0.04712041884816754,0.8795811518324608,0.11518324607329844
41002,2ª RS METROPOLITANA,PR,Sul,2023,215,16,201,215,215,180,17,41,66,68,17,6,0.07906976744186046,0.19069767441860466,0.30697674418604654,0.31627906976744186,0.07906976744186046,0.027906976744186046,0.8372093023255814,0.10697674418604651
41002,2ª RS METROPOLITANA,PR,Sul,2024,194,26,188,194,194,149,10,43,63,55,13,10,0.05154639175257732,0.22164948453608246,0.3247422680412371,0.28350515463917525,0.06701030927835051,0.05154639175257732,0.7680412371134021,0.11855670103092783
41002,2ª RS METROPOLITANA,PR,Sul,2025,156,14,149,156,156,116,6,29,55,46,13,7,0.038461538461538464,0.1858974358974359,0.3525641025641026,0.2948717948717949,0.08333333333333333,0.04487179487179487,0.7435897435897436,0.1282051282051282
41003,3ª RS PONTA GROSSA,PR,Sul,2007,20,2,20,20,20,14,3,7,6,2,1,1,0.15,0.35,0.3,0.1,0.05,0.05,0.7,0.1
41003,3ª RS PONTA GROSSA,PR,Sul,2008,6,1,6,6,6,5,0,1,3,2,0,0,0.0,0.16666666666666666,0.5,0.3333333333333333,0.0,0.0,0.8333333333333334,0.0
41003,3ª RS PONTA GROSSA,PR,Sul,2009,11,2,11,11,11,11,0,6,4,1,0,0,0.0,0.5454545454545454,0.36363636363636365,0.09090909090909091,0.0,0.0,1.0,0.0
41003,3ª RS PONTA GROSSA,PR,Sul,2010,12,1,11,12,12,12,2,5,5,0,0,0,0.16666666666666666,0.4166666666666667,0.4166666666666667,0.0,0.0,0.0,1.0,0.0
41003,3ª RS PONTA GROSSA,PR,Sul,2011,7,1,7,7,7,6,0,2,4,1,0,0,0.0,0.2857142857142857,0.5714285714285714,0.14285714285714285,0.0,0.0,0.8571428571428571,0.0
41003,3ª RS PONTA GROSSA,PR,Sul,2012,11,1,11,11,11,7,0,2,5,3,1,0,0.0,0.18181818181818182,0.45454545454545453,0.2727272727272727,0.09090909090909091,0.0,0.6363636363636364,0.09090909090909091
41003,3ª RS PONTA GROSSA,PR,Sul,2013,7,1,7,7,7,6,0,3,4,0,0,0,0.0,0.42857142857142855,0.5714285714285714,0.0,0.0,0.0,0.8571428571428571,0.0
41003,3ª RS PONTA GROSSA,PR,Sul,2014,11,4,11,11,11,8,1,0,5,3,0,2,0.09090909090909091,0.0,0.45454545454545453,0.2727272727272727,0.0,0.18181818181818182,0.7272727272727273,0.18181818181818182
41003,3ª RS PONTA GROSSA,PR,Sul,2015,20,3,20,20,20,18,0,6,7,5,2,0,0.0,0.3,0.35,0.25,0.1,0.0,0.9,0.1
41003,3ª RS PONTA GROSSA,PR,Sul,2016,20,5,20,20,20,18,1,7,4,5,2,1,0.05,0.35,0.2,0.25,0.1,0.05,0.9,0.15000000000000002
41003,3ª RS PONTA GROSSA,PR,Sul,2017,7,0,7,7,7,6,1,1,3,2,0,0,0.14285714285714285,0.14285714285714285,0.42857142857142855,0.2857142857142857,0.0,0.0,0.8571428571428571,0.0
41003,3ª RS PONTA GROSSA,PR,Sul,2018,14,1,14,14,14,12,0,6,6,1,1,0,0.0,0.42857142857142855,0.42857142857142855,0.07142857142857142,0.07142857142857142,0.0,0.8571428571428571,0.07142857142857142
41003,3ª RS PONTA GROSSA,PR,Sul,2019,19,2,19,19,19,16,3,1,4,6,5,0,0.15789473684210525,0.05263157894736842,0.21052631578947367,0.3157894736842105,0.2631578947368421,0.0,0.8421052631578947,0.2631578947368421
41003,3ª RS PONTA GROSSA,PR,Sul,2020,5,0,5,5,5,4,0,2,0,1,2,0,0.0,0.4,0.0,0.2,0.4,0.0,0.8,0.4
41003,3ª RS PONTA GROSSA,PR,Sul,2021,13,2,13,13,13,12,0,2,6,5,0,0,0.0,0.15384615384615385,0.46153846153846156,0.38461538461538464,0.0,0.0,0.9230769230769231,0.0
41003,3ª RS PONTA GROSSA,PR,Sul,2022,12,1,12,12,12,11,0,1,6,3,2,0,0.0,0.08333333333333333,0.5,0.25,0.16666666666666666,0.0,0.9166666666666666,0.16666666666666666
41003,3ª RS PONTA GROSSA,PR,Sul,2023,31,0,30,31,31,23,3,11,7,6,3,1,0.0967741935483871,0.3548387096774194,0.22580645161290322,0.1935483870967742,0.0967741935483871,0.03225806451612903,0.7419354838709677,0.12903225806451613
41003,3ª RS PONTA GROSSA,PR,Sul,2024,21,0,20,21,21,18,4,4,6,3,3,1,0.19047619047619047,0.19047619047619047,0.2857142857142857,0.14285714285714285,0.14285714285714285,0.047619047619047616,0.8571428571428571,0.19047619047619047
41003,3ª RS PONTA GROSSA,PR,Sul,2025,24,1,24,24,24,15,1,4,6,8,3,2,0.041666666666666664,0.16666666666666666,0.25,0.3333333333333333,0.125,0.08333333333333333,0.625,0.20833333333333331
41004,4ª RS IRATI,PR,Sul,2007,0,0,0,0,0,0,0,0,0,0,0,0,,,,,,,,
41004,4ª RS IRATI,PR,Sul,2008,0,0,0,0,0,0,0,0,0,0,0,0,,,,,,,,
41004,4ª RS IRATI,PR,Sul,2009,0,0,0,0,0,0,0,0,0,0,0,0,,,,,,,,
41004,4ª RS IRATI,PR,Sul,2010,1,0,0,1,1,0,0,0,0,1,0,0,0.0,0.0,0.0,1.0,0.0,0.0,0.0,0.0
41004,4ª RS IRATI,PR,Sul,2011,2,1,2,2,2,2,0,1,1,0,0,0,0.0,0.5,0.5,0.0,0.0,0.0,1.0,0.0
41004,4ª RS IRATI,PR,Sul,2012,2,1,2,2,2,2,0,1,1,0,0,0,0.0,0.5,0.5,0.0,0.0,0.0,1.0,0.0
41004,4ª RS IRATI,PR,Sul,2013,13,0,11,13,13,12,0,6,4,2,1,0,0.0,0.46153846153846156,0.3076923076923077,0.15384615384615385,0.07692307692307693,0.0,0.9230769230769231,0.07692307692307693
41004,4ª RS IRATI,PR,Sul,2014,4,0,4,4,4,2,1,1,1,1,0,0,0.25,0.25,0.25,0.25,0.0,0.0,0.5,0.0
41004,4ª RS IRATI,PR,Sul,2015,4,0,4,4,4,4,0,1,3,0,0,0,0.0,0.25,0.75,0.0,0.0,0.0,1.0,0.0
41004,4ª RS IRATI,PR,Sul,2016,6,0,6,6,6,5,1,1,2,2,0,0,0.16666666666666666,0.16666666666666666,0.3333333333333333,0.3333333333333333,0.0,0.0,0.8333333333333334,0.0
41004,4ª RS IRATI,PR,Sul,2017,4,0,4,4,4,4,0,2,1,0,1,0,0.0,0.5,0.25,0.0,0.25,0.0,1.0,0.25
41004,4ª RS IRATI,PR,Sul,2018,6,0,6,6,6,6,0,1,4,1,0,0,0.0,0.16666666666666666,0.6666666666666666,0.16666666666666666,0.0,0.0,1.0,0.0
41004,4ª RS IRATI,PR,Sul,2019,7,0,7,7,7,7,0,0,2,5,0,0,0.0,0.0,0.2857142857142857,0.7142857142857143,0.0,0.0,1.0,0.0
41004,4ª RS IRATI,PR,Sul,2020,3,0,3,3,3,3,0,2,1,0,0,0,0.0,0.6666666666666666,0.3333333333333333,0.0,0.0,0.0,1.0,0.0
41004,4ª RS IRATI,PR,Sul,2021,4,0,4,4,4,4,0,1,0,3,0,0,0.0,0.25,0.0,0.75,0.0,0.0,1.0,0.0
41004,4ª RS IRATI,PR,Sul,2022,6,0,6,6,6,6,1,0,1,3,1,0,0.16666666666666666,0.0,0.16666666666666666,0.5,0.16666666666666666,0.0,1.0,0.16666666666666666
41004,4ª RS IRATI,PR,Sul,2023,12,0,12,12,12,10,0,4,2,3,2,1,0.0,0.3333333333333333,0.16666666666666666,0.25,0.16666666666666666,0.08333333333333333,0.8333333333333334,0.25
41004,4ª RS IRATI,PR,Sul,2024,7,1,7,7,7,7,0,1,2,2,1,1,0.0,0.14285714285714285,0.2857142857142857,0.2857142857142857,0.14285714285714285,0.14285714285714285,1.0,0.2857142857142857
41004,4ª RS IRATI,PR,Sul,2025,2,0,2,2,2,2,0,0,0,2,0,0,0.0,0.0,0.0,1.0,0.0,0.0,1.0,0.0
41005,5ª RS GUARAPUAVA,PR,Sul,2007,3,0,3,3,3,3,0,0,1,2,0,0,0.0,0.0,0.3333333333333333,0.6666666666666666,0.0,0.0,1.0,0.0
41005,5ª RS GUARAPUAVA,PR,Sul,2008,1,0,1,1,1,1,0,0,0,0,1,0,0.0,0.0,0.0,0.0,1.0,0.0,1.0,1.0
41005,5ª RS GUARAPUAVA,PR,Sul,2009,5,0,5,5,5,4,1,2,1,1,0,0,0.2,0.4,0.2,0.2,0.0,0.0,0.8,0.0
41005,5ª RS GUARAPUAVA,PR,Sul,2010,4,0,4,4,4,4,0,0,0,4,0,0,0.0,0.0,0.0,1.0,0.0,0.0,1.0,0.0
41005,5ª RS GUARAPUAVA,PR,Sul,2011,6,3,6,6,6,6,0,1,2,2,0,1,0.0,0.16666666666666666,0.3333333333333333,0.3333333333333333,0.0,0.16666666666666666,1.0,0.16666666666666666
41005,5ª RS GUARAPUAVA,PR,Sul,2012,6,1,4,6,6,4,0,2,3,1,0,0,0.0,0.3333333333333333,0.5,0.16666666666666666,0.0,0.0,0.6666666666666666,0.0
41005,5ª RS GUARAPUAVA,PR,Sul,2013,3,0,3,3,3,2,0,2,1,0,0,0,0.0,0.6666666666666666,0.3333333333333333,0.0,0.0,0.0,0.6666666666666666,0.0
41005,5ª RS GUARAPUAVA,PR,Sul,2014,4,0,3,4,4,4,0,1,2,1,0,0,0.0,0.25,0.5,0.25,0.0,0.0,1.0,0.0
41005,5ª RS GUARAPUAVA,PR,Sul,2015,12,2,12,12,12,11,0,2,3,7,0,0,0.0,0.16666666666666666,0.25,0.5833333333333334,0.0,0.0,0.9166666666666666,0.0
41005,5ª RS GUARAPUAVA,PR,Sul,2016,9,0,8,9,9,9,0,2,5,2,0,0,0.0,0.2222222222222222,0.5555555555555556,0.2222222222222222,0.0,0.0,1.0,0.0
41005,5ª RS GUARAPUAVA,PR,Sul,2017,6,0,5,6,6,5,0,3,1,2,0,0,0.0,0.5,0.16666666666666666,0.3333333333333333,0.0,0.0,0.8333333333333334,0.0
41005,5ª RS GUARAPUAVA,PR,Sul,2018,9,0,9,9,9,7,0,5,3,0,1,0,0.0,0.5555555555555556,0.3333333333333333,0.0,0.1111111111111111,0.0,0.7777777777777778,0.1111111111111111
41005,5ª RS GUARAPUAVA,PR,Sul,2019,13,2,11,13,13,12,1,4,6,2,0,0,0.07692307692307693,0.3076923076923077,0.46153846153846156,0.15384615384615385,0.0,0.0,0.9230769230769231,0.0
41005,5ª RS GUARAPUAVA,PR,Sul,2020,10,0,9,10,10,8,0,4,1,2,3,0,0.0,0.4,0.1,0.2,0.3,0.0,0.8,0.3
41005,5ª RS GUARAPUAVA,PR,Sul,2021,10,0,10,10,10,9,1,2,6,0,1,0,0.1,0.2,0.6,0.0,0.1,0.0,0.9,0.1
41005,5ª RS GUARAPUAVA,PR,Sul,2022,8,2,7,8,8,6,1,2,1,2,2,0,0.125,0.25,0.125,0.25,0.25,0.0,0.75,0.25
41005,5ª RS GUARAPUAVA,PR,Sul,2023,37,1,33,37,37,25,1,13,10,9,3,1,0.02702702702702703,0.35135135135135137,0.2702702702702703,0.24324324324324326,0.08108108108108109,0.02702702702702703,0.6756756756756757,0.10810810810810811
41005,5ª RS GUARAPUAVA,PR,Sul,2024,37,2,35,37,37,27,1,10,14,10,1,1,0.02702702702702703,0.2702702702702703,0.3783783783783784,0.2702702702702703,0.02702702702702703,0.02702702702702703,0.7297297297297297,0.05405405405405406
41005,5ª RS GUARAPUAVA,PR,Sul,2025,11,0,10,11,11,9,0,0,8,3,0,0,0.0,0.0,0.7272727272727273,0.2727272727272727,0.0,0.0,0.8181818181818182,0.0
41006,6ª RS UNIAO DA VITORIA,PR,Sul,2007,2,0,2,2,2,2,0,1,1,0,0,0,0.0,0.5,0.5,0.0,0.0,0.0,1.0,0.0
41006,6ª RS UNIAO DA VITORIA,PR,Sul,2008,1,0,1,1,1,1,0,0,1,0,0,0,0.0,0.0,1.0,0.0,0.0,0.0,1.0,0.0
41006,6ª RS UNIAO DA VITORIA,PR,Sul,2009,5,0,5,5,5,4,1,1,3,0,0,0,0.2,0.2,0.6,0.0,0.0,0.0,0.8,0.0
41006,6ª RS UNIAO DA VITORIA,PR,Sul,2010,3,1,3,3,3,2,0,2,0,0,1,0,0.0,0.6666666666666666,0.0,0.0,0.3333333333333333,0.0,0.6666666666666666,0.3333333333333333
41006,6ª RS UNIAO DA VITORIA,PR,Sul,2011,0,0,0,0,0,0,0,0,0,0,0,0,,,,,,,,
41006,6ª RS UNIAO DA VITORIA,PR,Sul,2012,1,0,1,1,1,1,0,0,1,0,0,0,0.0,0.0,1.0,0.0,0.0,0.0,1.0,0.0
41006,6ª RS UNIAO DA VITORIA,PR,Sul,2013,4,2,4,4,4,3,0,2,0,1,1,0,0.0,0.5,0.0,0.25,0.25,0.0,0.75,0.25
41006,6ª RS UNIAO DA VITORIA,PR,Sul,2014,6,0,6,6,6,6,0,1,4,1,0,0,0.0,0.16666666666666666,0.6666666666666666,0.16666666666666666,0.0,0.0,1.0,0.0
41006,6ª RS UNIAO DA VITORIA,PR,Sul,2015,4,0,4,4,4,3,1,1,2,0,0,0,0.25,0.25,0.5,0.0,0.0,0.0,0.75,0.0
41006,6ª RS UNIAO DA VITORIA,PR,Sul,2016,14,0,14,14,14,13,2,3,6,2,1,0,0.14285714285714285,0.21428571428571427,0.42857142857142855,0.14285714285714285,0.07142857142857142,0.0,0.9285714285714286,0.07142857142857142
41006,6ª RS UNIAO DA VITORIA,PR,Sul,2017,6,0,6,6,6,6,1,1,2,2,0,0,0.16666666666666666,0.16666666666666666,0.3333333333333333,0.3333333333333333,0.0,0.0,1.0,0.0
41006,6ª RS UNIAO DA VITORIA,PR,Sul,2018,6,0,6,6,6,5,1,3,1,0,1,0,0.16666666666666666,0.5,0.16666666666666666,0.0,0.16666666666666666,0.0,0.8333333333333334,0.16666666666666666
41006,6ª RS UNIAO DA VITORIA,PR,Sul,2019,6,0,6,6,6,5,0,0,0,4,1,1,0.0,0.0,0.0,0.6666666666666666,0.16666666666666666,0.16666666666666666,0.8333333333333334,0.3333333333333333
41006,6ª RS UNIAO DA VITORIA,PR,Sul,2020,0,0,0,0,0,0,0,0,0,0,0,0,,,,,,,,
41006,6ª RS UNIAO DA VITORIA,PR,Sul,2021,2,1,2,2,2,2,1,0,1,0,0,0,0.5,0.0,0.5,0.0,0.0,0.0,1.0,0.0
41006,6ª RS UNIAO DA VITORIA,PR,Sul,2022,10,1,10,10,10,10,0,3,4,2,1,0,0.0,0.3,0.4,0.2,0.1,0.0,1.0,0.1
41006,6ª RS UNIAO DA VITORIA,PR,Sul,2023,23,0,19,23,23,18,2,4,10,5,1,1,0.08695652173913043,0.17391304347826086,0.43478260869565216,0.21739130434782608,0.043478260869565216,0.043478260869565216,0.782608695652174,0.08695652173913043
41006,6ª RS UNIAO DA VITORIA,PR,Sul,2024,15,1,14,15,15,14,0,3,6,5,0,1,0.0,0.2,0.4,0.3333333333333333,0.0,0.06666666666666667,0.9333333333333333,0.06666666666666667
41006,6ª RS UNIAO DA VITORIA,PR,Sul,2025,3,0,3,3,3,3,0,1,1,0,0,1,0.0,0.3333333333333333,0.3333333333333333,0.0,0.0,0.3333333333333333,1.0,0.3333333333333333
41007,7ª RS PATO BRANCO,PR,Sul,2007,4,0,3,4,4,2,2,0,2,0,0,0,0.5,0.0,0.5,0.0,0.0,0.0,0.5,0.0
41007,7ª RS PATO BRANCO,PR,Sul,2008,0,0,0,0,0,0,0,0,0,0,0,0,,,,,,,,
41007,7ª RS PATO BRANCO,PR,Sul,2009,3,0,3,3,3,3,1,0,1,0,1,0,0.3333333333333333,0.0,0.3333333333333333,0.0,0.3333333333333333,0.0,1.0,0.3333333333333333
41007,7ª RS PATO BRANCO,PR,Sul,2010,2,0,2,2,2,2,0,0,0,2,0,0,0.0,0.0,0.0,1.0,0.0,0.0,1.0,0.0
41007,7ª RS PATO BRANCO,PR,Sul,2011,1,1,1,1,1,1,0,0,0,1,0,0,0.0,0.0,0.0,1.0,0.0,0.0,1.0,0.0
41007,7ª RS PATO BRANCO,PR,Sul,2012,4,0,4,4,4,3,2,1,0,1,0,0,0.5,0.25,0.0,0.25,0.0,0.0,0.75,0.0
41007,7ª RS PATO BRANCO,PR,Sul,2013,4,0,4,4,4,4,1,0,3,0,0,0,0.25,0.0,0.75,0.0,0.0,0.0,1.0,0.0
41007,7ª RS PATO BRANCO,PR,Sul,2014,3,0,3,3,3,2,0,0,3,0,0,0,0.0,0.0,1.0,0.0,0.0,0.0,0.6666666666666666,0.0
41007,7ª RS PATO BRANCO,PR,Sul,2015,8,0,8,8,8,8,0,0,3,3,2,0,0.0,0.0,0.375,0.375,0.25,0.0,1.0,0.25
41007,7ª RS PATO BRANCO,PR,Sul,2016,18,1,18,18,18,14,0,4,5,3,5,1,0.0,0.2222222222222222,0.2777777777777778,0.16666666666666666,0.2777777777777778,0.05555555555555555,0.7777777777777778,0.33333333333333337
41007,7ª RS PATO BRANCO,PR,Sul,2017,2,0,2,2,2,2,0,0,1,1,0,0,0.0,0.0,0.5,0.5,0.0,0.0,1.0,0.0
41007,7ª RS PATO BRANCO,PR,Sul,2018,11,0,11,11,11,10,0,2,5,3,1,0,0.0,0.18181818181818182,0.45454545454545453,0.2727272727272727,0.09090909090909091,0.0,0.9090909090909091,0.09090909090909091
41007,7ª RS PATO BRANCO,PR,Sul,2019,11,1,10,11,11,8,0,2,3,2,3,1,0.0,0.18181818181818182,0.2727272727272727,0.18181818181818182,0.2727272727272727,0.09090909090909091,0.7272727272727273,0.36363636363636365
41007,7ª RS PATO BRANCO,PR,Sul,2020,11,1,11,11,11,7,0,2,4,4,1,0,0.0,0.18181818181818182,0.36363636363636365,0.36363636363636365,0.09090909090909091,0.0,0.6363636363636364,0.09090909090909091
41007,7ª RS PATO BRANCO,PR,Sul,2021,12,0,12,12,12,11,0,5,2,2,3,0,0.0,0.4166666666666667,0.16666666666666666,0.16666666666666666,0.25,0.0,0.9166666666666666,0.25
41007,7ª RS PATO BRANCO,PR,Sul,2022,15,1,15,15,15,12,0,4,5,3,3,0,0.0,0.26666666666666666,0.3333333333333333,0.2,0.2,0.0,0.8,0.2
41007,7ª RS PATO BRANCO,PR,Sul,2023,15,0,15,15,15,11,2,4,5,4,0,0,0.13333333333333333,0.26666666666666666,0.3333333333333333,0.26666666666666666,0.0,0.0,0.7333333333333333,0.0
41007,7ª RS PATO BRANCO,PR,Sul,2024,10,0,10,10,10,7,0,2,6,2,0,0,0.0,0.2,0.6,0.2,0.0,0.0,0.7,0.0
41007,7ª RS PATO BRANCO,PR,Sul,2025,15,0,14,15,15,10,0,5,4,5,1,0,0.0,0.3333333333333333,0.26666666666666666,0.3333333333333333,0.06666666666666667,0.0,0.6666666666666666,0.06666666666666667
41008,8ª RS FRANCISCO BELTRAO,PR,Sul,2007,11,0,11,11,11,10,1,4,3,2,1,0,0.09090909090909091,0.36363636363636365,0.2727272727272727,0.18181818181818182,0.09090909090909091,0.0,0.9090909090909091,0.09090909090909091
41008,8ª RS FRANCISCO BELTRAO,PR,Sul,2008,2,0,2,2,2,2,0,0,1,1,0,0,0.0,0.0,0.5,0.5,0.0,0.0,1.0,0.0
41008,8ª RS FRANCISCO BELTRAO,PR,Sul,2009,5,0,5,5,5,5,0,1,3,1,0,0,0.0,0.2,0.6,0.2,0.0,0.0,1.0,0.0
41008,8ª RS FRANCISCO BELTRAO,PR,Sul,2010,3,2,3,3,3,2,0,0,2,1,0,0,0.0,0.0,0.6666666666666666,0.3333333333333333,0.0,0.0,0.6666666666666666,0.0
41008,8ª RS FRANCISCO BELTRAO,PR,Sul,2011,5,0,5,5,5,4,1,1,2,0,1,0,0.2,0.2,0.4,0.0,0.2,0.0,0.8,0.2
41008,8ª RS FRANCISCO BELTRAO,PR,Sul,2012,8,1,7,8,8,8,0,0,2,1,4,1,0.0,0.0,0.25,0.125,0.5,0.125,1.0,0.625
41008,8ª RS FRANCISCO BELTRAO,PR,Sul,2013,13,0,12,13,13,11,2,3,3,5,0,0,0.15384615384615385,0.23076923076923078,0.23076923076923078,0.38461538461538464,0.0,0.0,0.8461538461538461,0.0
41008,8ª RS FRANCISCO BELTRAO,PR,Sul,2014,13,1,12,13,13,13,0,1,7,4,1,0,0.0,0.07692307692307693,0.5384615384615384,0.3076923076923077,0.07692307692307693,0.0,1.0,0.07692307692307693
41008,8ª RS FRANCISCO BELTRAO,PR,Sul,2015,28,2,27,28,28,21,2,9,5,7,4,1,0.07142857142857142,0.32142857142857145,0.17857142857142858,0.25,0.14285714285714285,0.03571428571428571,0.75,0.17857142857142855
41008,8ª RS FRANCISCO BELTRAO,PR,Sul,2016,9,0,9,9,9,9,1,3,2,1,2,0,0.1111111111111111,0.3333333333333333,0.2222222222222222,0.1111111111111111,0.2222222222222222,0.0,1.0,0.2222222222222222
41008,8ª RS FRANCISCO BELTRAO,PR,Sul,2017,9,0,9,9,9,8,0,3,2,1,2,1,0.0,0.3333333333333333,0.2222222222222222,0.1111111111111111,0.2222222222222222,0.1111111111111111,0.8888888888888888,0.3333333333333333
41008,8ª RS FRANCISCO BELTRAO,PR,Sul,2018,11,0,10,11,11,11,1,3,2,5,0,0,0.09090909090909091,0.2727272727272727,0.18181818181818182,0.45454545454545453,0.0,0.0,1.0,0.0
41008,8ª RS FRANCISCO BELTRAO,PR,Sul,2019,22,1,20,22,22,19,1,5,8,6,2,0,0.045454545454545456,0.22727272727272727,0.36363636363636365,0.2727272727272727,0.09090909090909091,0.0,0.8636363636363636,0.09090909090909091
41008,8ª RS FRANCISCO BELTRAO,PR,Sul,2020,9,0,6,9,9,8,0,0,4,4,1,0,0.0,0.0,0.4444444444444444,0.4444444444444444,0.1111111111111111,0.0,0.8888888888888888,0.1111111111111111
41008,8ª RS FRANCISCO BELTRAO,PR,Sul,2021,13,0,11,13,13,11,0,9,3,1,0,0,0.0,0.6923076923076923,0.23076923076923078,0.07692307692307693,0.0,0.0,0.8461538461538461,0.0
41008,8ª RS FRANCISCO BELTRAO,PR,Sul,2022,10,0,10,10,10,8,0,1,2,6,1,0,0.0,0.1,0.2,0.6,0.1,0.0,0.8,0.1
41008,8ª RS FRANCISCO BELTRAO,PR,Sul,2023,18,0,17,18,18,12,1,7,3,6,0,1,0.05555555555555555,0.3888888888888889,0.16666666666666666,0.3333333333333333,0.0,0.05555555555555555,0.6666666666666666,0.05555555555555555
41008,8ª RS FRANCISCO BELTRAO,PR,Sul,2024,30,1,24,30,30,27,0,8,11,3,7,1,0.0,0.26666666666666666,0.36666666666666664,0.1,0.23333333333333334,0.03333333333333333,0.9,0.26666666666666666
41008,8ª RS FRANCISCO BELTRAO,PR,Sul,2025,14,0,12,14,14,12,1,4,4,4,1,0,0.07142857142857142,0.2857142857142857,0.2857142857142857,0.2857142857142857,0.07142857142857142,0.0,0.8571428571428571,0.07142857142857142
41009,9ª RS FOZ DO IGUACU,PR,Sul,2007,6,0,6,6,6,6,2,2,0,2,0,0,0.3333333333333333,0.3333333333333333,0.0,0.3333333333333333,0.0,0.0,1.0,0.0
41009,9ª RS FOZ DO IGUACU,PR,Sul,2008,2,0,1,2,2,1,0,0,0,2,0,0,0.0,0.0,0.0,1.0,0.0,0.0,0.5,0.0
41009,9ª RS FOZ DO IGUACU,PR,Sul,2009,4,0,4,4,4,4,0,2,1,1,0,0,0.0,0.5,0.25,0.25,0.0,0.0,1.0,0.0
41009,9ª RS FOZ DO IGUACU,PR,Sul,2010,4,1,4,4,4,2,2,0,0,2,0,0,0.5,0.0,0.0,0.5,0.0,0.0,0.5,0.0
41009,9ª RS FOZ DO IGUACU,PR,Sul,2011,8,1,7,8,8,6,0,2,3,2,1,0,0.0,0.25,0.375,0.25,0.125,0.0,0.75,0.125
41009,9ª RS FOZ DO IGUACU,PR,Sul,2012,5,0,5,5,5,4,0,0,1,3,1,0,0.0,0.0,0.2,0.6,0.2,0.0,0.8,0.2
41009,9ª RS FOZ DO IGUACU,PR,Sul,2013,4,0,4,4,4,3,0,0,2,2,0,0,0.0,0.0,0.5,0.5,0.0,0.0,0.75,0.0
41009,9ª RS FOZ DO IGUACU,PR,Sul,2014,3,0,3,3,3,2,1,1,1,0,0,0,0.3333333333333333,0.3333333333333333,0.3333333333333333,0.0,0.0,0.0,0.6666666666666666,0.0
41009,9ª RS FOZ DO IGUACU,PR,Sul,2015,8,1,8,8,8,7,1,4,0,1,2,0,0.125,0.5,0.0,0.125,0.25,0.0,0.875,0.25
41009,9ª RS FOZ DO IGUACU,PR,Sul,2016,4,3,4,4,4,3,0,1,1,2,0,0,0.0,0.25,0.25,0.5,0.0,0.0,0.75,0.0
41009,9ª RS FOZ DO IGUACU,PR,Sul,2017,3,0,3,3,3,2,0,1,1,1,0,0,0.0,0.3333333333333333,0.3333333333333333,0.3333333333333333,0.0,0.0,0.6666666666666666,0.0
41009,9ª RS FOZ DO IGUACU,PR,Sul,2018,3,0,3,3,3,3,0,2,0,1,0,0,0.0,0.6666666666666666,0.0,0.3333333333333333,0.0,0.0,1.0,0.0
41009,9ª RS FOZ DO IGUACU,PR,Sul,2019,8,0,8,8,8,4,0,1,4,3,0,0,0.0,0.125,0.5,0.375,0.0,0.0,0.5,0.0
41009,9ª RS FOZ DO IGUACU,PR,Sul,2020,1,0,1,1,1,1,0,0,0,1,0,0,0.0,0.0,0.0,1.0,0.0,0.0,1.0,0.0
41009,9ª RS FOZ DO IGUACU,PR,Sul,2021,1,0,1,1,1,0,0,0,1,0,0,0,0.0,0.0,1.0,0.0,0.0,0.0,0.0,0.0
41009,9ª RS FOZ DO IGUACU,PR,Sul,2022,0,0,0,0,0,0,0,0,0,0,0,0,,,,,,,,
41009,9ª RS FOZ DO IGUACU,PR,Sul,2023,0,0,0,0,0,0,0,0,0,0,0,0,,,,,,,,
41009,9ª RS FOZ DO IGUACU,PR,Sul,2024,6,0,6,6,6,6,0,2,0,3,0,1,0.0,0.3333333333333333,0.0,0.5,0.0,0.16666666666666666,1.0,0.16666666666666666
41009,9ª RS FOZ DO IGUACU,PR,Sul,2025,6,0,6,6,6,6,0,3,1,1,1,0,0.0,0.5,0.16666666666666666,0.16666666666666666,0.16666666666666666,0.0,1.0,0.16666666666666666
41010,10ª RS CASCAVEL,PR,Sul,2007,13,1,13,13,13,11,3,5,4,0,1,0,0.23076923076923078,0.38461538461538464,0.3076923076923077,0.0,0.07692307692307693,0.0,0.8461538461538461,0.07692307692307693
41010,10ª RS CASCAVEL,PR,Sul,2008,9,0,9,9,9,7,2,4,2,1,0,0,0.2222222222222222,0.4444444444444444,0.2222222222222222,0.1111111111111111,0.0,0.0,0.7777777777777778,0.0
41010,10ª RS CASCAVEL,PR,Sul,2009,7,1,7,7,7,6,2,2,2,0,1,0,0.2857142857142857,0.2857142857142857,0.2857142857142857,0.0,0.14285714285714285,0.0,0.8571428571428571,0.14285714285714285
41010,10ª RS CASCAVEL,PR,Sul,2010,6,1,6,6,6,4,0,1,0,5,0,0,0.0,0.16666666666666666,0.0,0.8333333333333334,0.0,0.0,0.6666666666666666,0.0
41010,10ª RS CASCAVEL,PR,Sul,2011,17,0,17,17,17,16,4,6,4,3,0,0,0.23529411764705882,0.35294117647058826,0.23529411764705882,0.17647058823529413,0.0,0.0,0.9411764705882353,0.0
41010,10ª RS CASCAVEL,PR,Sul,2012,7,0,7,7,7,6,0,1,3,2,1,0,0.0,0.14285714285714285,0.42857142857142855,0.2857142857142857,0.14285714285714285,0.0,0.8571428571428571,0.14285714285714285
41010,10ª RS CASCAVEL,PR,Sul,2013,8,0,8,8,8,5,0,5,2,1,0,0,0.0,0.625,0.25,0.125,0.0,0.0,0.625,0.0
41010,10ª RS CASCAVEL,PR,Sul,2014,7,0,7,7,7,6,1,2,3,0,1,0,0.14285714285714285,0.2857142857142857,0.42857142857142855,0.0,0.14285714285714285,0.0,0.8571428571428571,0.14285714285714285
41010,10ª RS CASCAVEL,PR,Sul,2015,24,0,24,24,24,22,3,7,6,5,3,0,0.125,0.2916666666666667,0.25,0.20833333333333334,0.125,0.0,0.9166666666666666,0.125
41010,10ª RS CASCAVEL,PR,Sul,2016,11,0,11,11,11,11,2,5,3,1,0,0,0.18181818181818182,0.45454545454545453,0.2727272727272727,0.09090909090909091,0.0,0.0,1.0,0.0
41010,10ª RS CASCAVEL,PR,Sul,2017,7,0,7,7,7,7,2,0,2,3,0,0,0.2857142857142857,0.0,0.2857142857142857,0.42857142857142855,0.0,0.0,1.0,0.0
41010,10ª RS CASCAVEL,PR,Sul,2018,9,0,9,9,9,9,1,2,4,2,0,0,0.1111111111111111,0.2222222222222222,0.4444444444444444,0.2222222222222222,0.0,0.0,1.0,0.0
41010,10ª RS CASCAVEL,PR,Sul,2019,21,2,21,21,21,20,0,8,4,6,3,0,0.0,0.38095238095238093,0.19047619047619047,0.2857142857142857,0.14285714285714285,0.0,0.9523809523809523,0.14285714285714285
41010,10ª RS CASCAVEL,PR,Sul,2020,3,1,3,3,3,2,0,1,0,2,0,0,0.0,0.3333333333333333,0.0,0.6666666666666666,0.0,0.0,0.6666666666666666,0.0
41010,10ª RS CASCAVEL,PR,Sul,2021,5,1,5,5,5,4,0,1,0,3,0,1,0.0,0.2,0.0,0.6,0.0,0.2,0.8,0.2
41010,10ª RS CASCAVEL,PR,Sul,2022,6,0,6,6,6,4,1,1,3,0,1,0,0.16666666666666666,0.16666666666666666,0.5,0.0,0.16666666666666666,0.0,0.6666666666666666,0.16666666666666666
41010,10ª RS CASCAVEL,PR,Sul,2023,8,0,8,8,8,8,0,0,3,5,0,0,0.0,0.0,0.375,0.625,0.0,0.0,1.0,0.0
41010,10ª RS CASCAVEL,PR,Sul,2024,17,1,17,17,17,9,1,5,4,4,2,1,0.058823529411764705,0.29411764705882354,0.23529411764705882,0.23529411764705882,0.11764705882352941,0.058823529411764705,0.5294117647058824,0.1764705882352941
41010,10ª RS CASCAVEL,PR,Sul,2025,9,0,7,9,9,8,0,2,4,1,1,1,0.0,0.2222222222222222,0.4444444444444444,0.1111111111111111,0.1111111111111111,0.1111111111111111,0.8888888888888888,0.2222222222222222
41011,11ª RS CAMPO MOURAO,PR,Sul,2007,6,1,6,6,6,5,1,1,2,2,0,0,0.16666666666666666,0.16666666666666666,0.3333333333333333,0.3333333333333333,0.0,0.0,0.8333333333333334,0.0
41011,11ª RS CAMPO MOURAO,PR,Sul,2008,4,0,4,4,4,4,1,0,0,3,0,0,0.25,0.0,0.0,0.75,0.0,0.0,1.0,0.0
41011,11ª RS CAMPO MOURAO,PR,Sul,2009,5,0,5,5,5,5,0,1,1,2,0,1,0.0,0.2,0.2,0.4,0.0,0.2,1.0,0.2
41011,11ª RS CAMPO MOURAO,PR,Sul,2010,1,1,1,1,1,1,0,1,0,0,0,0,0.0,1.0,0.0,0.0,0.0,0.0,1.0,0.0
41011,11ª RS CAMPO MOURAO,PR,Sul,2011,2,1,2,2,2,2,1,0,0,0,1,0,0.5,0.0,0.0,0.0,0.5,0.0,1.0,0.5
41011,11ª RS CAMPO MOURAO,PR,Sul,2012,0,0,0,0,0,0,0,0,0,0,0,0,,,,,,,,
41011,11ª RS CAMPO MOURAO,PR,Sul,2013,1,0,1,1,1,1,0,0,0,1,0,0,0.0,0.0,0.0,1.0,0.0,0.0,1.0,0.0
41011,11ª RS CAMPO MOURAO,PR,Sul,2014,1,1,1,1,1,1,0,0,0,0,1,0,0.0,0.0,0.0,0.0,1.0,0.0,1.0,1.0
41011,11ª RS CAMPO MOURAO,PR,Sul,2015,15,0,15,15,15,14,1,3,6,3,2,0,0.06666666666666667,0.2,0.4,0.2,0.13333333333333333,0.0,0.9333333333333333,0.13333333333333333
41011,11ª RS CAMPO MOURAO,PR,Sul,2016,11,0,11,11,11,11,0,4,4,2,1,0,0.0,0.36363636363636365,0.36363636363636365,0.18181818181818182,0.09090909090909091,0.0,1.0,0.09090909090909091
41011,11ª RS CAMPO MOURAO,PR,Sul,2017,0,0,0,0,0,0,0,0,0,0,0,0,,,,,,,,
41011,11ª RS CAMPO MOURAO,PR,Sul,2018,8,2,8,8,8,7,0,1,4,3,0,0,0.0,0.125,0.5,0.375,0.0,0.0,0.875,0.0
41011,11ª RS CAMPO MOURAO,PR,Sul,2019,4,0,4,4,4,4,1,1,1,0,0,1,0.25,0.25,0.25,0.0,0.0,0.25,1.0,0.25
41011,11ª RS CAMPO MOURAO,PR,Sul,2020,4,0,3,4,4,3,0,0,1,1,0,2,0.0,0.0,0.25,0.25,0.0,0.5,0.75,0.5
41011,11ª RS CAMPO MOURAO,PR,Sul,2021,3,0,2,3,3,3,0,0,2,1,0,0,0.0,0.0,0.6666666666666666,0.3333333333333333,0.0,0.0,1.0,0.0
41011,11ª RS CAMPO MOURAO,PR,Sul,2022,4,0,4,4,4,4,1,0,1,2,0,0,0.25,0.0,0.25,0.5,0.0,0.0,1.0,0.0
41011,11ª RS CAMPO MOURAO,PR,Sul,2023,7,1,7,7,7,6,0,0,3,3,1,0,0.0,0.0,0.42857142857142855,0.42857142857142855,0.14285714285714285,0.0,0.8571428571428571,0.14285714285714285
41011,11ª RS CAMPO MOURAO,PR,Sul,2024,13,2,13,13,13,12,1,2,6,3,1,0,0.07692307692307693,0.15384615384615385,0.46153846153846156,0.23076923076923078,0.07692307692307693,0.0,0.9230769230769231,0.07692307692307693
41011,11ª RS CAMPO MOURAO,PR,Sul,2025,2,0,2,2,2,1,0,0,1,1,0,0,0.0,0.0,0.5,0.5,0.0,0.0,0.5,0.0
41012,12ª RS UMUARAMA,PR,Sul,2007,0,0,0,0,0,0,0,0,0,0,0,0,,,,,,,,
41012,12ª RS UMUARAMA,PR,Sul,2008,0,0,0,0,0,0,0,0,0,0,0,0,,,,,,,,
41012,12ª RS UMUARAMA,PR,Sul,2009,0,0,0,0,0,0,0,0,0,0,0,0,,,,,,,,
41012,12ª RS UMUARAMA,PR,Sul,2010,0,0,0,0,0,0,0,0,0,0,0,0,,,,,,,,
41012,12ª RS UMUARAMA,PR,Sul,2011,1,0,1,1,1,0,1,0,0,0,0,0,1.0,0.0,0.0,0.0,0.0,0.0,0.0,0.0
41012,12ª RS UMUARAMA,PR,Sul,2012,0,0,0,0,0,0,0,0,0,0,0,0,,,,,,,,
41012,12ª RS UMUARAMA,PR,Sul,2013,0,0,0,0,0,0,0,0,0,0,0,0,,,,,,,,
41012,12ª RS UMUARAMA,PR,Sul,2014,0,0,0,0,0,0,0,0,0,0,0,0,,,,,,,,
41012,12ª RS UMUARAMA,PR,Sul,2015,0,0,0,0,0,0,0,0,0,0,0,0,,,,,,,,
41012,12ª RS UMUARAMA,PR,Sul,2016,0,0,0,0,0,0,0,0,0,0,0,0,,,,,,,,
41012,12ª RS UMUARAMA,PR,Sul,2017,0,0,0,0,0,0,0,0,0,0,0,0,,,,,,,,
41012,12ª RS UMUARAMA,PR,Sul,2018,1,0,0,1,1,1,0,0,0,0,1,0,0.0,0.0,0.0,0.0,1.0,0.0,1.0,1.0
41012,12ª RS UMUARAMA,PR,Sul,2019,2,0,2,2,2,2,0,0,0,2,0,0,0.0,0.0,0.0,1.0,0.0,0.0,1.0,0.0
41012,12ª RS UMUARAMA,PR,Sul,2020,2,0,1,2,2,2,0,0,1,1,0,0,0.0,0.0,0.5,0.5,0.0,0.0,1.0,0.0
41012,12ª RS UMUARAMA,PR,Sul,2021,2,0,2,2,2,2,0,0,0,2,0,0,0.0,0.0,0.0,1.0,0.0,0.0,1.0,0.0
41012,12ª RS UMUARAMA,PR,Sul,2022,0,0,0,0,0,0,0,0,0,0,0,0,,,,,,,,
41012,12ª RS UMUARAMA,PR,Sul,2023,2,1,2,2,2,2,0,0,0,1,1,0,0.0,0.0,0.0,0.5,0.5,0.0,1.0,0.5
41012,12ª RS UMUARAMA,PR,Sul,2024,2,0,0,2,2,1,1,0,0,1,0,0,0.5,0.0,0.0,0.5,0.0,0.0,0.5,0.0
41012,12ª RS UMUARAMA,PR,Sul,2025,2,0,1,2,2,1,0,0,0,2,0,0,0.0,0.0,0.0,1.0,0.0,0.0,0.5,0.0
41013,13ª RS CIANORTE,PR,Sul,2007,2,1,2,2,2,1,0,1,1,0,0,0,0.0,0.5,0.5,0.0,0.0,0.0,0.5,0.0
41013,13ª RS CIANORTE,PR,Sul,2008,1,0,1,1,1,1,0,0,1,0,0,0,0.0,0.0,1.0,0.0,0.0,0.0,1.0,0.0
41013,13ª RS CIANORTE,PR,Sul,2009,0,0,0,0,0,0,0,0,0,0,0,0,,,,,,,,
41013,13ª RS CIANORTE,PR,Sul,2010,0,0,0,0,0,0,0,0,0,0,0,0,,,,,,,,
41013,13ª RS CIANORTE,PR,Sul,2011,0,0,0,0,0,0,0,0,0,0,0,0,,,,,,,,
41013,13ª RS CIANORTE,PR,Sul,2012,0,0,0,0,0,0,0,0,0,0,0,0,,,,,,,,
41013,13ª RS CIANORTE,PR,Sul,2013,1,0,1,1,1,1,0,0,1,0,0,0,0.0,0.0,1.0,0.0,0.0,0.0,1.0,0.0
41013,13ª RS CIANORTE,PR,Sul,2014,0,0,0,0,0,0,0,0,0,0,0,0,,,,,,,,
41013,13ª RS CIANORTE,PR,Sul,2015,1,0,1,1,1,0,0,1,0,0,0,0,0.0,1.0,0.0,0.0,0.0,0.0,0.0,0.0
41013,13ª RS CIANORTE,PR,Sul,2016,3,0,3,3,3,3,0,1,0,0,2,0,0.0,0.3333333333333333,0.0,0.0,0.6666666666666666,0.0,1.0,0.6666666666666666
41013,13ª RS CIANORTE,PR,Sul,2017,0,0,0,0,0,0,0,0,0,0,0,0,,,,,,,,
41013,13ª RS CIANORTE,PR,Sul,2018,2,1,2,2,2,1,0,0,0,1,1,0,0.0,0.0,0.0,0.5,0.5,0.0,0.5,0.5
41013,13ª RS CIANORTE,PR,Sul,2019,0,0,0,0,0,0,0,0,0,0,0,0,,,,,,,,
41013,13ª RS CIANORTE,PR,Sul,2020,0,0,0,0,0,0,0,0,0,0,0,0,,,,,,,,
41013,13ª RS CIANORTE,PR,Sul,2021,0,0,0,0,0,0,0,0,0,0,0,0,,,,,,,,
41013,13ª RS CIANORTE,PR,Sul,2022,1,0,1,1,1,1,0,0,1,0,0,0,0.0,0.0,1.0,0.0,0.0,0.0,1.0,0.0
41013,13ª RS CIANORTE,PR,Sul,2023,0,0,0,0,0,0,0,0,0,0,0,0,,,,,,,,
41013,13ª RS CIANORTE,PR,Sul,2024,0,0,0,0,0,0,0,0,0,0,0,0,,,,,,,,
41013,13ª RS CIANORTE,PR,Sul,2025,1,0,1,1,1,1,0,0,1,0,0,0,0.0,0.0,1.0,0.0,0.0,0.0,1.0,0.0
41014,14ª RS PARANAVAI,PR,Sul,2007,3,0,3,3,3,3,0,1,2,0,0,0,0.0,0.3333333333333333,0.6666666666666666,0.0,0.0,0.0,1.0,0.0
41014,14ª RS PARANAVAI,PR,Sul,2008,0,0,0,0,0,0,0,0,0,0,0,0,,,,,,,,
41014,14ª RS PARANAVAI,PR,Sul,2009,0,0,0,0,0,0,0,0,0,0,0,0,,,,,,,,
41014,14ª RS PARANAVAI,PR,Sul,2010,1,0,1,1,1,1,0,0,0,1,0,0,0.0,0.0,0.0,1.0,0.0,0.0,1.0,0.0
41014,14ª RS PARANAVAI,PR,Sul,2011,2,0,2,2,2,2,1,0,0,1,0,0,0.5,0.0,0.0,0.5,0.0,0.0,1.0,0.0
41014,14ª RS PARANAVAI,PR,Sul,2012,0,0,0,0,0,0,0,0,0,0,0,0,,,,,,,,
41014,14ª RS PARANAVAI,PR,Sul,2013,3,0,3,3,3,2,2,0,0,0,0,1,0.6666666666666666,0.0,0.0,0.0,0.0,0.3333333333333333,0.6666666666666666,0.3333333333333333
41014,14ª RS PARANAVAI,PR,Sul,2014,1,0,1,1,1,1,0,1,0,0,0,0,0.0,1.0,0.0,0.0,0.0,0.0,1.0,0.0
41014,14ª RS PARANAVAI,PR,Sul,2015,5,0,5,5,5,5,0,1,2,2,0,0,0.0,0.2,0.4,0.4,0.0,0.0,1.0,0.0
41014,14ª RS PARANAVAI,PR,Sul,2016,1,0,1,1,1,0,0,0,1,0,0,0,0.0,0.0,1.0,0.0,0.0,0.0,0.0,0.0
41014,14ª RS PARANAVAI,PR,Sul,2017,5,0,4,5,5,4,0,1,2,2,0,0,0.0,0.2,0.4,0.4,0.0,0.0,0.8,0.0
41014,14ª RS PARANAVAI,PR,Sul,2018,1,0,1,1,1,1,0,0,0,0,0,1,0.0,0.0,0.0,0.0,0.0,1.0,1.0,1.0
41014,14ª RS PARANAVAI,PR,Sul,2019,2,0,2,2,2,2,0,0,1,1,0,0,0.0,0.0,0.5,0.5,0.0,0.0,1.0,0.0
41014,14ª RS PARANAVAI,PR,Sul,2020,0,0,0,0,0,0,0,0,0,0,0,0,,,,,,,,
41014,14ª RS PARANAVAI,PR,Sul,2021,0,0,0,0,0,0,0,0,0,0,0,0,,,,,,,,
41014,14ª RS PARANAVAI,PR,Sul,2022,0,0,0,0,0,0,0,0,0,0,0,0,,,,,,,,
41014,14ª RS PARANAVAI,PR,Sul,2023,1,0,1,1,1,1,0,0,1,0,0,0,0.0,0.0,1.0,0.0,0.0,0.0,1.0,0.0
41014,14ª RS PARANAVAI,PR,Sul,2024,2,0,2,2,2,0,1,1,0,0,0,0,0.5,0.5,0.0,0.0,0.0,0.0,0.0,0.0
41014,14ª RS PARANAVAI,PR,Sul,2025,2,0,1,2,2,2,0,1,0,1,0,0,0.0,0.5,0.0,0.5,0.0,0.0,1.0,0.0
41015,15ª RS MARINGA,PR,Sul,2007,7,1,7,7,7,5,0,1,3,2,1,0,0.0,0.14285714285714285,0.42857142857142855,0.2857142857142857,0.14285714285714285,0.0,0.7142857142857143,0.14285714285714285
41015,15ª RS MARINGA,PR,Sul,2008,8,0,7,8,8,7,2,3,3,0,0,0,0.25,0.375,0.375,0.0,0.0,0.0,0.875,0.0
41015,15ª RS MARINGA,PR,Sul,2009,9,0,9,9,9,9,3,2,2,1,1,0,0.3333333333333333,0.2222222222222222,0.2222222222222222,0.1111111111111111,0.1111111111111111,0.0,1.0,0.1111111111111111
41015,15ª RS MARINGA,PR,Sul,2010,6,2,6,6,6,4,0,2,1,3,0,0,0.0,0.3333333333333333,0.16666666666666666,0.5,0.0,0.0,0.6666666666666666,0.0
41015,15ª RS MARINGA,PR,Sul,2011,4,0,4,4,4,3,1,1,0,2,0,0,0.25,0.25,0.0,0.5,0.0,0.0,0.75,0.0
41015,15ª RS MARINGA,PR,Sul,2012,6,0,6,6,6,4,1,3,0,2,0,0,0.16666666666666666,0.5,0.0,0.3333333333333333,0.0,0.0,0.6666666666666666,0.0
41015,15ª RS MARINGA,PR,Sul,2013,6,0,6,6,6,5,0,3,3,0,0,0,0.0,0.5,0.5,0.0,0.0,0.0,0.8333333333333334,0.0
41015,15ª RS MARINGA,PR,Sul,2014,3,2,3,3,3,3,0,1,1,1,0,0,0.0,0.3333333333333333,0.3333333333333333,0.3333333333333333,0.0,0.0,1.0,0.0
41015,15ª RS MARINGA,PR,Sul,2015,7,0,7,7,7,7,0,2,0,4,1,0,0.0,0.2857142857142857,0.0,0.5714285714285714,0.14285714285714285,0.0,1.0,0.14285714285714285
41015,15ª RS MARINGA,PR,Sul,2016,7,1,7,7,7,6,0,2,1,4,0,0,0.0,0.2857142857142857,0.14285714285714285,0.5714285714285714,0.0,0.0,0.8571428571428571,0.0
41015,15ª RS MARINGA,PR,Sul,2017,8,1,8,8,8,7,0,5,2,1,0,0,0.0,0.625,0.25,0.125,0.0,0.0,0.875,0.0
41015,15ª RS MARINGA,PR,Sul,2018,6,0,6,6,6,5,2,2,1,1,0,0,0.3333333333333333,0.3333333333333333,0.16666666666666666,0.16666666666666666,0.0,0.0,0.8333333333333334,0.0
41015,15ª RS MARINGA,PR,Sul,2019,7,0,7,7,7,4,1,5,0,1,0,0,0.14285714285714285,0.7142857142857143,0.0,0.14285714285714285,0.0,0.0,0.5714285714285714,0.0
41015,15ª RS MARINGA,PR,Sul,2020,0,0,0,0,0,0,0,0,0,0,0,0,,,,,,,,
41015,15ª RS MARINGA,PR,Sul,2021,4,1,4,4,4,4,0,0,2,0,1,1,0.0,0.0,0.5,0.0,0.25,0.25,1.0,0.5
41015,15ª RS MARINGA,PR,Sul,2022,1,1,1,1,1,1,0,0,0,1,0,0,0.0,0.0,0.0,1.0,0.0,0.0,1.0,0.0
41015,15ª RS MARINGA,PR,Sul,2023,3,0,3,3,3,2,0,0,0,1,1,1,0.0,0.0,0.0,0.3333333333333333,0.3333333333333333,0.3333333333333333,0.6666666666666666,0.6666666666666666
41015,15ª RS MARINGA,PR,Sul,2024,8,2,8,8,8,6,0,2,3,1,2,0,0.0,0.25,0.375,0.125,0.25,0.0,0.75,0.25
41015,15ª RS MARINGA,PR,Sul,2025,5,1,5,5,5,3,1,1,1,1,1,0,0.2,0.2,0.2,0.2,0.2,0.0,0.6,0.2
41016,16ª RS APUCARANA,PR,Sul,2007,17,0,16,17,17,12,2,6,7,1,1,0,0.11764705882352941,0.35294117647058826,0.4117647058823529,0.058823529411764705,0.058823529411764705,0.0,0.7058823529411765,0.058823529411764705
41016,16ª RS APUCARANA,PR,Sul,2008,8,0,7,8,8,8,1,3,3,1,0,0,0.125,0.375,0.375,0.125,0.0,0.0,1.0,0.0
41016,16ª RS APUCARANA,PR,Sul,2009,15,0,15,15,15,13,3,6,2,4,0,0,0.2,0.4,0.13333333333333333,0.26666666666666666,0.0,0.0,0.8666666666666667,0.0
41016,16ª RS APUCARANA,PR,Sul,2010,8,0,8,8,8,7,0,3,2,3,0,0,0.0,0.375,0.25,0.375,0.0,0.0,0.875,0.0
41016,16ª RS APUCARANA,PR,Sul,2011,8,0,8,8,8,8,0,2,2,3,1,0,0.0,0.25,0.25,0.375,0.125,0.0,1.0,0.125
41016,16ª RS APUCARANA,PR,Sul,2012,5,0,5,5,5,5,0,1,4,0,0,0,0.0,0.2,0.8,0.0,0.0,0.0,1.0,0.0
41016,16ª RS APUCARANA,PR,Sul,2013,13,3,13,13,13,9,1,5,3,3,1,0,0.07692307692307693,0.38461538461538464,0.23076923076923078,0.23076923076923078,0.07692307692307693,0.0,0.6923076923076923,0.07692307692307693
41016,16ª RS APUCARANA,PR,Sul,2014,9,0,8,9,9,8,1,2,2,4,0,0,0.1111111111111111,0.2222222222222222,0.2222222222222222,0.4444444444444444,0.0,0.0,0.8888888888888888,0.0
41016,16ª RS APUCARANA,PR,Sul,2015,18,3,17,18,18,18,0,9,6,2,1,0,0.0,0.5,0.3333333333333333,0.1111111111111111,0.05555555555555555,0.0,1.0,0.05555555555555555
41016,16ª RS APUCARANA,PR,Sul,2016,12,0,12,12,12,10,0,3,3,4,2,0,0.0,0.25,0.25,0.3333333333333333,0.16666666666666666,0.0,0.8333333333333334,0.16666666666666666
41016,16ª RS APUCARANA,PR,Sul,2017,9,1,8,9,9,9,1,2,5,0,1,0,0.1111111111111111,0.2222222222222222,0.5555555555555556,0.0,0.1111111111111111,0.0,1.0,0.1111111111111111
41016,16ª RS APUCARANA,PR,Sul,2018,10,0,10,10,10,9,1,1,0,6,2,0,0.1,0.1,0.0,0.6,0.2,0.0,0.9,0.2
41016,16ª RS APUCARANA,PR,Sul,2019,12,0,12,12,12,8,0,2,5,4,1,0,0.0,0.16666666666666666,0.4166666666666667,0.3333333333333333,0.08333333333333333,0.0,0.6666666666666666,0.08333333333333333
41016,16ª RS APUCARANA,PR,Sul,2020,1,0,1,1,1,1,0,0,0,0,1,0,0.0,0.0,0.0,0.0,1.0,0.0,1.0,1.0
41016,16ª RS APUCARANA,PR,Sul,2021,5,0,3,5,5,5,0,0,1,3,1,0,0.0,0.0,0.2,0.6,0.2,0.0,1.0,0.2
41016,16ª RS APUCARANA,PR,Sul,2022,6,0,4,6,6,6,0,1,1,2,1,1,0.0,0.16666666666666666,0.16666666666666666,0.3333333333333333,0.16666666666666666,0.16666666666666666,1.0,0.3333333333333333
41016,16ª RS APUCARANA,PR,Sul,2023,10,2,8,10,10,7,0,1,4,1,2,2,0.0,0.1,0.4,0.1,0.2,0.2,0.7,0.4
41016,16ª RS APUCARANA,PR,Sul,2024,5,1,5,5,5,5,0,0,3,2,0,0,0.0,0.0,0.6,0.4,0.0,0.0,1.0,0.0
41016,16ª RS APUCARANA,PR,Sul,2025,3,0,3,3,3,3,0,0,0,3,0,0,0.0,0.0,0.0,1.0,0.0,0.0,1.0,0.0
41017,17ª RS LONDRINA,PR,Sul,2007,12,1,11,12,12,9,3,5,1,2,0,1,0.25,0.4166666666666667,0.08333333333333333,0.16666666666666666,0.0,0.08333333333333333,0.75,0.08333333333333333
41017,17ª RS LONDRINA,PR,Sul,2008,6,1,5,6,6,4,1,1,1,2,1,0,0.16666666666666666,0.16666666666666666,0.16666666666666666,0.3333333333333333,0.16666666666666666,0.0,0.6666666666666666,0.16666666666666666
41017,17ª RS LONDRINA,PR,Sul,2009,11,0,10,11,11,10,1,3,1,6,0,0,0.09090909090909091,0.2727272727272727,0.09090909090909091,0.5454545454545454,0.0,0.0,0.9090909090909091,0.0
41017,17ª RS LONDRINA,PR,Sul,2010,18,3,16,18,18,14,0,2,9,5,2,0,0.0,0.1111111111111111,0.5,0.2777777777777778,0.1111111111111111,0.0,0.7777777777777778,0.1111111111111111
41017,17ª RS LONDRINA,PR,Sul,2011,7,0,7,7,7,6,1,1,4,0,1,0,0.14285714285714285,0.14285714285714285,0.5714285714285714,0.0,0.14285714285714285,0.0,0.8571428571428571,0.14285714285714285
41017,17ª RS LONDRINA,PR,Sul,2012,16,0,16,16,16,11,3,5,2,6,0,0,0.1875,0.3125,0.125,0.375,0.0,0.0,0.6875,0.0
41017,17ª RS LONDRINA,PR,Sul,2013,11,1,11,11,11,10,2,1,2,6,0,0,0.18181818181818182,0.09090909090909091,0.18181818181818182,0.5454545454545454,0.0,0.0,0.9090909090909091,0.0
41017,17ª RS LONDRINA,PR,Sul,2014,7,0,7,7,7,7,0,0,4,1,1,1,0.0,0.0,0.5714285714285714,0.14285714285714285,0.14285714285714285,0.14285714285714285,1.0,0.2857142857142857
41017,17ª RS LONDRINA,PR,Sul,2015,33,5,33,33,33,30,4,10,4,10,4,1,0.12121212121212122,0.30303030303030304,0.12121212121212122,0.30303030303030304,0.12121212121212122,0.030303030303030304,0.9090909090909091,0.15151515151515152
41017,17ª RS LONDRINA,PR,Sul,2016,19,5,19,19,19,17,0,6,4,5,2,2,0.0,0.3157894736842105,0.21052631578947367,0.2631578947368421,0.10526315789473684,0.10526315789473684,0.8947368421052632,0.21052631578947367
41017,17ª RS LONDRINA,PR,Sul,2017,13,0,12,13,13,10,1,7,2,2,1,0,0.07692307692307693,0.5384615384615384,0.15384615384615385,0.15384615384615385,0.07692307692307693,0.0,0.7692307692307693,0.07692307692307693
41017,17ª RS LONDRINA,PR,Sul,2018,13,1,12,13,13,11,2,5,1,3,2,0,0.15384615384615385,0.38461538461538464,0.07692307692307693,0.23076923076923078,0.15384615384615385,0.0,0.8461538461538461,0.15384615384615385
41017,17ª RS LONDRINA,PR,Sul,2019,12,2,12,12,12,9,1,4,5,1,1,0,0.08333333333333333,0.3333333333333333,0.4166666666666667,0.08333333333333333,0.08333333333333333,0.0,0.75,0.08333333333333333
41017,17ª RS LONDRINA,PR,Sul,2020,8,2,8,8,8,6,0,1,2,3,2,0,0.0,0.125,0.25,0.375,0.25,0.0,0.75,0.25
41017,17ª RS LONDRINA,PR,Sul,2021,6,1,6,6,6,5,2,1,1,0,1,1,0.3333333333333333,0.16666666666666666,0.16666666666666666,0.0,0.16666666666666666,0.16666666666666666,0.8333333333333334,0.3333333333333333
41017,17ª RS LONDRINA,PR,Sul,2022,5,1,5,5,5,5,0,1,2,2,0,0,0.0,0.2,0.4,0.4,0.0,0.0,1.0,0.0
41017,17ª RS LONDRINA,PR,Sul,2023,14,1,14,14,14,9,0,3,4,4,3,0,0.0,0.21428571428571427,0.2857142857142857,0.2857142857142857,0.21428571428571427,0.0,0.6428571428571429,0.21428571428571427
41017,17ª RS LONDRINA,PR,Sul,2024,6,0,6,6,6,5,0,2,1,2,0,1,0.0,0.3333333333333333,0.16666666666666666,0.3333333333333333,0.0,0.16666666666666666,0.8333333333333334,0.16666666666666666
41017,17ª RS LONDRINA,PR,Sul,2025,4,0,3,4,4,4,0,1,1,2,0,0,0.0,0.25,0.25,0.5,0.0,0.0,1.0,0.0
41018,18ª RS CORNELIO PROCOPIO,PR,Sul,2007,4,0,4,4,4,3,0,2,1,1,0,0,0.0,0.5,0.25,0.25,0.0,0.0,0.75,0.0
41018,18ª RS CORNELIO PROCOPIO,PR,Sul,2008,4,1,4,4,4,4,0,2,1,0,1,0,0.0,0.5,0.25,0.0,0.25,0.0,1.0,0.25
41018,18ª RS CORNELIO PROCOPIO,PR,Sul,2009,5,0,4,5,5,5,1,2,2,0,0,0,0.2,0.4,0.4,0.0,0.0,0.0,1.0,0.0
41018,18ª RS CORNELIO PROCOPIO,PR,Sul,2010,7,1,7,7,7,5,0,3,2,2,0,0,0.0,0.42857142857142855,0.2857142857142857,0.2857142857142857,0.0,0.0,0.7142857142857143,0.0
41018,18ª RS CORNELIO PROCOPIO,PR,Sul,2011,9,0,9,9,9,8,1,5,1,1,1,0,0.1111111111111111,0.5555555555555556,0.1111111111111111,0.1111111111111111,0.1111111111111111,0.0,0.8888888888888888,0.1111111111111111
41018,18ª RS CORNELIO PROCOPIO,PR,Sul,2012,2,0,2,2,2,2,1,0,1,0,0,0,0.5,0.0,0.5,0.0,0.0,0.0,1.0,0.0
41018,18ª RS CORNELIO PROCOPIO,PR,Sul,2013,2,0,2,2,2,2,0,1,0,0,1,0,0.0,0.5,0.0,0.0,0.5,0.0,1.0,0.5
41018,18ª RS CORNELIO PROCOPIO,PR,Sul,2014,6,0,6,6,6,5,0,2,3,1,0,0,0.0,0.3333333333333333,0.5,0.16666666666666666,0.0,0.0,0.8333333333333334,0.0
41018,18ª RS CORNELIO PROCOPIO,PR,Sul,2015,8,0,8,8,8,7,0,1,3,3,1,0,0.0,0.125,0.375,0.375,0.125,0.0,0.875,0.125
41018,18ª RS CORNELIO PROCOPIO,PR,Sul,2016,12,0,12,12,12,10,1,2,5,4,0,0,0.08333333333333333,0.16666666666666666,0.4166666666666667,0.3333333333333333,0.0,0.0,0.8333333333333334,0.0
41018,18ª RS CORNELIO PROCOPIO,PR,Sul,2017,2,0,2,2,2,2,0,1,1,0,0,0,0.0,0.5,0.5,0.0,0.0,0.0,1.0,0.0
41018,18ª RS CORNELIO PROCOPIO,PR,Sul,2018,3,0,3,3,3,2,1,1,1,0,0,0,0.3333333333333333,0.3333333333333333,0.3333333333333333,0.0,0.0,0.0,0.6666666666666666,0.0
41018,18ª RS CORNELIO PROCOPIO,PR,Sul,2019,5,2,5,5,5,4,0,2,0,3,0,0,0.0,0.4,0.0,0.6,0.0,0.0,0.8,0.0
41018,18ª RS CORNELIO PROCOPIO,PR,Sul,2020,2,0,2,2,2,2,0,0,1,0,1,0,0.0,0.0,0.5,0.0,0.5,0.0,1.0,0.5
41018,18ª RS CORNELIO PROCOPIO,PR,Sul,2021,3,0,3,3,3,3,0,1,0,0,0,2,0.0,0.3333333333333333,0.0,0.0,0.0,0.6666666666666666,1.0,0.6666666666666666
41018,18ª RS CORNELIO PROCOPIO,PR,Sul,2022,5,0,5,5,5,5,0,0,2,3,0,0,0.0,0.0,0.4,0.6,0.0,0.0,1.0,0.0
41018,18ª RS CORNELIO PROCOPIO,PR,Sul,2023,6,2,6,6,6,5,0,1,1,2,1,1,0.0,0.16666666666666666,0.16666666666666666,0.3333333333333333,0.16666666666666666,0.16666666666666666,0.8333333333333334,0.3333333333333333
41018,18ª RS CORNELIO PROCOPIO,PR,Sul,2024,6,1,6,6,6,4,0,1,0,3,0,2,0.0,0.16666666666666666,0.0,0.5,0.0,0.3333333333333333,0.6666666666666666,0.3333333333333333
41018,18ª RS CORNELIO PROCOPIO,PR,Sul,2025,7,0,6,7,7,5,0,2,3,2,0,0,0.0,0.2857142857142857,0.42857142857142855,0.2857142857142857,0.0,0.0,0.7142857142857143,0.0
41019,19ª RS JACAREZINHO,PR,Sul,2007,2,1,2,2,2,1,0,0,2,0,0,0,0.0,0.0,1.0,0.0,0.0,0.0,0.5,0.0
41019,19ª RS JACAREZINHO,PR,Sul,2008,0,0,0,0,0,0,0,0,0,0,0,0,,,,,,,,
41019,19ª RS JACAREZINHO,PR,Sul,2009,1,0,1,1,1,1,0,1,0,0,0,0,0.0,1.0,0.0,0.0,0.0,0.0,1.0,0.0
41019,19ª RS JACAREZINHO,PR,Sul,2010,1,0,1,1,1,1,0,1,0,0,0,0,0.0,1.0,0.0,0.0,0.0,0.0,1.0,0.0
41019,19ª RS JACAREZINHO,PR,Sul,2011,1,0,1,1,1,0,1,0,0,0,0,0,1.0,0.0,0.0,0.0,0.0,0.0,0.0,0.0
41019,19ª RS JACAREZINHO,PR,Sul,2012,7,0,7,7,7,6,2,1,4,0,0,0,0.2857142857142857,0.14285714285714285,0.5714285714285714,0.0,0.0,0.0,0.8571428571428571,0.0
41019,19ª RS JACAREZINHO,PR,Sul,2013,2,1,2,2,2,2,0,1,0,0,0,1,0.0,0.5,0.0,0.0,0.0,0.5,1.0,0.5
41019,19ª RS JACAREZINHO,PR,Sul,2014,4,1,4,4,4,2,0,0,2,0,1,1,0.0,0.0,0.5,0.0,0.25,0.25,0.5,0.5
41019,19ª RS JACAREZINHO,PR,Sul,2015,3,0,3,3,3,3,0,1,1,1,0,0,0.0,0.3333333333333333,0.3333333333333333,0.3333333333333333,0.0,0.0,1.0,0.0
41019,19ª RS JACAREZINHO,PR,Sul,2016,2,2,2,2,2,2,0,0,0,2,0,0,0.0,0.0,0.0,1.0,0.0,0.0,1.0,0.0
41019,19ª RS JACAREZINHO,PR,Sul,2017,5,0,5,5,5,4,0,1,2,2,0,0,0.0,0.2,0.4,0.4,0.0,0.0,0.8,0.0
41019,19ª RS JACAREZINHO,PR,Sul,2018,4,0,4,4,4,2,0,2,2,0,0,0,0.0,0.5,0.5,0.0,0.0,0.0,0.5,0.0
41019,19ª RS JACAREZINHO,PR,Sul,2019,4,0,4,4,4,3,1,1,2,0,0,0,0.25,0.25,0.5,0.0,0.0,0.0,0.75,0.0
41019,19ª RS JACAREZINHO,PR,Sul,2020,2,0,2,2,2,2,0,1,1,0,0,0,0.0,0.5,0.5,0.0,0.0,0.0,1.0,0.0
41019,19ª RS JACAREZINHO,PR,Sul,2021,1,0,1,1,1,1,1,0,0,0,0,0,1.0,0.0,0.0,0.0,0.0,0.0,1.0,0.0
41019,19ª RS JACAREZINHO,PR,Sul,2022,3,1,3,3,3,3,0,0,1,2,0,0,0.0,0.0,0.3333333333333333,0.6666666666666666,0.0,0.0,1.0,0.0
41019,19ª RS JACAREZINHO,PR,Sul,2023,2,0,2,2,2,1,0,1,1,0,0,0,0.0,0.5,0.5,0.0,0.0,0.0,0.5,0.0
41019,19ª RS JACAREZINHO,PR,Sul,2024,2,0,2,2,2,0,0,0,2,0,0,0,0.0,0.0,1.0,0.0,0.0,0.0,0.0,0.0
41019,19ª RS JACAREZINHO,PR,Sul,2025,2,0,2,2,2,0,0,1,1,0,0,0,0.0,0.5,0.5,0.0,0.0,0.0,0.0,0.0
41020,20ª RS TOLEDO,PR,Sul,2007,4,0,4,4,4,4,0,0,0,4,0,0,0.0,0.0,0.0,1.0,0.0,0.0,1.0,0.0
41020,20ª RS TOLEDO,PR,Sul,2008,1,0,1,1,1,1,0,0,1,0,0,0,0.0,0.0,1.0,0.0,0.0,0.0,1.0,0.0
41020,20ª RS TOLEDO,PR,Sul,2009,0,0,0,0,0,0,0,0,0,0,0,0,,,,,,,,
41020,20ª RS TOLEDO,PR,Sul,2010,3,1,3,3,3,1,0,1,1,1,0,0,0.0,0.3333333333333333,0.3333333333333333,0.3333333333333333,0.0,0.0,0.3333333333333333,0.0
41020,20ª RS TOLEDO,PR,Sul,2011,4,0,3,4,4,4,0,0,2,2,0,0,0.0,0.0,0.5,0.5,0.0,0.0,1.0,0.0
41020,20ª RS TOLEDO,PR,Sul,2012,4,0,4,4,4,4,0,1,1,2,0,0,0.0,0.25,0.25,0.5,0.0,0.0,1.0,0.0
41020,20ª RS TOLEDO,PR,Sul,2013,4,0,4,4,4,3,0,2,2,0,0,0,0.0,0.5,0.5,0.0,0.0,0.0,0.75,0.0
41020,20ª RS TOLEDO,PR,Sul,2014,6,0,6,6,6,5,1,2,0,2,1,0,0.16666666666666666,0.3333333333333333,0.0,0.3333333333333333,0.16666666666666666,0.0,0.8333333333333334,0.16666666666666666
41020,20ª RS TOLEDO,PR,Sul,2015,6,0,6,6,6,5,0,2,3,0,1,0,0.0,0.3333333333333333,0.5,0.0,0.16666666666666666,0.0,0.8333333333333334,0.16666666666666666
41020,20ª RS TOLEDO,PR,Sul,2016,5,0,5,5,5,5,1,2,0,2,0,0,0.2,0.4,0.0,0.4,0.0,0.0,1.0,0.0
41020,20ª RS TOLEDO,PR,Sul,2017,4,0,4,4,4,3,0,0,2,2,0,0,0.0,0.0,0.5,0.5,0.0,0.0,0.75,0.0
41020,20ª RS TOLEDO,PR,Sul,2018,2,0,2,2,2,2,0,0,1,1,0,0,0.0,0.0,0.5,0.5,0.0,0.0,1.0,0.0
41020,20ª RS TOLEDO,PR,Sul,2019,13,1,13,13,13,10,0,2,4,4,3,0,0.0,0.15384615384615385,0.3076923076923077,0.3076923076923077,0.23076923076923078,0.0,0.7692307692307693,0.23076923076923078
41020,20ª RS TOLEDO,PR,Sul,2020,0,0,0,0,0,0,0,0,0,0,0,0,,,,,,,,
41020,20ª RS TOLEDO,PR,Sul,2021,1,0,1,1,1,1,0,0,1,0,0,0,0.0,0.0,1.0,0.0,0.0,0.0,1.0,0.0
41020,20ª RS TOLEDO,PR,Sul,2022,5,0,5,5,5,4,0,0,3,2,0,0,0.0,0.0,0.6,0.4,0.0,0.0,0.8,0.0
41020,20ª RS TOLEDO,PR,Sul,2023,8,2,8,8,8,5,1,1,4,2,0,0,0.125,0.125,0.5,0.25,0.0,0.0,0.625,0.0
41020,20ª RS TOLEDO,PR,Sul,2024,7,2,7,7,7,7,1,1,2,1,2,0,0.14285714285714285,0.14285714285714285,0.2857142857142857,0.14285714285714285,0.2857142857142857,0.0,1.0,0.2857142857142857
41020,20ª RS TOLEDO,PR,Sul,2025,3,0,3,3,3,2,0,1,0,2,0,0,0.0,0.3333333333333333,0.0,0.6666666666666666,0.0,0.0,0.6666666666666666,0.0
41021,21ª RS TELEMACO BORBA,PR,Sul,2007,4,0,4,4,4,4,0,2,1,0,1,0,0.0,0.5,0.25,0.0,0.25,0.0,1.0,0.25
41021,21ª RS TELEMACO BORBA,PR,Sul,2008,2,0,2,2,2,2,0,0,1,0,1,0,0.0,0.0,0.5,0.0,0.5,0.0,1.0,0.5
41021,21ª RS TELEMACO BORBA,PR,Sul,2009,3,0,3,3,3,3,0,1,0,2,0,0,0.0,0.3333333333333333,0.0,0.6666666666666666,0.0,0.0,1.0,0.0
41021,21ª RS TELEMACO BORBA,PR,Sul,2010,0,0,0,0,0,0,0,0,0,0,0,0,,,,,,,,
41021,21ª RS TELEMACO BORBA,PR,Sul,2011,1,1,1,1,1,1,0,0,0,1,0,0,0.0,0.0,0.0,1.0,0.0,0.0,1.0,0.0
41021,21ª RS TELEMACO BORBA,PR,Sul,2012,1,0,1,1,1,1,0,0,1,0,0,0,0.0,0.0,1.0,0.0,0.0,0.0,1.0,0.0
41021,21ª RS TELEMACO BORBA,PR,Sul,2013,6,2,6,6,6,4,1,2,0,2,1,0,0.16666666666666666,0.3333333333333333,0.0,0.3333333333333333,0.16666666666666666,0.0,0.6666666666666666,0.16666666666666666
41021,21ª RS TELEMACO BORBA,PR,Sul,2014,2,0,2,2,2,2,0,0,2,0,0,0,0.0,0.0,1.0,0.0,0.0,0.0,1.0,0.0
41021,21ª RS TELEMACO BORBA,PR,Sul,2015,6,0,6,6,6,6,0,2,4,0,0,0,0.0,0.3333333333333333,0.6666666666666666,0.0,0.0,0.0,1.0,0.0
41021,21ª RS TELEMACO BORBA,PR,Sul,2016,1,0,1,1,1,1,0,0,0,1,0,0,0.0,0.0,0.0,1.0,0.0,0.0,1.0,0.0
41021,21ª RS TELEMACO BORBA,PR,Sul,2017,4,0,3,4,4,4,0,3,0,1,0,0,0.0,0.75,0.0,0.25,0.0,0.0,1.0,0.0
41021,21ª RS TELEMACO BORBA,PR,Sul,2018,3,0,3,3,3,3,0,0,1,2,0,0,0.0,0.0,0.3333333333333333,0.6666666666666666,0.0,0.0,1.0,0.0
41021,21ª RS TELEMACO BORBA,PR,Sul,2019,4,0,4,4,4,4,0,2,0,2,0,0,0.0,0.5,0.0,0.5,0.0,0.0,1.0,0.0
41021,21ª RS TELEMACO BORBA,PR,Sul,2020,4,0,2,4,4,3,0,0,2,2,0,0,0.0,0.0,0.5,0.5,0.0,0.0,0.75,0.0
41021,21ª RS TELEMACO BORBA,PR,Sul,2021,0,0,0,0,0,0,0,0,0,0,0,0,,,,,,,,
41021,21ª RS TELEMACO BORBA,PR,Sul,2022,4,1,3,4,4,4,0,0,1,1,2,0,0.0,0.0,0.25,0.25,0.5,0.0,1.0,0.5
41021,21ª RS TELEMACO BORBA,PR,Sul,2023,2,0,1,2,2,2,0,1,1,0,0,0,0.0,0.5,0.5,0.0,0.0,0.0,1.0,0.0
41021,21ª RS TELEMACO BORBA,PR,Sul,2024,0,0,0,0,0,0,0,0,0,0,0,0,,,,,,,,
41021,21ª RS TELEMACO BORBA,PR,Sul,2025,4,2,3,4,4,3,0,2,1,1,0,0,0.0,0.5,0.25,0.25,0.0,0.0,0.75,0.0
41022,22ª RS IVAIPORA,PR,Sul,2007,5,1,5,5,5,5,1,0,3,1,0,0,0.2,0.0,0.6,0.2,0.0,0.0,1.0,0.0
41022,22ª RS IVAIPORA,PR,Sul,2008,1,0,1,1,1,1,0,0,1,0,0,0,0.0,0.0,1.0,0.0,0.0,0.0,1.0,0.0
41022,22ª RS IVAIPORA,PR,Sul,2009,2,1,1,2,2,2,0,1,0,0,0,1,0.0,0.5,0.0,0.0,0.0,0.5,1.0,0.5
41022,22ª RS IVAIPORA,PR,Sul,2010,2,0,2,2,2,2,0,0,1,0,1,0,0.0,0.0,0.5,0.0,0.5,0.0,1.0,0.5
41022,22ª RS IVAIPORA,PR,Sul,2011,2,0,2,2,2,2,0,0,1,1,0,0,0.0,0.0,0.5,0.5,0.0,0.0,1.0,0.0
41022,22ª RS IVAIPORA,PR,Sul,2012,2,0,1,2,2,1,0,0,0,1,1,0,0.0,0.0,0.0,0.5,0.5,0.0,0.5,0.5
41022,22ª RS IVAIPORA,PR,Sul,2013,3,2,3,3,3,3,1,0,0,2,0,0,0.3333333333333333,0.0,0.0,0.6666666666666666,0.0,0.0,1.0,0.0
41022,22ª RS IVAIPORA,PR,Sul,2014,3,0,3,3,3,3,0,0,2,0,0,1,0.0,0.0,0.6666666666666666,0.0,0.0,0.3333333333333333,1.0,0.3333333333333333
41022,22ª RS IVAIPORA,PR,Sul,2015,9,1,9,9,9,9,0,1,2,3,1,2,0.0,0.1111111111111111,0.2222222222222222,0.3333333333333333,0.1111111111111111,0.2222222222222222,1.0,0.3333333333333333
41022,22ª RS IVAIPORA,PR,Sul,2016,11,1,9,11,11,11,0,1,2,4,4,0,0.0,0.09090909090909091,0.18181818181818182,0.36363636363636365,0.36363636363636365,0.0,1.0,0.36363636363636365
41022,22ª RS IVAIPORA,PR,Sul,2017,3,0,3,3,3,3,0,2,0,1,0,0,0.0,0.6666666666666666,0.0,0.3333333333333333,0.0,0.0,1.0,0.0
41022,22ª RS IVAIPORA,PR,Sul,2018,3,0,3,3,3,3,0,1,1,1,0,0,0.0,0.3333333333333333,0.3333333333333333,0.3333333333333333,0.0,0.0,1.0,0.0
41022,22ª RS IVAIPORA,PR,Sul,2019,10,0,9,10,10,9,1,2,2,5,0,0,0.1,0.2,0.2,0.5,0.0,0.0,0.9,0.0
41022,22ª RS IVAIPORA,PR,Sul,2020,2,0,2,2,2,2,1,0,1,0,0,0,0.5,0.0,0.5,0.0,0.0,0.0,1.0,0.0
41022,22ª RS IVAIPORA,PR,Sul,2021,2,0,2,2,2,2,0,0,0,1,1,0,0.0,0.0,0.0,0.5,0.5,0.0,1.0,0.5
41022,22ª RS IVAIPORA,PR,Sul,2022,8,0,8,8,8,5,0,3,3,2,0,0,0.0,0.375,0.375,0.25,0.0,0.0,0.625,0.0
41022,22ª RS IVAIPORA,PR,Sul,2023,15,2,15,15,15,15,0,4,5,5,1,0,0.0,0.26666666666666666,0.3333333333333333,0.3333333333333333,0.06666666666666667,0.0,1.0,0.06666666666666667
41022,22ª RS IVAIPORA,PR,Sul,2024,9,0,9,9,9,9,1,1,1,4,2,0,0.1111111111111111,0.1111111111111111,0.1111111111111111,0.4444444444444444,0.2222222222222222,0.0,1.0,0.2222222222222222
41022,22ª RS IVAIPORA,PR,Sul,2025,2,1,2,2,2,1,0,0,0,1,1,0,0.0,0.0,0.0,0.5,0.5,0.0,0.5,0.5
42001,EXTREMO OESTE,SC,Sul,2007,37,0,36,37,37,25,5,17,8,5,2,0,0.13513513513513514,0.4594594594594595,0.21621621621621623,0.13513513513513514,0.05405405405405406,0.0,0.6756756756756757,0.05405405405405406
42001,EXTREMO OESTE,SC,Sul,2008,26,0,26,26,26,19,2,5,10,5,3,1,0.07692307692307693,0.19230769230769232,0.38461538461538464,0.19230769230769232,0.11538461538461539,0.038461538461538464,0.7307692307692307,0.15384615384615385
42001,EXTREMO OESTE,SC,Sul,2009,26,0,26,26,26,19,0,7,8,8,3,0,0.0,0.2692307692307692,0.3076923076923077,0.3076923076923077,0.11538461538461539,0.0,0.7307692307692307,0.11538461538461539
42001,EXTREMO OESTE,SC,Sul,2010,18,0,18,18,18,13,0,6,6,6,0,0,0.0,0.3333333333333333,0.3333333333333333,0.3333333333333333,0.0,0.0,0.7222222222222222,0.0
42001,EXTREMO OESTE,SC,Sul,2011,41,0,40,41,41,34,4,19,11,7,0,0,0.0975609756097561,0.4634146341463415,0.2682926829268293,0.17073170731707318,0.0,0.0,0.8292682926829268,0.0
42001,EXTREMO OESTE,SC,Sul,2012,34,1,34,34,34,29,3,7,13,8,2,1,0.08823529411764706,0.20588235294117646,0.38235294117647056,0.23529411764705882,0.058823529411764705,0.029411764705882353,0.8529411764705882,0.08823529411764705
42001,EXTREMO OESTE,SC,Sul,2013,9,0,7,9,9,6,1,3,2,1,2,0,0.1111111111111111,0.3333333333333333,0.2222222222222222,0.1111111111111111,0.2222222222222222,0.0,0.6666666666666666,0.2222222222222222
42001,EXTREMO OESTE,SC,Sul,2014,27,0,24,27,27,24,0,7,8,10,0,2,0.0,0.25925925925925924,0.2962962962962963,0.37037037037037035,0.0,0.07407407407407407,0.8888888888888888,0.07407407407407407
42001,EXTREMO OESTE,SC,Sul,2015,26,0,24,26,26,23,1,6,7,12,0,0,0.038461538461538464,0.23076923076923078,0.2692307692307692,0.46153846153846156,0.0,0.0,0.8846153846153846,0.0
42001,EXTREMO OESTE,SC,Sul,2016,27,0,20,27,27,22,1,6,8,8,4,0,0.037037037037037035,0.2222222222222222,0.2962962962962963,0.2962962962962963,0.14814814814814814,0.0,0.8148148148148148,0.14814814814814814
42001,EXTREMO OESTE,SC,Sul,2017,29,0,28,29,29,25,1,5,8,13,1,1,0.034482758620689655,0.1724137931034483,0.27586206896551724,0.4482758620689655,0.034482758620689655,0.034482758620689655,0.8620689655172413,0.06896551724137931
42001,EXTREMO OESTE,SC,Sul,2018,24,0,23,24,24,22,2,4,7,9,2,0,0.08333333333333333,0.16666666666666666,0.2916666666666667,0.375,0.08333333333333333,0.0,0.9166666666666666,0.08333333333333333
42001,EXTREMO OESTE,SC,Sul,2019,21,0,18,21,21,18,0,2,5,10,1,3,0.0,0.09523809523809523,0.23809523809523808,0.47619047619047616,0.047619047619047616,0.14285714285714285,0.8571428571428571,0.19047619047619047
42001,EXTREMO OESTE,SC,Sul,2020,8,0,6,8,8,7,0,3,2,2,1,0,0.0,0.375,0.25,0.25,0.125,0.0,0.875,0.125
42001,EXTREMO OESTE,SC,Sul,2021,9,0,8,9,9,9,0,1,2,4,2,0,0.0,0.1111111111111111,0.2222222222222222,0.4444444444444444,0.2222222222222222,0.0,1.0,0.2222222222222222
42001,EXTREMO OESTE,SC,Sul,2022,9,0,9,9,9,9,1,0,4,2,2,0,0.1111111111111111,0.0,0.4444444444444444,0.2222222222222222,0.2222222222222222,0.0,1.0,0.2222222222222222
42001,EXTREMO OESTE,SC,Sul,2023,18,1,18,18,18,14,1,3,6,7,1,0,0.05555555555555555,0.16666666666666666,0.3333333333333333,0.3888888888888889,0.05555555555555555,0.0,0.7777777777777778,0.05555555555555555
42001,EXTREMO OESTE,SC,Sul,2024,21,0,20,21,21,17,2,2,9,6,2,0,0.09523809523809523,0.09523809523809523,0.42857142857142855,0.2857142857142857,0.09523809523809523,0.0,0.8095238095238095,0.09523809523809523
42001,EXTREMO OESTE,SC,Sul,2025,10,1,9,10,10,9,0,3,2,1,3,1,0.0,0.3,0.2,0.1,0.3,0.1,0.9,0.4
42002,OESTE,SC,Sul,2007,19,0,19,19,19,13,3,4,8,4,0,0,0.15789473684210525,0.21052631578947367,0.42105263157894735,0.21052631578947367,0.0,0.0,0.6842105263157895,0.0
42002,OESTE,SC,Sul,2008,17,0,17,17,17,15,0,8,6,2,1,0,0.0,0.47058823529411764,0.35294117647058826,0.11764705882352941,0.058823529411764705,0.0,0.8823529411764706,0.058823529411764705
42002,OESTE,SC,Sul,2009,17,0,17,17,17,12,0,4,6,5,1,1,0.0,0.23529411764705882,0.35294117647058826,0.29411764705882354,0.058823529411764705,0.058823529411764705,0.7058823529411765,0.11764705882352941
42002,OESTE,SC,Sul,2010,21,0,21,21,21,17,5,5,2,8,1,0,0.23809523809523808,0.23809523809523808,0.09523809523809523,0.38095238095238093,0.047619047619047616,0.0,0.8095238095238095,0.047619047619047616
42002,OESTE,SC,Sul,2011,28,0,27,28,28,24,3,7,8,7,2,1,0.10714285714285714,0.25,0.2857142857142857,0.25,0.07142857142857142,0.03571428571428571,0.8571428571428571,0.10714285714285714
42002,OESTE,SC,Sul,2012,21,0,21,21,21,17,5,5,3,5,3,0,0.23809523809523808,0.23809523809523808,0.14285714285714285,0.23809523809523808,0.14285714285714285,0.0,0.8095238095238095,0.14285714285714285
42002,OESTE,SC,Sul,2013,6,0,6,6,6,6,2,1,2,0,1,0,0.3333333333333333,0.16666666666666666,0.3333333333333333,0.0,0.16666666666666666,0.0,1.0,0.16666666666666666
42002,OESTE,SC,Sul,2014,9,0,9,9,9,9,0,1,5,2,1,0,0.0,0.1111111111111111,0.5555555555555556,0.2222222222222222,0.1111111111111111,0.0,1.0,0.1111111111111111
42002,OESTE,SC,Sul,2015,19,0,17,19,19,19,1,1,8,8,0,1,0.05263157894736842,0.05263157894736842,0.42105263157894735,0.42105263157894735,0.0,0.05263157894736842,1.0,0.05263157894736842
42002,OESTE,SC,Sul,2016,15,0,15,15,15,15,2,5,0,7,1,0,0.13333333333333333,0.3333333333333333,0.0,0.4666666666666667,0.06666666666666667,0.0,1.0,0.06666666666666667
42002,OESTE,SC,Sul,2017,14,0,14,14,14,12,0,3,5,5,1,0,0.0,0.21428571428571427,0.35714285714285715,0.35714285714285715,0.07142857142857142,0.0,0.8571428571428571,0.07142857142857142
42002,OESTE,SC,Sul,2018,4,0,3,4,4,3,0,1,2,1,0,0,0.0,0.25,0.5,0.25,0.0,0.0,0.75,0.0
42002,OESTE,SC,Sul,2019,11,0,9,11,11,8,0,3,2,5,1,0,0.0,0.2727272727272727,0.18181818181818182,0.45454545454545453,0.09090909090909091,0.0,0.7272727272727273,0.09090909090909091
42002,OESTE,SC,Sul,2020,9,0,6,9,9,9,0,1,1,6,1,0,0.0,0.1111111111111111,0.1111111111111111,0.6666666666666666,0.1111111111111111,0.0,1.0,0.1111111111111111
42002,OESTE,SC,Sul,2021,2,0,1,2,2,2,0,0,2,0,0,0,0.0,0.0,1.0,0.0,0.0,0.0,1.0,0.0
42002,OESTE,SC,Sul,2022,2,0,2,2,2,2,0,0,0,0,2,0,0.0,0.0,0.0,0.0,1.0,0.0,1.0,1.0
42002,OESTE,SC,Sul,2023,7,0,7,7,7,7,0,0,1,5,1,0,0.0,0.0,0.14285714285714285,0.7142857142857143,0.14285714285714285,0.0,1.0,0.14285714285714285
42002,OESTE,SC,Sul,2024,11,0,9,11,11,9,0,1,5,3,2,0,0.0,0.09090909090909091,0.45454545454545453,0.2727272727272727,0.18181818181818182,0.0,0.8181818181818182,0.18181818181818182
42002,OESTE,SC,Sul,2025,15,1,14,15,15,14,0,2,4,4,2,3,0.0,0.13333333333333333,0.26666666666666666,0.26666666666666666,0.13333333333333333,0.2,0.9333333333333333,0.33333333333333337
42003,XANXERE,SC,Sul,2007,2,0,1,2,2,2,0,0,1,1,0,0,0.0,0.0,0.5,0.5,0.0,0.0,1.0,0.0
42003,XANXERE,SC,Sul,2008,11,0,11,11,11,9,1,3,5,2,0,0,0.09090909090909091,0.2727272727272727,0.45454545454545453,0.18181818181818182,0.0,0.0,0.8181818181818182,0.0
42003,XANXERE,SC,Sul,2009,2,0,2,2,2,2,0,1,1,0,0,0,0.0,0.5,0.5,0.0,0.0,0.0,1.0,0.0
42003,XANXERE,SC,Sul,2010,2,0,2,2,2,1,1,1,0,0,0,0,0.5,0.5,0.0,0.0,0.0,0.0,0.5,0.0
42003,XANXERE,SC,Sul,2011,1,0,1,1,1,1,0,1,0,0,0,0,0.0,1.0,0.0,0.0,0.0,0.0,1.0,0.0
42003,XANXERE,SC,Sul,2012,6,1,6,6,6,6,1,1,3,1,0,0,0.16666666666666666,0.16666666666666666,0.5,0.16666666666666666,0.0,0.0,1.0,0.0
42003,XANXERE,SC,Sul,2013,2,0,2,2,2,2,1,1,0,0,0,0,0.5,0.5,0.0,0.0,0.0,0.0,1.0,0.0
42003,XANXERE,SC,Sul,2014,1,0,1,1,1,1,0,0,0,1,0,0,0.0,0.0,0.0,1.0,0.0,0.0,1.0,0.0
42003,XANXERE,SC,Sul,2015,4,0,3,4,4,4,1,1,1,1,0,0,0.25,0.25,0.25,0.25,0.0,0.0,1.0,0.0
42003,XANXERE,SC,Sul,2016,3,0,3,3,3,3,0,0,1,2,0,0,0.0,0.0,0.3333333333333333,0.6666666666666666,0.0,0.0,1.0,0.0
42003,XANXERE,SC,Sul,2017,0,0,0,0,0,0,0,0,0,0,0,0,,,,,,,,
42003,XANXERE,SC,Sul,2018,4,0,4,4,4,4,0,1,1,1,1,0,0.0,0.25,0.25,0.25,0.25,0.0,1.0,0.25
42003,XANXERE,SC,Sul,2019,4,0,4,4,4,3,0,1,1,1,1,0,0.0,0.25,0.25,0.25,0.25,0.0,0.75,0.25
42003,XANXERE,SC,Sul,2020,2,0,1,2,2,2,0,1,0,1,0,0,0.0,0.5,0.0,0.5,0.0,0.0,1.0,0.0
42003,XANXERE,SC,Sul,2021,1,0,1,1,1,0,0,1,0,0,0,0,0.0,1.0,0.0,0.0,0.0,0.0,0.0,0.0
42003,XANXERE,SC,Sul,2022,4,1,4,4,4,4,1,0,3,0,0,0,0.25,0.0,0.75,0.0,0.0,0.0,1.0,0.0
42003,XANXERE,SC,Sul,2023,5,0,5,5,5,5,2,2,0,1,0,0,0.4,0.4,0.0,0.2,0.0,0.0,1.0,0.0
42003,XANXERE,SC,Sul,2024,6,0,6,6,6,5,1,1,3,1,0,0,0.16666666666666666,0.16666666666666666,0.5,0.16666666666666666,0.0,0.0,0.8333333333333334,0.0
42003,XANXERE,SC,Sul,2025,3,0,3,3,3,2,0,0,0,1,2,0,0.0,0.0,0.0,0.3333333333333333,0.6666666666666666,0.0,0.6666666666666666,0.6666666666666666
42004,ALTO VALE DO ITAJAI,SC,Sul,2007,13,0,13,13,13,12,0,6,5,2,0,0,0.0,0.46153846153846156,0.38461538461538464,0.15384615384615385,0.0,0.0,0.9230769230769231,0.0
42004,ALTO VALE DO ITAJAI,SC,Sul,2008,4,0,4,4,4,4,0,2,0,2,0,0,0.0,0.5,0.0,0.5,0.0,0.0,1.0,0.0
42004,ALTO VALE DO ITAJAI,SC,Sul,2009,12,0,11,12,12,11,1,4,2,5,0,0,0.08333333333333333,0.3333333333333333,0.16666666666666666,0.4166666666666667,0.0,0.0,0.9166666666666666,0.0
42004,ALTO VALE DO ITAJAI,SC,Sul,2010,17,2,16,17,17,16,1,1,6,8,1,0,0.058823529411764705,0.058823529411764705,0.35294117647058826,0.47058823529411764,0.058823529411764705,0.0,0.9411764705882353,0.058823529411764705
42004,ALTO VALE DO ITAJAI,SC,Sul,2011,43,1,42,43,43,30,2,17,12,10,1,1,0.046511627906976744,0.3953488372093023,0.27906976744186046,0.23255813953488372,0.023255813953488372,0.023255813953488372,0.6976744186046512,0.046511627906976744
42004,ALTO VALE DO ITAJAI,SC,Sul,2012,16,0,16,16,16,13,0,4,5,6,1,0,0.0,0.25,0.3125,0.375,0.0625,0.0,0.8125,0.0625
42004,ALTO VALE DO ITAJAI,SC,Sul,2013,15,0,14,15,15,13,0,4,7,4,0,0,0.0,0.26666666666666666,0.4666666666666667,0.26666666666666666,0.0,0.0,0.8666666666666667,0.0
42004,ALTO VALE DO ITAJAI,SC,Sul,2014,10,0,10,10,10,9,1,3,2,4,0,0,0.1,0.3,0.2,0.4,0.0,0.0,0.9,0.0
42004,ALTO VALE DO ITAJAI,SC,Sul,2015,16,1,16,16,16,14,1,4,3,5,3,0,0.0625,0.25,0.1875,0.3125,0.1875,0.0,0.875,0.1875
42004,ALTO VALE DO ITAJAI,SC,Sul,2016,28,0,25,28,28,27,1,7,11,7,2,0,0.03571428571428571,0.25,0.39285714285714285,0.25,0.07142857142857142,0.0,0.9642857142857143,0.07142857142857142
42004,ALTO VALE DO ITAJAI,SC,Sul,2017,18,0,17,18,18,17,0,7,7,3,1,0,0.0,0.3888888888888889,0.3888888888888889,0.16666666666666666,0.05555555555555555,0.0,0.9444444444444444,0.05555555555555555
42004,ALTO VALE DO ITAJAI,SC,Sul,2018,18,0,17,18,18,16,1,6,5,4,1,1,0.05555555555555555,0.3333333333333333,0.2777777777777778,0.2222222222222222,0.05555555555555555,0.05555555555555555,0.8888888888888888,0.1111111111111111
42004,ALTO VALE DO ITAJAI,SC,Sul,2019,10,0,10,10,10,10,0,2,4,3,1,0,0.0,0.2,0.4,0.3,0.1,0.0,1.0,0.1
42004,ALTO VALE DO ITAJAI,SC,Sul,2020,13,0,12,13,13,11,1,5,3,4,0,0,0.07692307692307693,0.38461538461538464,0.23076923076923078,0.3076923076923077,0.0,0.0,0.8461538461538461,0.0
42004,ALTO VALE DO ITAJAI,SC,Sul,2021,6,0,5,6,6,5,0,1,2,1,2,0,0.0,0.16666666666666666,0.3333333333333333,0.16666666666666666,0.3333333333333333,0.0,0.8333333333333334,0.3333333333333333
42004,ALTO VALE DO ITAJAI,SC,Sul,2022,7,1,7,7,7,7,0,1,1,5,0,0,0.0,0.14285714285714285,0.14285714285714285,0.7142857142857143,0.0,0.0,1.0,0.0
42004,ALTO VALE DO ITAJAI,SC,Sul,2023,39,0,39,39,39,34,2,4,14,12,6,1,0.05128205128205128,0.10256410256410256,0.358974358974359,0.3076923076923077,0.15384615384615385,0.02564102564102564,0.8717948717948718,0.1794871794871795
42004,ALTO VALE DO ITAJAI,SC,Sul,2024,16,0,15,16,16,13,0,4,6,5,1,0,0.0,0.25,0.375,0.3125,0.0625,0.0,0.8125,0.0625
42004,ALTO VALE DO ITAJAI,SC,Sul,2025,13,0,12,13,13,11,0,5,5,3,0,0,0.0,0.38461538461538464,0.38461538461538464,0.23076923076923078,0.0,0.0,0.8461538461538461,0.0
42005,FOZ DO RIO ITAJAI,SC,Sul,2007,22,2,21,22,22,16,1,6,8,5,2,0,0.045454545454545456,0.2727272727272727,0.36363636363636365,0.22727272727272727,0.09090909090909091,0.0,0.7272727272727273,0.09090909090909091
42005,FOZ DO RIO ITAJAI,SC,Sul,2008,269,3,260,269,269,175,34,110,77,39,6,3,0.12639405204460966,0.40892193308550184,0.2862453531598513,0.1449814126394052,0.022304832713754646,0.011152416356877323,0.6505576208178439,0.03345724907063197
42005,FOZ DO RIO ITAJAI,SC,Sul,2009,47,4,47,47,47,34,2,13,14,10,4,4,0.0425531914893617,0.2765957446808511,0.2978723404255319,0.2127659574468085,0.0851063829787234,0.0851063829787234,0.723404255319149,0.1702127659574468
42005,FOZ DO RIO ITAJAI,SC,Sul,2010,21,3,21,21,21,17,2,5,9,3,2,0,0.09523809523809523,0.23809523809523808,0.42857142857142855,0.14285714285714285,0.09523809523809523,0.0,0.8095238095238095,0.09523809523809523
42005,FOZ DO RIO ITAJAI,SC,Sul,2011,46,4,45,46,46,33,4,15,14,10,3,0,0.08695652173913043,0.32608695652173914,0.30434782608695654,0.21739130434782608,0.06521739130434782,0.0,0.717391304347826,0.06521739130434782
42005,FOZ DO RIO ITAJAI,SC,Sul,2012,18,0,18,18,18,14,2,6,8,2,0,0,0.1111111111111111,0.3333333333333333,0.4444444444444444,0.1111111111111111,0.0,0.0,0.7777777777777778,0.0
42005,FOZ DO RIO ITAJAI,SC,Sul,2013,20,1,19,20,20,17,0,3,5,7,4,1,0.0,0.15,0.25,0.35,0.2,0.05,0.85,0.25
42005,FOZ DO RIO ITAJAI,SC,Sul,2014,15,1,15,15,15,14,1,4,6,2,1,1,0.06666666666666667,0.26666666666666666,0.4,0.13333333333333333,0.06666666666666667,0.06666666666666667,0.9333333333333333,0.13333333333333333
42005,FOZ DO RIO ITAJAI,SC,Sul,2015,21,1,16,21,21,18,1,4,6,10,0,0,0.047619047619047616,0.19047619047619047,0.2857142857142857,0.47619047619047616,0.0,0.0,0.8571428571428571,0.0
42005,FOZ DO RIO ITAJAI,SC,Sul,2016,24,1,22,24,24,22,0,4,9,8,3,0,0.0,0.16666666666666666,0.375,0.3333333333333333,0.125,0.0,0.9166666666666666,0.125
42005,FOZ DO RIO ITAJAI,SC,Sul,2017,20,1,20,20,20,17,2,10,6,1,1,0,0.1,0.5,0.3,0.05,0.05,0.0,0.85,0.05
42005,FOZ DO RIO ITAJAI,SC,Sul,2018,14,2,13,14,14,11,1,2,4,6,1,0,0.07142857142857142,0.14285714285714285,0.2857142857142857,0.42857142857142855,0.07142857142857142,0.0,0.7857142857142857,0.07142857142857142
42005,FOZ DO RIO ITAJAI,SC,Sul,2019,22,1,19,22,22,19,1,4,5,11,1,0,0.045454545454545456,0.18181818181818182,0.22727272727272727,0.5,0.045454545454545456,0.0,0.8636363636363636,0.045454545454545456
42005,FOZ DO RIO ITAJAI,SC,Sul,2020,13,1,8,13,13,13,0,3,4,4,2,0,0.0,0.23076923076923078,0.3076923076923077,0.3076923076923077,0.15384615384615385,0.0,1.0,0.15384615384615385
42005,FOZ DO RIO ITAJAI,SC,Sul,2021,12,2,9,12,12,11,0,2,6,4,0,0,0.0,0.16666666666666666,0.5,0.3333333333333333,0.0,0.0,0.9166666666666666,0.0
42005,FOZ DO RIO ITAJAI,SC,Sul,2022,11,1,9,11,11,11,0,5,0,4,2,0,0.0,0.45454545454545453,0.0,0.36363636363636365,0.18181818181818182,0.0,1.0,0.18181818181818182
42005,FOZ DO RIO ITAJAI,SC,Sul,2023,23,4,22,23,23,18,1,6,5,7,3,1,0.043478260869565216,0.2608695652173913,0.21739130434782608,0.30434782608695654,0.13043478260869565,0.043478260869565216,0.782608695652174,0.17391304347826086
42005,FOZ DO RIO ITAJAI,SC,Sul,2024,14,1,14,14,14,11,0,3,6,5,0,0,0.0,0.21428571428571427,0.42857142857142855,0.35714285714285715,0.0,0.0,0.7857142857142857,0.0
42005,FOZ DO RIO ITAJAI,SC,Sul,2025,17,1,15,17,17,14,1,4,6,4,2,0,0.058823529411764705,0.23529411764705882,0.35294117647058826,0.23529411764705882,0.11764705882352941,0.0,0.8235294117647058,0.11764705882352941
42006,MEDIO VALE DO ITAJAI,SC,Sul,2007,53,1,52,53,53,49,3,16,13,19,1,1,0.05660377358490566,0.3018867924528302,0.24528301886792453,0.3584905660377358,0.018867924528301886,0.018867924528301886,0.9245283018867925,0.03773584905660377
42006,MEDIO VALE DO ITAJAI,SC,Sul,2008,238,1,230,238,238,169,32,98,65,36,7,0,0.13445378151260504,0.4117647058823529,0.27310924369747897,0.15126050420168066,0.029411764705882353,0.0,0.7100840336134454,0.029411764705882353
42006,MEDIO VALE DO ITAJAI,SC,Sul,2009,49,0,47,49,49,40,5,12,18,10,2,2,0.10204081632653061,0.24489795918367346,0.3673469387755102,0.20408163265306123,0.04081632653061224,0.04081632653061224,0.8163265306122449,0.08163265306122448
42006,MEDIO VALE DO ITAJAI,SC,Sul,2010,37,1,36,37,37,34,0,15,12,9,1,0,0.0,0.40540540540540543,0.32432432432432434,0.24324324324324326,0.02702702702702703,0.0,0.918918918918919,0.02702702702702703
42006,MEDIO VALE DO ITAJAI,SC,Sul,2011,120,2,105,120,120,97,6,35,43,29,7,0,0.05,0.2916666666666667,0.35833333333333334,0.24166666666666667,0.058333333333333334,0.0,0.8083333333333333,0.058333333333333334
42006,MEDIO VALE DO ITAJAI,SC,Sul,2012,37,1,37,37,37,33,4,12,11,10,0,0,0.10810810810810811,0.32432432432432434,0.2972972972972973,0.2702702702702703,0.0,0.0,0.8918918918918919,0.0
42006,MEDIO VALE DO ITAJAI,SC,Sul,2013,28,0,28,28,28,26,3,9,10,4,2,0,0.10714285714285714,0.32142857142857145,0.35714285714285715,0.14285714285714285,0.07142857142857142,0.0,0.9285714285714286,0.07142857142857142
42006,MEDIO VALE DO ITAJAI,SC,Sul,2014,42,1,37,42,42,35,4,16,10,8,4,0,0.09523809523809523,0.38095238095238093,0.23809523809523808,0.19047619047619047,0.09523809523809523,0.0,0.8333333333333334,0.09523809523809523
42006,MEDIO VALE DO ITAJAI,SC,Sul,2015,66,1,64,66,66,59,3,17,22,20,4,0,0.045454545454545456,0.25757575757575757,0.3333333333333333,0.30303030303030304,0.06060606060606061,0.0,0.8939393939393939,0.06060606060606061
42006,MEDIO VALE DO ITAJAI,SC,Sul,2016,39,2,39,39,39,36,2,8,15,12,2,0,0.05128205128205128,0.20512820512820512,0.38461538461538464,0.3076923076923077,0.05128205128205128,0.0,0.9230769230769231,0.05128205128205128
42006,MEDIO VALE DO ITAJAI,SC,Sul,2017,36,1,34,36,36,31,3,7,8,13,4,1,0.08333333333333333,0.19444444444444445,0.2222222222222222,0.3611111111111111,0.1111111111111111,0.027777777777777776,0.8611111111111112,0.1388888888888889
42006,MEDIO VALE DO ITAJAI,SC,Sul,2018,26,1,26,26,26,23,1,8,6,8,2,1,0.038461538461538464,0.3076923076923077,0.23076923076923078,0.3076923076923077,0.07692307692307693,0.038461538461538464,0.8846153846153846,0.11538461538461539
42006,MEDIO VALE DO ITAJAI,SC,Sul,2019,19,1,19,19,19,17,0,2,6,3,6,2,0.0,0.10526315789473684,0.3157894736842105,0.15789473684210525,0.3157894736842105,0.10526315789473684,0.8947368421052632,0.42105263157894735
42006,MEDIO VALE DO ITAJAI,SC,Sul,2020,17,1,16,17,17,16,0,4,3,7,3,0,0.0,0.23529411764705882,0.17647058823529413,0.4117647058823529,0.17647058823529413,0.0,0.9411764705882353,0.17647058823529413
42006,MEDIO VALE DO ITAJAI,SC,Sul,2021,21,2,21,21,21,18,0,2,4,12,3,0,0.0,0.09523809523809523,0.19047619047619047,0.5714285714285714,0.14285714285714285,0.0,0.8571428571428571,0.14285714285714285
42006,MEDIO VALE DO ITAJAI,SC,Sul,2022,37,3,36,37,37,33,1,4,16,8,7,1,0.02702702702702703,0.10810810810810811,0.43243243243243246,0.21621621621621623,0.1891891891891892,0.02702702702702703,0.8918918918918919,0.21621621621621623
42006,MEDIO VALE DO ITAJAI,SC,Sul,2023,37,0,37,37,37,28,1,5,9,13,6,3,0.02702702702702703,0.13513513513513514,0.24324324324324326,0.35135135135135137,0.16216216216216217,0.08108108108108109,0.7567567567567568,0.24324324324324326
42006,MEDIO VALE DO ITAJAI,SC,Sul,2024,22,0,22,22,22,19,2,2,6,6,6,0,0.09090909090909091,0.09090909090909091,0.2727272727272727,0.2727272727272727,0.2727272727272727,0.0,0.8636363636363636,0.2727272727272727
42006,MEDIO VALE DO ITAJAI,SC,Sul,2025,31,1,31,31,31,28,0,5,7,11,6,2,0.0,0.16129032258064516,0.22580645161290322,0.3548387096774194,0.1935483870967742,0.06451612903225806,0.9032258064516129,0.25806451612903225
42007,GRANDE FLORIANOPOLIS,SC,Sul,2007,51,2,51,51,51,40,4,13,17,13,3,1,0.0784313725490196,0.2549019607843137,0.3333333333333333,0.2549019607843137,0.058823529411764705,0.0196078431372549,0.7843137254901961,0.0784313725490196
42007,GRANDE FLORIANOPOLIS,SC,Sul,2008,113,6,109,113,113,98,11,37,39,18,8,0,0.09734513274336283,0.3274336283185841,0.34513274336283184,0.1592920353982301,0.07079646017699115,0.0,0.8672566371681416,0.07079646017699115
42007,GRANDE FLORIANOPOLIS,SC,Sul,2009,69,2,62,69,69,55,6,24,25,11,3,0,0.08695652173913043,0.34782608695652173,0.36231884057971014,0.15942028985507245,0.043478260869565216,0.0,0.7971014492753623,0.043478260869565216
42007,GRANDE FLORIANOPOLIS,SC,Sul,2010,98,5,94,98,98,83,4,28,33,27,6,0,0.04081632653061224,0.2857142857142857,0.336734693877551,0.2755102040816326,0.061224489795918366,0.0,0.8469387755102041,0.061224489795918366
42007,GRANDE FLORIANOPOLIS,SC,Sul,2011,127,3,125,127,127,110,5,45,33,34,9,1,0.03937007874015748,0.3543307086614173,0.25984251968503935,0.2677165354330709,0.07086614173228346,0.007874015748031496,0.8661417322834646,0.07874015748031496
42007,GRANDE FLORIANOPOLIS,SC,Sul,2012,94,4,93,94,94,72,5,25,27,26,8,3,0.05319148936170213,0.26595744680851063,0.2872340425531915,0.2765957446808511,0.0851063829787234,0.031914893617021274,0.7659574468085106,0.11702127659574468
42007,GRANDE FLORIANOPOLIS,SC,Sul,2013,96,1,92,96,96,85,8,28,20,31,6,3,0.08333333333333333,0.2916666666666667,0.20833333333333334,0.3229166666666667,0.0625,0.03125,0.8854166666666666,0.09375
42007,GRANDE FLORIANOPOLIS,SC,Sul,2014,88,2,87,88,88,75,3,25,27,24,7,2,0.03409090909090909,0.2840909090909091,0.3068181818181818,0.2727272727272727,0.07954545454545454,0.022727272727272728,0.8522727272727273,0.10227272727272727
42007,GRANDE FLORIANOPOLIS,SC,Sul,2015,138,4,129,138,138,119,4,27,44,46,14,3,0.028985507246376812,0.1956521739130435,0.3188405797101449,0.3333333333333333,0.10144927536231885,0.021739130434782608,0.8623188405797102,0.12318840579710146
42007,GRANDE FLORIANOPOLIS,SC,Sul,2016,71,2,70,71,71,66,4,13,19,25,8,2,0.056338028169014086,0.18309859154929578,0.2676056338028169,0.352112676056338,0.11267605633802817,0.028169014084507043,0.9295774647887324,0.14084507042253522
42007,GRANDE FLORIANOPOLIS,SC,Sul,2017,75,4,72,75,75,67,3,24,25,18,5,0,0.04,0.32,0.3333333333333333,0.24,0.06666666666666667,0.0,0.8933333333333333,0.06666666666666667
42007,GRANDE FLORIANOPOLIS,SC,Sul,2018,73,1,70,73,73,62,3,12,28,18,10,2,0.0410958904109589,0.1643835616438356,0.3835616438356164,0.2465753424657534,0.136986301369863,0.0273972602739726,0.8493150684931506,0.1643835616438356
42007,GRANDE FLORIANOPOLIS,SC,Sul,2019,61,3,52,61,61,50,1,16,17,21,4,2,0.01639344262295082,0.26229508196721313,0.2786885245901639,0.3442622950819672,0.06557377049180328,0.03278688524590164,0.819672131147541,0.09836065573770492
42007,GRANDE FLORIANOPOLIS,SC,Sul,2020,32,0,29,32,31,29,2,6,7,12,4,1,0.0625,0.1875,0.21875,0.375,0.125,0.03125,0.9354838709677419,0.15625
42007,GRANDE FLORIANOPOLIS,SC,Sul,2021,41,1,35,41,41,35,5,7,12,14,3,0,0.12195121951219512,0.17073170731707318,0.2926829268292683,0.34146341463414637,0.07317073170731707,0.0,0.8536585365853658,0.07317073170731707
42007,GRANDE FLORIANOPOLIS,SC,Sul,2022,52,2,47,52,52,40,2,7,20,17,5,1,0.038461538461538464,0.1346153846153846,0.38461538461538464,0.3269230769230769,0.09615384615384616,0.019230769230769232,0.7692307692307693,0.11538461538461539
42007,GRANDE FLORIANOPOLIS,SC,Sul,2023,51,3,50,51,51,42,2,9,18,17,4,1,0.0392156862745098,0.17647058823529413,0.35294117647058826,0.3333333333333333,0.0784313725490196,0.0196078431372549,0.8235294117647058,0.09803921568627451
42007,GRANDE FLORIANOPOLIS,SC,Sul,2024,63,5,61,63,63,50,4,7,21,20,8,3,0.06349206349206349,0.1111111111111111,0.3333333333333333,0.31746031746031744,0.12698412698412698,0.047619047619047616,0.7936507936507936,0.1746031746031746
42007,GRANDE FLORIANOPOLIS,SC,Sul,2025,58,3,54,58,58,46,2,10,20,18,8,0,0.034482758620689655,0.1724137931034483,0.3448275862068966,0.3103448275862069,0.13793103448275862,0.0,0.7931034482758621,0.13793103448275862
42008,MEIO OESTE,SC,Sul,2007,4,0,4,4,4,2,1,1,1,1,0,0,0.25,0.25,0.25,0.25,0.0,0.0,0.5,0.0
42008,MEIO OESTE,SC,Sul,2008,7,0,7,7,7,5,2,2,2,1,0,0,0.2857142857142857,0.2857142857142857,0.2857142857142857,0.14285714285714285,0.0,0.0,0.7142857142857143,0.0
42008,MEIO OESTE,SC,Sul,2009,4,0,4,4,4,3,0,0,3,1,0,0,0.0,0.0,0.75,0.25,0.0,0.0,0.75,0.0
42008,MEIO OESTE,SC,Sul,2010,4,0,4,4,4,3,0,0,1,2,1,0,0.0,0.0,0.25,0.5,0.25,0.0,0.75,0.25
42008,MEIO OESTE,SC,Sul,2011,2,0,2,2,2,1,0,0,1,1,0,0,0.0,0.0,0.5,0.5,0.0,0.0,0.5,0.0
42008,MEIO OESTE,SC,Sul,2012,5,0,5,5,5,5,1,1,3,0,0,0,0.2,0.2,0.6,0.0,0.0,0.0,1.0,0.0
42008,MEIO OESTE,SC,Sul,2013,1,0,1,1,1,1,0,0,1,0,0,0,0.0,0.0,1.0,0.0,0.0,0.0,1.0,0.0
42008,MEIO OESTE,SC,Sul,2014,4,0,4,4,4,4,0,1,0,2,1,0,0.0,0.25,0.0,0.5,0.25,0.0,1.0,0.25
42008,MEIO OESTE,SC,Sul,2015,3,1,3,3,3,3,0,0,3,0,0,0,0.0,0.0,1.0,0.0,0.0,0.0,1.0,0.0
42008,MEIO OESTE,SC,Sul,2016,2,1,2,2,2,1,0,0,0,1,1,0,0.0,0.0,0.0,0.5,0.5,0.0,0.5,0.5
42008,MEIO OESTE,SC,Sul,2017,4,0,4,4,4,4,1,1,2,0,0,0,0.25,0.25,0.5,0.0,0.0,0.0,1.0,0.0
42008,MEIO OESTE,SC,Sul,2018,2,0,2,2,2,2,0,1,0,1,0,0,0.0,0.5,0.0,0.5,0.0,0.0,1.0,0.0
42008,MEIO OESTE,SC,Sul,2019,3,0,3,3,3,3,0,1,0,2,0,0,0.0,0.3333333333333333,0.0,0.6666666666666666,0.0,0.0,1.0,0.0
42008,MEIO OESTE,SC,Sul,2020,0,0,0,0,0,0,0,0,0,0,0,0,,,,,,,,
42008,MEIO OESTE,SC,Sul,2021,2,0,2,2,2,2,0,0,2,0,0,0,0.0,0.0,1.0,0.0,0.0,0.0,1.0,0.0
42008,MEIO OESTE,SC,Sul,2022,2,0,2,2,2,1,0,0,1,1,0,0,0.0,0.0,0.5,0.5,0.0,0.0,0.5,0.0
42008,MEIO OESTE,SC,Sul,2023,2,0,2,2,2,2,0,0,2,0,0,0,0.0,0.0,1.0,0.0,0.0,0.0,1.0,0.0
42008,MEIO OESTE,SC,Sul,2024,2,0,2,2,2,2,0,0,0,2,0,0,0.0,0.0,0.0,1.0,0.0,0.0,1.0,0.0
42008,MEIO OESTE,SC,Sul,2025,6,0,6,6,6,5,0,0,1,1,4,0,0.0,0.0,0.16666666666666666,0.16666666666666666,0.6666666666666666,0.0,0.8333333333333334,0.6666666666666666
42009,ALTO VALE DO RIO DO PEIXE,SC,Sul,2007,2,0,2,2,2,2,0,1,1,0,0,0,0.0,0.5,0.5,0.0,0.0,0.0,1.0,0.0
42009,ALTO VALE DO RIO DO PEIXE,SC,Sul,2008,7,1,7,7,7,6,0,4,1,2,0,0,0.0,0.5714285714285714,0.14285714285714285,0.2857142857142857,0.0,0.0,0.8571428571428571,0.0
42009,ALTO VALE DO RIO DO PEIXE,SC,Sul,2009,6,0,6,6,6,3,0,3,2,1,0,0,0.0,0.5,0.3333333333333333,0.16666666666666666,0.0,0.0,0.5,0.0
42009,ALTO VALE DO RIO DO PEIXE,SC,Sul,2010,1,0,1,1,1,1,0,1,0,0,0,0,0.0,1.0,0.0,0.0,0.0,0.0,1.0,0.0
42009,ALTO VALE DO RIO DO PEIXE,SC,Sul,2011,1,0,1,1,1,1,0,0,1,0,0,0,0.0,0.0,1.0,0.0,0.0,0.0,1.0,0.0
42009,ALTO VALE DO RIO DO PEIXE,SC,Sul,2012,3,0,3,3,3,2,0,0,2,1,0,0,0.0,0.0,0.6666666666666666,0.3333333333333333,0.0,0.0,0.6666666666666666,0.0
42009,ALTO VALE DO RIO DO PEIXE,SC,Sul,2013,0,0,0,0,0,0,0,0,0,0,0,0,,,,,,,,
42009,ALTO VALE DO RIO DO PEIXE,SC,Sul,2014,5,0,5,5,5,3,0,1,2,1,1,0,0.0,0.2,0.4,0.2,0.2,0.0,0.6,0.2
42009,ALTO VALE DO RIO DO PEIXE,SC,Sul,2015,3,0,3,3,3,2,0,1,0,1,0,1,0.0,0.3333333333333333,0.0,0.3333333333333333,0.0,0.3333333333333333,0.6666666666666666,0.3333333333333333
42009,ALTO VALE DO RIO DO PEIXE,SC,Sul,2016,3,0,3,3,3,3,0,0,2,0,1,0,0.0,0.0,0.6666666666666666,0.0,0.3333333333333333,0.0,1.0,0.3333333333333333
42009,ALTO VALE DO RIO DO PEIXE,SC,Sul,2017,5,0,5,5,5,5,0,3,1,1,0,0,0.0,0.6,0.2,0.2,0.0,0.0,1.0,0.0
42009,ALTO VALE DO RIO DO PEIXE,SC,Sul,2018,1,0,1,1,1,1,0,1,0,0,0,0,0.0,1.0,0.0,0.0,0.0,0.0,1.0,0.0
42009,ALTO VALE DO RIO DO PEIXE,SC,Sul,2019,1,0,1,1,1,1,0,0,1,0,0,0,0.0,0.0,1.0,0.0,0.0,0.0,1.0,0.0
42009,ALTO VALE DO RIO DO PEIXE,SC,Sul,2020,2,1,2,2,2,2,0,0,0,1,1,0,0.0,0.0,0.0,0.5,0.5,0.0,1.0,0.5
42009,ALTO VALE DO RIO DO PEIXE,SC,Sul,2021,0,0,0,0,0,0,0,0,0,0,0,0,,,,,,,,
42009,ALTO VALE DO RIO DO PEIXE,SC,Sul,2022,2,0,2,2,2,2,0,1,0,1,0,0,0.0,0.5,0.0,0.5,0.0,0.0,1.0,0.0
42009,ALTO VALE DO RIO DO PEIXE,SC,Sul,2023,4,0,4,4,4,3,0,1,0,1,1,1,0.0,0.25,0.0,0.25,0.25,0.25,0.75,0.5
42009,ALTO VALE DO RIO DO PEIXE,SC,Sul,2024,4,1,4,4,4,2,0,2,1,0,0,1,0.0,0.5,0.25,0.0,0.0,0.25,0.5,0.25
42009,ALTO VALE DO RIO DO PEIXE,SC,Sul,2025,4,0,4,4,4,4,0,1,1,1,1,0,0.0,0.25,0.25,0.25,0.25,0.0,1.0,0.25
42010,ALTO URUGUAI CATARINENSE,SC,Sul,2007,11,0,11,11,11,7,1,4,2,4,0,0,0.09090909090909091,0.36363636363636365,0.18181818181818182,0.36363636363636365,0.0,0.0,0.6363636363636364,0.0
42010,ALTO URUGUAI CATARINENSE,SC,Sul,2008,10,0,10,10,10,9,0,5,4,1,0,0,0.0,0.5,0.4,0.1,0.0,0.0,0.9,0.0
42010,ALTO URUGUAI CATARINENSE,SC,Sul,2009,8,0,8,8,8,6,0,2,3,2,1,0,0.0,0.25,0.375,0.25,0.125,0.0,0.75,0.125
42010,ALTO URUGUAI CATARINENSE,SC,Sul,2010,11,1,11,11,11,9,1,1,5,4,0,0,0.09090909090909091,0.09090909090909091,0.45454545454545453,0.36363636363636365,0.0,0.0,0.8181818181818182,0.0
42010,ALTO URUGUAI CATARINENSE,SC,Sul,2011,5,0,5,5,5,4,2,1,2,0,0,0,0.4,0.2,0.4,0.0,0.0,0.0,0.8,0.0
42010,ALTO URUGUAI CATARINENSE,SC,Sul,2012,11,0,11,11,11,11,1,5,3,2,0,0,0.09090909090909091,0.45454545454545453,0.2727272727272727,0.18181818181818182,0.0,0.0,1.0,0.0
42010,ALTO URUGUAI CATARINENSE,SC,Sul,2013,14,0,13,14,14,13,1,3,4,3,1,2,0.07142857142857142,0.21428571428571427,0.2857142857142857,0.21428571428571427,0.07142857142857142,0.14285714285714285,0.9285714285714286,0.21428571428571427
42010,ALTO URUGUAI CATARINENSE,SC,Sul,2014,11,0,10,11,11,11,0,4,3,3,1,0,0.0,0.36363636363636365,0.2727272727272727,0.2727272727272727,0.09090909090909091,0.0,1.0,0.09090909090909091
42010,ALTO URUGUAI CATARINENSE,SC,Sul,2015,17,1,16,17,17,11,2,1,6,3,3,2,0.11764705882352941,0.058823529411764705,0.35294117647058826,0.17647058823529413,0.17647058823529413,0.11764705882352941,0.6470588235294118,0.29411764705882354
42010,ALTO URUGUAI CATARINENSE,SC,Sul,2016,12,0,11,12,12,10,1,2,3,5,1,0,0.08333333333333333,0.16666666666666666,0.25,0.4166666666666667,0.08333333333333333,0.0,0.8333333333333334,0.08333333333333333
42010,ALTO URUGUAI CATARINENSE,SC,Sul,2017,9,0,8,9,9,7,1,1,1,5,1,0,0.1111111111111111,0.1111111111111111,0.1111111111111111,0.5555555555555556,0.1111111111111111,0.0,0.7777777777777778,0.1111111111111111
42010,ALTO URUGUAI CATARINENSE,SC,Sul,2018,7,0,6,7,7,7,1,1,2,2,1,0,0.14285714285714285,0.14285714285714285,0.2857142857142857,0.2857142857142857,0.14285714285714285,0.0,1.0,0.14285714285714285
42010,ALTO URUGUAI CATARINENSE,SC,Sul,2019,12,0,12,12,12,10,0,3,3,5,1,0,0.0,0.25,0.25,0.4166666666666667,0.08333333333333333,0.0,0.8333333333333334,0.08333333333333333
42010,ALTO URUGUAI CATARINENSE,SC,Sul,2020,4,0,4,4,4,2,0,1,1,1,1,0,0.0,0.25,0.25,0.25,0.25,0.0,0.5,0.25
42010,ALTO URUGUAI CATARINENSE,SC,Sul,2021,1,0,1,1,1,1,1,0,0,0,0,0,1.0,0.0,0.0,0.0,0.0,0.0,1.0,0.0
42010,ALTO URUGUAI CATARINENSE,SC,Sul,2022,4,1,4,4,4,2,0,2,2,0,0,0,0.0,0.5,0.5,0.0,0.0,0.0,0.5,0.0
42010,ALTO URUGUAI CATARINENSE,SC,Sul,2023,7,1,7,7,7,4,0,0,2,4,1,0,0.0,0.0,0.2857142857142857,0.5714285714285714,0.14285714285714285,0.0,0.5714285714285714,0.14285714285714285
42010,ALTO URUGUAI CATARINENSE,SC,Sul,2024,4,0,4,4,4,4,0,0,1,0,3,0,0.0,0.0,0.25,0.0,0.75,0.0,1.0,0.75
42010,ALTO URUGUAI CATARINENSE,SC,Sul,2025,1,0,1,1,1,0,0,0,1,0,0,0,0.0,0.0,1.0,0.0,0.0,0.0,0.0,0.0
42011,NORDESTE,SC,Sul,2007,29,5,29,29,29,23,1,6,10,8,4,0,0.034482758620689655,0.20689655172413793,0.3448275862068966,0.27586206896551724,0.13793103448275862,0.0,0.7931034482758621,0.13793103448275862
42011,NORDESTE,SC,Sul,2008,94,10,94,94,94,68,12,24,39,14,3,2,0.1276595744680851,0.2553191489361702,0.4148936170212766,0.14893617021276595,0.031914893617021274,0.02127659574468085,0.723404255319149,0.05319148936170212
42011,NORDESTE,SC,Sul,2009,65,9,65,65,65,53,4,15,27,15,3,1,0.06153846153846154,0.23076923076923078,0.4153846153846154,0.23076923076923078,0.046153846153846156,0.015384615384615385,0.8153846153846154,0.06153846153846154
42011,NORDESTE,SC,Sul,2010,71,7,70,71,71,60,4,17,24,20,5,1,0.056338028169014086,0.23943661971830985,0.3380281690140845,0.28169014084507044,0.07042253521126761,0.014084507042253521,0.8450704225352113,0.08450704225352113
42011,NORDESTE,SC,Sul,2011,72,3,71,72,72,62,2,22,26,16,6,0,0.027777777777777776,0.3055555555555556,0.3611111111111111,0.2222222222222222,0.08333333333333333,0.0,0.8611111111111112,0.08333333333333333
42011,NORDESTE,SC,Sul,2012,43,1,42,43,43,35,0,13,13,11,5,1,0.0,0.3023255813953488,0.3023255813953488,0.2558139534883721,0.11627906976744186,0.023255813953488372,0.813953488372093,0.13953488372093023
42011,NORDESTE,SC,Sul,2013,42,3,42,42,42,34,4,14,15,7,2,0,0.09523809523809523,0.3333333333333333,0.35714285714285715,0.16666666666666666,0.047619047619047616,0.0,0.8095238095238095,0.047619047619047616
42011,NORDESTE,SC,Sul,2014,42,4,42,42,42,36,0,11,7,21,3,0,0.0,0.2619047619047619,0.16666666666666666,0.5,0.07142857142857142,0.0,0.8571428571428571,0.07142857142857142
42011,NORDESTE,SC,Sul,2015,80,4,80,80,80,62,0,18,33,22,5,2,0.0,0.225,0.4125,0.275,0.0625,0.025,0.775,0.0875
42011,NORDESTE,SC,Sul,2016,50,1,49,50,50,48,1,9,17,15,6,2,0.02,0.18,0.34,0.3,0.12,0.04,0.96,0.16
42011,NORDESTE,SC,Sul,2017,25,3,24,25,25,20,0,6,6,7,5,1,0.0,0.24,0.24,0.28,0.2,0.04,0.8,0.24000000000000002
42011,NORDESTE,SC,Sul,2018,18,0,18,18,18,16,0,0,6,8,3,1,0.0,0.0,0.3333333333333333,0.4444444444444444,0.16666666666666666,0.05555555555555555,0.8888888888888888,0.2222222222222222
42011,NORDESTE,SC,Sul,2019,37,1,37,37,37,31,0,8,9,14,5,1,0.0,0.21621621621621623,0.24324324324324326,0.3783783783783784,0.13513513513513514,0.02702702702702703,0.8378378378378378,0.16216216216216217
42011,NORDESTE,SC,Sul,2020,19,2,18,19,19,19,1,5,5,4,2,2,0.05263157894736842,0.2631578947368421,0.2631578947368421,0.21052631578947367,0.10526315789473684,0.10526315789473684,1.0,0.21052631578947367
42011,NORDESTE,SC,Sul,2021,16,3,16,16,16,15,0,2,3,7,3,1,0.0,0.125,0.1875,0.4375,0.1875,0.0625,0.9375,0.25
42011,NORDESTE,SC,Sul,2022,22,2,22,22,22,18,1,5,7,6,3,0,0.045454545454545456,0.22727272727272727,0.3181818181818182,0.2727272727272727,0.13636363636363635,0.0,0.8181818181818182,0.13636363636363635
42011,NORDESTE,SC,Sul,2023,37,5,36,37,37,34,0,12,7,13,5,0,0.0,0.32432432432432434,0.1891891891891892,0.35135135135135137,0.13513513513513514,0.0,0.918918918918919,0.13513513513513514
42011,NORDESTE,SC,Sul,2024,36,4,36,36,36,30,0,9,12,6,4,5,0.0,0.25,0.3333333333333333,0.16666666666666666,0.1111111111111111,0.1388888888888889,0.8333333333333334,0.25
42011,NORDESTE,SC,Sul,2025,44,2,44,44,44,36,1,13,5,16,5,4,0.022727272727272728,0.29545454545454547,0.11363636363636363,0.36363636363636365,0.11363636363636363,0.09090909090909091,0.8181818181818182,0.20454545454545453
42012,PLANALTO NORTE,SC,Sul,2007,5,1,5,5,5,5,0,3,2,0,0,0,0.0,0.6,0.4,0.0,0.0,0.0,1.0,0.0
42012,PLANALTO NORTE,SC,Sul,2008,5,0,5,5,5,3,0,3,1,0,1,0,0.0,0.6,0.2,0.0,0.2,0.0,0.6,0.2
42012,PLANALTO NORTE,SC,Sul,2009,3,1,3,3,3,2,0,1,0,1,1,0,0.0,0.3333333333333333,0.0,0.3333333333333333,0.3333333333333333,0.0,0.6666666666666666,0.3333333333333333
42012,PLANALTO NORTE,SC,Sul,2010,8,1,8,8,8,8,1,2,3,2,0,0,0.125,0.25,0.375,0.25,0.0,0.0,1.0,0.0
42012,PLANALTO NORTE,SC,Sul,2011,7,0,6,7,7,6,0,3,1,3,0,0,0.0,0.42857142857142855,0.14285714285714285,0.42857142857142855,0.0,0.0,0.8571428571428571,0.0
42012,PLANALTO NORTE,SC,Sul,2012,16,1,16,16,16,13,1,4,6,5,0,0,0.0625,0.25,0.375,0.3125,0.0,0.0,0.8125,0.0
42012,PLANALTO NORTE,SC,Sul,2013,9,0,9,9,9,7,1,2,3,3,0,0,0.1111111111111111,0.2222222222222222,0.3333333333333333,0.3333333333333333,0.0,0.0,0.7777777777777778,0.0
42012,PLANALTO NORTE,SC,Sul,2014,4,0,4,4,4,3,1,1,1,1,0,0,0.25,0.25,0.25,0.25,0.0,0.0,0.75,0.0
42012,PLANALTO NORTE,SC,Sul,2015,11,0,11,11,11,10,1,5,3,2,0,0,0.09090909090909091,0.45454545454545453,0.2727272727272727,0.18181818181818182,0.0,0.0,0.9090909090909091,0.0
42012,PLANALTO NORTE,SC,Sul,2016,9,0,9,9,9,9,0,5,2,1,1,0,0.0,0.5555555555555556,0.2222222222222222,0.1111111111111111,0.1111111111111111,0.0,1.0,0.1111111111111111
42012,PLANALTO NORTE,SC,Sul,2017,5,0,5,5,5,4,0,3,1,0,1,0,0.0,0.6,0.2,0.0,0.2,0.0,0.8,0.2
42012,PLANALTO NORTE,SC,Sul,2018,7,0,7,7,7,7,0,0,3,3,1,0,0.0,0.0,0.42857142857142855,0.42857142857142855,0.14285714285714285,0.0,1.0,0.14285714285714285
42012,PLANALTO NORTE,SC,Sul,2019,4,0,4,4,4,1,0,2,1,0,0,1,0.0,0.5,0.25,0.0,0.0,0.25,0.25,0.25
42012,PLANALTO NORTE,SC,Sul,2020,3,0,3,3,3,3,0,2,0,1,0,0,0.0,0.6666666666666666,0.0,0.3333333333333333,0.0,0.0,1.0,0.0
42012,PLANALTO NORTE,SC,Sul,2021,3,0,3,3,3,3,0,1,0,2,0,0,0.0,0.3333333333333333,0.0,0.6666666666666666,0.0,0.0,1.0,0.0
42012,PLANALTO NORTE,SC,Sul,2022,4,0,4,4,4,4,0,2,1,1,0,0,0.0,0.5,0.25,0.25,0.0,0.0,1.0,0.0
42012,PLANALTO NORTE,SC,Sul,2023,14,1,14,14,14,12,1,3,3,7,0,0,0.07142857142857142,0.21428571428571427,0.21428571428571427,0.5,0.0,0.0,0.8571428571428571,0.0
42012,PLANALTO NORTE,SC,Sul,2024,5,0,5,5,5,5,0,0,3,1,1,0,0.0,0.0,0.6,0.2,0.2,0.0,1.0,0.2
42012,PLANALTO NORTE,SC,Sul,2025,3,0,2,3,3,3,0,2,0,0,1,0,0.0,0.6666666666666666,0.0,0.0,0.3333333333333333,0.0,1.0,0.3333333333333333
42013,SERRA CATARINENSE,SC,Sul,2007,4,0,4,4,4,3,1,1,1,1,0,0,0.25,0.25,0.25,0.25,0.0,0.0,0.75,0.0
42013,SERRA CATARINENSE,SC,Sul,2008,1,0,0,1,1,1,0,0,1,0,0,0,0.0,0.0,1.0,0.0,0.0,0.0,1.0,0.0
42013,SERRA CATARINENSE,SC,Sul,2009,0,0,0,0,0,0,0,0,0,0,0,0,,,,,,,,
42013,SERRA CATARINENSE,SC,Sul,2010,2,0,1,2,2,2,0,1,0,1,0,0,0.0,0.5,0.0,0.5,0.0,0.0,1.0,0.0
42013,SERRA CATARINENSE,SC,Sul,2011,3,0,1,3,3,3,0,0,2,1,0,0,0.0,0.0,0.6666666666666666,0.3333333333333333,0.0,0.0,1.0,0.0
42013,SERRA CATARINENSE,SC,Sul,2012,4,0,3,4,4,3,1,0,2,1,0,0,0.25,0.0,0.5,0.25,0.0,0.0,0.75,0.0
42013,SERRA CATARINENSE,SC,Sul,2013,2,0,2,2,2,2,0,0,1,1,0,0,0.0,0.0,0.5,0.5,0.0,0.0,1.0,0.0
42013,SERRA CATARINENSE,SC,Sul,2014,4,0,4,4,4,3,0,0,3,1,0,0,0.0,0.0,0.75,0.25,0.0,0.0,0.75,0.0
42013,SERRA CATARINENSE,SC,Sul,2015,2,0,2,2,2,1,0,1,0,0,0,1,0.0,0.5,0.0,0.0,0.0,0.5,0.5,0.5
42013,SERRA CATARINENSE,SC,Sul,2016,1,0,1,1,1,1,1,0,0,0,0,0,1.0,0.0,0.0,0.0,0.0,0.0,1.0,0.0
42013,SERRA CATARINENSE,SC,Sul,2017,3,0,3,3,3,3,1,0,0,1,1,0,0.3333333333333333,0.0,0.0,0.3333333333333333,0.3333333333333333,0.0,1.0,0.3333333333333333
42013,SERRA CATARINENSE,SC,Sul,2018,1,0,1,1,1,1,0,0,0,0,1,0,0.0,0.0,0.0,0.0,1.0,0.0,1.0,1.0
42013,SERRA CATARINENSE,SC,Sul,2019,3,0,3,3,3,2,0,0,0,3,0,0,0.0,0.0,0.0,1.0,0.0,0.0,0.6666666666666666,0.0
42013,SERRA CATARINENSE,SC,Sul,2020,0,0,0,0,0,0,0,0,0,0,0,0,,,,,,,,
42013,SERRA CATARINENSE,SC,Sul,2021,0,0,0,0,0,0,0,0,0,0,0,0,,,,,,,,
42013,SERRA CATARINENSE,SC,Sul,2022,8,0,8,8,8,6,1,3,0,1,2,1,0.125,0.375,0.0,0.125,0.25,0.125,0.75,0.375
42013,SERRA CATARINENSE,SC,Sul,2023,7,0,7,7,7,6,0,2,3,2,0,0,0.0,0.2857142857142857,0.42857142857142855,0.2857142857142857,0.0,0.0,0.8571428571428571,0.0
42013,SERRA CATARINENSE,SC,Sul,2024,3,0,2,3,3,3,0,0,2,1,0,0,0.0,0.0,0.6666666666666666,0.3333333333333333,0.0,0.0,1.0,0.0
42013,SERRA CATARINENSE,SC,Sul,2025,2,0,2,2,2,2,0,0,1,0,0,1,0.0,0.0,0.5,0.0,0.0,0.5,1.0,0.5
42014,EXTREMO SUL CATARINENSE,SC,Sul,2007,3,0,3,3,3,3,0,1,0,2,0,0,0.0,0.3333333333333333,0.0,0.6666666666666666,0.0,0.0,1.0,0.0
42014,EXTREMO SUL CATARINENSE,SC,Sul,2008,5,2,5,5,5,5,1,2,0,2,0,0,0.2,0.4,0.0,0.4,0.0,0.0,1.0,0.0
42014,EXTREMO SUL CATARINENSE,SC,Sul,2009,4,0,4,4,4,3,0,3,0,1,0,0,0.0,0.75,0.0,0.25,0.0,0.0,0.75,0.0
42014,EXTREMO SUL CATARINENSE,SC,Sul,2010,7,1,7,7,7,6,0,1,1,5,0,0,0.0,0.14285714285714285,0.14285714285714285,0.7142857142857143,0.0,0.0,0.8571428571428571,0.0
42014,EXTREMO SUL CATARINENSE,SC,Sul,2011,8,0,8,8,8,5,1,1,3,1,2,0,0.125,0.125,0.375,0.125,0.25,0.0,0.625,0.25
42014,EXTREMO SUL CATARINENSE,SC,Sul,2012,1,0,1,1,1,1,0,0,0,1,0,0,0.0,0.0,0.0,1.0,0.0,0.0,1.0,0.0
42014,EXTREMO SUL CATARINENSE,SC,Sul,2013,4,0,4,4,4,4,0,0,0,4,0,0,0.0,0.0,0.0,1.0,0.0,0.0,1.0,0.0
42014,EXTREMO SUL CATARINENSE,SC,Sul,2014,9,0,8,9,9,8,1,0,2,2,2,2,0.1111111111111111,0.0,0.2222222222222222,0.2222222222222222,0.2222222222222222,0.2222222222222222,0.8888888888888888,0.4444444444444444
42014,EXTREMO SUL CATARINENSE,SC,Sul,2015,13,0,13,13,13,11,0,2,3,5,3,0,0.0,0.15384615384615385,0.23076923076923078,0.38461538461538464,0.23076923076923078,0.0,0.8461538461538461,0.23076923076923078
42014,EXTREMO SUL CATARINENSE,SC,Sul,2016,5,0,5,5,5,5,0,1,1,3,0,0,0.0,0.2,0.2,0.6,0.0,0.0,1.0,0.0
42014,EXTREMO SUL CATARINENSE,SC,Sul,2017,16,3,16,16,16,16,1,2,4,8,1,0,0.0625,0.125,0.25,0.5,0.0625,0.0,1.0,0.0625
42014,EXTREMO SUL CATARINENSE,SC,Sul,2018,9,1,7,9,9,8,0,1,0,5,2,1,0.0,0.1111111111111111,0.0,0.5555555555555556,0.2222222222222222,0.1111111111111111,0.8888888888888888,0.3333333333333333
42014,EXTREMO SUL CATARINENSE,SC,Sul,2019,16,0,12,16,16,16,1,2,8,4,1,0,0.0625,0.125,0.5,0.25,0.0625,0.0,1.0,0.0625
42014,EXTREMO SUL CATARINENSE,SC,Sul,2020,1,0,1,1,1,1,0,0,1,0,0,0,0.0,0.0,1.0,0.0,0.0,0.0,1.0,0.0
42014,EXTREMO SUL CATARINENSE,SC,Sul,2021,2,0,1,2,2,2,0,1,0,1,0,0,0.0,0.5,0.0,0.5,0.0,0.0,1.0,0.0
42014,EXTREMO SUL CATARINENSE,SC,Sul,2022,5,0,5,5,5,5,0,2,1,2,0,0,0.0,0.4,0.2,0.4,0.0,0.0,1.0,0.0
42014,EXTREMO SUL CATARINENSE,SC,Sul,2023,9,0,9,9,9,8,0,2,2,5,0,0,0.0,0.2222222222222222,0.2222222222222222,0.5555555555555556,0.0,0.0,0.8888888888888888,0.0
42014,EXTREMO SUL CATARINENSE,SC,Sul,2024,9,0,7,9,9,6,0,1,5,2,1,0,0.0,0.1111111111111111,0.5555555555555556,0.2222222222222222,0.1111111111111111,0.0,0.6666666666666666,0.1111111111111111
42014,EXTREMO SUL CATARINENSE,SC,Sul,2025,5,0,5,5,5,4,0,0,1,2,0,2,0.0,0.0,0.2,0.4,0.0,0.4,0.8,0.4
42015,CARBONIFERA,SC,Sul,2007,17,0,15,17,17,12,2,5,7,3,0,0,0.11764705882352941,0.29411764705882354,0.4117647058823529,0.17647058823529413,0.0,0.0,0.7058823529411765,0.0
42015,CARBONIFERA,SC,Sul,2008,8,0,8,8,8,7,0,2,1,4,1,0,0.0,0.25,0.125,0.5,0.125,0.0,0.875,0.125
42015,CARBONIFERA,SC,Sul,2009,9,0,9,9,9,7,2,1,2,4,0,0,0.2222222222222222,0.1111111111111111,0.2222222222222222,0.4444444444444444,0.0,0.0,0.7777777777777778,0.0
42015,CARBONIFERA,SC,Sul,2010,10,0,10,10,10,7,2,0,5,3,0,0,0.2,0.0,0.5,0.3,0.0,0.0,0.7,0.0
42015,CARBONIFERA,SC,Sul,2011,23,2,23,23,23,19,0,5,6,9,2,1,0.0,0.21739130434782608,0.2608695652173913,0.391304347826087,0.08695652173913043,0.043478260869565216,0.8260869565217391,0.13043478260869565
42015,CARBONIFERA,SC,Sul,2012,10,0,9,10,10,9,1,2,5,2,0,0,0.1,0.2,0.5,0.2,0.0,0.0,0.9,0.0
42015,CARBONIFERA,SC,Sul,2013,10,2,10,10,10,8,0,2,6,0,1,1,0.0,0.2,0.6,0.0,0.1,0.1,0.8,0.2
42015,CARBONIFERA,SC,Sul,2014,7,0,5,7,7,7,1,1,2,2,1,0,0.14285714285714285,0.14285714285714285,0.2857142857142857,0.2857142857142857,0.14285714285714285,0.0,1.0,0.14285714285714285
42015,CARBONIFERA,SC,Sul,2015,15,1,11,15,15,13,1,4,5,3,2,0,0.06666666666666667,0.26666666666666666,0.3333333333333333,0.2,0.13333333333333333,0.0,0.8666666666666667,0.13333333333333333
42015,CARBONIFERA,SC,Sul,2016,7,0,6,7,7,7,0,1,1,4,0,1,0.0,0.14285714285714285,0.14285714285714285,0.5714285714285714,0.0,0.14285714285714285,1.0,0.14285714285714285
42015,CARBONIFERA,SC,Sul,2017,12,1,12,12,12,11,1,1,4,5,1,0,0.08333333333333333,0.08333333333333333,0.3333333333333333,0.4166666666666667,0.08333333333333333,0.0,0.9166666666666666,0.08333333333333333
42015,CARBONIFERA,SC,Sul,2018,6,1,6,6,6,6,0,0,2,3,1,0,0.0,0.0,0.3333333333333333,0.5,0.16666666666666666,0.0,1.0,0.16666666666666666
42015,CARBONIFERA,SC,Sul,2019,15,0,15,15,15,12,0,4,2,8,1,0,0.0,0.26666666666666666,0.13333333333333333,0.5333333333333333,0.06666666666666667,0.0,0.8,0.06666666666666667
42015,CARBONIFERA,SC,Sul,2020,3,0,3,3,3,1,0,2,0,0,0,1,0.0,0.6666666666666666,0.0,0.0,0.0,0.3333333333333333,0.3333333333333333,0.3333333333333333
42015,CARBONIFERA,SC,Sul,2021,6,0,5,6,6,5,0,1,1,4,0,0,0.0,0.16666666666666666,0.16666666666666666,0.6666666666666666,0.0,0.0,0.8333333333333334,0.0
42015,CARBONIFERA,SC,Sul,2022,8,0,8,8,8,6,1,1,1,4,0,1,0.125,0.125,0.125,0.5,0.0,0.125,0.75,0.125
42015,CARBONIFERA,SC,Sul,2023,10,0,10,10,10,9,1,0,1,4,3,1,0.1,0.0,0.1,0.4,0.3,0.1,0.9,0.4
42015,CARBONIFERA,SC,Sul,2024,6,2,6,6,6,4,0,0,1,0,4,1,0.0,0.0,0.16666666666666666,0.0,0.6666666666666666,0.16666666666666666,0.6666666666666666,0.8333333333333333
42015,CARBONIFERA,SC,Sul,2025,12,1,12,12,12,9,4,1,3,3,0,1,0.3333333333333333,0.08333333333333333,0.25,0.25,0.0,0.08333333333333333,0.75,0.08333333333333333
42016,LAGUNA,SC,Sul,2007,26,0,26,26,26,23,0,12,8,4,2,0,0.0,0.46153846153846156,0.3076923076923077,0.15384615384615385,0.07692307692307693,0.0,0.8846153846153846,0.07692307692307693
42016,LAGUNA,SC,Sul,2008,38,2,38,38,38,33,2,11,15,9,0,1,0.05263157894736842,0.2894736842105263,0.39473684210526316,0.23684210526315788,0.0,0.02631578947368421,0.868421052631579,0.02631578947368421
42016,LAGUNA,SC,Sul,2009,19,0,18,19,19,17,2,1,9,6,1,0,0.10526315789473684,0.05263157894736842,0.47368421052631576,0.3157894736842105,0.05263157894736842,0.0,0.8947368421052632,0.05263157894736842
42016,LAGUNA,SC,Sul,2010,31,0,29,31,31,23,1,4,16,9,1,0,0.03225806451612903,0.12903225806451613,0.5161290322580645,0.2903225806451613,0.03225806451612903,0.0,0.7419354838709677,0.03225806451612903
42016,LAGUNA,SC,Sul,2011,43,1,41,43,43,38,2,14,11,14,1,1,0.046511627906976744,0.32558139534883723,0.2558139534883721,0.32558139534883723,0.023255813953488372,0.023255813953488372,0.8837209302325582,0.046511627906976744
42016,LAGUNA,SC,Sul,2012,29,0,27,29,29,22,2,13,7,4,3,0,0.06896551724137931,0.4482758620689655,0.2413793103448276,0.13793103448275862,0.10344827586206896,0.0,0.7586206896551724,0.10344827586206896
42016,LAGUNA,SC,Sul,2013,19,1,18,19,19,17,0,9,3,3,4,0,0.0,0.47368421052631576,0.15789473684210525,0.15789473684210525,0.21052631578947367,0.0,0.8947368421052632,0.21052631578947367
42016,LAGUNA,SC,Sul,2014,26,0,24,26,26,23,0,1,11,6,5,3,0.0,0.038461538461538464,0.4230769230769231,0.23076923076923078,0.19230769230769232,0.11538461538461539,0.8846153846153846,0.3076923076923077
42016,LAGUNA,SC,Sul,2015,42,0,38,42,42,36,3,8,14,14,3,0,0.07142857142857142,0.19047619047619047,0.3333333333333333,0.3333333333333333,0.07142857142857142,0.0,0.8571428571428571,0.07142857142857142
42016,LAGUNA,SC,Sul,2016,19,0,17,19,19,17,1,6,5,5,1,1,0.05263157894736842,0.3157894736842105,0.2631578947368421,0.2631578947368421,0.05263157894736842,0.05263157894736842,0.8947368421052632,0.10526315789473684
42016,LAGUNA,SC,Sul,2017,13,0,13,13,13,13,1,2,5,2,2,1,0.07692307692307693,0.15384615384615385,0.38461538461538464,0.15384615384615385,0.15384615384615385,0.07692307692307693,1.0,0.23076923076923078
42016,LAGUNA,SC,Sul,2018,15,0,14,15,15,13,0,4,4,6,0,1,0.0,0.26666666666666666,0.26666666666666666,0.4,0.0,0.06666666666666667,0.8666666666666667,0.06666666666666667
42016,LAGUNA,SC,Sul,2019,19,0,17,19,19,17,1,5,5,5,2,1,0.05263157894736842,0.2631578947368421,0.2631578947368421,0.2631578947368421,0.10526315789473684,0.05263157894736842,0.8947368421052632,0.15789473684210525
42016,LAGUNA,SC,Sul,2020,11,0,10,11,11,9,0,4,3,3,1,0,0.0,0.36363636363636365,0.2727272727272727,0.2727272727272727,0.09090909090909091,0.0,0.8181818181818182,0.09090909090909091
42016,LAGUNA,SC,Sul,2021,10,1,10,10,10,9,0,3,4,3,0,0,0.0,0.3,0.4,0.3,0.0,0.0,0.9,0.0
42016,LAGUNA,SC,Sul,2022,11,2,11,11,11,9,0,2,4,3,2,0,0.0,0.18181818181818182,0.36363636363636365,0.2727272727272727,0.18181818181818182,0.0,0.8181818181818182,0.18181818181818182
42016,LAGUNA,SC,Sul,2023,15,0,15,15,15,15,1,3,5,6,0,0,0.06666666666666667,0.2,0.3333333333333333,0.4,0.0,0.0,1.0,0.0
42016,LAGUNA,SC,Sul,2024,13,2,13,13,13,12,0,3,3,3,4,0,0.0,0.23076923076923078,0.23076923076923078,0.23076923076923078,0.3076923076923077,0.0,0.9230769230769231,0.3076923076923077
42016,LAGUNA,SC,Sul,2025,15,0,15,15,15,13,1,2,3,7,2,0,0.06666666666666667,0.13333333333333333,0.2,0.4666666666666667,0.13333333333333333,0.0,0.8666666666666667,0.13333333333333333
42017,VALE DO ITAPOCU,SC,Sul,2007,70,0,68,70,70,61,3,27,29,11,0,0,0.04285714285714286,0.38571428571428573,0.4142857142857143,0.15714285714285714,0.0,0.0,0.8714285714285714,0.0
42017,VALE DO ITAPOCU,SC,Sul,2008,113,0,113,113,113,101,10,45,37,18,3,0,0.08849557522123894,0.39823008849557523,0.3274336283185841,0.1592920353982301,0.02654867256637168,0.0,0.8938053097345132,0.02654867256637168
42017,VALE DO ITAPOCU,SC,Sul,2009,81,2,81,81,81,71,12,26,25,13,5,0,0.14814814814814814,0.32098765432098764,0.30864197530864196,0.16049382716049382,0.06172839506172839,0.0,0.8765432098765432,0.06172839506172839
42017,VALE DO ITAPOCU,SC,Sul,2010,79,1,79,79,79,71,5,23,35,14,1,1,0.06329113924050633,0.2911392405063291,0.4430379746835443,0.17721518987341772,0.012658227848101266,0.012658227848101266,0.8987341772151899,0.02531645569620253
42017,VALE DO ITAPOCU,SC,Sul,2011,123,2,123,123,123,111,15,46,34,19,7,2,0.12195121951219512,0.37398373983739835,0.2764227642276423,0.15447154471544716,0.056910569105691054,0.016260162601626018,0.9024390243902439,0.07317073170731707
42017,VALE DO ITAPOCU,SC,Sul,2012,60,0,60,60,60,50,7,20,20,9,4,0,0.11666666666666667,0.3333333333333333,0.3333333333333333,0.15,0.06666666666666667,0.0,0.8333333333333334,0.06666666666666667
42017,VALE DO ITAPOCU,SC,Sul,2013,58,2,58,58,58,51,10,18,18,8,3,1,0.1724137931034483,0.3103448275862069,0.3103448275862069,0.13793103448275862,0.05172413793103448,0.017241379310344827,0.8793103448275862,0.06896551724137931
42017,VALE DO ITAPOCU,SC,Sul,2014,51,2,51,51,51,50,2,18,18,13,0,0,0.0392156862745098,0.35294117647058826,0.35294117647058826,0.2549019607843137,0.0,0.0,0.9803921568627451,0.0
42017,VALE DO ITAPOCU,SC,Sul,2015,75,0,74,75,75,72,3,22,26,21,3,0,0.04,0.29333333333333333,0.3466666666666667,0.28,0.04,0.0,0.96,0.04
42017,VALE DO ITAPOCU,SC,Sul,2016,53,2,52,53,53,47,0,18,18,13,3,1,0.0,0.33962264150943394,0.33962264150943394,0.24528301886792453,0.05660377358490566,0.018867924528301886,0.8867924528301887,0.07547169811320754
42017,VALE DO ITAPOCU,SC,Sul,2017,20,0,20,20,20,19,2,8,5,2,2,1,0.1,0.4,0.25,0.1,0.1,0.05,0.95,0.15000000000000002
42017,VALE DO ITAPOCU,SC,Sul,2018,20,0,20,20,20,19,2,6,5,4,3,0,0.1,0.3,0.25,0.2,0.15,0.0,0.95,0.15
42017,VALE DO ITAPOCU,SC,Sul,2019,29,3,28,29,29,24,2,6,10,7,3,1,0.06896551724137931,0.20689655172413793,0.3448275862068966,0.2413793103448276,0.10344827586206896,0.034482758620689655,0.8275862068965517,0.13793103448275862
42017,VALE DO ITAPOCU,SC,Sul,2020,13,0,12,13,13,12,1,2,4,3,3,0,0.07692307692307693,0.15384615384615385,0.3076923076923077,0.23076923076923078,0.23076923076923078,0.0,0.9230769230769231,0.23076923076923078
42017,VALE DO ITAPOCU,SC,Sul,2021,15,1,13,15,15,11,0,3,8,3,1,0,0.0,0.2,0.5333333333333333,0.2,0.06666666666666667,0.0,0.7333333333333333,0.06666666666666667
42017,VALE DO ITAPOCU,SC,Sul,2022,15,1,15,15,15,14,2,5,3,2,2,1,0.13333333333333333,0.3333333333333333,0.2,0.13333333333333333,0.13333333333333333,0.06666666666666667,0.9333333333333333,0.2
42017,VALE DO ITAPOCU,SC,Sul,2023,23,0,23,23,23,22,2,5,4,7,3,2,0.08695652173913043,0.21739130434782608,0.17391304347826086,0.30434782608695654,0.13043478260869565,0.08695652173913043,0.9565217391304348,0.21739130434782608
42017,VALE DO ITAPOCU,SC,Sul,2024,18,1,18,18,18,15,0,5,5,4,4,0,0.0,0.2777777777777778,0.2777777777777778,0.2222222222222222,0.2222222222222222,0.0,0.8333333333333334,0.2222222222222222
42017,VALE DO ITAPOCU,SC,Sul,2025,15,0,15,15,15,13,1,3,4,4,3,0,0.06666666666666667,0.2,0.26666666666666666,0.26666666666666666,0.2,0.0,0.8666666666666667,0.2
43001,REGIAO 01,RS,Sul,2007,27,0,11,27,27,23,1,10,8,5,2,1,0.037037037037037035,0.37037037037037035,0.2962962962962963,0.18518518518518517,0.07407407407407407,0.037037037037037035,0.8518518518518519,0.1111111111111111
43001,REGIAO 01,RS,Sul,2008,21,1,13,21,21,21,2,5,7,5,2,0,0.09523809523809523,0.23809523809523808,0.3333333333333333,0.23809523809523808,0.09523809523809523,0.0,1.0,0.09523809523809523
43001,REGIAO 01,RS,Sul,2009,12,1,9,12,12,10,1,5,4,1,0,1,0.08333333333333333,0.4166666666666667,0.3333333333333333,0.08333333333333333,0.0,0.08333333333333333,0.8333333333333334,0.08333333333333333
43001,REGIAO 01,RS,Sul,2010,15,0,14,15,15,11,1,3,7,3,1,0,0.06666666666666667,0.2,0.4666666666666667,0.2,0.06666666666666667,0.0,0.7333333333333333,0.06666666666666667
43001,REGIAO 01,RS,Sul,2011,22,1,21,22,22,19,0,8,4,6,3,1,0.0,0.36363636363636365,0.18181818181818182,0.2727272727272727,0.13636363636363635,0.045454545454545456,0.8636363636363636,0.18181818181818182
43001,REGIAO 01,RS,Sul,2012,17,1,15,17,17,14,3,6,4,4,0,0,0.17647058823529413,0.35294117647058826,0.23529411764705882,0.23529411764705882,0.0,0.0,0.8235294117647058,0.0
43001,REGIAO 01,RS,Sul,2013,14,0,13,14,14,13,1,3,6,1,2,1,0.07142857142857142,0.21428571428571427,0.42857142857142855,0.07142857142857142,0.14285714285714285,0.07142857142857142,0.9285714285714286,0.21428571428571427
43001,REGIAO 01,RS,Sul,2014,15,1,13,15,15,15,0,2,3,8,2,0,0.0,0.13333333333333333,0.2,0.5333333333333333,0.13333333333333333,0.0,1.0,0.13333333333333333
43001,REGIAO 01,RS,Sul,2015,22,2,21,22,22,19,2,4,3,8,5,0,0.09090909090909091,0.18181818181818182,0.13636363636363635,0.36363636363636365,0.22727272727272727,0.0,0.8636363636363636,0.22727272727272727
43001,REGIAO 01,RS,Sul,2016,26,0,20,26,26,24,0,6,5,8,7,0,0.0,0.23076923076923078,0.19230769230769232,0.3076923076923077,0.2692307692307692,0.0,0.9230769230769231,0.2692307692307692
43001,REGIAO 01,RS,Sul,2017,18,1,17,18,18,14,0,5,4,6,1,2,0.0,0.2777777777777778,0.2222222222222222,0.3333333333333333,0.05555555555555555,0.1111111111111111,0.7777777777777778,0.16666666666666666
43001,REGIAO 01,RS,Sul,2018,34,2,27,34,34,31,1,6,12,13,1,1,0.029411764705882353,0.17647058823529413,0.35294117647058826,0.38235294117647056,0.029411764705882353,0.029411764705882353,0.9117647058823529,0.058823529411764705
43001,REGIAO 01,RS,Sul,2019,52,0,45,52,52,41,2,11,14,19,2,4,0.038461538461538464,0.21153846153846154,0.2692307692307692,0.36538461538461536,0.038461538461538464,0.07692307692307693,0.7884615384615384,0.11538461538461539
43001,REGIAO 01,RS,Sul,2020,18,1,16,18,18,13,1,2,5,5,0,5,0.05555555555555555,0.1111111111111111,0.2777777777777778,0.2777777777777778,0.0,0.2777777777777778,0.7222222222222222,0.2777777777777778
43001,REGIAO 01,RS,Sul,2021,15,0,10,15,15,12,0,1,7,3,3,1,0.0,0.06666666666666667,0.4666666666666667,0.2,0.2,0.06666666666666667,0.8,0.26666666666666666
43001,REGIAO 01,RS,Sul,2022,16,3,10,16,16,15,1,2,5,4,2,2,0.0625,0.125,0.3125,0.25,0.125,0.125,0.9375,0.25
43001,REGIAO 01,RS,Sul,2023,16,2,9,16,16,10,1,6,4,3,2,0,0.0625,0.375,0.25,0.1875,0.125,0.0,0.625,0.125
43001,REGIAO 01,RS,Sul,2024,33,0,24,33,33,22,1,4,11,8,5,4,0.030303030303030304,0.12121212121212122,0.3333333333333333,0.24242424242424243,0.15151515151515152,0.12121212121212122,0.6666666666666666,0.2727272727272727
43001,REGIAO 01,RS,Sul,2025,15,0,10,15,15,11,0,4,4,4,3,0,0.0,0.26666666666666666,0.26666666666666666,0.26666666666666666,0.2,0.0,0.7333333333333333,0.2
43002,REGIAO 02,RS,Sul,2007,2,0,1,2,2,2,0,1,1,0,0,0,0.0,0.5,0.5,0.0,0.0,0.0,1.0,0.0
43002,REGIAO 02,RS,Sul,2008,0,0,0,0,0,0,0,0,0,0,0,0,,,,,,,,
43002,REGIAO 02,RS,Sul,2009,0,0,0,0,0,0,0,0,0,0,0,0,,,,,,,,
43002,REGIAO 02,RS,Sul,2010,4,0,3,4,4,4,0,0,2,1,1,0,0.0,0.0,0.5,0.25,0.25,0.0,1.0,0.25
43002,REGIAO 02,RS,Sul,2011,3,0,3,3,3,3,0,1,1,0,1,0,0.0,0.3333333333333333,0.3333333333333333,0.0,0.3333333333333333,0.0,1.0,0.3333333333333333
43002,REGIAO 02,RS,Sul,2012,0,0,0,0,0,0,0,0,0,0,0,0,,,,,,,,
43002,REGIAO 02,RS,Sul,2013,3,1,3,3,3,2,0,2,0,1,0,0,0.0,0.6666666666666666,0.0,0.3333333333333333,0.0,0.0,0.6666666666666666,0.0
43002,REGIAO 02,RS,Sul,2014,1,0,1,1,1,1,0,1,0,0,0,0,0.0,1.0,0.0,0.0,0.0,0.0,1.0,0.0
43002,REGIAO 02,RS,Sul,2015,3,1,3,3,3,2,0,0,1,1,1,0,0.0,0.0,0.3333333333333333,0.3333333333333333,0.3333333333333333,0.0,0.6666666666666666,0.3333333333333333
43002,REGIAO 02,RS,Sul,2016,2,0,0,2,2,2,0,0,0,2,0,0,0.0,0.0,0.0,1.0,0.0,0.0,1.0,0.0
43002,REGIAO 02,RS,Sul,2017,3,0,3,3,3,2,1,0,1,1,0,0,0.3333333333333333,0.0,0.3333333333333333,0.3333333333333333,0.0,0.0,0.6666666666666666,0.0
43002,REGIAO 02,RS,Sul,2018,4,0,4,4,4,3,0,1,1,1,0,1,0.0,0.25,0.25,0.25,0.0,0.25,0.75,0.25
43002,REGIAO 02,RS,Sul,2019,6,0,5,6,6,5,0,2,2,2,0,0,0.0,0.3333333333333333,0.3333333333333333,0.3333333333333333,0.0,0.0,0.8333333333333334,0.0
43002,REGIAO 02,RS,Sul,2020,0,0,0,0,0,0,0,0,0,0,0,0,,,,,,,,
43002,REGIAO 02,RS,Sul,2021,3,0,1,3,3,2,0,2,1,0,0,0,0.0,0.6666666666666666,0.3333333333333333,0.0,0.0,0.0,0.6666666666666666,0.0
43002,REGIAO 02,RS,Sul,2022,0,0,0,0,0,0,0,0,0,0,0,0,,,,,,,,
43002,REGIAO 02,RS,Sul,2023,4,0,4,4,4,4,0,0,2,1,1,0,0.0,0.0,0.5,0.25,0.25,0.0,1.0,0.25
43002,REGIAO 02,RS,Sul,2024,7,0,6,7,7,6,0,1,3,2,1,0,0.0,0.14285714285714285,0.42857142857142855,0.2857142857142857,0.14285714285714285,0.0,0.8571428571428571,0.14285714285714285
43002,REGIAO 02,RS,Sul,2025,6,0,5,6,6,6,2,0,0,3,1,0,0.3333333333333333,0.0,0.0,0.5,0.16666666666666666,0.0,1.0,0.16666666666666666
43003,REGIAO 03,RS,Sul,2007,5,0,4,5,5,5,1,2,1,1,0,0,0.2,0.4,0.2,0.2,0.0,0.0,1.0,0.0
43003,REGIAO 03,RS,Sul,2008,3,1,3,3,3,3,0,2,0,1,0,0,0.0,0.6666666666666666,0.0,0.3333333333333333,0.0,0.0,1.0,0.0
43003,REGIAO 03,RS,Sul,2009,0,0,0,0,0,0,0,0,0,0,0,0,,,,,,,,
43003,REGIAO 03,RS,Sul,2010,4,1,4,4,4,4,0,1,2,0,1,0,0.0,0.25,0.5,0.0,0.25,0.0,1.0,0.25
43003,REGIAO 03,RS,Sul,2011,3,0,3,3,3,2,0,0,2,0,1,0,0.0,0.0,0.6666666666666666,0.0,0.3333333333333333,0.0,0.6666666666666666,0.3333333333333333
43003,REGIAO 03,RS,Sul,2012,1,1,1,1,1,0,0,1,0,0,0,0,0.0,1.0,0.0,0.0,0.0,0.0,0.0,0.0
43003,REGIAO 03,RS,Sul,2013,1,0,1,1,1,0,0,0,0,1,0,0,0.0,0.0,0.0,1.0,0.0,0.0,0.0,0.0
43003,REGIAO 03,RS,Sul,2014,4,0,4,4,4,4,1,1,2,0,0,0,0.25,0.25,0.5,0.0,0.0,0.0,1.0,0.0
43003,REGIAO 03,RS,Sul,2015,5,0,5,5,5,5,0,1,4,0,0,0,0.0,0.2,0.8,0.0,0.0,0.0,1.0,0.0
43003,REGIAO 03,RS,Sul,2016,2,1,2,2,2,2,0,0,2,0,0,0,0.0,0.0,1.0,0.0,0.0,0.0,1.0,0.0
43003,REGIAO 03,RS,Sul,2017,5,0,5,5,5,4,0,2,1,2,0,0,0.0,0.4,0.2,0.4,0.0,0.0,0.8,0.0
43003,REGIAO 03,RS,Sul,2018,1,0,1,1,1,1,0,0,1,0,0,0,0.0,0.0,1.0,0.0,0.0,0.0,1.0,0.0
43003,REGIAO 03,RS,Sul,2019,3,0,3,3,3,2,0,0,0,1,2,0,0.0,0.0,0.0,0.3333333333333333,0.6666666666666666,0.0,0.6666666666666666,0.6666666666666666
43003,REGIAO 03,RS,Sul,2020,2,0,2,2,2,2,0,0,1,1,0,0,0.0,0.0,0.5,0.5,0.0,0.0,1.0,0.0
43003,REGIAO 03,RS,Sul,2021,0,0,0,0,0,0,0,0,0,0,0,0,,,,,,,,
43003,REGIAO 03,RS,Sul,2022,4,0,3,4,4,4,0,0,2,0,1,1,0.0,0.0,0.5,0.0,0.25,0.25,1.0,0.5
43003,REGIAO 03,RS,Sul,2023,3,0,2,3,3,3,0,0,2,1,0,0,0.0,0.0,0.6666666666666666,0.3333333333333333,0.0,0.0,1.0,0.0
43003,REGIAO 03,RS,Sul,2024,8,2,6,8,8,6,1,0,3,3,1,0,0.125,0.0,0.375,0.375,0.125,0.0,0.75,0.125
43003,REGIAO 03,RS,Sul,2025,3,0,3,3,3,2,0,0,2,1,0,0,0.0,0.0,0.6666666666666666,0.3333333333333333,0.0,0.0,0.6666666666666666,0.0
43004,REGIAO 04,RS,Sul,2007,0,0,0,0,0,0,0,0,0,0,0,0,,,,,,,,
43004,REGIAO 04,RS,Sul,2008,2,0,2,2,2,2,0,1,1,0,0,0,0.0,0.5,0.5,0.0,0.0,0.0,1.0,0.0
43004,REGIAO 04,RS,Sul,2009,0,0,0,0,0,0,0,0,0,0,0,0,,,,,,,,
43004,REGIAO 04,RS,Sul,2010,1,0,1,1,1,1,0,1,0,0,0,0,0.0,1.0,0.0,0.0,0.0,0.0,1.0,0.0
43004,REGIAO 04,RS,Sul,2011,4,0,4,4,4,4,0,1,3,0,0,0,0.0,0.25,0.75,0.0,0.0,0.0,1.0,0.0
43004,REGIAO 04,RS,Sul,2012,0,0,0,0,0,0,0,0,0,0,0,0,,,,,,,,
43004,REGIAO 04,RS,Sul,2013,0,0,0,0,0,0,0,0,0,0,0,0,,,,,,,,
43004,REGIAO 04,RS,Sul,2014,1,0,1,1,1,1,0,1,0,0,0,0,0.0,1.0,0.0,0.0,0.0,0.0,1.0,0.0
43004,REGIAO 04,RS,Sul,2015,7,0,7,7,7,4,1,2,2,1,1,0,0.14285714285714285,0.2857142857142857,0.2857142857142857,0.14285714285714285,0.14285714285714285,0.0,0.5714285714285714,0.14285714285714285
43004,REGIAO 04,RS,Sul,2016,2,0,2,2,2,2,0,0,0,2,0,0,0.0,0.0,0.0,1.0,0.0,0.0,1.0,0.0
43004,REGIAO 04,RS,Sul,2017,4,0,4,4,4,4,0,2,0,2,0,0,0.0,0.5,0.0,0.5,0.0,0.0,1.0,0.0
43004,REGIAO 04,RS,Sul,2018,4,0,3,4,4,4,0,1,3,0,0,0,0.0,0.25,0.75,0.0,0.0,0.0,1.0,0.0
43004,REGIAO 04,RS,Sul,2019,8,0,7,8,8,8,0,4,1,2,0,1,0.0,0.5,0.125,0.25,0.0,0.125,1.0,0.125
43004,REGIAO 04,RS,Sul,2020,1,0,1,1,1,1,0,1,0,0,0,0,0.0,1.0,0.0,0.0,0.0,0.0,1.0,0.0
43004,REGIAO 04,RS,Sul,2021,4,0,4,4,4,3,0,1,2,0,0,1,0.0,0.25,0.5,0.0,0.0,0.25,0.75,0.25
43004,REGIAO 04,RS,Sul,2022,2,0,2,2,2,1,0,1,1,0,0,0,0.0,0.5,0.5,0.0,0.0,0.0,0.5,0.0
43004,REGIAO 04,RS,Sul,2023,3,0,2,3,3,2,1,1,0,0,1,0,0.3333333333333333,0.3333333333333333,0.0,0.0,0.3333333333333333,0.0,0.6666666666666666,0.3333333333333333
43004,REGIAO 04,RS,Sul,2024,4,0,4,4,4,4,0,1,1,2,0,0,0.0,0.25,0.25,0.5,0.0,0.0,1.0,0.0
43004,REGIAO 04,RS,Sul,2025,5,0,4,5,5,3,1,1,1,1,0,1,0.2,0.2,0.2,0.2,0.0,0.2,0.6,0.2
43005,REGIAO 05,RS,Sul,2007,26,0,23,26,26,26,2,6,17,1,0,0,0.07692307692307693,0.23076923076923078,0.6538461538461539,0.038461538461538464,0.0,0.0,1.0,0.0
43005,REGIAO 05,RS,Sul,2008,8,0,7,8,8,8,0,2,4,2,0,0,0.0,0.25,0.5,0.25,0.0,0.0,1.0,0.0
43005,REGIAO 05,RS,Sul,2009,10,1,9,10,10,9,0,3,4,3,0,0,0.0,0.3,0.4,0.3,0.0,0.0,0.9,0.0
43005,REGIAO 05,RS,Sul,2010,9,0,9,9,9,9,0,3,3,3,0,0,0.0,0.3333333333333333,0.3333333333333333,0.3333333333333333,0.0,0.0,1.0,0.0
43005,REGIAO 05,RS,Sul,2011,23,0,23,23,23,20,0,5,9,8,1,0,0.0,0.21739130434782608,0.391304347826087,0.34782608695652173,0.043478260869565216,0.0,0.8695652173913043,0.043478260869565216
43005,REGIAO 05,RS,Sul,2012,7,0,7,7,7,7,0,2,0,5,0,0,0.0,0.2857142857142857,0.0,0.7142857142857143,0.0,0.0,1.0,0.0
43005,REGIAO 05,RS,Sul,2013,12,0,10,12,12,11,0,2,5,5,0,0,0.0,0.16666666666666666,0.4166666666666667,0.4166666666666667,0.0,0.0,0.9166666666666666,0.0
43005,REGIAO 05,RS,Sul,2014,3,0,3,3,3,3,0,0,1,1,1,0,0.0,0.0,0.3333333333333333,0.3333333333333333,0.3333333333333333,0.0,1.0,0.3333333333333333
43005,REGIAO 05,RS,Sul,2015,18,0,18,18,18,16,1,3,6,7,1,0,0.05555555555555555,0.16666666666666666,0.3333333333333333,0.3888888888888889,0.05555555555555555,0.0,0.8888888888888888,0.05555555555555555
43005,REGIAO 05,RS,Sul,2016,12,0,11,12,12,12,0,2,4,6,0,0,0.0,0.16666666666666666,0.3333333333333333,0.5,0.0,0.0,1.0,0.0
43005,REGIAO 05,RS,Sul,2017,17,0,16,17,17,16,1,5,4,7,0,0,0.058823529411764705,0.29411764705882354,0.23529411764705882,0.4117647058823529,0.0,0.0,0.9411764705882353,0.0
43005,REGIAO 05,RS,Sul,2018,8,0,7,8,8,8,0,1,5,2,0,0,0.0,0.125,0.625,0.25,0.0,0.0,1.0,0.0
43005,REGIAO 05,RS,Sul,2019,6,2,6,6,6,6,0,3,1,2,0,0,0.0,0.5,0.16666666666666666,0.3333333333333333,0.0,0.0,1.0,0.0
43005,REGIAO 05,RS,Sul,2020,6,0,6,6,6,6,0,0,4,2,0,0,0.0,0.0,0.6666666666666666,0.3333333333333333,0.0,0.0,1.0,0.0
43005,REGIAO 05,RS,Sul,2021,4,2,4,4,4,3,0,2,1,1,0,0,0.0,0.5,0.25,0.25,0.0,0.0,0.75,0.0
43005,REGIAO 05,RS,Sul,2022,4,0,4,4,4,3,0,0,1,2,0,1,0.0,0.0,0.25,0.5,0.0,0.25,0.75,0.25
43005,REGIAO 05,RS,Sul,2023,11,0,8,11,11,10,0,1,3,5,1,1,0.0,0.09090909090909091,0.2727272727272727,0.45454545454545453,0.09090909090909091,0.09090909090909091,0.9090909090909091,0.18181818181818182
43005,REGIAO 05,RS,Sul,2024,8,0,5,8,8,7,0,0,1,5,1,1,0.0,0.0,0.125,0.625,0.125,0.125,0.875,0.25
43005,REGIAO 05,RS,Sul,2025,6,1,6,6,6,6,0,2,1,1,1,1,0.0,0.3333333333333333,0.16666666666666666,0.16666666666666666,0.16666666666666666,0.16666666666666666,1.0,0.3333333333333333
43006,REGIAO 06 - VALE DO PARANHANA E COSTA SERRA,RS,Sul,2007,5,0,5,5,5,3,0,0,1,2,2,0,0.0,0.0,0.2,0.4,0.4,0.0,0.6,0.4
43006,REGIAO 06 - VALE DO PARANHANA E COSTA SERRA,RS,Sul,2008,5,0,5,5,5,5,0,3,1,1,0,0,0.0,0.6,0.2,0.2,0.0,0.0,1.0,0.0
43006,REGIAO 06 - VALE DO PARANHANA E COSTA SERRA,RS,Sul,2009,2,1,2,2,2,2,0,0,0,2,0,0,0.0,0.0,0.0,1.0,0.0,0.0,1.0,0.0
43006,REGIAO 06 - VALE DO PARANHANA E COSTA SERRA,RS,Sul,2010,3,0,2,3,3,3,0,0,1,2,0,0,0.0,0.0,0.3333333333333333,0.6666666666666666,0.0,0.0,1.0,0.0
43006,REGIAO 06 - VALE DO PARANHANA E COSTA SERRA,RS,Sul,2011,6,1,4,6,6,6,1,3,1,1,0,0,0.16666666666666666,0.5,0.16666666666666666,0.16666666666666666,0.0,0.0,1.0,0.0
43006,REGIAO 06 - VALE DO PARANHANA E COSTA SERRA,RS,Sul,2012,7,2,6,7,7,6,1,4,1,1,0,0,0.14285714285714285,0.5714285714285714,0.14285714285714285,0.14285714285714285,0.0,0.0,0.8571428571428571,0.0
43006,REGIAO 06 - VALE DO PARANHANA E COSTA SERRA,RS,Sul,2013,2,1,2,2,2,2,0,0,0,1,1,0,0.0,0.0,0.0,0.5,0.5,0.0,1.0,0.5
43006,REGIAO 06 - VALE DO PARANHANA E COSTA SERRA,RS,Sul,2014,3,0,3,3,3,2,0,1,0,0,1,1,0.0,0.3333333333333333,0.0,0.0,0.3333333333333333,0.3333333333333333,0.6666666666666666,0.6666666666666666
43006,REGIAO 06 - VALE DO PARANHANA E COSTA SERRA,RS,Sul,2015,5,0,5,5,5,4,0,2,2,1,0,0,0.0,0.4,0.4,0.2,0.0,0.0,0.8,0.0
43006,REGIAO 06 - VALE DO PARANHANA E COSTA SERRA,RS,Sul,2016,5,0,5,5,5,4,0,2,0,3,0,0,0.0,0.4,0.0,0.6,0.0,0.0,0.8,0.0
43006,REGIAO 06 - VALE DO PARANHANA E COSTA SERRA,RS,Sul,2017,20,0,20,20,20,18,0,8,7,5,0,0,0.0,0.4,0.35,0.25,0.0,0.0,0.9,0.0
43006,REGIAO 06 - VALE DO PARANHANA E COSTA SERRA,RS,Sul,2018,7,0,6,7,7,5,3,1,2,1,0,0,0.42857142857142855,0.14285714285714285,0.2857142857142857,0.14285714285714285,0.0,0.0,0.7142857142857143,0.0
43006,REGIAO 06 - VALE DO PARANHANA E COSTA SERRA,RS,Sul,2019,15,0,15,15,15,14,0,4,4,3,4,0,0.0,0.26666666666666666,0.26666666666666666,0.2,0.26666666666666666,0.0,0.9333333333333333,0.26666666666666666
43006,REGIAO 06 - VALE DO PARANHANA E COSTA SERRA,RS,Sul,2020,7,0,6,7,7,6,0,2,1,2,0,2,0.0,0.2857142857142857,0.14285714285714285,0.2857142857142857,0.0,0.2857142857142857,0.8571428571428571,0.2857142857142857
43006,REGIAO 06 - VALE DO PARANHANA E COSTA SERRA,RS,Sul,2021,3,1,3,3,3,2,0,1,0,1,1,0,0.0,0.3333333333333333,0.0,0.3333333333333333,0.3333333333333333,0.0,0.6666666666666666,0.3333333333333333
43006,REGIAO 06 - VALE DO PARANHANA E COSTA SERRA,RS,Sul,2022,9,1,8,9,9,9,0,3,2,1,3,0,0.0,0.3333333333333333,0.2222222222222222,0.1111111111111111,0.3333333333333333,0.0,1.0,0.3333333333333333
43006,REGIAO 06 - VALE DO PARANHANA E COSTA SERRA,RS,Sul,2023,16,0,15,16,16,16,2,4,3,6,1,0,0.125,0.25,0.1875,0.375,0.0625,0.0,1.0,0.0625
43006,REGIAO 06 - VALE DO PARANHANA E COSTA SERRA,RS,Sul,2024,85,3,71,85,85,58,4,21,24,25,8,3,0.047058823529411764,0.24705882352941178,0.2823529411764706,0.29411764705882354,0.09411764705882353,0.03529411764705882,0.6823529411764706,0.12941176470588234
43006,REGIAO 06 - VALE DO PARANHANA E COSTA SERRA,RS,Sul,2025,6,1,6,6,6,5,1,0,2,2,1,0,0.16666666666666666,0.0,0.3333333333333333,0.3333333333333333,0.16666666666666666,0.0,0.8333333333333334,0.16666666666666666
43007,REGIAO 07,RS,Sul,2007,55,6,48,55,55,51,3,16,18,15,2,1,0.05454545454545454,0.2909090909090909,0.32727272727272727,0.2727272727272727,0.03636363636363636,0.01818181818181818,0.9272727272727272,0.05454545454545454
43007,REGIAO 07,RS,Sul,2008,43,6,35,43,43,40,6,18,9,10,0,0,0.13953488372093023,0.4186046511627907,0.20930232558139536,0.23255813953488372,0.0,0.0,0.9302325581395349,0.0
43007,REGIAO 07,RS,Sul,2009,38,2,33,38,38,32,3,13,12,8,2,0,0.07894736842105263,0.34210526315789475,0.3157894736842105,0.21052631578947367,0.05263157894736842,0.0,0.8421052631578947,0.05263157894736842
43007,REGIAO 07,RS,Sul,2010,35,2,29,35,35,33,4,8,8,14,1,0,0.11428571428571428,0.22857142857142856,0.22857142857142856,0.4,0.02857142857142857,0.0,0.9428571428571428,0.02857142857142857
43007,REGIAO 07,RS,Sul,2011,46,1,44,46,46,38,2,13,14,14,2,1,0.043478260869565216,0.2826086956521739,0.30434782608695654,0.30434782608695654,0.043478260869565216,0.021739130434782608,0.8260869565217391,0.06521739130434782
43007,REGIAO 07,RS,Sul,2012,18,1,16,18,18,15,2,4,5,5,1,1,0.1111111111111111,0.2222222222222222,0.2777777777777778,0.2777777777777778,0.05555555555555555,0.05555555555555555,0.8333333333333334,0.1111111111111111
43007,REGIAO 07,RS,Sul,2013,36,2,30,36,36,33,7,11,10,7,1,0,0.19444444444444445,0.3055555555555556,0.2777777777777778,0.19444444444444445,0.027777777777777776,0.0,0.9166666666666666,0.027777777777777776
43007,REGIAO 07,RS,Sul,2014,47,1,41,47,47,42,3,9,12,16,4,3,0.06382978723404255,0.19148936170212766,0.2553191489361702,0.3404255319148936,0.0851063829787234,0.06382978723404255,0.8936170212765957,0.14893617021276595
43007,REGIAO 07,RS,Sul,2015,42,3,40,42,42,40,2,11,9,14,5,1,0.047619047619047616,0.2619047619047619,0.21428571428571427,0.3333333333333333,0.11904761904761904,0.023809523809523808,0.9523809523809523,0.14285714285714285
43007,REGIAO 07,RS,Sul,2016,12,0,11,12,12,12,1,4,1,5,1,0,0.08333333333333333,0.3333333333333333,0.08333333333333333,0.4166666666666667,0.08333333333333333,0.0,1.0,0.08333333333333333
43007,REGIAO 07,RS,Sul,2017,33,1,32,33,33,29,0,8,11,10,3,1,0.0,0.24242424242424243,0.3333333333333333,0.30303030303030304,0.09090909090909091,0.030303030303030304,0.8787878787878788,0.12121212121212122
43007,REGIAO 07,RS,Sul,2018,37,1,35,37,37,32,5,8,11,6,6,1,0.13513513513513514,0.21621621621621623,0.2972972972972973,0.16216216216216217,0.16216216216216217,0.02702702702702703,0.8648648648648649,0.1891891891891892
43007,REGIAO 07,RS,Sul,2019,65,3,59,65,65,56,2,10,16,27,7,3,0.03076923076923077,0.15384615384615385,0.24615384615384617,0.4153846153846154,0.1076923076923077,0.046153846153846156,0.8615384615384616,0.15384615384615385
43007,REGIAO 07,RS,Sul,2020,20,2,18,20,20,18,1,6,3,5,4,1,0.05,0.3,0.15,0.25,0.2,0.05,0.9,0.25
43007,REGIAO 07,RS,Sul,2021,16,2,12,16,16,11,0,2,6,6,1,1,0.0,0.125,0.375,0.375,0.0625,0.0625,0.6875,0.125
43007,REGIAO 07,RS,Sul,2022,14,2,13,14,14,12,0,1,7,5,0,1,0.0,0.07142857142857142,0.5,0.35714285714285715,0.0,0.07142857142857142,0.8571428571428571,0.07142857142857142
43007,REGIAO 07,RS,Sul,2023,26,2,25,26,26,23,2,7,10,4,2,1,0.07692307692307693,0.2692307692307692,0.38461538461538464,0.15384615384615385,0.07692307692307693,0.038461538461538464,0.8846153846153846,0.11538461538461539
43007,REGIAO 07,RS,Sul,2024,100,3,86,100,100,76,3,18,36,26,12,5,0.03,0.18,0.36,0.26,0.12,0.05,0.76,0.16999999999999998
43007,REGIAO 07,RS,Sul,2025,23,3,23,23,23,20,0,5,1,12,3,2,0.0,0.21739130434782608,0.043478260869565216,0.5217391304347826,0.13043478260869565,0.08695652173913043,0.8695652173913043,0.21739130434782608
43008,REGIAO 08,RS,Sul,2007,27,4,25,27,27,23,2,9,8,5,2,1,0.07407407407407407,0.3333333333333333,0.2962962962962963,0.18518518518518517,0.07407407407407407,0.037037037037037035,0.8518518518518519,0.1111111111111111
43008,REGIAO 08,RS,Sul,2008,31,9,31,31,31,30,2,9,4,13,2,1,0.06451612903225806,0.2903225806451613,0.12903225806451613,0.41935483870967744,0.06451612903225806,0.03225806451612903,0.967741935483871,0.0967741935483871
43008,REGIAO 08,RS,Sul,2009,21,4,18,21,21,17,2,6,6,4,3,0,0.09523809523809523,0.2857142857142857,0.2857142857142857,0.19047619047619047,0.14285714285714285,0.0,0.8095238095238095,0.14285714285714285
43008,REGIAO 08,RS,Sul,2010,25,0,22,25,25,22,1,6,9,8,1,0,0.04,0.24,0.36,0.32,0.04,0.0,0.88,0.04
43008,REGIAO 08,RS,Sul,2011,27,2,26,27,27,24,3,6,9,3,5,1,0.1111111111111111,0.2222222222222222,0.3333333333333333,0.1111111111111111,0.18518518518518517,0.037037037037037035,0.8888888888888888,0.2222222222222222
43008,REGIAO 08,RS,Sul,2012,11,1,6,11,11,8,1,2,1,7,0,0,0.09090909090909091,0.18181818181818182,0.09090909090909091,0.6363636363636364,0.0,0.0,0.7272727272727273,0.0
43008,REGIAO 08,RS,Sul,2013,21,5,20,21,21,17,0,6,8,4,2,1,0.0,0.2857142857142857,0.38095238095238093,0.19047619047619047,0.09523809523809523,0.047619047619047616,0.8095238095238095,0.14285714285714285
43008,REGIAO 08,RS,Sul,2014,37,3,34,37,37,29,1,7,11,12,3,3,0.02702702702702703,0.1891891891891892,0.2972972972972973,0.32432432432432434,0.08108108108108109,0.08108108108108109,0.7837837837837838,0.16216216216216217
43008,REGIAO 08,RS,Sul,2015,63,3,60,63,63,58,4,19,16,13,6,5,0.06349206349206349,0.30158730158730157,0.25396825396825395,0.20634920634920634,0.09523809523809523,0.07936507936507936,0.9206349206349206,0.1746031746031746
43008,REGIAO 08,RS,Sul,2016,32,4,27,32,32,27,0,8,13,7,3,1,0.0,0.25,0.40625,0.21875,0.09375,0.03125,0.84375,0.125
43008,REGIAO 08,RS,Sul,2017,34,4,33,34,34,27,1,10,5,8,8,2,0.029411764705882353,0.29411764705882354,0.14705882352941177,0.23529411764705882,0.23529411764705882,0.058823529411764705,0.7941176470588235,0.29411764705882354
43008,REGIAO 08,RS,Sul,2018,27,2,25,27,27,26,1,8,9,5,4,0,0.037037037037037035,0.2962962962962963,0.3333333333333333,0.18518518518518517,0.14814814814814814,0.0,0.9629629629629629,0.14814814814814814
43008,REGIAO 08,RS,Sul,2019,40,6,38,40,40,34,3,11,14,6,6,0,0.075,0.275,0.35,0.15,0.15,0.0,0.85,0.15
43008,REGIAO 08,RS,Sul,2020,4,0,4,4,4,4,0,1,1,1,0,1,0.0,0.25,0.25,0.25,0.0,0.25,1.0,0.25
43008,REGIAO 08,RS,Sul,2021,15,3,15,15,15,14,2,1,5,5,2,0,0.13333333333333333,0.06666666666666667,0.3333333333333333,0.3333333333333333,0.13333333333333333,0.0,0.9333333333333333,0.13333333333333333
43008,REGIAO 08,RS,Sul,2022,20,0,17,20,20,17,3,2,6,5,3,1,0.15,0.1,0.3,0.25,0.15,0.05,0.85,0.2
43008,REGIAO 08,RS,Sul,2023,45,2,40,45,45,36,1,11,11,14,6,2,0.022222222222222223,0.24444444444444444,0.24444444444444444,0.3111111111111111,0.13333333333333333,0.044444444444444446,0.8,0.17777777777777778
43008,REGIAO 08,RS,Sul,2024,127,5,107,127,127,80,4,34,38,41,6,4,0.031496062992125984,0.2677165354330709,0.2992125984251969,0.3228346456692913,0.047244094488188976,0.031496062992125984,0.6299212598425197,0.07874015748031496
43008,REGIAO 08,RS,Sul,2025,28,4,24,28,28,20,0,6,11,5,6,0,0.0,0.21428571428571427,0.39285714285714285,0.17857142857142858,0.21428571428571427,0.0,0.7142857142857143,0.21428571428571427
43009,REGIAO 09,RS,Sul,2007,26,0,22,26,26,23,0,6,10,7,3,0,0.0,0.23076923076923078,0.38461538461538464,0.2692307692307692,0.11538461538461539,0.0,0.8846153846153846,0.11538461538461539
43009,REGIAO 09,RS,Sul,2008,21,1,21,21,21,20,0,6,4,8,2,1,0.0,0.2857142857142857,0.19047619047619047,0.38095238095238093,0.09523809523809523,0.047619047619047616,0.9523809523809523,0.14285714285714285
43009,REGIAO 09,RS,Sul,2009,28,1,25,28,28,25,1,8,12,7,0,0,0.03571428571428571,0.2857142857142857,0.42857142857142855,0.25,0.0,0.0,0.8928571428571429,0.0
43009,REGIAO 09,RS,Sul,2010,16,3,14,16,16,14,1,2,5,5,1,2,0.0625,0.125,0.3125,0.3125,0.0625,0.125,0.875,0.1875
43009,REGIAO 09,RS,Sul,2011,26,0,22,26,26,23,1,3,12,9,1,0,0.038461538461538464,0.11538461538461539,0.46153846153846156,0.34615384615384615,0.038461538461538464,0.0,0.8846153846153846,0.038461538461538464
43009,REGIAO 09,RS,Sul,2012,21,2,21,21,21,17,0,6,10,3,1,1,0.0,0.2857142857142857,0.47619047619047616,0.14285714285714285,0.047619047619047616,0.047619047619047616,0.8095238095238095,0.09523809523809523
43009,REGIAO 09,RS,Sul,2013,22,2,20,22,22,21,2,9,4,6,1,0,0.09090909090909091,0.4090909090909091,0.18181818181818182,0.2727272727272727,0.045454545454545456,0.0,0.9545454545454546,0.045454545454545456
43009,REGIAO 09,RS,Sul,2014,16,3,15,16,16,15,3,4,3,4,2,0,0.1875,0.25,0.1875,0.25,0.125,0.0,0.9375,0.125
43009,REGIAO 09,RS,Sul,2015,18,1,16,18,18,18,1,3,8,5,1,0,0.05555555555555555,0.16666666666666666,0.4444444444444444,0.2777777777777778,0.05555555555555555,0.0,1.0,0.05555555555555555
43009,REGIAO 09,RS,Sul,2016,8,0,8,8,8,8,0,2,3,2,1,0,0.0,0.25,0.375,0.25,0.125,0.0,1.0,0.125
43009,REGIAO 09,RS,Sul,2017,18,0,16,18,18,13,1,3,4,9,1,0,0.05555555555555555,0.16666666666666666,0.2222222222222222,0.5,0.05555555555555555,0.0,0.7222222222222222,0.05555555555555555
43009,REGIAO 09,RS,Sul,2018,22,1,21,22,22,16,1,3,4,12,1,1,0.045454545454545456,0.13636363636363635,0.18181818181818182,0.5454545454545454,0.045454545454545456,0.045454545454545456,0.7272727272727273,0.09090909090909091
43009,REGIAO 09,RS,Sul,2019,22,0,22,22,22,19,1,7,5,7,2,0,0.045454545454545456,0.3181818181818182,0.22727272727272727,0.3181818181818182,0.09090909090909091,0.0,0.8636363636363636,0.09090909090909091
43009,REGIAO 09,RS,Sul,2020,9,0,9,9,9,7,0,5,1,3,0,0,0.0,0.5555555555555556,0.1111111111111111,0.3333333333333333,0.0,0.0,0.7777777777777778,0.0
43009,REGIAO 09,RS,Sul,2021,8,0,8,8,8,7,0,2,1,3,1,1,0.0,0.25,0.125,0.375,0.125,0.125,0.875,0.25
43009,REGIAO 09,RS,Sul,2022,11,0,9,11,11,10,0,1,5,5,0,0,0.0,0.09090909090909091,0.45454545454545453,0.45454545454545453,0.0,0.0,0.9090909090909091,0.0
43009,REGIAO 09,RS,Sul,2023,15,1,10,15,15,12,0,3,3,7,2,0,0.0,0.2,0.2,0.4666666666666667,0.13333333333333333,0.0,0.8,0.13333333333333333
43009,REGIAO 09,RS,Sul,2024,49,6,41,49,49,40,1,11,10,22,4,1,0.02040816326530612,0.22448979591836735,0.20408163265306123,0.4489795918367347,0.08163265306122448,0.02040816326530612,0.8163265306122449,0.1020408163265306
43009,REGIAO 09,RS,Sul,2025,18,1,16,18,18,18,1,7,4,5,1,0,0.05555555555555555,0.3888888888888889,0.2222222222222222,0.2777777777777778,0.05555555555555555,0.0,1.0,0.05555555555555555
43010,REGIAO 10,RS,Sul,2007,87,8,86,87,87,68,5,27,32,16,6,1,0.05747126436781609,0.3103448275862069,0.367816091954023,0.1839080459770115,0.06896551724137931,0.011494252873563218,0.7816091954022989,0.08045977011494253
43010,REGIAO 10,RS,Sul,2008,88,7,87,88,88,78,10,27,21,26,4,0,0.11363636363636363,0.3068181818181818,0.23863636363636365,0.29545454545454547,0.045454545454545456,0.0,0.8863636363636364,0.045454545454545456
43010,REGIAO 10,RS,Sul,2009,69,5,69,69,69,64,0,27,22,17,2,1,0.0,0.391304347826087,0.3188405797101449,0.2463768115942029,0.028985507246376812,0.014492753623188406,0.927536231884058,0.043478260869565216
43010,REGIAO 10,RS,Sul,2010,86,8,83,86,86,74,4,18,29,29,5,1,0.046511627906976744,0.20930232558139536,0.3372093023255814,0.3372093023255814,0.05813953488372093,0.011627906976744186,0.8604651162790697,0.06976744186046512
43010,REGIAO 10,RS,Sul,2011,81,13,80,81,81,74,3,22,21,19,14,2,0.037037037037037035,0.2716049382716049,0.25925925925925924,0.2345679012345679,0.1728395061728395,0.024691358024691357,0.9135802469135802,0.19753086419753085
43010,REGIAO 10,RS,Sul,2012,49,4,43,49,49,39,4,8,16,13,6,2,0.08163265306122448,0.16326530612244897,0.32653061224489793,0.2653061224489796,0.12244897959183673,0.04081632653061224,0.7959183673469388,0.16326530612244897
43010,REGIAO 10,RS,Sul,2013,83,7,78,83,83,66,7,23,25,16,9,3,0.08433734939759036,0.27710843373493976,0.30120481927710846,0.1927710843373494,0.10843373493975904,0.03614457831325301,0.7951807228915663,0.14457831325301204
43010,REGIAO 10,RS,Sul,2014,66,7,63,66,66,56,4,21,23,10,7,1,0.06060606060606061,0.3181818181818182,0.3484848484848485,0.15151515151515152,0.10606060606060606,0.015151515151515152,0.8484848484848485,0.12121212121212122
43010,REGIAO 10,RS,Sul,2015,79,10,75,79,79,68,6,18,25,18,11,1,0.0759493670886076,0.22784810126582278,0.31645569620253167,0.22784810126582278,0.13924050632911392,0.012658227848101266,0.8607594936708861,0.1518987341772152
43010,REGIAO 10,RS,Sul,2016,69,4,64,69,69,61,7,18,18,21,3,2,0.10144927536231885,0.2608695652173913,0.2608695652173913,0.30434782608695654,0.043478260869565216,0.028985507246376812,0.8840579710144928,0.07246376811594203
43010,REGIAO 10,RS,Sul,2017,100,8,95,100,100,90,10,30,24,26,6,4,0.1,0.3,0.24,0.26,0.06,0.04,0.9,0.1
43010,REGIAO 10,RS,Sul,2018,52,4,51,52,52,40,3,15,7,24,3,0,0.057692307692307696,0.28846153846153844,0.1346153846153846,0.46153846153846156,0.057692307692307696,0.0,0.7692307692307693,0.057692307692307696
43010,REGIAO 10,RS,Sul,2019,80,6,77,80,80,69,2,14,37,18,5,4,0.025,0.175,0.4625,0.225,0.0625,0.05,0.8625,0.1125
43010,REGIAO 10,RS,Sul,2020,31,2,28,31,31,25,2,6,13,4,5,1,0.06451612903225806,0.1935483870967742,0.41935483870967744,0.12903225806451613,0.16129032258064516,0.03225806451612903,0.8064516129032258,0.1935483870967742
43010,REGIAO 10,RS,Sul,2021,23,6,22,23,23,20,0,7,8,1,6,1,0.0,0.30434782608695654,0.34782608695652173,0.043478260869565216,0.2608695652173913,0.043478260869565216,0.8695652173913043,0.30434782608695654
43010,REGIAO 10,RS,Sul,2022,44,6,39,44,44,38,0,17,13,8,4,2,0.0,0.38636363636363635,0.29545454545454547,0.18181818181818182,0.09090909090909091,0.045454545454545456,0.8636363636363636,0.13636363636363635
43010,REGIAO 10,RS,Sul,2023,100,6,83,100,100,70,5,28,32,19,10,6,0.05,0.28,0.32,0.19,0.1,0.06,0.7,0.16
43010,REGIAO 10,RS,Sul,2024,402,11,380,402,402,269,14,122,140,92,25,9,0.03482587064676617,0.3034825870646766,0.3482587064676617,0.22885572139303484,0.06218905472636816,0.022388059701492536,0.6691542288557214,0.0845771144278607
43010,REGIAO 10,RS,Sul,2025,54,4,45,54,54,42,4,13,16,13,5,3,0.07407407407407407,0.24074074074074073,0.2962962962962963,0.24074074074074073,0.09259259259259259,0.05555555555555555,0.7777777777777778,0.14814814814814814
43011,REGIAO 11,RS,Sul,2007,1,0,1,1,1,1,0,0,0,0,1,0,0.0,0.0,0.0,0.0,1.0,0.0,1.0,1.0
43011,REGIAO 11,RS,Sul,2008,2,0,2,2,2,0,0,0,1,1,0,0,0.0,0.0,0.5,0.5,0.0,0.0,0.0,0.0
43011,REGIAO 11,RS,Sul,2009,2,0,2,2,2,2,0,1,1,0,0,0,0.0,0.5,0.5,0.0,0.0,0.0,1.0,0.0
43011,REGIAO 11,RS,Sul,2010,2,0,0,2,2,2,0,1,0,1,0,0,0.0,0.5,0.0,0.5,0.0,0.0,1.0,0.0
43011,REGIAO 11,RS,Sul,2011,2,0,0,2,2,2,0,0,1,1,0,0,0.0,0.0,0.5,0.5,0.0,0.0,1.0,0.0
43011,REGIAO 11,RS,Sul,2012,2,0,2,2,2,1,0,0,1,1,0,0,0.0,0.0,0.5,0.5,0.0,0.0,0.5,0.0
43011,REGIAO 11,RS,Sul,2013,1,1,1,1,1,1,0,0,0,1,0,0,0.0,0.0,0.0,1.0,0.0,0.0,1.0,0.0
43011,REGIAO 11,RS,Sul,2014,2,0,2,2,2,2,0,1,0,1,0,0,0.0,0.5,0.0,0.5,0.0,0.0,1.0,0.0
43011,REGIAO 11,RS,Sul,2015,3,1,3,3,3,3,0,1,0,1,1,0,0.0,0.3333333333333333,0.0,0.3333333333333333,0.3333333333333333,0.0,1.0,0.3333333333333333
43011,REGIAO 11,RS,Sul,2016,10,0,9,10,10,9,0,3,4,2,1,0,0.0,0.3,0.4,0.2,0.1,0.0,0.9,0.1
43011,REGIAO 11,RS,Sul,2017,7,0,7,7,7,7,0,2,1,1,1,2,0.0,0.2857142857142857,0.14285714285714285,0.14285714285714285,0.14285714285714285,0.2857142857142857,1.0,0.42857142857142855
43011,REGIAO 11,RS,Sul,2018,2,0,2,2,2,2,0,0,1,1,0,0,0.0,0.0,0.5,0.5,0.0,0.0,1.0,0.0
43011,REGIAO 11,RS,Sul,2019,7,0,7,7,7,6,0,2,2,0,2,1,0.0,0.2857142857142857,0.2857142857142857,0.0,0.2857142857142857,0.14285714285714285,0.8571428571428571,0.42857142857142855
43011,REGIAO 11,RS,Sul,2020,3,0,3,3,3,3,0,0,1,1,1,0,0.0,0.0,0.3333333333333333,0.3333333333333333,0.3333333333333333,0.0,1.0,0.3333333333333333
43011,REGIAO 11,RS,Sul,2021,1,0,1,1,1,0,0,0,0,0,1,0,0.0,0.0,0.0,0.0,1.0,0.0,0.0,1.0
43011,REGIAO 11,RS,Sul,2022,4,0,4,4,4,3,0,1,1,2,0,0,0.0,0.25,0.25,0.5,0.0,0.0,0.75,0.0
43011,REGIAO 11,RS,Sul,2023,10,2,10,10,10,9,0,3,1,3,2,1,0.0,0.3,0.1,0.3,0.2,0.1,0.9,0.30000000000000004
43011,REGIAO 11,RS,Sul,2024,14,1,14,14,14,12,0,3,1,7,3,0,0.0,0.21428571428571427,0.07142857142857142,0.5,0.21428571428571427,0.0,0.8571428571428571,0.21428571428571427
43011,REGIAO 11,RS,Sul,2025,6,1,6,6,6,4,0,2,2,2,0,0,0.0,0.3333333333333333,0.3333333333333333,0.3333333333333333,0.0,0.0,0.6666666666666666,0.0
43012,REGIAO 12,RS,Sul,2007,0,0,0,0,0,0,0,0,0,0,0,0,,,,,,,,
43012,REGIAO 12,RS,Sul,2008,1,0,1,1,1,1,0,1,0,0,0,0,0.0,1.0,0.0,0.0,0.0,0.0,1.0,0.0
43012,REGIAO 12,RS,Sul,2009,2,0,1,2,2,2,0,0,0,1,1,0,0.0,0.0,0.0,0.5,0.5,0.0,1.0,0.5
43012,REGIAO 12,RS,Sul,2010,0,0,0,0,0,0,0,0,0,0,0,0,,,,,,,,
43012,REGIAO 12,RS,Sul,2011,1,0,1,1,1,1,0,0,0,0,1,0,0.0,0.0,0.0,0.0,1.0,0.0,1.0,1.0
43012,REGIAO 12,RS,Sul,2012,1,0,1,1,1,1,0,0,0,0,1,0,0.0,0.0,0.0,0.0,1.0,0.0,1.0,1.0
43012,REGIAO 12,RS,Sul,2013,2,0,2,2,2,2,0,0,1,0,0,1,0.0,0.0,0.5,0.0,0.0,0.5,1.0,0.5
43012,REGIAO 12,RS,Sul,2014,1,0,1,1,1,1,0,0,0,1,0,0,0.0,0.0,0.0,1.0,0.0,0.0,1.0,0.0
43012,REGIAO 12,RS,Sul,2015,2,0,2,2,2,2,0,0,0,1,1,0,0.0,0.0,0.0,0.5,0.5,0.0,1.0,0.5
43012,REGIAO 12,RS,Sul,2016,3,0,3,3,3,3,0,0,1,2,0,0,0.0,0.0,0.3333333333333333,0.6666666666666666,0.0,0.0,1.0,0.0
43012,REGIAO 12,RS,Sul,2017,3,0,3,3,3,3,0,1,2,0,0,0,0.0,0.3333333333333333,0.6666666666666666,0.0,0.0,0.0,1.0,0.0
43012,REGIAO 12,RS,Sul,2018,3,0,2,3,3,1,0,3,0,0,0,0,0.0,1.0,0.0,0.0,0.0,0.0,0.3333333333333333,0.0
43012,REGIAO 12,RS,Sul,2019,6,0,5,6,6,6,0,1,3,1,0,1,0.0,0.16666666666666666,0.5,0.16666666666666666,0.0,0.16666666666666666,1.0,0.16666666666666666
43012,REGIAO 12,RS,Sul,2020,1,0,1,1,1,1,0,0,0,1,0,0,0.0,0.0,0.0,1.0,0.0,0.0,1.0,0.0
43012,REGIAO 12,RS,Sul,2021,0,0,0,0,0,0,0,0,0,0,0,0,,,,,,,,
43012,REGIAO 12,RS,Sul,2022,1,0,0,1,1,1,0,0,0,1,0,0,0.0,0.0,0.0,1.0,0.0,0.0,1.0,0.0
43012,REGIAO 12,RS,Sul,2023,0,0,0,0,0,0,0,0,0,0,0,0,,,,,,,,
43012,REGIAO 12,RS,Sul,2024,3,0,3,3,3,2,0,1,1,0,0,1,0.0,0.3333333333333333,0.3333333333333333,0.0,0.0,0.3333333333333333,0.6666666666666666,0.3333333333333333
43012,REGIAO 12,RS,Sul,2025,1,0,1,1,1,1,0,0,1,0,0,0,0.0,0.0,1.0,0.0,0.0,0.0,1.0,0.0
43013,REGIAO 13,RS,Sul,2007,14,0,14,14,14,14,1,10,2,0,1,0,0.07142857142857142,0.7142857142857143,0.14285714285714285,0.0,0.07142857142857142,0.0,1.0,0.07142857142857142
43013,REGIAO 13,RS,Sul,2008,11,0,11,11,11,11,0,5,5,1,0,0,0.0,0.45454545454545453,0.45454545454545453,0.09090909090909091,0.0,0.0,1.0,0.0
43013,REGIAO 13,RS,Sul,2009,13,0,13,13,13,13,0,4,4,4,1,0,0.0,0.3076923076923077,0.3076923076923077,0.3076923076923077,0.07692307692307693,0.0,1.0,0.07692307692307693
43013,REGIAO 13,RS,Sul,2010,2,0,2,2,2,2,0,1,0,1,0,0,0.0,0.5,0.0,0.5,0.0,0.0,1.0,0.0
43013,REGIAO 13,RS,Sul,2011,15,1,15,15,15,14,1,4,1,7,2,0,0.06666666666666667,0.26666666666666666,0.06666666666666667,0.4666666666666667,0.13333333333333333,0.0,0.9333333333333333,0.13333333333333333
43013,REGIAO 13,RS,Sul,2012,14,0,14,14,14,12,1,4,3,4,2,0,0.07142857142857142,0.2857142857142857,0.21428571428571427,0.2857142857142857,0.14285714285714285,0.0,0.8571428571428571,0.14285714285714285
43013,REGIAO 13,RS,Sul,2013,5,0,4,5,5,5,0,2,1,0,2,0,0.0,0.4,0.2,0.0,0.4,0.0,1.0,0.4
43013,REGIAO 13,RS,Sul,2014,19,0,19,19,19,18,2,5,2,6,3,1,0.10526315789473684,0.2631578947368421,0.10526315789473684,0.3157894736842105,0.15789473684210525,0.05263157894736842,0.9473684210526315,0.21052631578947367
43013,REGIAO 13,RS,Sul,2015,10,0,9,10,10,10,0,4,2,1,2,1,0.0,0.4,0.2,0.1,0.2,0.1,1.0,0.30000000000000004
43013,REGIAO 13,RS,Sul,2016,12,0,12,12,12,12,3,3,1,3,1,1,0.25,0.25,0.08333333333333333,0.25,0.08333333333333333,0.08333333333333333,1.0,0.16666666666666666
43013,REGIAO 13,RS,Sul,2017,16,0,14,16,16,12,0,1,7,4,2,2,0.0,0.0625,0.4375,0.25,0.125,0.125,0.75,0.25
43013,REGIAO 13,RS,Sul,2018,18,0,16,18,18,18,1,6,3,5,3,0,0.05555555555555555,0.3333333333333333,0.16666666666666666,0.2777777777777778,0.16666666666666666,0.0,1.0,0.16666666666666666
43013,REGIAO 13,RS,Sul,2019,35,0,34,35,35,32,3,12,7,11,1,1,0.08571428571428572,0.34285714285714286,0.2,0.3142857142857143,0.02857142857142857,0.02857142857142857,0.9142857142857143,0.05714285714285714
43013,REGIAO 13,RS,Sul,2020,8,1,7,8,8,8,1,0,1,5,0,1,0.125,0.0,0.125,0.625,0.0,0.125,1.0,0.125
43013,REGIAO 13,RS,Sul,2021,11,0,8,11,11,9,3,1,2,5,0,0,0.2727272727272727,0.09090909090909091,0.18181818181818182,0.45454545454545453,0.0,0.0,0.8181818181818182,0.0
43013,REGIAO 13,RS,Sul,2022,10,1,9,10,10,10,0,2,4,2,2,0,0.0,0.2,0.4,0.2,0.2,0.0,1.0,0.2
43013,REGIAO 13,RS,Sul,2023,10,2,8,10,10,9,0,0,5,4,0,1,0.0,0.0,0.5,0.4,0.0,0.1,0.9,0.1
43013,REGIAO 13,RS,Sul,2024,10,0,9,10,10,8,0,2,2,4,2,0,0.0,0.2,0.2,0.4,0.2,0.0,0.8,0.2
43013,REGIAO 13,RS,Sul,2025,8,0,8,8,8,8,1,2,5,0,0,0,0.125,0.25,0.625,0.0,0.0,0.0,1.0,0.0
43014,REGIAO 14,RS,Sul,2007,39,0,38,39,39,33,5,8,13,13,0,0,0.1282051282051282,0.20512820512820512,0.3333333333333333,0.3333333333333333,0.0,0.0,0.8461538461538461,0.0
43014,REGIAO 14,RS,Sul,2008,9,0,9,9,9,9,4,1,1,1,1,1,0.4444444444444444,0.1111111111111111,0.1111111111111111,0.1111111111111111,0.1111111111111111,0.1111111111111111,1.0,0.2222222222222222
43014,REGIAO 14,RS,Sul,2009,13,0,13,13,13,12,1,2,5,5,0,0,0.07692307692307693,0.15384615384615385,0.38461538461538464,0.38461538461538464,0.0,0.0,0.9230769230769231,0.0
43014,REGIAO 14,RS,Sul,2010,6,0,5,6,6,5,0,1,0,5,0,0,0.0,0.16666666666666666,0.0,0.8333333333333334,0.0,0.0,0.8333333333333334,0.0
43014,REGIAO 14,RS,Sul,2011,31,0,30,31,31,26,3,13,5,7,2,1,0.0967741935483871,0.41935483870967744,0.16129032258064516,0.22580645161290322,0.06451612903225806,0.03225806451612903,0.8387096774193549,0.0967741935483871
43014,REGIAO 14,RS,Sul,2012,7,0,7,7,7,6,1,1,2,3,0,0,0.14285714285714285,0.14285714285714285,0.2857142857142857,0.42857142857142855,0.0,0.0,0.8571428571428571,0.0
43014,REGIAO 14,RS,Sul,2013,12,0,12,12,12,9,3,3,3,3,0,0,0.25,0.25,0.25,0.25,0.0,0.0,0.75,0.0
43014,REGIAO 14,RS,Sul,2014,19,0,19,19,19,18,2,3,7,7,0,0,0.10526315789473684,0.15789473684210525,0.3684210526315789,0.3684210526315789,0.0,0.0,0.9473684210526315,0.0
43014,REGIAO 14,RS,Sul,2015,14,0,14,14,14,14,1,4,4,5,0,0,0.07142857142857142,0.2857142857142857,0.2857142857142857,0.35714285714285715,0.0,0.0,1.0,0.0
43014,REGIAO 14,RS,Sul,2016,35,1,35,35,35,29,5,8,7,10,5,0,0.14285714285714285,0.22857142857142856,0.2,0.2857142857142857,0.14285714285714285,0.0,0.8285714285714286,0.14285714285714285
43014,REGIAO 14,RS,Sul,2017,20,1,19,20,20,15,1,4,6,6,2,1,0.05,0.2,0.3,0.3,0.1,0.05,0.75,0.15000000000000002
43014,REGIAO 14,RS,Sul,2018,20,0,18,20,20,16,0,5,2,7,5,1,0.0,0.25,0.1,0.35,0.25,0.05,0.8,0.3
43014,REGIAO 14,RS,Sul,2019,35,2,35,35,35,32,2,9,6,11,3,4,0.05714285714285714,0.2571428571428571,0.17142857142857143,0.3142857142857143,0.08571428571428572,0.11428571428571428,0.9142857142857143,0.2
43014,REGIAO 14,RS,Sul,2020,17,0,17,17,17,15,1,5,6,5,0,0,0.058823529411764705,0.29411764705882354,0.35294117647058826,0.29411764705882354,0.0,0.0,0.8823529411764706,0.0
43014,REGIAO 14,RS,Sul,2021,9,0,8,9,9,9,1,2,2,3,1,0,0.1111111111111111,0.2222222222222222,0.2222222222222222,0.3333333333333333,0.1111111111111111,0.0,1.0,0.1111111111111111
43014,REGIAO 14,RS,Sul,2022,13,0,13,13,13,9,1,0,3,5,3,1,0.07692307692307693,0.0,0.23076923076923078,0.38461538461538464,0.23076923076923078,0.07692307692307693,0.6923076923076923,0.3076923076923077
43014,REGIAO 14,RS,Sul,2023,16,0,16,16,16,14,0,2,5,6,2,1,0.0,0.125,0.3125,0.375,0.125,0.0625,0.875,0.1875
43014,REGIAO 14,RS,Sul,2024,36,2,35,36,36,27,0,9,11,8,8,0,0.0,0.25,0.3055555555555556,0.2222222222222222,0.2222222222222222,0.0,0.75,0.2222222222222222
43014,REGIAO 14,RS,Sul,2025,12,0,11,12,12,9,1,2,3,6,0,0,0.08333333333333333,0.16666666666666666,0.25,0.5,0.0,0.0,0.75,0.0
43015,REGIAO 15 - CAMINHO DAS AGUAS,RS,Sul,2007,5,0,4,5,5,5,0,1,2,2,0,0,0.0,0.2,0.4,0.4,0.0,0.0,1.0,0.0
43015,REGIAO 15 - CAMINHO DAS AGUAS,RS,Sul,2008,4,0,4,4,4,3,1,1,1,1,0,0,0.25,0.25,0.25,0.25,0.0,0.0,0.75,0.0
43015,REGIAO 15 - CAMINHO DAS AGUAS,RS,Sul,2009,3,0,2,3,3,3,0,0,1,2,0,0,0.0,0.0,0.3333333333333333,0.6666666666666666,0.0,0.0,1.0,0.0
43015,REGIAO 15 - CAMINHO DAS AGUAS,RS,Sul,2010,2,0,1,2,2,1,1,0,0,0,1,0,0.5,0.0,0.0,0.0,0.5,0.0,0.5,0.5
43015,REGIAO 15 - CAMINHO DAS AGUAS,RS,Sul,2011,6,0,5,6,6,4,1,3,1,0,1,0,0.16666666666666666,0.5,0.16666666666666666,0.0,0.16666666666666666,0.0,0.6666666666666666,0.16666666666666666
43015,REGIAO 15 - CAMINHO DAS AGUAS,RS,Sul,2012,2,0,2,2,2,2,0,0,1,1,0,0,0.0,0.0,0.5,0.5,0.0,0.0,1.0,0.0
43015,REGIAO 15 - CAMINHO DAS AGUAS,RS,Sul,2013,2,0,2,2,2,1,0,1,1,0,0,0,0.0,0.5,0.5,0.0,0.0,0.0,0.5,0.0
43015,REGIAO 15 - CAMINHO DAS AGUAS,RS,Sul,2014,0,0,0,0,0,0,0,0,0,0,0,0,,,,,,,,
43015,REGIAO 15 - CAMINHO DAS AGUAS,RS,Sul,2015,6,0,6,6,6,5,0,1,2,2,1,0,0.0,0.16666666666666666,0.3333333333333333,0.3333333333333333,0.16666666666666666,0.0,0.8333333333333334,0.16666666666666666
43015,REGIAO 15 - CAMINHO DAS AGUAS,RS,Sul,2016,6,0,6,6,6,6,0,1,2,2,1,0,0.0,0.16666666666666666,0.3333333333333333,0.3333333333333333,0.16666666666666666,0.0,1.0,0.16666666666666666
43015,REGIAO 15 - CAMINHO DAS AGUAS,RS,Sul,2017,8,0,8,8,8,5,1,2,2,1,0,2,0.125,0.25,0.25,0.125,0.0,0.25,0.625,0.25
43015,REGIAO 15 - CAMINHO DAS AGUAS,RS,Sul,2018,4,0,4,4,4,4,1,0,1,1,1,0,0.25,0.0,0.25,0.25,0.25,0.0,1.0,0.25
43015,REGIAO 15 - CAMINHO DAS AGUAS,RS,Sul,2019,18,0,17,18,18,17,2,4,3,7,1,1,0.1111111111111111,0.2222222222222222,0.16666666666666666,0.3888888888888889,0.05555555555555555,0.05555555555555555,0.9444444444444444,0.1111111111111111
43015,REGIAO 15 - CAMINHO DAS AGUAS,RS,Sul,2020,6,0,6,6,6,4,1,2,0,1,1,1,0.16666666666666666,0.3333333333333333,0.0,0.16666666666666666,0.16666666666666666,0.16666666666666666,0.6666666666666666,0.3333333333333333
43015,REGIAO 15 - CAMINHO DAS AGUAS,RS,Sul,2021,4,0,4,4,4,4,0,0,0,2,1,1,0.0,0.0,0.0,0.5,0.25,0.25,1.0,0.5
43015,REGIAO 15 - CAMINHO DAS AGUAS,RS,Sul,2022,5,0,4,5,5,5,0,2,0,2,1,0,0.0,0.4,0.0,0.4,0.2,0.0,1.0,0.2
43015,REGIAO 15 - CAMINHO DAS AGUAS,RS,Sul,2023,5,0,2,5,5,4,0,1,2,1,1,0,0.0,0.2,0.4,0.2,0.2,0.0,0.8,0.2
43015,REGIAO 15 - CAMINHO DAS AGUAS,RS,Sul,2024,8,0,8,8,8,6,0,0,2,2,4,0,0.0,0.0,0.25,0.25,0.5,0.0,0.75,0.5
43015,REGIAO 15 - CAMINHO DAS AGUAS,RS,Sul,2025,4,0,2,4,4,3,0,3,1,0,0,0,0.0,0.75,0.25,0.0,0.0,0.0,0.75,0.0
43016,REGIAO 16,RS,Sul,2007,2,0,2,2,2,2,0,1,1,0,0,0,0.0,0.5,0.5,0.0,0.0,0.0,1.0,0.0
43016,REGIAO 16,RS,Sul,2008,3,0,2,3,3,3,0,0,1,2,0,0,0.0,0.0,0.3333333333333333,0.6666666666666666,0.0,0.0,1.0,0.0
43016,REGIAO 16,RS,Sul,2009,2,1,1,2,2,1,0,0,1,1,0,0,0.0,0.0,0.5,0.5,0.0,0.0,0.5,0.0
43016,REGIAO 16,RS,Sul,2010,2,0,2,2,2,0,1,0,0,1,0,0,0.5,0.0,0.0,0.5,0.0,0.0,0.0,0.0
43016,REGIAO 16,RS,Sul,2011,6,0,6,6,6,6,0,1,3,2,0,0,0.0,0.16666666666666666,0.5,0.3333333333333333,0.0,0.0,1.0,0.0
43016,REGIAO 16,RS,Sul,2012,6,0,6,6,6,4,0,2,2,2,0,0,0.0,0.3333333333333333,0.3333333333333333,0.3333333333333333,0.0,0.0,0.6666666666666666,0.0
43016,REGIAO 16,RS,Sul,2013,2,0,2,2,2,1,0,2,0,0,0,0,0.0,1.0,0.0,0.0,0.0,0.0,0.5,0.0
43016,REGIAO 16,RS,Sul,2014,7,0,4,7,7,6,0,0,4,2,1,0,0.0,0.0,0.5714285714285714,0.2857142857142857,0.14285714285714285,0.0,0.8571428571428571,0.14285714285714285
43016,REGIAO 16,RS,Sul,2015,3,0,3,3,3,3,0,0,1,0,2,0,0.0,0.0,0.3333333333333333,0.0,0.6666666666666666,0.0,1.0,0.6666666666666666
43016,REGIAO 16,RS,Sul,2016,5,0,4,5,5,4,0,1,0,3,0,1,0.0,0.2,0.0,0.6,0.0,0.2,0.8,0.2
43016,REGIAO 16,RS,Sul,2017,4,0,3,4,4,4,0,1,1,2,0,0,0.0,0.25,0.25,0.5,0.0,0.0,1.0,0.0
43016,REGIAO 16,RS,Sul,2018,10,0,8,10,10,8,1,1,0,6,2,0,0.1,0.1,0.0,0.6,0.2,0.0,0.8,0.2
43016,REGIAO 16,RS,Sul,2019,13,0,13,13,13,11,1,2,5,2,3,0,0.07692307692307693,0.15384615384615385,0.38461538461538464,0.15384615384615385,0.23076923076923078,0.0,0.8461538461538461,0.23076923076923078
43016,REGIAO 16,RS,Sul,2020,3,0,3,3,3,3,0,1,0,0,1,1,0.0,0.3333333333333333,0.0,0.0,0.3333333333333333,0.3333333333333333,1.0,0.6666666666666666
43016,REGIAO 16,RS,Sul,2021,6,0,5,6,6,4,0,1,2,1,1,1,0.0,0.16666666666666666,0.3333333333333333,0.16666666666666666,0.16666666666666666,0.16666666666666666,0.6666666666666666,0.3333333333333333
43016,REGIAO 16,RS,Sul,2022,5,0,4,5,5,4,1,1,0,1,2,0,0.2,0.2,0.0,0.2,0.4,0.0,0.8,0.4
43016,REGIAO 16,RS,Sul,2023,6,0,5,6,6,4,0,0,2,2,2,0,0.0,0.0,0.3333333333333333,0.3333333333333333,0.3333333333333333,0.0,0.6666666666666666,0.3333333333333333
43016,REGIAO 16,RS,Sul,2024,12,0,6,12,12,7,1,2,5,3,1,0,0.08333333333333333,0.16666666666666666,0.4166666666666667,0.25,0.08333333333333333,0.0,0.5833333333333334,0.08333333333333333
43016,REGIAO 16,RS,Sul,2025,12,0,7,12,12,10,0,1,2,4,3,2,0.0,0.08333333333333333,0.16666666666666666,0.3333333333333333,0.25,0.16666666666666666,0.8333333333333334,0.41666666666666663
43017,REGIAO 17 - PLANALTO,RS,Sul,2007,3,1,3,3,3,3,0,0,2,0,0,1,0.0,0.0,0.6666666666666666,0.0,0.0,0.3333333333333333,1.0,0.3333333333333333
43017,REGIAO 17 - PLANALTO,RS,Sul,2008,2,0,2,2,2,2,0,1,1,0,0,0,0.0,0.5,0.5,0.0,0.0,0.0,1.0,0.0
43017,REGIAO 17 - PLANALTO,RS,Sul,2009,6,0,6,6,6,4,0,3,0,3,0,0,0.0,0.5,0.0,0.5,0.0,0.0,0.6666666666666666,0.0
43017,REGIAO 17 - PLANALTO,RS,Sul,2010,8,1,8,8,8,8,1,0,4,2,1,0,0.125,0.0,0.5,0.25,0.125,0.0,1.0,0.125
43017,REGIAO 17 - PLANALTO,RS,Sul,2011,7,0,6,7,7,7,0,3,2,2,0,0,0.0,0.42857142857142855,0.2857142857142857,0.2857142857142857,0.0,0.0,1.0,0.0
43017,REGIAO 17 - PLANALTO,RS,Sul,2012,3,0,3,3,3,3,1,1,1,0,0,0,0.3333333333333333,0.3333333333333333,0.3333333333333333,0.0,0.0,0.0,1.0,0.0
43017,REGIAO 17 - PLANALTO,RS,Sul,2013,12,0,12,12,12,11,3,2,2,3,2,0,0.25,0.16666666666666666,0.16666666666666666,0.25,0.16666666666666666,0.0,0.9166666666666666,0.16666666666666666
43017,REGIAO 17 - PLANALTO,RS,Sul,2014,16,1,15,16,16,16,4,3,7,0,2,0,0.25,0.1875,0.4375,0.0,0.125,0.0,1.0,0.125
43017,REGIAO 17 - PLANALTO,RS,Sul,2015,12,1,12,12,12,12,0,3,4,4,1,0,0.0,0.25,0.3333333333333333,0.3333333333333333,0.08333333333333333,0.0,1.0,0.08333333333333333
43017,REGIAO 17 - PLANALTO,RS,Sul,2016,18,0,17,18,18,15,3,3,5,4,2,1,0.16666666666666666,0.16666666666666666,0.2777777777777778,0.2222222222222222,0.1111111111111111,0.05555555555555555,0.8333333333333334,0.16666666666666666
43017,REGIAO 17 - PLANALTO,RS,Sul,2017,13,0,10,13,13,11,1,6,2,2,1,1,0.07692307692307693,0.46153846153846156,0.15384615384615385,0.15384615384615385,0.07692307692307693,0.07692307692307693,0.8461538461538461,0.15384615384615385
43017,REGIAO 17 - PLANALTO,RS,Sul,2018,13,0,12,13,13,12,1,2,6,2,2,0,0.07692307692307693,0.15384615384615385,0.46153846153846156,0.15384615384615385,0.15384615384615385,0.0,0.9230769230769231,0.15384615384615385
43017,REGIAO 17 - PLANALTO,RS,Sul,2019,17,0,14,17,17,14,3,5,3,4,2,0,0.17647058823529413,0.29411764705882354,0.17647058823529413,0.23529411764705882,0.11764705882352941,0.0,0.8235294117647058,0.11764705882352941
43017,REGIAO 17 - PLANALTO,RS,Sul,2020,4,0,2,4,4,4,0,0,1,2,1,0,0.0,0.0,0.25,0.5,0.25,0.0,1.0,0.25
43017,REGIAO 17 - PLANALTO,RS,Sul,2021,7,0,6,7,7,5,0,3,1,2,0,1,0.0,0.42857142857142855,0.14285714285714285,0.2857142857142857,0.0,0.14285714285714285,0.7142857142857143,0.14285714285714285
43017,REGIAO 17 - PLANALTO,RS,Sul,2022,16,1,14,16,16,14,0,2,3,7,2,2,0.0,0.125,0.1875,0.4375,0.125,0.125,0.875,0.25
43017,REGIAO 17 - PLANALTO,RS,Sul,2023,15,0,13,15,15,10,0,4,4,5,1,1,0.0,0.26666666666666666,0.26666666666666666,0.3333333333333333,0.06666666666666667,0.06666666666666667,0.6666666666666666,0.13333333333333333
43017,REGIAO 17 - PLANALTO,RS,Sul,2024,18,1,15,18,18,12,1,3,5,4,4,1,0.05555555555555555,0.16666666666666666,0.2777777777777778,0.2222222222222222,0.2222222222222222,0.05555555555555555,0.6666666666666666,0.2777777777777778
43017,REGIAO 17 - PLANALTO,RS,Sul,2025,5,0,5,5,5,3,0,0,2,1,1,1,0.0,0.0,0.4,0.2,0.2,0.2,0.6,0.4
43018,REGIAO 18,RS,Sul,2007,1,0,1,1,1,1,0,0,0,1,0,0,0.0,0.0,0.0,1.0,0.0,0.0,1.0,0.0
43018,REGIAO 18,RS,Sul,2008,3,0,3,3,3,2,0,2,0,1,0,0,0.0,0.6666666666666666,0.0,0.3333333333333333,0.0,0.0,0.6666666666666666,0.0
43018,REGIAO 18,RS,Sul,2009,2,0,2,2,2,2,0,0,1,0,1,0,0.0,0.0,0.5,0.0,0.5,0.0,1.0,0.5
43018,REGIAO 18,RS,Sul,2010,1,0,1,1,1,1,0,0,1,0,0,0,0.0,0.0,1.0,0.0,0.0,0.0,1.0,0.0
43018,REGIAO 18,RS,Sul,2011,4,0,3,4,4,3,0,1,1,1,1,0,0.0,0.25,0.25,0.25,0.25,0.0,0.75,0.25
43018,REGIAO 18,RS,Sul,2012,1,0,1,1,1,1,0,0,1,0,0,0,0.0,0.0,1.0,0.0,0.0,0.0,1.0,0.0
43018,REGIAO 18,RS,Sul,2013,2,0,2,2,2,2,0,1,0,0,1,0,0.0,0.5,0.0,0.0,0.5,0.0,1.0,0.5
43018,REGIAO 18,RS,Sul,2014,8,0,7,8,8,8,1,2,2,3,0,0,0.125,0.25,0.25,0.375,0.0,0.0,1.0,0.0
43018,REGIAO 18,RS,Sul,2015,7,0,6,7,7,5,0,1,1,3,2,0,0.0,0.14285714285714285,0.14285714285714285,0.42857142857142855,0.2857142857142857,0.0,0.7142857142857143,0.2857142857142857
43018,REGIAO 18,RS,Sul,2016,10,0,10,10,10,8,2,1,1,4,0,2,0.2,0.1,0.1,0.4,0.0,0.2,0.8,0.2
43018,REGIAO 18,RS,Sul,2017,12,0,11,12,12,8,1,2,3,3,3,0,0.08333333333333333,0.16666666666666666,0.25,0.25,0.25,0.0,0.6666666666666666,0.25
43018,REGIAO 18,RS,Sul,2018,35,1,34,35,35,25,3,9,9,9,4,1,0.08571428571428572,0.2571428571428571,0.2571428571428571,0.2571428571428571,0.11428571428571428,0.02857142857142857,0.7142857142857143,0.14285714285714285
43018,REGIAO 18,RS,Sul,2019,19,0,17,19,19,17,2,5,5,4,3,0,0.10526315789473684,0.2631578947368421,0.2631578947368421,0.21052631578947367,0.15789473684210525,0.0,0.8947368421052632,0.15789473684210525
43018,REGIAO 18,RS,Sul,2020,6,0,5,6,6,5,0,1,1,3,1,0,0.0,0.16666666666666666,0.16666666666666666,0.5,0.16666666666666666,0.0,0.8333333333333334,0.16666666666666666
43018,REGIAO 18,RS,Sul,2021,5,0,5,5,5,4,0,0,2,2,1,0,0.0,0.0,0.4,0.4,0.2,0.0,0.8,0.2
43018,REGIAO 18,RS,Sul,2022,11,0,10,11,11,8,0,1,3,3,2,2,0.0,0.09090909090909091,0.2727272727272727,0.2727272727272727,0.18181818181818182,0.18181818181818182,0.7272727272727273,0.36363636363636365
43018,REGIAO 18,RS,Sul,2023,10,0,10,10,10,10,0,1,2,6,1,0,0.0,0.1,0.2,0.6,0.1,0.0,1.0,0.1
43018,REGIAO 18,RS,Sul,2024,8,0,8,8,8,8,0,2,0,1,3,2,0.0,0.25,0.0,0.125,0.375,0.25,1.0,0.625
43018,REGIAO 18,RS,Sul,2025,10,0,10,10,10,5,1,3,3,3,0,0,0.1,0.3,0.3,0.3,0.0,0.0,0.5,0.0
43019,REGIAO 19,RS,Sul,2007,3,0,3,3,3,1,0,0,2,0,1,0,0.0,0.0,0.6666666666666666,0.0,0.3333333333333333,0.0,0.3333333333333333,0.3333333333333333
43019,REGIAO 19,RS,Sul,2008,3,0,3,3,3,2,0,2,0,1,0,0,0.0,0.6666666666666666,0.0,0.3333333333333333,0.0,0.0,0.6666666666666666,0.0
43019,REGIAO 19,RS,Sul,2009,0,0,0,0,0,0,0,0,0,0,0,0,,,,,,,,
43019,REGIAO 19,RS,Sul,2010,1,0,1,1,1,1,0,0,0,1,0,0,0.0,0.0,0.0,1.0,0.0,0.0,1.0,0.0
43019,REGIAO 19,RS,Sul,2011,1,0,1,1,1,1,0,0,1,0,0,0,0.0,0.0,1.0,0.0,0.0,0.0,1.0,0.0
43019,REGIAO 19,RS,Sul,2012,2,0,1,2,2,1,0,1,1,0,0,0,0.0,0.5,0.5,0.0,0.0,0.0,0.5,0.0
43019,REGIAO 19,RS,Sul,2013,1,0,1,1,1,1,0,0,1,0,0,0,0.0,0.0,1.0,0.0,0.0,0.0,1.0,0.0
43019,REGIAO 19,RS,Sul,2014,2,0,2,2,2,2,0,1,1,0,0,0,0.0,0.5,0.5,0.0,0.0,0.0,1.0,0.0
43019,REGIAO 19,RS,Sul,2015,2,0,2,2,2,2,0,2,0,0,0,0,0.0,1.0,0.0,0.0,0.0,0.0,1.0,0.0
43019,REGIAO 19,RS,Sul,2016,1,0,1,1,1,0,0,0,0,0,1,0,0.0,0.0,0.0,0.0,1.0,0.0,0.0,1.0
43019,REGIAO 19,RS,Sul,2017,5,0,5,5,5,4,0,0,4,1,0,0,0.0,0.0,0.8,0.2,0.0,0.0,0.8,0.0
43019,REGIAO 19,RS,Sul,2018,0,0,0,0,0,0,0,0,0,0,0,0,,,,,,,,
43019,REGIAO 19,RS,Sul,2019,2,0,1,2,2,2,0,1,0,0,1,0,0.0,0.5,0.0,0.0,0.5,0.0,1.0,0.5
43019,REGIAO 19,RS,Sul,2020,0,0,0,0,0,0,0,0,0,0,0,0,,,,,,,,
43019,REGIAO 19,RS,Sul,2021,0,0,0,0,0,0,0,0,0,0,0,0,,,,,,,,
43019,REGIAO 19,RS,Sul,2022,1,0,1,1,1,1,0,0,0,0,1,0,0.0,0.0,0.0,0.0,1.0,0.0,1.0,1.0
43019,REGIAO 19,RS,Sul,2023,2,1,1,2,2,1,0,0,1,1,0,0,0.0,0.0,0.5,0.5,0.0,0.0,0.5,0.0
43019,REGIAO 19,RS,Sul,2024,8,0,5,8,8,6,0,3,1,4,0,0,0.0,0.375,0.125,0.5,0.0,0.0,0.75,0.0
43019,REGIAO 19,RS,Sul,2025,3,0,2,3,3,1,2,0,0,1,0,0,0.6666666666666666,0.0,0.0,0.3333333333333333,0.0,0.0,0.3333333333333333,0.0
43020,REGIAO 20 - ROTA DA PRODUCAO,RS,Sul,2007,0,0,0,0,0,0,0,0,0,0,0,0,,,,,,,,
43020,REGIAO 20 - ROTA DA PRODUCAO,RS,Sul,2008,5,0,4,5,5,5,1,1,2,1,0,0,0.2,0.2,0.4,0.2,0.0,0.0,1.0,0.0
43020,REGIAO 20 - ROTA DA PRODUCAO,RS,Sul,2009,1,0,1,1,1,1,0,1,0,0,0,0,0.0,1.0,0.0,0.0,0.0,0.0,1.0,0.0
43020,REGIAO 20 - ROTA DA PRODUCAO,RS,Sul,2010,2,0,2,2,2,2,0,0,1,1,0,0,0.0,0.0,0.5,0.5,0.0,0.0,1.0,0.0
43020,REGIAO 20 - ROTA DA PRODUCAO,RS,Sul,2011,2,0,1,2,2,2,0,0,1,0,0,1,0.0,0.0,0.5,0.0,0.0,0.5,1.0,0.5
43020,REGIAO 20 - ROTA DA PRODUCAO,RS,Sul,2012,0,0,0,0,0,0,0,0,0,0,0,0,,,,,,,,
43020,REGIAO 20 - ROTA DA PRODUCAO,RS,Sul,2013,2,0,2,2,2,2,0,1,0,1,0,0,0.0,0.5,0.0,0.5,0.0,0.0,1.0,0.0
43020,REGIAO 20 - ROTA DA PRODUCAO,RS,Sul,2014,8,0,8,8,8,7,0,1,0,2,2,3,0.0,0.125,0.0,0.25,0.25,0.375,0.875,0.625
43020,REGIAO 20 - ROTA DA PRODUCAO,RS,Sul,2015,2,0,2,2,2,2,0,0,1,1,0,0,0.0,0.0,0.5,0.5,0.0,0.0,1.0,0.0
43020,REGIAO 20 - ROTA DA PRODUCAO,RS,Sul,2016,1,0,1,1,1,1,0,0,0,0,1,0,0.0,0.0,0.0,0.0,1.0,0.0,1.0,1.0
43020,REGIAO 20 - ROTA DA PRODUCAO,RS,Sul,2017,0,0,0,0,0,0,0,0,0,0,0,0,,,,,,,,
43020,REGIAO 20 - ROTA DA PRODUCAO,RS,Sul,2018,2,0,2,2,2,1,0,1,1,0,0,0,0.0,0.5,0.5,0.0,0.0,0.0,0.5,0.0
43020,REGIAO 20 - ROTA DA PRODUCAO,RS,Sul,2019,5,1,4,5,5,4,0,0,1,3,1,0,0.0,0.0,0.2,0.6,0.2,0.0,0.8,0.2
43020,REGIAO 20 - ROTA DA PRODUCAO,RS,Sul,2020,2,0,2,2,2,2,0,0,0,1,1,0,0.0,0.0,0.0,0.5,0.5,0.0,1.0,0.5
43020,REGIAO 20 - ROTA DA PRODUCAO,RS,Sul,2021,0,0,0,0,0,0,0,0,0,0,0,0,,,,,,,,
43020,REGIAO 20 - ROTA DA PRODUCAO,RS,Sul,2022,3,0,3,3,3,3,0,1,0,2,0,0,0.0,0.3333333333333333,0.0,0.6666666666666666,0.0,0.0,1.0,0.0
43020,REGIAO 20 - ROTA DA PRODUCAO,RS,Sul,2023,7,0,6,7,7,7,0,0,3,3,1,0,0.0,0.0,0.42857142857142855,0.42857142857142855,0.14285714285714285,0.0,1.0,0.14285714285714285
43020,REGIAO 20 - ROTA DA PRODUCAO,RS,Sul,2024,8,0,6,8,8,7,0,0,3,2,3,0,0.0,0.0,0.375,0.25,0.375,0.0,0.875,0.375
43020,REGIAO 20 - ROTA DA PRODUCAO,RS,Sul,2025,10,1,8,10,10,9,1,1,3,3,0,2,0.1,0.1,0.3,0.3,0.0,0.2,0.9,0.2
43021,REGIAO 21,RS,Sul,2007,42,1,31,42,42,33,3,15,14,8,1,1,0.07142857142857142,0.35714285714285715,0.3333333333333333,0.19047619047619047,0.023809523809523808,0.023809523809523808,0.7857142857142857,0.047619047619047616
43021,REGIAO 21,RS,Sul,2008,47,1,35,47,47,39,5,20,11,9,2,0,0.10638297872340426,0.425531914893617,0.23404255319148937,0.19148936170212766,0.0425531914893617,0.0,0.8297872340425532,0.0425531914893617
43021,REGIAO 21,RS,Sul,2009,59,0,46,59,59,51,0,21,17,20,1,0,0.0,0.3559322033898305,0.288135593220339,0.3389830508474576,0.01694915254237288,0.0,0.864406779661017,0.01694915254237288
43021,REGIAO 21,RS,Sul,2010,80,0,57,80,80,75,3,24,24,24,3,2,0.0375,0.3,0.3,0.3,0.0375,0.025,0.9375,0.0625
43021,REGIAO 21,RS,Sul,2011,59,0,44,59,59,52,1,23,14,17,3,1,0.01694915254237288,0.3898305084745763,0.23728813559322035,0.288135593220339,0.05084745762711865,0.01694915254237288,0.8813559322033898,0.06779661016949153
43021,REGIAO 21,RS,Sul,2012,35,0,31,35,35,23,11,7,10,6,1,0,0.3142857142857143,0.2,0.2857142857142857,0.17142857142857143,0.02857142857142857,0.0,0.6571428571428571,0.02857142857142857
43021,REGIAO 21,RS,Sul,2013,59,1,52,59,59,48,1,20,27,10,1,0,0.01694915254237288,0.3389830508474576,0.4576271186440678,0.1694915254237288,0.01694915254237288,0.0,0.8135593220338984,0.01694915254237288
43021,REGIAO 21,RS,Sul,2014,47,0,44,47,47,42,2,11,21,7,4,2,0.0425531914893617,0.23404255319148937,0.44680851063829785,0.14893617021276595,0.0851063829787234,0.0425531914893617,0.8936170212765957,0.1276595744680851
43021,REGIAO 21,RS,Sul,2015,31,0,21,31,31,26,1,8,11,7,4,0,0.03225806451612903,0.25806451612903225,0.3548387096774194,0.22580645161290322,0.12903225806451613,0.0,0.8387096774193549,0.12903225806451613
43021,REGIAO 21,RS,Sul,2016,19,1,18,19,19,19,0,7,4,5,3,0,0.0,0.3684210526315789,0.21052631578947367,0.2631578947368421,0.15789473684210525,0.0,1.0,0.15789473684210525
43021,REGIAO 21,RS,Sul,2017,14,1,13,14,14,14,2,1,5,4,2,0,0.14285714285714285,0.07142857142857142,0.35714285714285715,0.2857142857142857,0.14285714285714285,0.0,1.0,0.14285714285714285
43021,REGIAO 21,RS,Sul,2018,5,2,4,5,5,5,0,1,2,2,0,0,0.0,0.2,0.4,0.4,0.0,0.0,1.0,0.0
43021,REGIAO 21,RS,Sul,2019,13,0,9,13,13,13,0,3,4,3,3,0,0.0,0.23076923076923078,0.3076923076923077,0.23076923076923078,0.23076923076923078,0.0,1.0,0.23076923076923078
43021,REGIAO 21,RS,Sul,2020,4,0,4,4,4,4,0,2,2,0,0,0,0.0,0.5,0.5,0.0,0.0,0.0,1.0,0.0
43021,REGIAO 21,RS,Sul,2021,0,0,0,0,0,0,0,0,0,0,0,0,,,,,,,,
43021,REGIAO 21,RS,Sul,2022,12,0,9,12,12,7,2,2,4,1,2,1,0.16666666666666666,0.16666666666666666,0.3333333333333333,0.08333333333333333,0.16666666666666666,0.08333333333333333,0.5833333333333334,0.25
43021,REGIAO 21,RS,Sul,2023,20,1,18,20,20,15,2,4,8,4,2,0,0.1,0.2,0.4,0.2,0.1,0.0,0.75,0.1
43021,REGIAO 21,RS,Sul,2024,107,5,104,107,107,83,5,32,34,24,6,6,0.04672897196261682,0.29906542056074764,0.3177570093457944,0.22429906542056074,0.056074766355140186,0.056074766355140186,0.7757009345794392,0.11214953271028037
43021,REGIAO 21,RS,Sul,2025,21,0,18,21,21,17,0,5,5,7,3,1,0.0,0.23809523809523808,0.23809523809523808,0.3333333333333333,0.14285714285714285,0.047619047619047616,0.8095238095238095,0.19047619047619047
43022,REGIAO 22,RS,Sul,2007,0,0,0,0,0,0,0,0,0,0,0,0,,,,,,,,
43022,REGIAO 22,RS,Sul,2008,0,0,0,0,0,0,0,0,0,0,0,0,,,,,,,,
43022,REGIAO 22,RS,Sul,2009,2,1,2,2,2,2,0,1,1,0,0,0,0.0,0.5,0.5,0.0,0.0,0.0,1.0,0.0
43022,REGIAO 22,RS,Sul,2010,1,1,1,1,1,1,0,1,0,0,0,0,0.0,1.0,0.0,0.0,0.0,0.0,1.0,0.0
43022,REGIAO 22,RS,Sul,2011,0,0,0,0,0,0,0,0,0,0,0,0,,,,,,,,
43022,REGIAO 22,RS,Sul,2012,0,0,0,0,0,0,0,0,0,0,0,0,,,,,,,,
43022,REGIAO 22,RS,Sul,2013,0,0,0,0,0,0,0,0,0,0,0,0,,,,,,,,
43022,REGIAO 22,RS,Sul,2014,0,0,0,0,0,0,0,0,0,0,0,0,,,,,,,,
43022,REGIAO 22,RS,Sul,2015,3,0,3,3,3,3,0,1,1,0,1,0,0.0,0.3333333333333333,0.3333333333333333,0.0,0.3333333333333333,0.0,1.0,0.3333333333333333
43022,REGIAO 22,RS,Sul,2016,0,0,0,0,0,0,0,0,0,0,0,0,,,,,,,,
43022,REGIAO 22,RS,Sul,2017,0,0,0,0,0,0,0,0,0,0,0,0,,,,,,,,
43022,REGIAO 22,RS,Sul,2018,0,0,0,0,0,0,0,0,0,0,0,0,,,,,,,,
43022,REGIAO 22,RS,Sul,2019,1,0,1,1,1,1,0,1,0,0,0,0,0.0,1.0,0.0,0.0,0.0,0.0,1.0,0.0
43022,REGIAO 22,RS,Sul,2020,2,0,2,2,2,1,0,0,2,0,0,0,0.0,0.0,1.0,0.0,0.0,0.0,0.5,0.0
43022,REGIAO 22,RS,Sul,2021,1,0,0,1,1,1,1,0,0,0,0,0,1.0,0.0,0.0,0.0,0.0,0.0,1.0,0.0
43022,REGIAO 22,RS,Sul,2022,1,0,1,1,1,1,0,1,0,0,0,0,0.0,1.0,0.0,0.0,0.0,0.0,1.0,0.0
43022,REGIAO 22,RS,Sul,2023,0,0,0,0,0,0,0,0,0,0,0,0,,,,,,,,
43022,REGIAO 22,RS,Sul,2024,0,0,0,0,0,0,0,0,0,0,0,0,,,,,,,,
43022,REGIAO 22,RS,Sul,2025,2,0,1,2,2,2,0,1,1,0,0,0,0.0,0.5,0.5,0.0,0.0,0.0,1.0,0.0
43023,REGIAO 23,RS,Sul,2007,11,3,6,11,11,9,1,0,0,8,2,0,0.09090909090909091,0.0,0.0,0.7272727272727273,0.18181818181818182,0.0,0.8181818181818182,0.18181818181818182
43023,REGIAO 23,RS,Sul,2008,4,0,4,4,4,3,1,1,2,0,0,0,0.25,0.25,0.5,0.0,0.0,0.0,0.75,0.0
43023,REGIAO 23,RS,Sul,2009,7,0,7,7,7,4,0,2,2,3,0,0,0.0,0.2857142857142857,0.2857142857142857,0.42857142857142855,0.0,0.0,0.5714285714285714,0.0
43023,REGIAO 23,RS,Sul,2010,8,1,8,8,8,6,0,3,1,3,1,0,0.0,0.375,0.125,0.375,0.125,0.0,0.75,0.125
43023,REGIAO 23,RS,Sul,2011,17,3,16,17,17,16,0,5,5,5,0,2,0.0,0.29411764705882354,0.29411764705882354,0.29411764705882354,0.0,0.11764705882352941,0.9411764705882353,0.11764705882352941
43023,REGIAO 23,RS,Sul,2012,7,1,7,7,7,6,1,2,3,1,0,0,0.14285714285714285,0.2857142857142857,0.42857142857142855,0.14285714285714285,0.0,0.0,0.8571428571428571,0.0
43023,REGIAO 23,RS,Sul,2013,12,1,11,12,12,6,1,3,4,3,1,0,0.08333333333333333,0.25,0.3333333333333333,0.25,0.08333333333333333,0.0,0.5,0.08333333333333333
43023,REGIAO 23,RS,Sul,2014,6,1,3,6,6,5,0,1,3,2,0,0,0.0,0.16666666666666666,0.5,0.3333333333333333,0.0,0.0,0.8333333333333334,0.0
43023,REGIAO 23,RS,Sul,2015,11,0,11,11,11,10,0,4,3,3,1,0,0.0,0.36363636363636365,0.2727272727272727,0.2727272727272727,0.09090909090909091,0.0,0.9090909090909091,0.09090909090909091
43023,REGIAO 23,RS,Sul,2016,8,1,8,8,8,7,2,2,0,3,1,0,0.25,0.25,0.0,0.375,0.125,0.0,0.875,0.125
43023,REGIAO 23,RS,Sul,2017,13,1,13,13,13,13,0,4,2,6,1,0,0.0,0.3076923076923077,0.15384615384615385,0.46153846153846156,0.07692307692307693,0.0,1.0,0.07692307692307693
43023,REGIAO 23,RS,Sul,2018,8,1,8,8,8,6,0,3,1,4,0,0,0.0,0.375,0.125,0.5,0.0,0.0,0.75,0.0
43023,REGIAO 23,RS,Sul,2019,16,1,16,16,16,11,1,1,8,5,0,1,0.0625,0.0625,0.5,0.3125,0.0,0.0625,0.6875,0.0625
43023,REGIAO 23,RS,Sul,2020,7,2,6,7,7,7,0,0,4,3,0,0,0.0,0.0,0.5714285714285714,0.42857142857142855,0.0,0.0,1.0,0.0
43023,REGIAO 23,RS,Sul,2021,10,0,9,10,10,7,2,2,3,2,1,0,0.2,0.2,0.3,0.2,0.1,0.0,0.7,0.1
43023,REGIAO 23,RS,Sul,2022,8,0,8,8,8,7,0,0,5,1,1,1,0.0,0.0,0.625,0.125,0.125,0.125,0.875,0.25
43023,REGIAO 23,RS,Sul,2023,10,2,9,10,10,6,0,3,5,1,1,0,0.0,0.3,0.5,0.1,0.1,0.0,0.6,0.1
43023,REGIAO 23,RS,Sul,2024,19,0,17,19,19,15,0,3,6,8,2,0,0.0,0.15789473684210525,0.3157894736842105,0.42105263157894735,0.10526315789473684,0.0,0.7894736842105263,0.10526315789473684
43023,REGIAO 23,RS,Sul,2025,12,0,12,12,12,7,0,5,5,1,1,0,0.0,0.4166666666666667,0.4166666666666667,0.08333333333333333,0.08333333333333333,0.0,0.5833333333333334,0.08333333333333333
43024,REGIAO 24,RS,Sul,2007,2,1,2,2,2,2,0,1,1,0,0,0,0.0,0.5,0.5,0.0,0.0,0.0,1.0,0.0
43024,REGIAO 24,RS,Sul,2008,0,0,0,0,0,0,0,0,0,0,0,0,,,,,,,,
43024,REGIAO 24,RS,Sul,2009,0,0,0,0,0,0,0,0,0,0,0,0,,,,,,,,
43024,REGIAO 24,RS,Sul,2010,0,0,0,0,0,0,0,0,0,0,0,0,,,,,,,,
43024,REGIAO 24,RS,Sul,2011,1,0,1,1,1,1,0,0,1,0,0,0,0.0,0.0,1.0,0.0,0.0,0.0,1.0,0.0
43024,REGIAO 24,RS,Sul,2012,0,0,0,0,0,0,0,0,0,0,0,0,,,,,,,,
43024,REGIAO 24,RS,Sul,2013,0,0,0,0,0,0,0,0,0,0,0,0,,,,,,,,
43024,REGIAO 24,RS,Sul,2014,0,0,0,0,0,0,0,0,0,0,0,0,,,,,,,,
43024,REGIAO 24,RS,Sul,2015,2,0,2,2,2,2,0,1,1,0,0,0,0.0,0.5,0.5,0.0,0.0,0.0,1.0,0.0
43024,REGIAO 24,RS,Sul,2016,1,0,1,1,1,1,0,0,0,1,0,0,0.0,0.0,0.0,1.0,0.0,0.0,1.0,0.0
43024,REGIAO 24,RS,Sul,2017,0,0,0,0,0,0,0,0,0,0,0,0,,,,,,,,
43024,REGIAO 24,RS,Sul,2018,1,0,1,1,1,0,0,0,0,1,0,0,0.0,0.0,0.0,1.0,0.0,0.0,0.0,0.0
43024,REGIAO 24,RS,Sul,2019,1,0,0,1,1,0,1,0,0,0,0,0,1.0,0.0,0.0,0.0,0.0,0.0,0.0,0.0
43024,REGIAO 24,RS,Sul,2020,1,0,1,1,1,1,1,0,0,0,0,0,1.0,0.0,0.0,0.0,0.0,0.0,1.0,0.0
43024,REGIAO 24,RS,Sul,2021,1,0,0,1,1,0,0,0,1,0,0,0,0.0,0.0,1.0,0.0,0.0,0.0,0.0,0.0
43024,REGIAO 24,RS,Sul,2022,1,0,1,1,1,1,0,0,0,1,0,0,0.0,0.0,0.0,1.0,0.0,0.0,1.0,0.0
43024,REGIAO 24,RS,Sul,2023,2,1,2,2,2,2,0,2,0,0,0,0,0.0,1.0,0.0,0.0,0.0,0.0,1.0,0.0
43024,REGIAO 24,RS,Sul,2024,2,1,2,2,2,2,0,0,2,0,0,0,0.0,0.0,1.0,0.0,0.0,0.0,1.0,0.0
43024,REGIAO 24,RS,Sul,2025,1,0,1,1,1,1,0,0,0,0,1,0,0.0,0.0,0.0,0.0,1.0,0.0,1.0,1.0
43025,REGIAO 25,RS,Sul,2007,0,0,0,0,0,0,0,0,0,0,0,0,,,,,,,,
43025,REGIAO 25,RS,Sul,2008,1,0,1,1,1,1,0,0,0,0,1,0,0.0,0.0,0.0,0.0,1.0,0.0,1.0,1.0
43025,REGIAO 25,RS,Sul,2009,6,1,6,6,6,5,0,1,2,2,1,0,0.0,0.16666666666666666,0.3333333333333333,0.3333333333333333,0.16666666666666666,0.0,0.8333333333333334,0.16666666666666666
43025,REGIAO 25,RS,Sul,2010,4,0,4,4,4,4,0,0,3,0,0,1,0.0,0.0,0.75,0.0,0.0,0.25,1.0,0.25
43025,REGIAO 25,RS,Sul,2011,4,0,4,4,4,4,0,1,2,1,0,0,0.0,0.25,0.5,0.25,0.0,0.0,1.0,0.0
43025,REGIAO 25,RS,Sul,2012,2,1,2,2,2,2,0,1,0,1,0,0,0.0,0.5,0.0,0.5,0.0,0.0,1.0,0.0
43025,REGIAO 25,RS,Sul,2013,6,0,5,6,6,5,0,2,2,2,0,0,0.0,0.3333333333333333,0.3333333333333333,0.3333333333333333,0.0,0.0,0.8333333333333334,0.0
43025,REGIAO 25,RS,Sul,2014,9,1,8,9,9,8,0,3,1,2,2,1,0.0,0.3333333333333333,0.1111111111111111,0.2222222222222222,0.2222222222222222,0.1111111111111111,0.8888888888888888,0.3333333333333333
43025,REGIAO 25,RS,Sul,2015,15,1,14,15,15,12,1,0,5,5,3,1,0.06666666666666667,0.0,0.3333333333333333,0.3333333333333333,0.2,0.06666666666666667,0.8,0.26666666666666666
43025,REGIAO 25,RS,Sul,2016,7,2,6,7,7,4,1,0,1,4,0,1,0.14285714285714285,0.0,0.14285714285714285,0.5714285714285714,0.0,0.14285714285714285,0.5714285714285714,0.14285714285714285
43025,REGIAO 25,RS,Sul,2017,2,0,2,2,2,2,0,1,1,0,0,0,0.0,0.5,0.5,0.0,0.0,0.0,1.0,0.0
43025,REGIAO 25,RS,Sul,2018,10,1,10,10,10,9,0,3,2,4,1,0,0.0,0.3,0.2,0.4,0.1,0.0,0.9,0.1
43025,REGIAO 25,RS,Sul,2019,14,0,14,14,14,10,1,3,5,2,2,1,0.07142857142857142,0.21428571428571427,0.35714285714285715,0.14285714285714285,0.14285714285714285,0.07142857142857142,0.7142857142857143,0.21428571428571427
43025,REGIAO 25,RS,Sul,2020,5,0,5,5,5,5,0,1,1,2,0,1,0.0,0.2,0.2,0.4,0.0,0.2,1.0,0.2
43025,REGIAO 25,RS,Sul,2021,1,0,1,1,1,1,0,1,0,0,0,0,0.0,1.0,0.0,0.0,0.0,0.0,1.0,0.0
43025,REGIAO 25,RS,Sul,2022,10,0,10,10,10,9,3,2,1,2,2,0,0.3,0.2,0.1,0.2,0.2,0.0,0.9,0.2
43025,REGIAO 25,RS,Sul,2023,6,0,5,6,6,3,0,1,2,2,1,0,0.0,0.16666666666666666,0.3333333333333333,0.3333333333333333,0.16666666666666666,0.0,0.5,0.16666666666666666
43025,REGIAO 25,RS,Sul,2024,10,0,9,10,10,7,1,1,3,4,1,0,0.1,0.1,0.3,0.4,0.1,0.0,0.7,0.1
43025,REGIAO 25,RS,Sul,2025,4,1,4,4,4,4,0,0,2,2,0,0,0.0,0.0,0.5,0.5,0.0,0.0,1.0,0.0
43026,REGIAO 26,RS,Sul,2007,1,0,1,1,1,1,0,0,1,0,0,0,0.0,0.0,1.0,0.0,0.0,0.0,1.0,0.0
43026,REGIAO 26,RS,Sul,2008,3,1,3,3,3,3,0,1,0,1,1,0,0.0,0.3333333333333333,0.0,0.3333333333333333,0.3333333333333333,0.0,1.0,0.3333333333333333
43026,REGIAO 26,RS,Sul,2009,3,0,2,3,3,3,0,0,0,3,0,0,0.0,0.0,0.0,1.0,0.0,0.0,1.0,0.0
43026,REGIAO 26,RS,Sul,2010,1,0,1,1,1,1,0,1,0,0,0,0,0.0,1.0,0.0,0.0,0.0,0.0,1.0,0.0
43026,REGIAO 26,RS,Sul,2011,3,0,3,3,3,3,0,0,1,1,1,0,0.0,0.0,0.3333333333333333,0.3333333333333333,0.3333333333333333,0.0,1.0,0.3333333333333333
43026,REGIAO 26,RS,Sul,2012,1,0,1,1,1,1,0,0,0,0,0,1,0.0,0.0,0.0,0.0,0.0,1.0,1.0,1.0
43026,REGIAO 26,RS,Sul,2013,5,1,5,5,5,2,1,1,2,1,0,0,0.2,0.2,0.4,0.2,0.0,0.0,0.4,0.0
43026,REGIAO 26,RS,Sul,2014,6,0,6,6,6,6,0,1,2,2,1,0,0.0,0.16666666666666666,0.3333333333333333,0.3333333333333333,0.16666666666666666,0.0,1.0,0.16666666666666666
43026,REGIAO 26,RS,Sul,2015,10,1,9,10,10,9,0,1,3,2,2,2,0.0,0.1,0.3,0.2,0.2,0.2,0.9,0.4
43026,REGIAO 26,RS,Sul,2016,6,0,6,6,6,5,0,0,3,2,1,0,0.0,0.0,0.5,0.3333333333333333,0.16666666666666666,0.0,0.8333333333333334,0.16666666666666666
43026,REGIAO 26,RS,Sul,2017,6,0,6,6,6,6,0,1,1,2,2,0,0.0,0.16666666666666666,0.16666666666666666,0.3333333333333333,0.3333333333333333,0.0,1.0,0.3333333333333333
43026,REGIAO 26,RS,Sul,2018,1,0,1,1,1,1,0,0,0,0,1,0,0.0,0.0,0.0,0.0,1.0,0.0,1.0,1.0
43026,REGIAO 26,RS,Sul,2019,5,0,5,5,5,4,0,2,0,1,0,2,0.0,0.4,0.0,0.2,0.0,0.4,0.8,0.4
43026,REGIAO 26,RS,Sul,2020,2,0,2,2,2,2,0,1,1,0,0,0,0.0,0.5,0.5,0.0,0.0,0.0,1.0,0.0
43026,REGIAO 26,RS,Sul,2021,0,0,0,0,0,0,0,0,0,0,0,0,,,,,,,,
43026,REGIAO 26,RS,Sul,2022,7,0,5,7,7,6,0,0,2,1,3,1,0.0,0.0,0.2857142857142857,0.14285714285714285,0.42857142857142855,0.14285714285714285,0.8571428571428571,0.5714285714285714
43026,REGIAO 26,RS,Sul,2023,8,0,4,8,8,5,0,1,3,1,2,1,0.0,0.125,0.375,0.125,0.25,0.125,0.625,0.375
43026,REGIAO 26,RS,Sul,2024,13,1,13,13,13,10,0,0,6,2,3,2,0.0,0.0,0.46153846153846156,0.15384615384615385,0.23076923076923078,0.15384615384615385,0.7692307692307693,0.38461538461538464
43026,REGIAO 26,RS,Sul,2025,2,0,1,2,2,1,0,0,2,0,0,0,0.0,0.0,1.0,0.0,0.0,0.0,0.5,0.0
43027,REGIAO 27,RS,Sul,2007,7,1,7,7,7,7,0,3,2,0,2,0,0.0,0.42857142857142855,0.2857142857142857,0.0,0.2857142857142857,0.0,1.0,0.2857142857142857
43027,REGIAO 27,RS,Sul,2008,5,0,5,5,5,5,0,1,1,3,0,0,0.0,0.2,0.2,0.6,0.0,0.0,1.0,0.0
43027,REGIAO 27,RS,Sul,2009,8,0,8,8,8,7,0,4,1,2,0,1,0.0,0.5,0.125,0.25,0.0,0.125,0.875,0.125
43027,REGIAO 27,RS,Sul,2010,9,1,9,9,9,9,0,6,1,0,1,1,0.0,0.6666666666666666,0.1111111111111111,0.0,0.1111111111111111,0.1111111111111111,1.0,0.2222222222222222
43027,REGIAO 27,RS,Sul,2011,9,1,9,9,9,7,0,5,2,1,1,0,0.0,0.5555555555555556,0.2222222222222222,0.1111111111111111,0.1111111111111111,0.0,0.7777777777777778,0.1111111111111111
43027,REGIAO 27,RS,Sul,2012,1,0,0,1,1,1,0,0,0,0,1,0,0.0,0.0,0.0,0.0,1.0,0.0,1.0,1.0
43027,REGIAO 27,RS,Sul,2013,5,0,3,5,5,5,0,0,3,2,0,0,0.0,0.0,0.6,0.4,0.0,0.0,1.0,0.0
43027,REGIAO 27,RS,Sul,2014,11,0,10,11,11,11,3,6,2,0,0,0,0.2727272727272727,0.5454545454545454,0.18181818181818182,0.0,0.0,0.0,1.0,0.0
43027,REGIAO 27,RS,Sul,2015,11,2,11,11,11,9,0,1,2,6,2,0,0.0,0.09090909090909091,0.18181818181818182,0.5454545454545454,0.18181818181818182,0.0,0.8181818181818182,0.18181818181818182
43027,REGIAO 27,RS,Sul,2016,4,0,4,4,4,3,0,1,0,0,2,1,0.0,0.25,0.0,0.0,0.5,0.25,0.75,0.75
43027,REGIAO 27,RS,Sul,2017,8,1,7,8,8,8,0,3,2,2,1,0,0.0,0.375,0.25,0.25,0.125,0.0,1.0,0.125
43027,REGIAO 27,RS,Sul,2018,7,0,7,7,7,7,0,2,2,2,0,1,0.0,0.2857142857142857,0.2857142857142857,0.2857142857142857,0.0,0.14285714285714285,1.0,0.14285714285714285
43027,REGIAO 27,RS,Sul,2019,23,0,21,23,23,21,0,6,11,2,3,1,0.0,0.2608695652173913,0.4782608695652174,0.08695652173913043,0.13043478260869565,0.043478260869565216,0.9130434782608695,0.17391304347826086
43027,REGIAO 27,RS,Sul,2020,6,0,6,6,6,6,0,0,2,4,0,0,0.0,0.0,0.3333333333333333,0.6666666666666666,0.0,0.0,1.0,0.0
43027,REGIAO 27,RS,Sul,2021,6,0,5,6,6,6,0,1,3,2,0,0,0.0,0.16666666666666666,0.5,0.3333333333333333,0.0,0.0,1.0,0.0
43027,REGIAO 27,RS,Sul,2022,7,0,6,7,7,6,0,4,1,1,1,0,0.0,0.5714285714285714,0.14285714285714285,0.14285714285714285,0.14285714285714285,0.0,0.8571428571428571,0.14285714285714285
43027,REGIAO 27,RS,Sul,2023,10,0,10,10,10,9,2,3,1,2,2,0,0.2,0.3,0.1,0.2,0.2,0.0,0.9,0.2
43027,REGIAO 27,RS,Sul,2024,44,2,38,44,44,35,2,9,12,11,6,4,0.045454545454545456,0.20454545454545456,0.2727272727272727,0.25,0.13636363636363635,0.09090909090909091,0.7954545454545454,0.22727272727272727
43027,REGIAO 27,RS,Sul,2025,6,0,6,6,6,5,0,1,2,3,0,0,0.0,0.16666666666666666,0.3333333333333333,0.5,0.0,0.0,0.8333333333333334,0.0
43028,REGIAO 28,RS,Sul,2007,101,6,96,101,101,87,2,26,33,29,7,4,0.019801980198019802,0.25742574257425743,0.32673267326732675,0.2871287128712871,0.06930693069306931,0.039603960396039604,0.8613861386138614,0.10891089108910892
43028,REGIAO 28,RS,Sul,2008,63,2,61,63,63,56,4,13,25,16,3,2,0.06349206349206349,0.20634920634920634,0.3968253968253968,0.25396825396825395,0.047619047619047616,0.031746031746031744,0.8888888888888888,0.07936507936507936
43028,REGIAO 28,RS,Sul,2009,129,2,124,129,129,115,9,37,42,26,12,3,0.06976744186046512,0.2868217054263566,0.32558139534883723,0.20155038759689922,0.09302325581395349,0.023255813953488372,0.8914728682170543,0.11627906976744186
43028,REGIAO 28,RS,Sul,2010,113,5,109,113,113,103,6,23,35,37,9,3,0.05309734513274336,0.20353982300884957,0.30973451327433627,0.3274336283185841,0.07964601769911504,0.02654867256637168,0.911504424778761,0.10619469026548672
43028,REGIAO 28,RS,Sul,2011,101,1,101,101,101,87,6,20,34,32,8,1,0.0594059405940594,0.19801980198019803,0.33663366336633666,0.31683168316831684,0.07920792079207921,0.009900990099009901,0.8613861386138614,0.0891089108910891
43028,REGIAO 28,RS,Sul,2012,46,0,46,46,46,38,2,12,14,15,2,1,0.043478260869565216,0.2608695652173913,0.30434782608695654,0.32608695652173914,0.043478260869565216,0.021739130434782608,0.8260869565217391,0.06521739130434782
43028,REGIAO 28,RS,Sul,2013,79,1,78,79,79,72,2,22,21,25,7,2,0.02531645569620253,0.27848101265822783,0.26582278481012656,0.31645569620253167,0.08860759493670886,0.02531645569620253,0.9113924050632911,0.11392405063291139
43028,REGIAO 28,RS,Sul,2014,81,3,81,81,81,70,5,7,35,22,9,3,0.06172839506172839,0.08641975308641975,0.43209876543209874,0.2716049382716049,0.1111111111111111,0.037037037037037035,0.8641975308641975,0.14814814814814814
43028,REGIAO 28,RS,Sul,2015,77,3,77,77,77,71,3,15,23,28,5,3,0.03896103896103896,0.19480519480519481,0.2987012987012987,0.36363636363636365,0.06493506493506493,0.03896103896103896,0.922077922077922,0.10389610389610389
43028,REGIAO 28,RS,Sul,2016,65,3,64,65,65,55,1,17,18,17,10,2,0.015384615384615385,0.26153846153846155,0.27692307692307694,0.26153846153846155,0.15384615384615385,0.03076923076923077,0.8461538461538461,0.18461538461538463
43028,REGIAO 28,RS,Sul,2017,77,1,74,77,77,68,4,18,17,26,10,2,0.05194805194805195,0.23376623376623376,0.22077922077922077,0.33766233766233766,0.12987012987012986,0.025974025974025976,0.8831168831168831,0.15584415584415584
43028,REGIAO 28,RS,Sul,2018,85,2,82,85,85,72,0,17,26,25,15,2,0.0,0.2,0.3058823529411765,0.29411764705882354,0.17647058823529413,0.023529411764705882,0.8470588235294118,0.2
43028,REGIAO 28,RS,Sul,2019,124,1,120,124,124,114,9,29,35,33,12,6,0.07258064516129033,0.23387096774193547,0.28225806451612906,0.2661290322580645,0.0967741935483871,0.04838709677419355,0.9193548387096774,0.14516129032258063
43028,REGIAO 28,RS,Sul,2020,33,0,32,33,33,29,1,13,9,8,2,0,0.030303030303030304,0.3939393939393939,0.2727272727272727,0.24242424242424243,0.06060606060606061,0.0,0.8787878787878788,0.06060606060606061
43028,REGIAO 28,RS,Sul,2021,29,0,29,29,29,22,2,9,6,8,2,2,0.06896551724137931,0.3103448275862069,0.20689655172413793,0.27586206896551724,0.06896551724137931,0.06896551724137931,0.7586206896551724,0.13793103448275862
43028,REGIAO 28,RS,Sul,2022,27,0,26,27,27,25,1,3,14,7,2,0,0.037037037037037035,0.1111111111111111,0.5185185185185185,0.25925925925925924,0.07407407407407407,0.0,0.9259259259259259,0.07407407407407407
43028,REGIAO 28,RS,Sul,2023,23,1,21,23,23,17,0,4,6,6,6,1,0.0,0.17391304347826086,0.2608695652173913,0.2608695652173913,0.2608695652173913,0.043478260869565216,0.7391304347826086,0.30434782608695654
43028,REGIAO 28,RS,Sul,2024,94,4,87,94,94,67,3,18,27,24,16,6,0.031914893617021274,0.19148936170212766,0.2872340425531915,0.2553191489361702,0.1702127659574468,0.06382978723404255,0.7127659574468085,0.23404255319148937
43028,REGIAO 28,RS,Sul,2025,34,1,31,34,34,28,2,2,9,9,8,4,0.058823529411764705,0.058823529411764705,0.2647058823529412,0.2647058823529412,0.23529411764705882,0.11764705882352941,0.8235294117647058,0.3529411764705882
43029,REGIAO 29,RS,Sul,2007,14,1,14,14,14,12,0,2,3,4,4,1,0.0,0.14285714285714285,0.21428571428571427,0.2857142857142857,0.2857142857142857,0.07142857142857142,0.8571428571428571,0.3571428571428571
43029,REGIAO 29,RS,Sul,2008,15,1,13,15,15,14,1,1,3,5,4,1,0.06666666666666667,0.06666666666666667,0.2,0.3333333333333333,0.26666666666666666,0.06666666666666667,0.9333333333333333,0.3333333333333333
43029,REGIAO 29,RS,Sul,2009,10,1,10,10,10,5,0,1,4,5,0,0,0.0,0.1,0.4,0.5,0.0,0.0,0.5,0.0
43029,REGIAO 29,RS,Sul,2010,10,1,8,10,10,8,1,2,2,2,2,1,0.1,0.2,0.2,0.2,0.2,0.1,0.8,0.30000000000000004
43029,REGIAO 29,RS,Sul,2011,12,3,11,12,12,11,0,5,3,1,3,0,0.0,0.4166666666666667,0.25,0.08333333333333333,0.25,0.0,0.9166666666666666,0.25
43029,REGIAO 29,RS,Sul,2012,6,2,6,6,6,5,0,2,0,2,1,1,0.0,0.3333333333333333,0.0,0.3333333333333333,0.16666666666666666,0.16666666666666666,0.8333333333333334,0.3333333333333333
43029,REGIAO 29,RS,Sul,2013,16,3,16,16,16,14,1,2,4,3,5,1,0.0625,0.125,0.25,0.1875,0.3125,0.0625,0.875,0.375
43029,REGIAO 29,RS,Sul,2014,17,1,17,17,17,16,2,0,5,7,2,1,0.11764705882352941,0.0,0.29411764705882354,0.4117647058823529,0.11764705882352941,0.058823529411764705,0.9411764705882353,0.1764705882352941
43029,REGIAO 29,RS,Sul,2015,8,1,7,8,8,7,0,1,1,3,2,1,0.0,0.125,0.125,0.375,0.25,0.125,0.875,0.375
43029,REGIAO 29,RS,Sul,2016,9,0,9,9,9,8,0,6,1,2,0,0,0.0,0.6666666666666666,0.1111111111111111,0.2222222222222222,0.0,0.0,0.8888888888888888,0.0
43029,REGIAO 29,RS,Sul,2017,9,0,9,9,9,8,0,4,1,1,3,0,0.0,0.4444444444444444,0.1111111111111111,0.1111111111111111,0.3333333333333333,0.0,0.8888888888888888,0.3333333333333333
43029,REGIAO 29,RS,Sul,2018,17,1,16,17,17,15,0,4,2,6,3,2,0.0,0.23529411764705882,0.11764705882352941,0.35294117647058826,0.17647058823529413,0.11764705882352941,0.8823529411764706,0.29411764705882354
43029,REGIAO 29,RS,Sul,2019,20,3,16,20,20,20,1,1,2,9,5,2,0.05,0.05,0.1,0.45,0.25,0.1,1.0,0.35
43029,REGIAO 29,RS,Sul,2020,5,0,5,5,5,4,0,3,1,1,0,0,0.0,0.6,0.2,0.2,0.0,0.0,0.8,0.0
43029,REGIAO 29,RS,Sul,2021,6,0,5,6,6,6,0,0,3,1,2,0,0.0,0.0,0.5,0.16666666666666666,0.3333333333333333,0.0,1.0,0.3333333333333333
43029,REGIAO 29,RS,Sul,2022,21,2,16,21,21,16,0,1,4,9,3,4,0.0,0.047619047619047616,0.19047619047619047,0.42857142857142855,0.14285714285714285,0.19047619047619047,0.7619047619047619,0.3333333333333333
43029,REGIAO 29,RS,Sul,2023,42,1,40,42,42,28,5,4,11,15,6,1,0.11904761904761904,0.09523809523809523,0.2619047619047619,0.35714285714285715,0.14285714285714285,0.023809523809523808,0.6666666666666666,0.16666666666666666
43029,REGIAO 29,RS,Sul,2024,43,2,41,43,43,34,0,6,14,13,6,4,0.0,0.13953488372093023,0.32558139534883723,0.3023255813953488,0.13953488372093023,0.09302325581395349,0.7906976744186046,0.23255813953488372
43029,REGIAO 29,RS,Sul,2025,8,2,8,8,8,7,0,1,1,2,2,2,0.0,0.125,0.125,0.25,0.25,0.25,0.875,0.5
43030,REGIAO 30,RS,Sul,2007,14,1,14,14,14,12,1,3,5,5,0,0,0.07142857142857142,0.21428571428571427,0.35714285714285715,0.35714285714285715,0.0,0.0,0.8571428571428571,0.0
43030,REGIAO 30,RS,Sul,2008,15,0,15,15,15,15,2,6,3,3,1,0,0.13333333333333333,0.4,0.2,0.2,0.06666666666666667,0.0,1.0,0.06666666666666667
43030,REGIAO 30,RS,Sul,2009,14,0,14,14,14,12,0,5,4,4,1,0,0.0,0.35714285714285715,0.2857142857142857,0.2857142857142857,0.07142857142857142,0.0,0.8571428571428571,0.07142857142857142
43030,REGIAO 30,RS,Sul,2010,16,1,15,16,16,15,2,3,5,5,0,1,0.125,0.1875,0.3125,0.3125,0.0,0.0625,0.9375,0.0625
43030,REGIAO 30,RS,Sul,2011,17,0,17,17,17,15,0,4,3,6,4,0,0.0,0.23529411764705882,0.17647058823529413,0.35294117647058826,0.23529411764705882,0.0,0.8823529411764706,0.23529411764705882
43030,REGIAO 30,RS,Sul,2012,14,2,14,14,14,10,0,1,5,5,2,1,0.0,0.07142857142857142,0.35714285714285715,0.35714285714285715,0.14285714285714285,0.07142857142857142,0.7142857142857143,0.21428571428571427
43030,REGIAO 30,RS,Sul,2013,19,0,19,19,19,17,2,3,5,5,2,2,0.10526315789473684,0.15789473684210525,0.2631578947368421,0.2631578947368421,0.10526315789473684,0.10526315789473684,0.8947368421052632,0.21052631578947367
43030,REGIAO 30,RS,Sul,2014,28,2,28,28,28,23,2,5,5,4,10,2,0.07142857142857142,0.17857142857142858,0.17857142857142858,0.14285714285714285,0.35714285714285715,0.07142857142857142,0.8214285714285714,0.4285714285714286
43030,REGIAO 30,RS,Sul,2015,31,2,30,31,31,25,1,6,6,13,2,3,0.03225806451612903,0.1935483870967742,0.1935483870967742,0.41935483870967744,0.06451612903225806,0.0967741935483871,0.8064516129032258,0.16129032258064516
43030,REGIAO 30,RS,Sul,2016,14,0,13,14,14,9,1,3,2,4,1,3,0.07142857142857142,0.21428571428571427,0.14285714285714285,0.2857142857142857,0.07142857142857142,0.21428571428571427,0.6428571428571429,0.2857142857142857
43030,REGIAO 30,RS,Sul,2017,22,1,22,22,22,22,1,4,10,5,1,1,0.045454545454545456,0.18181818181818182,0.45454545454545453,0.22727272727272727,0.045454545454545456,0.045454545454545456,1.0,0.09090909090909091
43030,REGIAO 30,RS,Sul,2018,9,2,9,9,9,8,0,0,0,4,1,4,0.0,0.0,0.0,0.4444444444444444,0.1111111111111111,0.4444444444444444,0.8888888888888888,0.5555555555555556
43030,REGIAO 30,RS,Sul,2019,26,2,26,26,26,22,0,2,3,13,7,1,0.0,0.07692307692307693,0.11538461538461539,0.5,0.2692307692307692,0.038461538461538464,0.8461538461538461,0.3076923076923077
43030,REGIAO 30,RS,Sul,2020,5,0,5,5,5,4,0,3,0,1,1,0,0.0,0.6,0.0,0.2,0.2,0.0,0.8,0.2
43030,REGIAO 30,RS,Sul,2021,6,1,5,6,6,5,0,1,1,2,1,1,0.0,0.16666666666666666,0.16666666666666666,0.3333333333333333,0.16666666666666666,0.16666666666666666,0.8333333333333334,0.3333333333333333
43030,REGIAO 30,RS,Sul,2022,6,0,6,6,6,5,1,0,3,1,0,1,0.16666666666666666,0.0,0.5,0.16666666666666666,0.0,0.16666666666666666,0.8333333333333334,0.16666666666666666
43030,REGIAO 30,RS,Sul,2023,37,1,32,37,37,22,2,11,9,10,2,3,0.05405405405405406,0.2972972972972973,0.24324324324324326,0.2702702702702703,0.05405405405405406,0.08108108108108109,0.5945945945945946,0.13513513513513514
43030,REGIAO 30,RS,Sul,2024,32,2,25,32,32,24,1,12,9,7,1,2,0.03125,0.375,0.28125,0.21875,0.03125,0.0625,0.75,0.09375
43030,REGIAO 30,RS,Sul,2025,8,1,8,8,8,7,0,0,2,6,0,0,0.0,0.0,0.25,0.75,0.0,0.0,0.875,0.0
50009,BAIXO PANTANAL,MS,Centro-Oeste,2007,0,0,0,0,0,0,0,0,0,0,0,0,,,,,,,,
50009,BAIXO PANTANAL,MS,Centro-Oeste,2008,2,0,2,2,2,2,0,1,1,0,0,0,0.0,0.5,0.5,0.0,0.0,0.0,1.0,0.0
50009,BAIXO PANTANAL,MS,Centro-Oeste,2009,0,0,0,0,0,0,0,0,0,0,0,0,,,,,,,,
50009,BAIXO PANTANAL,MS,Centro-Oeste,2010,0,0,0,0,0,0,0,0,0,0,0,0,,,,,,,,
50009,BAIXO PANTANAL,MS,Centro-Oeste,2011,0,0,0,0,0,0,0,0,0,0,0,0,,,,,,,,
50009,BAIXO PANTANAL,MS,Centro-Oeste,2012,2,0,2,2,2,2,0,0,2,0,0,0,0.0,0.0,1.0,0.0,0.0,0.0,1.0,0.0
50009,BAIXO PANTANAL,MS,Centro-Oeste,2013,1,0,1,1,1,1,0,0,0,0,0,1,0.0,0.0,0.0,0.0,0.0,1.0,1.0,1.0
50009,BAIXO PANTANAL,MS,Centro-Oeste,2014,2,1,2,2,2,1,0,1,1,0,0,0,0.0,0.5,0.5,0.0,0.0,0.0,0.5,0.0
50009,BAIXO PANTANAL,MS,Centro-Oeste,2015,1,0,1,1,1,1,0,0,1,0,0,0,0.0,0.0,1.0,0.0,0.0,0.0,1.0,0.0
50009,BAIXO PANTANAL,MS,Centro-Oeste,2016,1,0,1,1,1,1,0,1,0,0,0,0,0.0,1.0,0.0,0.0,0.0,0.0,1.0,0.0
50009,BAIXO PANTANAL,MS,Centro-Oeste,2017,0,0,0,0,0,0,0,0,0,0,0,0,,,,,,,,
50009,BAIXO PANTANAL,MS,Centro-Oeste,2018,1,0,1,1,1,0,0,0,0,1,0,0,0.0,0.0,0.0,1.0,0.0,0.0,0.0,0.0
50009,BAIXO PANTANAL,MS,Centro-Oeste,2019,2,0,2,2,2,2,0,1,0,1,0,0,0.0,0.5,0.0,0.5,0.0,0.0,1.0,0.0
50009,BAIXO PANTANAL,MS,Centro-Oeste,2020,1,0,1,1,1,1,0,0,0,1,0,0,0.0,0.0,0.0,1.0,0.0,0.0,1.0,0.0
50009,BAIXO PANTANAL,MS,Centro-Oeste,2021,0,0,0,0,0,0,0,0,0,0,0,0,,,,,,,,
50009,BAIXO PANTANAL,MS,Centro-Oeste,2022,3,0,0,3,3,3,0,0,3,0,0,0,0.0,0.0,1.0,0.0,0.0,0.0,1.0,0.0
50009,BAIXO PANTANAL,MS,Centro-Oeste,2023,1,0,1,1,1,1,0,0,1,0,0,0,0.0,0.0,1.0,0.0,0.0,0.0,1.0,0.0
50009,BAIXO PANTANAL,MS,Centro-Oeste,2024,3,1,3,3,3,2,0,0,1,1,1,0,0.0,0.0,0.3333333333333333,0.3333333333333333,0.3333333333333333,0.0,0.6666666666666666,0.3333333333333333
50009,BAIXO PANTANAL,MS,Centro-Oeste,2025,5,1,4,5,5,4,0,0,2,3,0,0,0.0,0.0,0.4,0.6,0.0,0.0,0.8,0.0
50010,PANTANAL,MS,Centro-Oeste,2007,0,0,0,0,0,0,0,0,0,0,0,0,,,,,,,,
50010,PANTANAL,MS,Centro-Oeste,2008,0,0,0,0,0,0,0,0,0,0,0,0,,,,,,,,
50010,PANTANAL,MS,Centro-Oeste,2009,0,0,0,0,0,0,0,0,0,0,0,0,,,,,,,,
50010,PANTANAL,MS,Centro-Oeste,2010,0,0,0,0,0,0,0,0,0,0,0,0,,,,,,,,
50010,PANTANAL,MS,Centro-Oeste,2011,0,0,0,0,0,0,0,0,0,0,0,0,,,,,,,,
50010,PANTANAL,MS,Centro-Oeste,2012,0,0,0,0,0,0,0,0,0,0,0,0,,,,,,,,
50010,PANTANAL,MS,Centro-Oeste,2013,1,0,1,1,1,0,0,0,1,0,0,0,0.0,0.0,1.0,0.0,0.0,0.0,0.0,0.0
50010,PANTANAL,MS,Centro-Oeste,2014,1,0,1,1,1,1,0,1,0,0,0,0,0.0,1.0,0.0,0.0,0.0,0.0,1.0,0.0
50010,PANTANAL,MS,Centro-Oeste,2015,0,0,0,0,0,0,0,0,0,0,0,0,,,,,,,,
50010,PANTANAL,MS,Centro-Oeste,2016,0,0,0,0,0,0,0,0,0,0,0,0,,,,,,,,
50010,PANTANAL,MS,Centro-Oeste,2017,0,0,0,0,0,0,0,0,0,0,0,0,,,,,,,,
50010,PANTANAL,MS,Centro-Oeste,2018,0,0,0,0,0,0,0,0,0,0,0,0,,,,,,,,
50010,PANTANAL,MS,Centro-Oeste,2019,2,0,2,2,2,2,0,0,1,1,0,0,0.0,0.0,0.5,0.5,0.0,0.0,1.0,0.0
50010,PANTANAL,MS,Centro-Oeste,2020,2,0,2,2,2,2,0,0,2,0,0,0,0.0,0.0,1.0,0.0,0.0,0.0,1.0,0.0
50010,PANTANAL,MS,Centro-Oeste,2021,0,0,0,0,0,0,0,0,0,0,0,0,,,,,,,,
50010,PANTANAL,MS,Centro-Oeste,2022,0,0,0,0,0,0,0,0,0,0,0,0,,,,,,,,
50010,PANTANAL,MS,Centro-Oeste,2023,2,0,2,2,2,2,0,1,1,0,0,0,0.0,0.5,0.5,0.0,0.0,0.0,1.0,0.0
50010,PANTANAL,MS,Centro-Oeste,2024,0,0,0,0,0,0,0,0,0,0,0,0,,,,,,,,
50010,PANTANAL,MS,Centro-Oeste,2025,0,0,0,0,0,0,0,0,0,0,0,0,,,,,,,,
50011,CENTRO,MS,Centro-Oeste,2007,2,0,2,2,2,1,0,1,0,0,0,1,0.0,0.5,0.0,0.0,0.0,0.5,0.5,0.5
50011,CENTRO,MS,Centro-Oeste,2008,3,0,3,3,3,2,0,1,1,1,0,0,0.0,0.3333333333333333,0.3333333333333333,0.3333333333333333,0.0,0.0,0.6666666666666666,0.0
50011,CENTRO,MS,Centro-Oeste,2009,2,0,2,2,2,2,0,1,1,0,0,0,0.0,0.5,0.5,0.0,0.0,0.0,1.0,0.0
50011,CENTRO,MS,Centro-Oeste,2010,2,1,2,2,2,2,0,1,1,0,0,0,0.0,0.5,0.5,0.0,0.0,0.0,1.0,0.0
50011,CENTRO,MS,Centro-Oeste,2011,0,0,0,0,0,0,0,0,0,0,0,0,,,,,,,,
50011,CENTRO,MS,Centro-Oeste,2012,2,0,2,2,2,2,0,0,2,0,0,0,0.0,0.0,1.0,0.0,0.0,0.0,1.0,0.0
50011,CENTRO,MS,Centro-Oeste,2013,4,0,4,4,4,4,0,1,2,0,1,0,0.0,0.25,0.5,0.0,0.25,0.0,1.0,0.25
50011,CENTRO,MS,Centro-Oeste,2014,10,0,10,10,10,10,0,2,5,2,0,1,0.0,0.2,0.5,0.2,0.0,0.1,1.0,0.1
50011,CENTRO,MS,Centro-Oeste,2015,9,0,9,9,9,8,0,2,3,3,0,1,0.0,0.2222222222222222,0.3333333333333333,0.3333333333333333,0.0,0.1111111111111111,0.8888888888888888,0.1111111111111111
50011,CENTRO,MS,Centro-Oeste,2016,6,1,6,6,6,4,0,1,2,0,3,0,0.0,0.16666666666666666,0.3333333333333333,0.0,0.5,0.0,0.6666666666666666,0.5
50011,CENTRO,MS,Centro-Oeste,2017,7,0,6,7,7,6,0,0,4,3,0,0,0.0,0.0,0.5714285714285714,0.42857142857142855,0.0,0.0,0.8571428571428571,0.0
50011,CENTRO,MS,Centro-Oeste,2018,4,0,2,4,4,4,0,0,4,0,0,0,0.0,0.0,1.0,0.0,0.0,0.0,1.0,0.0
50011,CENTRO,MS,Centro-Oeste,2019,1,0,1,1,1,1,0,0,0,0,0,1,0.0,0.0,0.0,0.0,0.0,1.0,1.0,1.0
50011,CENTRO,MS,Centro-Oeste,2020,1,0,1,1,1,0,0,0,0,1,0,0,0.0,0.0,0.0,1.0,0.0,0.0,0.0,0.0
50011,CENTRO,MS,Centro-Oeste,2021,2,0,2,2,2,1,0,1,0,1,0,0,0.0,0.5,0.0,0.5,0.0,0.0,0.5,0.0
50011,CENTRO,MS,Centro-Oeste,2022,0,0,0,0,0,0,0,0,0,0,0,0,,,,,,,,
50011,CENTRO,MS,Centro-Oeste,2023,5,0,5,5,5,3,1,2,1,1,0,0,0.2,0.4,0.2,0.2,0.0,0.0,0.6,0.0
50011,CENTRO,MS,Centro-Oeste,2024,6,0,5,6,6,4,0,1,2,3,0,0,0.0,0.16666666666666666,0.3333333333333333,0.5,0.0,0.0,0.6666666666666666,0.0
50011,CENTRO,MS,Centro-Oeste,2025,7,0,5,7,7,5,1,2,3,0,1,0,0.14285714285714285,0.2857142857142857,0.42857142857142855,0.0,0.14285714285714285,0.0,0.7142857142857143,0.14285714285714285
50012,CENTRO SUL,MS,Centro-Oeste,2007,0,0,0,0,0,0,0,0,0,0,0,0,,,,,,,,
50012,CENTRO SUL,MS,Centro-Oeste,2008,1,0,0,1,1,0,0,0,1,0,0,0,0.0,0.0,1.0,0.0,0.0,0.0,0.0,0.0
50012,CENTRO SUL,MS,Centro-Oeste,2009,0,0,0,0,0,0,0,0,0,0,0,0,,,,,,,,
50012,CENTRO SUL,MS,Centro-Oeste,2010,0,0,0,0,0,0,0,0,0,0,0,0,,,,,,,,
50012,CENTRO SUL,MS,Centro-Oeste,2011,0,0,0,0,0,0,0,0,0,0,0,0,,,,,,,,
50012,CENTRO SUL,MS,Centro-Oeste,2012,0,0,0,0,0,0,0,0,0,0,0,0,,,,,,,,
50012,CENTRO SUL,MS,Centro-Oeste,2013,0,0,0,0,0,0,0,0,0,0,0,0,,,,,,,,
50012,CENTRO SUL,MS,Centro-Oeste,2014,4,1,4,4,4,3,0,2,1,1,0,0,0.0,0.5,0.25,0.25,0.0,0.0,0.75,0.0
50012,CENTRO SUL,MS,Centro-Oeste,2015,1,0,1,1,1,1,0,1,0,0,0,0,0.0,1.0,0.0,0.0,0.0,0.0,1.0,0.0
50012,CENTRO SUL,MS,Centro-Oeste,2016,1,0,0,1,1,1,0,0,0,0,1,0,0.0,0.0,0.0,0.0,1.0,0.0,1.0,1.0
50012,CENTRO SUL,MS,Centro-Oeste,2017,1,0,1,1,1,1,0,1,0,0,0,0,0.0,1.0,0.0,0.0,0.0,0.0,1.0,0.0
50012,CENTRO SUL,MS,Centro-Oeste,2018,1,0,1,1,1,1,0,0,1,0,0,0,0.0,0.0,1.0,0.0,0.0,0.0,1.0,0.0
50012,CENTRO SUL,MS,Centro-Oeste,2019,3,1,3,3,3,2,0,1,2,0,0,0,0.0,0.3333333333333333,0.6666666666666666,0.0,0.0,0.0,0.6666666666666666,0.0
50012,CENTRO SUL,MS,Centro-Oeste,2020,3,0,2,3,3,1,0,1,0,1,0,1,0.0,0.3333333333333333,0.0,0.3333333333333333,0.0,0.3333333333333333,0.3333333333333333,0.3333333333333333
50012,CENTRO SUL,MS,Centro-Oeste,2021,1,0,1,1,1,1,0,0,0,1,0,0,0.0,0.0,0.0,1.0,0.0,0.0,1.0,0.0
50012,CENTRO SUL,MS,Centro-Oeste,2022,0,0,0,0,0,0,0,0,0,0,0,0,,,,,,,,
50012,CENTRO SUL,MS,Centro-Oeste,2023,2,0,1,2,2,0,0,0,0,0,2,0,0.0,0.0,0.0,0.0,1.0,0.0,0.0,1.0
50012,CENTRO SUL,MS,Centro-Oeste,2024,2,0,2,2,2,2,1,1,0,0,0,0,0.5,0.5,0.0,0.0,0.0,0.0,1.0,0.0
50012,CENTRO SUL,MS,Centro-Oeste,2025,1,0,1,1,1,1,0,0,1,0,0,0,0.0,0.0,1.0,0.0,0.0,0.0,1.0,0.0
50013,LESTE,MS,Centro-Oeste,2007,0,0,0,0,0,0,0,0,0,0,0,0,,,,,,,,
50013,LESTE,MS,Centro-Oeste,2008,0,0,0,0,0,0,0,0,0,0,0,0,,,,,,,,
50013,LESTE,MS,Centro-Oeste,2009,1,0,1,1,1,1,0,0,0,0,0,1,0.0,0.0,0.0,0.0,0.0,1.0,1.0,1.0
50013,LESTE,MS,Centro-Oeste,2010,0,0,0,0,0,0,0,0,0,0,0,0,,,,,,,,
50013,LESTE,MS,Centro-Oeste,2011,0,0,0,0,0,0,0,0,0,0,0,0,,,,,,,,
50013,LESTE,MS,Centro-Oeste,2012,0,0,0,0,0,0,0,0,0,0,0,0,,,,,,,,
50013,LESTE,MS,Centro-Oeste,2013,0,0,0,0,0,0,0,0,0,0,0,0,,,,,,,,
50013,LESTE,MS,Centro-Oeste,2014,0,0,0,0,0,0,0,0,0,0,0,0,,,,,,,,
50013,LESTE,MS,Centro-Oeste,2015,0,0,0,0,0,0,0,0,0,0,0,0,,,,,,,,
50013,LESTE,MS,Centro-Oeste,2016,0,0,0,0,0,0,0,0,0,0,0,0,,,,,,,,
50013,LESTE,MS,Centro-Oeste,2017,0,0,0,0,0,0,0,0,0,0,0,0,,,,,,,,
50013,LESTE,MS,Centro-Oeste,2018,0,0,0,0,0,0,0,0,0,0,0,0,,,,,,,,
50013,LESTE,MS,Centro-Oeste,2019,1,0,1,1,1,1,0,0,0,0,1,0,0.0,0.0,0.0,0.0,1.0,0.0,1.0,1.0
50013,LESTE,MS,Centro-Oeste,2020,0,0,0,0,0,0,0,0,0,0,0,0,,,,,,,,
50013,LESTE,MS,Centro-Oeste,2021,0,0,0,0,0,0,0,0,0,0,0,0,,,,,,,,
50013,LESTE,MS,Centro-Oeste,2022,1,0,1,1,1,1,0,0,1,0,0,0,0.0,0.0,1.0,0.0,0.0,0.0,1.0,0.0
50013,LESTE,MS,Centro-Oeste,2023,0,0,0,0,0,0,0,0,0,0,0,0,,,,,,,,
50013,LESTE,MS,Centro-Oeste,2024,0,0,0,0,0,0,0,0,0,0,0,0,,,,,,,,
50013,LESTE,MS,Centro-Oeste,2025,0,0,0,0,0,0,0,0,0,0,0,0,,,,,,,,
50014,NORDESTE,MS,Centro-Oeste,2007,0,0,0,0,0,0,0,0,0,0,0,0,,,,,,,,
50014,NORDESTE,MS,Centro-Oeste,2008,0,0,0,0,0,0,0,0,0,0,0,0,,,,,,,,
50014,NORDESTE,MS,Centro-Oeste,2009,1,0,1,1,1,1,0,0,1,0,0,0,0.0,0.0,1.0,0.0,0.0,0.0,1.0,0.0
50014,NORDESTE,MS,Centro-Oeste,2010,0,0,0,0,0,0,0,0,0,0,0,0,,,,,,,,
50014,NORDESTE,MS,Centro-Oeste,2011,0,0,0,0,0,0,0,0,0,0,0,0,,,,,,,,
50014,NORDESTE,MS,Centro-Oeste,2012,0,0,0,0,0,0,0,0,0,0,0,0,,,,,,,,
50014,NORDESTE,MS,Centro-Oeste,2013,0,0,0,0,0,0,0,0,0,0,0,0,,,,,,,,
50014,NORDESTE,MS,Centro-Oeste,2014,1,0,1,1,1,1,0,0,0,1,0,0,0.0,0.0,0.0,1.0,0.0,0.0,1.0,0.0
50014,NORDESTE,MS,Centro-Oeste,2015,0,0,0,0,0,0,0,0,0,0,0,0,,,,,,,,
50014,NORDESTE,MS,Centro-Oeste,2016,1,0,0,1,1,1,0,0,1,0,0,0,0.0,0.0,1.0,0.0,0.0,0.0,1.0,0.0
50014,NORDESTE,MS,Centro-Oeste,2017,0,0,0,0,0,0,0,0,0,0,0,0,,,,,,,,
50014,NORDESTE,MS,Centro-Oeste,2018,0,0,0,0,0,0,0,0,0,0,0,0,,,,,,,,
50014,NORDESTE,MS,Centro-Oeste,2019,1,0,0,1,1,1,0,0,1,0,0,0,0.0,0.0,1.0,0.0,0.0,0.0,1.0,0.0
50014,NORDESTE,MS,Centro-Oeste,2020,0,0,0,0,0,0,0,0,0,0,0,0,,,,,,,,
50014,NORDESTE,MS,Centro-Oeste,2021,0,0,0,0,0,0,0,0,0,0,0,0,,,,,,,,
50014,NORDESTE,MS,Centro-Oeste,2022,0,0,0,0,0,0,0,0,0,0,0,0,,,,,,,,
50014,NORDESTE,MS,Centro-Oeste,2023,0,0,0,0,0,0,0,0,0,0,0,0,,,,,,,,
50014,NORDESTE,MS,Centro-Oeste,2024,0,0,0,0,0,0,0,0,0,0,0,0,,,,,,,,
50014,NORDESTE,MS,Centro-Oeste,2025,0,0,0,0,0,0,0,0,0,0,0,0,,,,,,,,
50015,NORTE,MS,Centro-Oeste,2007,0,0,0,0,0,0,0,0,0,0,0,0,,,,,,,,
50015,NORTE,MS,Centro-Oeste,2008,1,0,0,1,1,1,0,0,1,0,0,0,0.0,0.0,1.0,0.0,0.0,0.0,1.0,0.0
50015,NORTE,MS,Centro-Oeste,2009,0,0,0,0,0,0,0,0,0,0,0,0,,,,,,,,
50015,NORTE,MS,Centro-Oeste,2010,0,0,0,0,0,0,0,0,0,0,0,0,,,,,,,,
50015,NORTE,MS,Centro-Oeste,2011,0,0,0,0,0,0,0,0,0,0,0,0,,,,,,,,
50015,NORTE,MS,Centro-Oeste,2012,0,0,0,0,0,0,0,0,0,0,0,0,,,,,,,,
50015,NORTE,MS,Centro-Oeste,2013,0,0,0,0,0,0,0,0,0,0,0,0,,,,,,,,
50015,NORTE,MS,Centro-Oeste,2014,0,0,0,0,0,0,0,0,0,0,0,0,,,,,,,,
50015,NORTE,MS,Centro-Oeste,2015,0,0,0,0,0,0,0,0,0,0,0,0,,,,,,,,
50015,NORTE,MS,Centro-Oeste,2016,0,0,0,0,0,0,0,0,0,0,0,0,,,,,,,,
50015,NORTE,MS,Centro-Oeste,2017,0,0,0,0,0,0,0,0,0,0,0,0,,,,,,,,
50015,NORTE,MS,Centro-Oeste,2018,1,0,1,1,1,1,0,0,1,0,0,0,0.0,0.0,1.0,0.0,0.0,0.0,1.0,0.0
50015,NORTE,MS,Centro-Oeste,2019,0,0,0,0,0,0,0,0,0,0,0,0,,,,,,,,
50015,NORTE,MS,Centro-Oeste,2020,2,0,2,2,2,1,1,1,0,0,0,0,0.5,0.5,0.0,0.0,0.0,0.0,0.5,0.0
50015,NORTE,MS,Centro-Oeste,2021,0,0,0,0,0,0,0,0,0,0,0,0,,,,,,,,
50015,NORTE,MS,Centro-Oeste,2022,0,0,0,0,0,0,0,0,0,0,0,0,,,,,,,,
50015,NORTE,MS,Centro-Oeste,2023,0,0,0,0,0,0,0,0,0,0,0,0,,,,,,,,
50015,NORTE,MS,Centro-Oeste,2024,0,0,0,0,0,0,0,0,0,0,0,0,,,,,,,,
50015,NORTE,MS,Centro-Oeste,2025,2,0,2,2,2,2,0,1,0,1,0,0,0.0,0.5,0.0,0.5,0.0,0.0,1.0,0.0
50016,SUDESTE,MS,Centro-Oeste,2007,0,0,0,0,0,0,0,0,0,0,0,0,,,,,,,,
50016,SUDESTE,MS,Centro-Oeste,2008,0,0,0,0,0,0,0,0,0,0,0,0,,,,,,,,
50016,SUDESTE,MS,Centro-Oeste,2009,0,0,0,0,0,0,0,0,0,0,0,0,,,,,,,,
50016,SUDESTE,MS,Centro-Oeste,2010,0,0,0,0,0,0,0,0,0,0,0,0,,,,,,,,
50016,SUDESTE,MS,Centro-Oeste,2011,0,0,0,0,0,0,0,0,0,0,0,0,,,,,,,,
50016,SUDESTE,MS,Centro-Oeste,2012,0,0,0,0,0,0,0,0,0,0,0,0,,,,,,,,
50016,SUDESTE,MS,Centro-Oeste,2013,0,0,0,0,0,0,0,0,0,0,0,0,,,,,,,,
50016,SUDESTE,MS,Centro-Oeste,2014,0,0,0,0,0,0,0,0,0,0,0,0,,,,,,,,
50016,SUDESTE,MS,Centro-Oeste,2015,0,0,0,0,0,0,0,0,0,0,0,0,,,,,,,,
50016,SUDESTE,MS,Centro-Oeste,2016,0,0,0,0,0,0,0,0,0,0,0,0,,,,,,,,
50016,SUDESTE,MS,Centro-Oeste,2017,0,0,0,0,0,0,0,0,0,0,0,0,,,,,,,,
50016,SUDESTE,MS,Centro-Oeste,2018,0,0,0,0,0,0,0,0,0,0,0,0,,,,,,,,
50016,SUDESTE,MS,Centro-Oeste,2019,1,0,1,1,1,1,0,0,1,0,0,0,0.0,0.0,1.0,0.0,0.0,0.0,1.0,0.0
50016,SUDESTE,MS,Centro-Oeste,2020,0,0,0,0,0,0,0,0,0,0,0,0,,,,,,,,
50016,SUDESTE,MS,Centro-Oeste,2021,0,0,0,0,0,0,0,0,0,0,0,0,,,,,,,,
50016,SUDESTE,MS,Centro-Oeste,2022,0,0,0,0,0,0,0,0,0,0,0,0,,,,,,,,
50016,SUDESTE,MS,Centro-Oeste,2023,0,0,0,0,0,0,0,0,0,0,0,0,,,,,,,,
50016,SUDESTE,MS,Centro-Oeste,2024,0,0,0,0,0,0,0,0,0,0,0,0,,,,,,,,
50016,SUDESTE,MS,Centro-Oeste,2025,0,0,0,0,0,0,0,0,0,0,0,0,,,,,,,,
50017,SUL FRONTEIRA,MS,Centro-Oeste,2007,0,0,0,0,0,0,0,0,0,0,0,0,,,,,,,,
50017,SUL FRONTEIRA,MS,Centro-Oeste,2008,0,0,0,0,0,0,0,0,0,0,0,0,,,,,,,,
50017,SUL FRONTEIRA,MS,Centro-Oeste,2009,0,0,0,0,0,0,0,0,0,0,0,0,,,,,,,,
50017,SUL FRONTEIRA,MS,Centro-Oeste,2010,0,0,0,0,0,0,0,0,0,0,0,0,,,,,,,,
50017,SUL FRONTEIRA,MS,Centro-Oeste,2011,0,0,0,0,0,0,0,0,0,0,0,0,,,,,,,,
50017,SUL FRONTEIRA,MS,Centro-Oeste,2012,2,0,2,2,2,0,2,0,0,0,0,0,1.0,0.0,0.0,0.0,0.0,0.0,0.0,0.0
50017,SUL FRONTEIRA,MS,Centro-Oeste,2013,0,0,0,0,0,0,0,0,0,0,0,0,,,,,,,,
50017,SUL FRONTEIRA,MS,Centro-Oeste,2014,0,0,0,0,0,0,0,0,0,0,0,0,,,,,,,,
50017,SUL FRONTEIRA,MS,Centro-Oeste,2015,2,0,2,2,2,2,0,1,0,0,1,0,0.0,0.5,0.0,0.0,0.5,0.0,1.0,0.5
50017,SUL FRONTEIRA,MS,Centro-Oeste,2016,0,0,0,0,0,0,0,0,0,0,0,0,,,,,,,,
50017,SUL FRONTEIRA,MS,Centro-Oeste,2017,1,0,1,1,1,1,0,0,0,0,1,0,0.0,0.0,0.0,0.0,1.0,0.0,1.0,1.0
50017,SUL FRONTEIRA,MS,Centro-Oeste,2018,1,0,1,1,1,1,0,0,1,0,0,0,0.0,0.0,1.0,0.0,0.0,0.0,1.0,0.0
50017,SUL FRONTEIRA,MS,Centro-Oeste,2019,0,0,0,0,0,0,0,0,0,0,0,0,,,,,,,,
50017,SUL FRONTEIRA,MS,Centro-Oeste,2020,0,0,0,0,0,0,0,0,0,0,0,0,,,,,,,,
50017,SUL FRONTEIRA,MS,Centro-Oeste,2021,0,0,0,0,0,0,0,0,0,0,0,0,,,,,,,,
50017,SUL FRONTEIRA,MS,Centro-Oeste,2022,0,0,0,0,0,0,0,0,0,0,0,0,,,,,,,,
50017,SUL FRONTEIRA,MS,Centro-Oeste,2023,1,0,0,1,1,1,0,0,0,0,0,1,0.0,0.0,0.0,0.0,0.0,1.0,1.0,1.0
50017,SUL FRONTEIRA,MS,Centro-Oeste,2024,0,0,0,0,0,0,0,0,0,0,0,0,,,,,,,,
50017,SUL FRONTEIRA,MS,Centro-Oeste,2025,0,0,0,0,0,0,0,0,0,0,0,0,,,,,,,,
51001,ALTO TAPAJOS,MT,Centro-Oeste,2007,0,0,0,0,0,0,0,0,0,0,0,0,,,,,,,,
51001,ALTO TAPAJOS,MT,Centro-Oeste,2008,0,0,0,0,0,0,0,0,0,0,0,0,,,,,,,,
51001,ALTO TAPAJOS,MT,Centro-Oeste,2009,0,0,0,0,0,0,0,0,0,0,0,0,,,,,,,,
51001,ALTO TAPAJOS,MT,Centro-Oeste,2010,0,0,0,0,0,0,0,0,0,0,0,0,,,,,,,,
51001,ALTO TAPAJOS,MT,Centro-Oeste,2011,0,0,0,0,0,0,0,0,0,0,0,0,,,,,,,,
51001,ALTO TAPAJOS,MT,Centro-Oeste,2012,0,0,0,0,0,0,0,0,0,0,0,0,,,,,,,,
51001,ALTO TAPAJOS,MT,Centro-Oeste,2013,0,0,0,0,0,0,0,0,0,0,0,0,,,,,,,,
51001,ALTO TAPAJOS,MT,Centro-Oeste,2014,0,0,0,0,0,0,0,0,0,0,0,0,,,,,,,,
51001,ALTO TAPAJOS,MT,Centro-Oeste,2015,0,0,0,0,0,0,0,0,0,0,0,0,,,,,,,,
51001,ALTO TAPAJOS,MT,Centro-Oeste,2016,0,0,0,0,0,0,0,0,0,0,0,0,,,,,,,,
51001,ALTO TAPAJOS,MT,Centro-Oeste,2017,0,0,0,0,0,0,0,0,0,0,0,0,,,,,,,,
51001,ALTO TAPAJOS,MT,Centro-Oeste,2018,1,0,1,1,1,0,0,0,0,0,1,0,0.0,0.0,0.0,0.0,1.0,0.0,0.0,1.0
51001,ALTO TAPAJOS,MT,Centro-Oeste,2019,2,1,2,2,2,1,1,0,1,0,0,0,0.5,0.0,0.5,0.0,0.0,0.0,0.5,0.0
51001,ALTO TAPAJOS,MT,Centro-Oeste,2020,1,0,1,1,1,0,0,0,1,0,0,0,0.0,0.0,1.0,0.0,0.0,0.0,0.0,0.0
51001,ALTO TAPAJOS,MT,Centro-Oeste,2021,0,0,0,0,0,0,0,0,0,0,0,0,,,,,,,,
51001,ALTO TAPAJOS,MT,Centro-Oeste,2022,0,0,0,0,0,0,0,0,0,0,0,0,,,,,,,,
51001,ALTO TAPAJOS,MT,Centro-Oeste,2023,0,0,0,0,0,0,0,0,0,0,0,0,,,,,,,,
51001,ALTO TAPAJOS,MT,Centro-Oeste,2024,1,0,1,1,1,1,0,0,0,0,1,0,0.0,0.0,0.0,0.0,1.0,0.0,1.0,1.0
51001,ALTO TAPAJOS,MT,Centro-Oeste,2025,2,0,1,2,2,1,0,2,0,0,0,0,0.0,1.0,0.0,0.0,0.0,0.0,0.5,0.0
51002,BAIXADA CUIABANA,MT,Centro-Oeste,2007,0,0,0,0,0,0,0,0,0,0,0,0,,,,,,,,
51002,BAIXADA CUIABANA,MT,Centro-Oeste,2008,0,0,0,0,0,0,0,0,0,0,0,0,,,,,,,,
51002,BAIXADA CUIABANA,MT,Centro-Oeste,2009,0,0,0,0,0,0,0,0,0,0,0,0,,,,,,,,
51002,BAIXADA CUIABANA,MT,Centro-Oeste,2010,0,0,0,0,0,0,0,0,0,0,0,0,,,,,,,,
51002,BAIXADA CUIABANA,MT,Centro-Oeste,2011,1,0,0,1,1,1,0,1,0,0,0,0,0.0,1.0,0.0,0.0,0.0,0.0,1.0,0.0
51002,BAIXADA CUIABANA,MT,Centro-Oeste,2012,2,1,1,2,2,2,0,2,0,0,0,0,0.0,1.0,0.0,0.0,0.0,0.0,1.0,0.0
51002,BAIXADA CUIABANA,MT,Centro-Oeste,2013,0,0,0,0,0,0,0,0,0,0,0,0,,,,,,,,
51002,BAIXADA CUIABANA,MT,Centro-Oeste,2014,0,0,0,0,0,0,0,0,0,0,0,0,,,,,,,,
51002,BAIXADA CUIABANA,MT,Centro-Oeste,2015,2,0,1,2,2,2,0,1,1,0,0,0,0.0,0.5,0.5,0.0,0.0,0.0,1.0,0.0
51002,BAIXADA CUIABANA,MT,Centro-Oeste,2016,3,1,3,3,3,3,1,1,1,0,0,0,0.3333333333333333,0.3333333333333333,0.3333333333333333,0.0,0.0,0.0,1.0,0.0
51002,BAIXADA CUIABANA,MT,Centro-Oeste,2017,1,0,0,1,1,1,0,0,1,0,0,0,0.0,0.0,1.0,0.0,0.0,0.0,1.0,0.0
51002,BAIXADA CUIABANA,MT,Centro-Oeste,2018,1,0,0,1,1,1,0,0,1,0,0,0,0.0,0.0,1.0,0.0,0.0,0.0,1.0,0.0
51002,BAIXADA CUIABANA,MT,Centro-Oeste,2019,1,0,1,1,1,1,0,0,0,0,1,0,0.0,0.0,0.0,0.0,1.0,0.0,1.0,1.0
51002,BAIXADA CUIABANA,MT,Centro-Oeste,2020,3,0,3,3,3,1,1,0,2,0,0,0,0.3333333333333333,0.0,0.6666666666666666,0.0,0.0,0.0,0.3333333333333333,0.0
51002,BAIXADA CUIABANA,MT,Centro-Oeste,2021,4,0,3,4,4,3,0,0,0,3,0,1,0.0,0.0,0.0,0.75,0.0,0.25,0.75,0.25
51002,BAIXADA CUIABANA,MT,Centro-Oeste,2022,8,1,6,8,8,7,0,2,2,2,2,0,0.0,0.25,0.25,0.25,0.25,0.0,0.875,0.25
51002,BAIXADA CUIABANA,MT,Centro-Oeste,2023,2,1,2,2,2,2,0,1,1,0,0,0,0.0,0.5,0.5,0.0,0.0,0.0,1.0,0.0
51002,BAIXADA CUIABANA,MT,Centro-Oeste,2024,4,0,4,4,4,2,1,2,0,1,0,0,0.25,0.5,0.0,0.25,0.0,0.0,0.5,0.0
51002,BAIXADA CUIABANA,MT,Centro-Oeste,2025,3,0,3,3,3,2,0,1,2,0,0,0,0.0,0.3333333333333333,0.6666666666666666,0.0,0.0,0.0,0.6666666666666666,0.0
51003,ARAGUAIA XINGU,MT,Centro-Oeste,2007,1,0,1,1,1,1,0,0,1,0,0,0,0.0,0.0,1.0,0.0,0.0,0.0,1.0,0.0
51003,ARAGUAIA XINGU,MT,Centro-Oeste,2008,0,0,0,0,0,0,0,0,0,0,0,0,,,,,,,,
51003,ARAGUAIA XINGU,MT,Centro-Oeste,2009,0,0,0,0,0,0,0,0,0,0,0,0,,,,,,,,
51003,ARAGUAIA XINGU,MT,Centro-Oeste,2010,0,0,0,0,0,0,0,0,0,0,0,0,,,,,,,,
51003,ARAGUAIA XINGU,MT,Centro-Oeste,2011,0,0,0,0,0,0,0,0,0,0,0,0,,,,,,,,
51003,ARAGUAIA XINGU,MT,Centro-Oeste,2012,0,0,0,0,0,0,0,0,0,0,0,0,,,,,,,,
51003,ARAGUAIA XINGU,MT,Centro-Oeste,2013,0,0,0,0,0,0,0,0,0,0,0,0,,,,,,,,
51003,ARAGUAIA XINGU,MT,Centro-Oeste,2014,0,0,0,0,0,0,0,0,0,0,0,0,,,,,,,,
51003,ARAGUAIA XINGU,MT,Centro-Oeste,2015,0,0,0,0,0,0,0,0,0,0,0,0,,,,,,,,
51003,ARAGUAIA XINGU,MT,Centro-Oeste,2016,0,0,0,0,0,0,0,0,0,0,0,0,,,,,,,,
51003,ARAGUAIA XINGU,MT,Centro-Oeste,2017,0,0,0,0,0,0,0,0,0,0,0,0,,,,,,,,
51003,ARAGUAIA XINGU,MT,Centro-Oeste,2018,0,0,0,0,0,0,0,0,0,0,0,0,,,,,,,,
51003,ARAGUAIA XINGU,MT,Centro-Oeste,2019,1,0,1,1,1,1,0,0,0,1,0,0,0.0,0.0,0.0,1.0,0.0,0.0,1.0,0.0
51003,ARAGUAIA XINGU,MT,Centro-Oeste,2020,0,0,0,0,0,0,0,0,0,0,0,0,,,,,,,,
51003,ARAGUAIA XINGU,MT,Centro-Oeste,2021,0,0,0,0,0,0,0,0,0,0,0,0,,,,,,,,
51003,ARAGUAIA XINGU,MT,Centro-Oeste,2022,0,0,0,0,0,0,0,0,0,0,0,0,,,,,,,,
51003,ARAGUAIA XINGU,MT,Centro-Oeste,2023,0,0,0,0,0,0,0,0,0,0,0,0,,,,,,,,
51003,ARAGUAIA XINGU,MT,Centro-Oeste,2024,0,0,0,0,0,0,0,0,0,0,0,0,,,,,,,,
51003,ARAGUAIA XINGU,MT,Centro-Oeste,2025,1,0,1,1,1,1,0,0,0,0,1,0,0.0,0.0,0.0,0.0,1.0,0.0,1.0,1.0
51004,CENTRO NORTE,MT,Centro-Oeste,2007,0,0,0,0,0,0,0,0,0,0,0,0,,,,,,,,
51004,CENTRO NORTE,MT,Centro-Oeste,2008,0,0,0,0,0,0,0,0,0,0,0,0,,,,,,,,
51004,CENTRO NORTE,MT,Centro-Oeste,2009,0,0,0,0,0,0,0,0,0,0,0,0,,,,,,,,
51004,CENTRO NORTE,MT,Centro-Oeste,2010,0,0,0,0,0,0,0,0,0,0,0,0,,,,,,,,
51004,CENTRO NORTE,MT,Centro-Oeste,2011,1,0,1,1,1,1,0,1,0,0,0,0,0.0,1.0,0.0,0.0,0.0,0.0,1.0,0.0
51004,CENTRO NORTE,MT,Centro-Oeste,2012,0,0,0,0,0,0,0,0,0,0,0,0,,,,,,,,
51004,CENTRO NORTE,MT,Centro-Oeste,2013,0,0,0,0,0,0,0,0,0,0,0,0,,,,,,,,
51004,CENTRO NORTE,MT,Centro-Oeste,2014,0,0,0,0,0,0,0,0,0,0,0,0,,,,,,,,
51004,CENTRO NORTE,MT,Centro-Oeste,2015,1,0,1,1,1,1,0,1,0,0,0,0,0.0,1.0,0.0,0.0,0.0,0.0,1.0,0.0
51004,CENTRO NORTE,MT,Centro-Oeste,2016,0,0,0,0,0,0,0,0,0,0,0,0,,,,,,,,
51004,CENTRO NORTE,MT,Centro-Oeste,2017,0,0,0,0,0,0,0,0,0,0,0,0,,,,,,,,
51004,CENTRO NORTE,MT,Centro-Oeste,2018,0,0,0,0,0,0,0,0,0,0,0,0,,,,,,,,
51004,CENTRO NORTE,MT,Centro-Oeste,2019,0,0,0,0,0,0,0,0,0,0,0,0,,,,,,,,
51004,CENTRO NORTE,MT,Centro-Oeste,2020,0,0,0,0,0,0,0,0,0,0,0,0,,,,,,,,
51004,CENTRO NORTE,MT,Centro-Oeste,2021,0,0,0,0,0,0,0,0,0,0,0,0,,,,,,,,
51004,CENTRO NORTE,MT,Centro-Oeste,2022,0,0,0,0,0,0,0,0,0,0,0,0,,,,,,,,
51004,CENTRO NORTE,MT,Centro-Oeste,2023,0,0,0,0,0,0,0,0,0,0,0,0,,,,,,,,
51004,CENTRO NORTE,MT,Centro-Oeste,2024,0,0,0,0,0,0,0,0,0,0,0,0,,,,,,,,
51004,CENTRO NORTE,MT,Centro-Oeste,2025,1,0,1,1,1,0,0,0,1,0,0,0,0.0,0.0,1.0,0.0,0.0,0.0,0.0,0.0
51005,GARCAS ARAGUAIA,MT,Centro-Oeste,2007,1,0,1,1,1,0,0,1,0,0,0,0,0.0,1.0,0.0,0.0,0.0,0.0,0.0,0.0
51005,GARCAS ARAGUAIA,MT,Centro-Oeste,2008,0,0,0,0,0,0,0,0,0,0,0,0,,,,,,,,
51005,GARCAS ARAGUAIA,MT,Centro-Oeste,2009,0,0,0,0,0,0,0,0,0,0,0,0,,,,,,,,
51005,GARCAS ARAGUAIA,MT,Centro-Oeste,2010,1,0,1,1,1,1,0,0,0,1,0,0,0.0,0.0,0.0,1.0,0.0,0.0,1.0,0.0
51005,GARCAS ARAGUAIA,MT,Centro-Oeste,2011,0,0,0,0,0,0,0,0,0,0,0,0,,,,,,,,
51005,GARCAS ARAGUAIA,MT,Centro-Oeste,2012,0,0,0,0,0,0,0,0,0,0,0,0,,,,,,,,
51005,GARCAS ARAGUAIA,MT,Centro-Oeste,2013,0,0,0,0,0,0,0,0,0,0,0,0,,,,,,,,
51005,GARCAS ARAGUAIA,MT,Centro-Oeste,2014,0,0,0,0,0,0,0,0,0,0,0,0,,,,,,,,
51005,GARCAS ARAGUAIA,MT,Centro-Oeste,2015,0,0,0,0,0,0,0,0,0,0,0,0,,,,,,,,
51005,GARCAS ARAGUAIA,MT,Centro-Oeste,2016,0,0,0,0,0,0,0,0,0,0,0,0,,,,,,,,
51005,GARCAS ARAGUAIA,MT,Centro-Oeste,2017,1,0,0,1,1,1,0,0,0,0,1,0,0.0,0.0,0.0,0.0,1.0,0.0,1.0,1.0
51005,GARCAS ARAGUAIA,MT,Centro-Oeste,2018,0,0,0,0,0,0,0,0,0,0,0,0,,,,,,,,
51005,GARCAS ARAGUAIA,MT,Centro-Oeste,2019,0,0,0,0,0,0,0,0,0,0,0,0,,,,,,,,
51005,GARCAS ARAGUAIA,MT,Centro-Oeste,2020,0,0,0,0,0,0,0,0,0,0,0,0,,,,,,,,
51005,GARCAS ARAGUAIA,MT,Centro-Oeste,2021,0,0,0,0,0,0,0,0,0,0,0,0,,,,,,,,
51005,GARCAS ARAGUAIA,MT,Centro-Oeste,2022,0,0,0,0,0,0,0,0,0,0,0,0,,,,,,,,
51005,GARCAS ARAGUAIA,MT,Centro-Oeste,2023,0,0,0,0,0,0,0,0,0,0,0,0,,,,,,,,
51005,GARCAS ARAGUAIA,MT,Centro-Oeste,2024,0,0,0,0,0,0,0,0,0,0,0,0,,,,,,,,
51005,GARCAS ARAGUAIA,MT,Centro-Oeste,2025,0,0,0,0,0,0,0,0,0,0,0,0,,,,,,,,
51006,MEDIO ARAGUAIA,MT,Centro-Oeste,2007,0,0,0,0,0,0,0,0,0,0,0,0,,,,,,,,
51006,MEDIO ARAGUAIA,MT,Centro-Oeste,2008,2,0,2,2,2,2,0,2,0,0,0,0,0.0,1.0,0.0,0.0,0.0,0.0,1.0,0.0
51006,MEDIO ARAGUAIA,MT,Centro-Oeste,2009,0,0,0,0,0,0,0,0,0,0,0,0,,,,,,,,
51006,MEDIO ARAGUAIA,MT,Centro-Oeste,2010,0,0,0,0,0,0,0,0,0,0,0,0,,,,,,,,
51006,MEDIO ARAGUAIA,MT,Centro-Oeste,2011,0,0,0,0,0,0,0,0,0,0,0,0,,,,,,,,
51006,MEDIO ARAGUAIA,MT,Centro-Oeste,2012,0,0,0,0,0,0,0,0,0,0,0,0,,,,,,,,
51006,MEDIO ARAGUAIA,MT,Centro-Oeste,2013,0,0,0,0,0,0,0,0,0,0,0,0,,,,,,,,
51006,MEDIO ARAGUAIA,MT,Centro-Oeste,2014,0,0,0,0,0,0,0,0,0,0,0,0,,,,,,,,
51006,MEDIO ARAGUAIA,MT,Centro-Oeste,2015,0,0,0,0,0,0,0,0,0,0,0,0,,,,,,,,
51006,MEDIO ARAGUAIA,MT,Centro-Oeste,2016,0,0,0,0,0,0,0,0,0,0,0,0,,,,,,,,
51006,MEDIO ARAGUAIA,MT,Centro-Oeste,2017,0,0,0,0,0,0,0,0,0,0,0,0,,,,,,,,
51006,MEDIO ARAGUAIA,MT,Centro-Oeste,2018,0,0,0,0,0,0,0,0,0,0,0,0,,,,,,,,
51006,MEDIO ARAGUAIA,MT,Centro-Oeste,2019,0,0,0,0,0,0,0,0,0,0,0,0,,,,,,,,
51006,MEDIO ARAGUAIA,MT,Centro-Oeste,2020,0,0,0,0,0,0,0,0,0,0,0,0,,,,,,,,
51006,MEDIO ARAGUAIA,MT,Centro-Oeste,2021,0,0,0,0,0,0,0,0,0,0,0,0,,,,,,,,
51006,MEDIO ARAGUAIA,MT,Centro-Oeste,2022,0,0,0,0,0,0,0,0,0,0,0,0,,,,,,,,
51006,MEDIO ARAGUAIA,MT,Centro-Oeste,2023,0,0,0,0,0,0,0,0,0,0,0,0,,,,,,,,
51006,MEDIO ARAGUAIA,MT,Centro-Oeste,2024,0,0,0,0,0,0,0,0,0,0,0,0,,,,,,,,
51006,MEDIO ARAGUAIA,MT,Centro-Oeste,2025,0,0,0,0,0,0,0,0,0,0,0,0,,,,,,,,
51007,MEDIO NORTE MATOGROSSENSE,MT,Centro-Oeste,2007,1,0,1,1,1,1,0,0,1,0,0,0,0.0,0.0,1.0,0.0,0.0,0.0,1.0,0.0
51007,MEDIO NORTE MATOGROSSENSE,MT,Centro-Oeste,2008,2,0,2,2,2,0,2,0,0,0,0,0,1.0,0.0,0.0,0.0,0.0,0.0,0.0,0.0
51007,MEDIO NORTE MATOGROSSENSE,MT,Centro-Oeste,2009,0,0,0,0,0,0,0,0,0,0,0,0,,,,,,,,
51007,MEDIO NORTE MATOGROSSENSE,MT,Centro-Oeste,2010,1,0,1,1,1,1,0,1,0,0,0,0,0.0,1.0,0.0,0.0,0.0,0.0,1.0,0.0
51007,MEDIO NORTE MATOGROSSENSE,MT,Centro-Oeste,2011,3,2,3,3,3,2,1,1,0,1,0,0,0.3333333333333333,0.3333333333333333,0.0,0.3333333333333333,0.0,0.0,0.6666666666666666,0.0
51007,MEDIO NORTE MATOGROSSENSE,MT,Centro-Oeste,2012,0,0,0,0,0,0,0,0,0,0,0,0,,,,,,,,
51007,MEDIO NORTE MATOGROSSENSE,MT,Centro-Oeste,2013,0,0,0,0,0,0,0,0,0,0,0,0,,,,,,,,
51007,MEDIO NORTE MATOGROSSENSE,MT,Centro-Oeste,2014,0,0,0,0,0,0,0,0,0,0,0,0,,,,,,,,
51007,MEDIO NORTE MATOGROSSENSE,MT,Centro-Oeste,2015,0,0,0,0,0,0,0,0,0,0,0,0,,,,,,,,
51007,MEDIO NORTE MATOGROSSENSE,MT,Centro-Oeste,2016,2,1,2,2,2,2,0,0,1,1,0,0,0.0,0.0,0.5,0.5,0.0,0.0,1.0,0.0
51007,MEDIO NORTE MATOGROSSENSE,MT,Centro-Oeste,2017,4,0,4,4,4,1,1,0,3,0,0,0,0.25,0.0,0.75,0.0,0.0,0.0,0.25,0.0
51007,MEDIO NORTE MATOGROSSENSE,MT,Centro-Oeste,2018,0,0,0,0,0,0,0,0,0,0,0,0,,,,,,,,
51007,MEDIO NORTE MATOGROSSENSE,MT,Centro-Oeste,2019,4,1,4,4,4,4,2,0,1,1,0,0,0.5,0.0,0.25,0.25,0.0,0.0,1.0,0.0
51007,MEDIO NORTE MATOGROSSENSE,MT,Centro-Oeste,2020,1,0,1,1,1,1,0,0,0,1,0,0,0.0,0.0,0.0,1.0,0.0,0.0,1.0,0.0
51007,MEDIO NORTE MATOGROSSENSE,MT,Centro-Oeste,2021,1,0,1,1,1,1,0,1,0,0,0,0,0.0,1.0,0.0,0.0,0.0,0.0,1.0,0.0
51007,MEDIO NORTE MATOGROSSENSE,MT,Centro-Oeste,2022,1,0,1,1,1,0,0,0,1,0,0,0,0.0,0.0,1.0,0.0,0.0,0.0,0.0,0.0
51007,MEDIO NORTE MATOGROSSENSE,MT,Centro-Oeste,2023,3,0,3,3,3,3,0,0,0,3,0,0,0.0,0.0,0.0,1.0,0.0,0.0,1.0,0.0
51007,MEDIO NORTE MATOGROSSENSE,MT,Centro-Oeste,2024,2,0,1,2,2,2,1,1,0,0,0,0,0.5,0.5,0.0,0.0,0.0,0.0,1.0,0.0
51007,MEDIO NORTE MATOGROSSENSE,MT,Centro-Oeste,2025,6,0,6,6,6,6,0,3,3,0,0,0,0.0,0.5,0.5,0.0,0.0,0.0,1.0,0.0
51008,NOROESTE MATOGROSSENSE,MT,Centro-Oeste,2007,0,0,0,0,0,0,0,0,0,0,0,0,,,,,,,,
51008,NOROESTE MATOGROSSENSE,MT,Centro-Oeste,2008,1,0,1,1,1,1,0,1,0,0,0,0,0.0,1.0,0.0,0.0,0.0,0.0,1.0,0.0
51008,NOROESTE MATOGROSSENSE,MT,Centro-Oeste,2009,0,0,0,0,0,0,0,0,0,0,0,0,,,,,,,,
51008,NOROESTE MATOGROSSENSE,MT,Centro-Oeste,2010,0,0,0,0,0,0,0,0,0,0,0,0,,,,,,,,
51008,NOROESTE MATOGROSSENSE,MT,Centro-Oeste,2011,0,0,0,0,0,0,0,0,0,0,0,0,,,,,,,,
51008,NOROESTE MATOGROSSENSE,MT,Centro-Oeste,2012,0,0,0,0,0,0,0,0,0,0,0,0,,,,,,,,
51008,NOROESTE MATOGROSSENSE,MT,Centro-Oeste,2013,0,0,0,0,0,0,0,0,0,0,0,0,,,,,,,,
51008,NOROESTE MATOGROSSENSE,MT,Centro-Oeste,2014,1,0,1,1,1,1,0,1,0,0,0,0,0.0,1.0,0.0,0.0,0.0,0.0,1.0,0.0
51008,NOROESTE MATOGROSSENSE,MT,Centro-Oeste,2015,2,1,1,2,2,2,0,0,1,1,0,0,0.0,0.0,0.5,0.5,0.0,0.0,1.0,0.0
51008,NOROESTE MATOGROSSENSE,MT,Centro-Oeste,2016,0,0,0,0,0,0,0,0,0,0,0,0,,,,,,,,
51008,NOROESTE MATOGROSSENSE,MT,Centro-Oeste,2017,0,0,0,0,0,0,0,0,0,0,0,0,,,,,,,,
51008,NOROESTE MATOGROSSENSE,MT,Centro-Oeste,2018,7,1,5,7,7,6,4,2,1,0,0,0,0.5714285714285714,0.2857142857142857,0.14285714285714285,0.0,0.0,0.0,0.8571428571428571,0.0
51008,NOROESTE MATOGROSSENSE,MT,Centro-Oeste,2019,14,1,9,14,14,13,1,5,3,2,1,2,0.07142857142857142,0.35714285714285715,0.21428571428571427,0.14285714285714285,0.07142857142857142,0.14285714285714285,0.9285714285714286,0.21428571428571427
51008,NOROESTE MATOGROSSENSE,MT,Centro-Oeste,2020,5,0,2,5,5,5,0,2,2,0,1,0,0.0,0.4,0.4,0.0,0.2,0.0,1.0,0.2
51008,NOROESTE MATOGROSSENSE,MT,Centro-Oeste,2021,0,0,0,0,0,0,0,0,0,0,0,0,,,,,,,,
51008,NOROESTE MATOGROSSENSE,MT,Centro-Oeste,2022,1,0,1,1,1,1,0,1,0,0,0,0,0.0,1.0,0.0,0.0,0.0,0.0,1.0,0.0
51008,NOROESTE MATOGROSSENSE,MT,Centro-Oeste,2023,2,0,2,2,2,2,2,0,0,0,0,0,1.0,0.0,0.0,0.0,0.0,0.0,1.0,0.0
51008,NOROESTE MATOGROSSENSE,MT,Centro-Oeste,2024,3,0,3,3,3,2,0,0,3,0,0,0,0.0,0.0,1.0,0.0,0.0,0.0,0.6666666666666666,0.0
51008,NOROESTE MATOGROSSENSE,MT,Centro-Oeste,2025,2,0,0,2,2,2,0,0,1,0,1,0,0.0,0.0,0.5,0.0,0.5,0.0,1.0,0.5
51010,NORTE MATOGROSSENSE,MT,Centro-Oeste,2007,0,0,0,0,0,0,0,0,0,0,0,0,,,,,,,,
51010,NORTE MATOGROSSENSE,MT,Centro-Oeste,2008,1,0,1,1,1,0,0,0,0,0,1,0,0.0,0.0,0.0,0.0,1.0,0.0,0.0,1.0
51010,NORTE MATOGROSSENSE,MT,Centro-Oeste,2009,0,0,0,0,0,0,0,0,0,0,0,0,,,,,,,,
51010,NORTE MATOGROSSENSE,MT,Centro-Oeste,2010,0,0,0,0,0,0,0,0,0,0,0,0,,,,,,,,
51010,NORTE MATOGROSSENSE,MT,Centro-Oeste,2011,1,0,1,1,1,1,0,1,0,0,0,0,0.0,1.0,0.0,0.0,0.0,0.0,1.0,0.0
51010,NORTE MATOGROSSENSE,MT,Centro-Oeste,2012,0,0,0,0,0,0,0,0,0,0,0,0,,,,,,,,
51010,NORTE MATOGROSSENSE,MT,Centro-Oeste,2013,1,0,1,1,1,0,0,0,0,1,0,0,0.0,0.0,0.0,1.0,0.0,0.0,0.0,0.0
51010,NORTE MATOGROSSENSE,MT,Centro-Oeste,2014,0,0,0,0,0,0,0,0,0,0,0,0,,,,,,,,
51010,NORTE MATOGROSSENSE,MT,Centro-Oeste,2015,0,0,0,0,0,0,0,0,0,0,0,0,,,,,,,,
51010,NORTE MATOGROSSENSE,MT,Centro-Oeste,2016,0,0,0,0,0,0,0,0,0,0,0,0,,,,,,,,
51010,NORTE MATOGROSSENSE,MT,Centro-Oeste,2017,0,0,0,0,0,0,0,0,0,0,0,0,,,,,,,,
51010,NORTE MATOGROSSENSE,MT,Centro-Oeste,2018,1,0,0,1,1,1,1,0,0,0,0,0,1.0,0.0,0.0,0.0,0.0,0.0,1.0,0.0
51010,NORTE MATOGROSSENSE,MT,Centro-Oeste,2019,1,0,1,1,1,1,0,0,1,0,0,0,0.0,0.0,1.0,0.0,0.0,0.0,1.0,0.0
51010,NORTE MATOGROSSENSE,MT,Centro-Oeste,2020,0,0,0,0,0,0,0,0,0,0,0,0,,,,,,,,
51010,NORTE MATOGROSSENSE,MT,Centro-Oeste,2021,0,0,0,0,0,0,0,0,0,0,0,0,,,,,,,,
51010,NORTE MATOGROSSENSE,MT,Centro-Oeste,2022,0,0,0,0,0,0,0,0,0,0,0,0,,,,,,,,
51010,NORTE MATOGROSSENSE,MT,Centro-Oeste,2023,0,0,0,0,0,0,0,0,0,0,0,0,,,,,,,,
51010,NORTE MATOGROSSENSE,MT,Centro-Oeste,2024,0,0,0,0,0,0,0,0,0,0,0,0,,,,,,,,
51010,NORTE MATOGROSSENSE,MT,Centro-Oeste,2025,1,0,1,1,1,0,0,0,0,1,0,0,0.0,0.0,0.0,1.0,0.0,0.0,0.0,0.0
51011,OESTE MATOGROSSENSE,MT,Centro-Oeste,2007,0,0,0,0,0,0,0,0,0,0,0,0,,,,,,,,
51011,OESTE MATOGROSSENSE,MT,Centro-Oeste,2008,0,0,0,0,0,0,0,0,0,0,0,0,,,,,,,,
51011,OESTE MATOGROSSENSE,MT,Centro-Oeste,2009,0,0,0,0,0,0,0,0,0,0,0,0,,,,,,,,
51011,OESTE MATOGROSSENSE,MT,Centro-Oeste,2010,0,0,0,0,0,0,0,0,0,0,0,0,,,,,,,,
51011,OESTE MATOGROSSENSE,MT,Centro-Oeste,2011,0,0,0,0,0,0,0,0,0,0,0,0,,,,,,,,
51011,OESTE MATOGROSSENSE,MT,Centro-Oeste,2012,0,0,0,0,0,0,0,0,0,0,0,0,,,,,,,,
51011,OESTE MATOGROSSENSE,MT,Centro-Oeste,2013,0,0,0,0,0,0,0,0,0,0,0,0,,,,,,,,
51011,OESTE MATOGROSSENSE,MT,Centro-Oeste,2014,0,0,0,0,0,0,0,0,0,0,0,0,,,,,,,,
51011,OESTE MATOGROSSENSE,MT,Centro-Oeste,2015,1,1,1,1,1,0,0,0,1,0,0,0,0.0,0.0,1.0,0.0,0.0,0.0,0.0,0.0
51011,OESTE MATOGROSSENSE,MT,Centro-Oeste,2016,0,0,0,0,0,0,0,0,0,0,0,0,,,,,,,,
51011,OESTE MATOGROSSENSE,MT,Centro-Oeste,2017,0,0,0,0,0,0,0,0,0,0,0,0,,,,,,,,
51011,OESTE MATOGROSSENSE,MT,Centro-Oeste,2018,0,0,0,0,0,0,0,0,0,0,0,0,,,,,,,,
51011,OESTE MATOGROSSENSE,MT,Centro-Oeste,2019,1,0,1,1,1,1,0,0,1,0,0,0,0.0,0.0,1.0,0.0,0.0,0.0,1.0,0.0
51011,OESTE MATOGROSSENSE,MT,Centro-Oeste,2020,0,0,0,0,0,0,0,0,0,0,0,0,,,,,,,,
51011,OESTE MATOGROSSENSE,MT,Centro-Oeste,2021,0,0,0,0,0,0,0,0,0,0,0,0,,,,,,,,
51011,OESTE MATOGROSSENSE,MT,Centro-Oeste,2022,0,0,0,0,0,0,0,0,0,0,0,0,,,,,,,,
51011,OESTE MATOGROSSENSE,MT,Centro-Oeste,2023,0,0,0,0,0,0,0,0,0,0,0,0,,,,,,,,
51011,OESTE MATOGROSSENSE,MT,Centro-Oeste,2024,4,0,2,4,4,3,0,0,1,3,0,0,0.0,0.0,0.25,0.75,0.0,0.0,0.75,0.0
51011,OESTE MATOGROSSENSE,MT,Centro-Oeste,2025,1,0,1,1,1,1,0,0,0,1,0,0,0.0,0.0,0.0,1.0,0.0,0.0,1.0,0.0
51012,SUDOESTE MATOGROSSENSE,MT,Centro-Oeste,2007,0,0,0,0,0,0,0,0,0,0,0,0,,,,,,,,
51012,SUDOESTE MATOGROSSENSE,MT,Centro-Oeste,2008,0,0,0,0,0,0,0,0,0,0,0,0,,,,,,,,
51012,SUDOESTE MATOGROSSENSE,MT,Centro-Oeste,2009,0,0,0,0,0,0,0,0,0,0,0,0,,,,,,,,
51012,SUDOESTE MATOGROSSENSE,MT,Centro-Oeste,2010,0,0,0,0,0,0,0,0,0,0,0,0,,,,,,,,
51012,SUDOESTE MATOGROSSENSE,MT,Centro-Oeste,2011,0,0,0,0,0,0,0,0,0,0,0,0,,,,,,,,
51012,SUDOESTE MATOGROSSENSE,MT,Centro-Oeste,2012,0,0,0,0,0,0,0,0,0,0,0,0,,,,,,,,
51012,SUDOESTE MATOGROSSENSE,MT,Centro-Oeste,2013,0,0,0,0,0,0,0,0,0,0,0,0,,,,,,,,
51012,SUDOESTE MATOGROSSENSE,MT,Centro-Oeste,2014,2,2,2,2,2,2,0,0,2,0,0,0,0.0,0.0,1.0,0.0,0.0,0.0,1.0,0.0
51012,SUDOESTE MATOGROSSENSE,MT,Centro-Oeste,2015,0,0,0,0,0,0,0,0,0,0,0,0,,,,,,,,
51012,SUDOESTE MATOGROSSENSE,MT,Centro-Oeste,2016,0,0,0,0,0,0,0,0,0,0,0,0,,,,,,,,
51012,SUDOESTE MATOGROSSENSE,MT,Centro-Oeste,2017,0,0,0,0,0,0,0,0,0,0,0,0,,,,,,,,
51012,SUDOESTE MATOGROSSENSE,MT,Centro-Oeste,2018,1,0,1,1,1,1,0,0,1,0,0,0,0.0,0.0,1.0,0.0,0.0,0.0,1.0,0.0
51012,SUDOESTE MATOGROSSENSE,MT,Centro-Oeste,2019,0,0,0,0,0,0,0,0,0,0,0,0,,,,,,,,
51012,SUDOESTE MATOGROSSENSE,MT,Centro-Oeste,2020,1,0,1,1,1,1,0,0,1,0,0,0,0.0,0.0,1.0,0.0,0.0,0.0,1.0,0.0
51012,SUDOESTE MATOGROSSENSE,MT,Centro-Oeste,2021,0,0,0,0,0,0,0,0,0,0,0,0,,,,,,,,
51012,SUDOESTE MATOGROSSENSE,MT,Centro-Oeste,2022,0,0,0,0,0,0,0,0,0,0,0,0,,,,,,,,
51012,SUDOESTE MATOGROSSENSE,MT,Centro-Oeste,2023,1,0,0,1,1,1,0,0,1,0,0,0,0.0,0.0,1.0,0.0,0.0,0.0,1.0,0.0
51012,SUDOESTE MATOGROSSENSE,MT,Centro-Oeste,2024,0,0,0,0,0,0,0,0,0,0,0,0,,,,,,,,
51012,SUDOESTE MATOGROSSENSE,MT,Centro-Oeste,2025,0,0,0,0,0,0,0,0,0,0,0,0,,,,,,,,
51013,SUL MATOGROSSENSE,MT,Centro-Oeste,2007,0,0,0,0,0,0,0,0,0,0,0,0,,,,,,,,
51013,SUL MATOGROSSENSE,MT,Centro-Oeste,2008,0,0,0,0,0,0,0,0,0,0,0,0,,,,,,,,
51013,SUL MATOGROSSENSE,MT,Centro-Oeste,2009,1,0,1,1,1,1,0,0,1,0,0,0,0.0,0.0,1.0,0.0,0.0,0.0,1.0,0.0
51013,SUL MATOGROSSENSE,MT,Centro-Oeste,2010,2,0,1,2,2,2,0,0,1,1,0,0,0.0,0.0,0.5,0.5,0.0,0.0,1.0,0.0
51013,SUL MATOGROSSENSE,MT,Centro-Oeste,2011,0,0,0,0,0,0,0,0,0,0,0,0,,,,,,,,
51013,SUL MATOGROSSENSE,MT,Centro-Oeste,2012,2,0,1,2,2,2,0,1,1,0,0,0,0.0,0.5,0.5,0.0,0.0,0.0,1.0,0.0
51013,SUL MATOGROSSENSE,MT,Centro-Oeste,2013,0,0,0,0,0,0,0,0,0,0,0,0,,,,,,,,
51013,SUL MATOGROSSENSE,MT,Centro-Oeste,2014,1,0,1,1,1,1,0,0,1,0,0,0,0.0,0.0,1.0,0.0,0.0,0.0,1.0,0.0
51013,SUL MATOGROSSENSE,MT,Centro-Oeste,2015,2,0,2,2,2,2,0,1,1,0,0,0,0.0,0.5,0.5,0.0,0.0,0.0,1.0,0.0
51013,SUL MATOGROSSENSE,MT,Centro-Oeste,2016,1,1,1,1,1,0,0,0,0,1,0,0,0.0,0.0,0.0,1.0,0.0,0.0,0.0,0.0
51013,SUL MATOGROSSENSE,MT,Centro-Oeste,2017,2,0,2,2,2,2,0,0,1,0,1,0,0.0,0.0,0.5,0.0,0.5,0.0,1.0,0.5
51013,SUL MATOGROSSENSE,MT,Centro-Oeste,2018,0,0,0,0,0,0,0,0,0,0,0,0,,,,,,,,
51013,SUL MATOGROSSENSE,MT,Centro-Oeste,2019,2,0,0,2,2,2,0,1,0,1,0,0,0.0,0.5,0.0,0.5,0.0,0.0,1.0,0.0
51013,SUL MATOGROSSENSE,MT,Centro-Oeste,2020,2,0,2,2,2,2,0,1,1,0,0,0,0.0,0.5,0.5,0.0,0.0,0.0,1.0,0.0
51013,SUL MATOGROSSENSE,MT,Centro-Oeste,2021,1,0,0,1,1,1,0,0,1,0,0,0,0.0,0.0,1.0,0.0,0.0,0.0,1.0,0.0
51013,SUL MATOGROSSENSE,MT,Centro-Oeste,2022,1,0,1,1,1,0,0,1,0,0,0,0,0.0,1.0,0.0,0.0,0.0,0.0,0.0,0.0
51013,SUL MATOGROSSENSE,MT,Centro-Oeste,2023,0,0,0,0,0,0,0,0,0,0,0,0,,,,,,,,
51013,SUL MATOGROSSENSE,MT,Centro-Oeste,2024,2,0,2,2,2,1,0,0,0,1,0,1,0.0,0.0,0.0,0.5,0.0,0.5,0.5,0.5
51013,SUL MATOGROSSENSE,MT,Centro-Oeste,2025,1,0,1,1,1,0,0,0,0,1,0,0,0.0,0.0,0.0,1.0,0.0,0.0,0.0,0.0
51014,TELES PIRES,MT,Centro-Oeste,2007,0,0,0,0,0,0,0,0,0,0,0,0,,,,,,,,
51014,TELES PIRES,MT,Centro-Oeste,2008,1,0,1,1,1,0,0,0,1,0,0,0,0.0,0.0,1.0,0.0,0.0,0.0,0.0,0.0
51014,TELES PIRES,MT,Centro-Oeste,2009,0,0,0,0,0,0,0,0,0,0,0,0,,,,,,,,
51014,TELES PIRES,MT,Centro-Oeste,2010,0,0,0,0,0,0,0,0,0,0,0,0,,,,,,,,
51014,TELES PIRES,MT,Centro-Oeste,2011,1,0,1,1,1,1,0,1,0,0,0,0,0.0,1.0,0.0,0.0,0.0,0.0,1.0,0.0
51014,TELES PIRES,MT,Centro-Oeste,2012,1,0,1,1,1,0,0,1,0,0,0,0,0.0,1.0,0.0,0.0,0.0,0.0,0.0,0.0
51014,TELES PIRES,MT,Centro-Oeste,2013,2,0,2,2,2,1,1,1,0,0,0,0,0.5,0.5,0.0,0.0,0.0,0.0,0.5,0.0
51014,TELES PIRES,MT,Centro-Oeste,2014,0,0,0,0,0,0,0,0,0,0,0,0,,,,,,,,
51014,TELES PIRES,MT,Centro-Oeste,2015,1,1,1,1,1,1,0,1,0,0,0,0,0.0,1.0,0.0,0.0,0.0,0.0,1.0,0.0
51014,TELES PIRES,MT,Centro-Oeste,2016,1,0,1,1,1,1,0,0,1,0,0,0,0.0,0.0,1.0,0.0,0.0,0.0,1.0,0.0
51014,TELES PIRES,MT,Centro-Oeste,2017,2,0,2,2,2,1,0,2,0,0,0,0,0.0,1.0,0.0,0.0,0.0,0.0,0.5,0.0
51014,TELES PIRES,MT,Centro-Oeste,2018,3,1,3,3,3,3,0,1,1,1,0,0,0.0,0.3333333333333333,0.3333333333333333,0.3333333333333333,0.0,0.0,1.0,0.0
51014,TELES PIRES,MT,Centro-Oeste,2019,1,0,1,1,1,0,0,0,1,0,0,0,0.0,0.0,1.0,0.0,0.0,0.0,0.0,0.0
51014,TELES PIRES,MT,Centro-Oeste,2020,1,0,0,1,1,1,0,1,0,0,0,0,0.0,1.0,0.0,0.0,0.0,0.0,1.0,0.0
51014,TELES PIRES,MT,Centro-Oeste,2021,0,0,0,0,0,0,0,0,0,0,0,0,,,,,,,,
51014,TELES PIRES,MT,Centro-Oeste,2022,0,0,0,0,0,0,0,0,0,0,0,0,,,,,,,,
51014,TELES PIRES,MT,Centro-Oeste,2023,2,0,1,2,2,1,0,0,1,1,0,0,0.0,0.0,0.5,0.5,0.0,0.0,0.5,0.0
51014,TELES PIRES,MT,Centro-Oeste,2024,1,0,1,1,1,1,0,1,0,0,0,0,0.0,1.0,0.0,0.0,0.0,0.0,1.0,0.0
51014,TELES PIRES,MT,Centro-Oeste,2025,1,0,1,1,1,1,0,1,0,0,0,0,0.0,1.0,0.0,0.0,0.0,0.0,1.0,0.0
51015,VALE DO PEIXOTO,MT,Centro-Oeste,2007,0,0,0,0,0,0,0,0,0,0,0,0,,,,,,,,
51015,VALE DO PEIXOTO,MT,Centro-Oeste,2008,6,0,5,6,6,5,0,2,2,1,1,0,0.0,0.3333333333333333,0.3333333333333333,0.16666666666666666,0.16666666666666666,0.0,0.8333333333333334,0.16666666666666666
51015,VALE DO PEIXOTO,MT,Centro-Oeste,2009,0,0,0,0,0,0,0,0,0,0,0,0,,,,,,,,
51015,VALE DO PEIXOTO,MT,Centro-Oeste,2010,0,0,0,0,0,0,0,0,0,0,0,0,,,,,,,,
51015,VALE DO PEIXOTO,MT,Centro-Oeste,2011,1,0,1,1,1,0,0,0,0,1,0,0,0.0,0.0,0.0,1.0,0.0,0.0,0.0,0.0
51015,VALE DO PEIXOTO,MT,Centro-Oeste,2012,0,0,0,0,0,0,0,0,0,0,0,0,,,,,,,,
51015,VALE DO PEIXOTO,MT,Centro-Oeste,2013,0,0,0,0,0,0,0,0,0,0,0,0,,,,,,,,
51015,VALE DO PEIXOTO,MT,Centro-Oeste,2014,0,0,0,0,0,0,0,0,0,0,0,0,,,,,,,,
51015,VALE DO PEIXOTO,MT,Centro-Oeste,2015,1,0,1,1,1,1,0,0,0,1,0,0,0.0,0.0,0.0,1.0,0.0,0.0,1.0,0.0
51015,VALE DO PEIXOTO,MT,Centro-Oeste,2016,0,0,0,0,0,0,0,0,0,0,0,0,,,,,,,,
51015,VALE DO PEIXOTO,MT,Centro-Oeste,2017,2,0,2,2,2,2,0,1,0,1,0,0,0.0,0.5,0.0,0.5,0.0,0.0,1.0,0.0
51015,VALE DO PEIXOTO,MT,Centro-Oeste,2018,0,0,0,0,0,0,0,0,0,0,0,0,,,,,,,,
51015,VALE DO PEIXOTO,MT,Centro-Oeste,2019,2,0,2,2,2,1,0,0,2,0,0,0,0.0,0.0,1.0,0.0,0.0,0.0,0.5,0.0
51015,VALE DO PEIXOTO,MT,Centro-Oeste,2020,0,0,0,0,0,0,0,0,0,0,0,0,,,,,,,,
51015,VALE DO PEIXOTO,MT,Centro-Oeste,2021,0,0,0,0,0,0,0,0,0,0,0,0,,,,,,,,
51015,VALE DO PEIXOTO,MT,Centro-Oeste,2022,0,0,0,0,0,0,0,0,0,0,0,0,,,,,,,,
51015,VALE DO PEIXOTO,MT,Centro-Oeste,2023,0,0,0,0,0,0,0,0,0,0,0,0,,,,,,,,
51015,VALE DO PEIXOTO,MT,Centro-Oeste,2024,0,0,0,0,0,0,0,0,0,0,0,0,,,,,,,,
51015,VALE DO PEIXOTO,MT,Centro-Oeste,2025,0,0,0,0,0,0,0,0,0,0,0,0,,,,,,,,
51016,VALE DOS ARINOS,MT,Centro-Oeste,2007,0,0,0,0,0,0,0,0,0,0,0,0,,,,,,,,
51016,VALE DOS ARINOS,MT,Centro-Oeste,2008,0,0,0,0,0,0,0,0,0,0,0,0,,,,,,,,
51016,VALE DOS ARINOS,MT,Centro-Oeste,2009,0,0,0,0,0,0,0,0,0,0,0,0,,,,,,,,
51016,VALE DOS ARINOS,MT,Centro-Oeste,2010,0,0,0,0,0,0,0,0,0,0,0,0,,,,,,,,
51016,VALE DOS ARINOS,MT,Centro-Oeste,2011,0,0,0,0,0,0,0,0,0,0,0,0,,,,,,,,
51016,VALE DOS ARINOS,MT,Centro-Oeste,2012,0,0,0,0,0,0,0,0,0,0,0,0,,,,,,,,
51016,VALE DOS ARINOS,MT,Centro-Oeste,2013,0,0,0,0,0,0,0,0,0,0,0,0,,,,,,,,
51016,VALE DOS ARINOS,MT,Centro-Oeste,2014,0,0,0,0,0,0,0,0,0,0,0,0,,,,,,,,
51016,VALE DOS ARINOS,MT,Centro-Oeste,2015,0,0,0,0,0,0,0,0,0,0,0,0,,,,,,,,
51016,VALE DOS ARINOS,MT,Centro-Oeste,2016,0,0,0,0,0,0,0,0,0,0,0,0,,,,,,,,
51016,VALE DOS ARINOS,MT,Centro-Oeste,2017,0,0,0,0,0,0,0,0,0,0,0,0,,,,,,,,
51016,VALE DOS ARINOS,MT,Centro-Oeste,2018,5,0,5,5,5,4,1,0,2,2,0,0,0.2,0.0,0.4,0.4,0.0,0.0,0.8,0.0
51016,VALE DOS ARINOS,MT,Centro-Oeste,2019,2,0,2,2,2,2,0,1,0,0,1,0,0.0,0.5,0.0,0.0,0.5,0.0,1.0,0.5
51016,VALE DOS ARINOS,MT,Centro-Oeste,2020,0,0,0,0,0,0,0,0,0,0,0,0,,,,,,,,
51016,VALE DOS ARINOS,MT,Centro-Oeste,2021,1,0,0,1,1,1,0,0,0,1,0,0,0.0,0.0,0.0,1.0,0.0,0.0,1.0,0.0
51016,VALE DOS ARINOS,MT,Centro-Oeste,2022,1,0,1,1,1,1,0,0,0,1,0,0,0.0,0.0,0.0,1.0,0.0,0.0,1.0,0.0
51016,VALE DOS ARINOS,MT,Centro-Oeste,2023,0,0,0,0,0,0,0,0,0,0,0,0,,,,,,,,
51016,VALE DOS ARINOS,MT,Centro-Oeste,2024,3,0,1,3,3,2,0,0,2,1,0,0,0.0,0.0,0.6666666666666666,0.3333333333333333,0.0,0.0,0.6666666666666666,0.0
51016,VALE DOS ARINOS,MT,Centro-Oeste,2025,0,0,0,0,0,0,0,0,0,0,0,0,,,,,,,,
52001,CENTRAL,GO,Centro-Oeste,2007,1,0,1,1,1,1,0,0,1,0,0,0,0.0,0.0,1.0,0.0,0.0,0.0,1.0,0.0
52001,CENTRAL,GO,Centro-Oeste,2008,1,1,1,1,1,1,1,0,0,0,0,0,1.0,0.0,0.0,0.0,0.0,0.0,1.0,0.0
52001,CENTRAL,GO,Centro-Oeste,2009,1,0,1,1,1,1,0,0,1,0,0,0,0.0,0.0,1.0,0.0,0.0,0.0,1.0,0.0
52001,CENTRAL,GO,Centro-Oeste,2010,1,0,1,1,1,1,0,0,1,0,0,0,0.0,0.0,1.0,0.0,0.0,0.0,1.0,0.0
52001,CENTRAL,GO,Centro-Oeste,2011,2,0,2,2,2,2,0,1,0,1,0,0,0.0,0.5,0.0,0.5,0.0,0.0,1.0,0.0
52001,CENTRAL,GO,Centro-Oeste,2012,4,0,4,4,4,1,1,2,1,0,0,0,0.25,0.5,0.25,0.0,0.0,0.0,0.25,0.0
52001,CENTRAL,GO,Centro-Oeste,2013,5,0,5,5,5,3,0,2,3,0,0,0,0.0,0.4,0.6,0.0,0.0,0.0,0.6,0.0
52001,CENTRAL,GO,Centro-Oeste,2014,7,2,7,7,7,4,1,1,3,1,1,0,0.14285714285714285,0.14285714285714285,0.42857142857142855,0.14285714285714285,0.14285714285714285,0.0,0.5714285714285714,0.14285714285714285
52001,CENTRAL,GO,Centro-Oeste,2015,2,0,2,2,2,1,0,0,1,1,0,0,0.0,0.0,0.5,0.5,0.0,0.0,0.5,0.0
52001,CENTRAL,GO,Centro-Oeste,2016,12,0,12,12,12,10,0,3,5,4,0,0,0.0,0.25,0.4166666666666667,0.3333333333333333,0.0,0.0,0.8333333333333334,0.0
52001,CENTRAL,GO,Centro-Oeste,2017,2,0,2,2,2,2,0,1,1,0,0,0,0.0,0.5,0.5,0.0,0.0,0.0,1.0,0.0
52001,CENTRAL,GO,Centro-Oeste,2018,11,4,11,11,11,9,0,2,4,2,1,2,0.0,0.18181818181818182,0.36363636363636365,0.18181818181818182,0.09090909090909091,0.18181818181818182,0.8181818181818182,0.2727272727272727
52001,CENTRAL,GO,Centro-Oeste,2019,4,0,4,4,4,1,0,2,0,1,1,0,0.0,0.5,0.0,0.25,0.25,0.0,0.25,0.25
52001,CENTRAL,GO,Centro-Oeste,2020,4,0,4,4,4,4,0,0,3,1,0,0,0.0,0.0,0.75,0.25,0.0,0.0,1.0,0.0
52001,CENTRAL,GO,Centro-Oeste,2021,9,1,8,9,9,8,0,3,3,2,1,0,0.0,0.3333333333333333,0.3333333333333333,0.2222222222222222,0.1111111111111111,0.0,0.8888888888888888,0.1111111111111111
52001,CENTRAL,GO,Centro-Oeste,2022,6,0,6,6,6,4,0,2,2,0,2,0,0.0,0.3333333333333333,0.3333333333333333,0.0,0.3333333333333333,0.0,0.6666666666666666,0.3333333333333333
52001,CENTRAL,GO,Centro-Oeste,2023,1,0,1,1,1,1,0,0,0,0,1,0,0.0,0.0,0.0,0.0,1.0,0.0,1.0,1.0
52001,CENTRAL,GO,Centro-Oeste,2024,8,2,8,8,8,5,1,1,2,2,2,0,0.125,0.125,0.25,0.25,0.25,0.0,0.625,0.25
52001,CENTRAL,GO,Centro-Oeste,2025,9,2,8,9,9,8,0,1,1,6,1,0,0.0,0.1111111111111111,0.1111111111111111,0.6666666666666666,0.1111111111111111,0.0,0.8888888888888888,0.1111111111111111
52002,CENTRO SUL,GO,Centro-Oeste,2007,0,0,0,0,0,0,0,0,0,0,0,0,,,,,,,,
52002,CENTRO SUL,GO,Centro-Oeste,2008,0,0,0,0,0,0,0,0,0,0,0,0,,,,,,,,
52002,CENTRO SUL,GO,Centro-Oeste,2009,1,0,1,1,1,1,0,1,0,0,0,0,0.0,1.0,0.0,0.0,0.0,0.0,1.0,0.0
52002,CENTRO SUL,GO,Centro-Oeste,2010,2,0,2,2,2,1,0,1,1,0,0,0,0.0,0.5,0.5,0.0,0.0,0.0,0.5,0.0
52002,CENTRO SUL,GO,Centro-Oeste,2011,0,0,0,0,0,0,0,0,0,0,0,0,,,,,,,,
52002,CENTRO SUL,GO,Centro-Oeste,2012,2,0,2,2,2,0,0,1,0,1,0,0,0.0,0.5,0.0,0.5,0.0,0.0,0.0,0.0
52002,CENTRO SUL,GO,Centro-Oeste,2013,4,0,4,4,4,3,1,1,2,0,0,0,0.25,0.25,0.5,0.0,0.0,0.0,0.75,0.0
52002,CENTRO SUL,GO,Centro-Oeste,2014,4,0,3,4,4,0,1,1,2,0,0,0,0.25,0.25,0.5,0.0,0.0,0.0,0.0,0.0
52002,CENTRO SUL,GO,Centro-Oeste,2015,2,0,1,2,2,1,0,2,0,0,0,0,0.0,1.0,0.0,0.0,0.0,0.0,0.5,0.0
52002,CENTRO SUL,GO,Centro-Oeste,2016,3,0,2,3,3,3,1,2,0,0,0,0,0.3333333333333333,0.6666666666666666,0.0,0.0,0.0,0.0,1.0,0.0
52002,CENTRO SUL,GO,Centro-Oeste,2017,8,2,5,8,8,4,0,2,4,1,1,0,0.0,0.25,0.5,0.125,0.125,0.0,0.5,0.125
52002,CENTRO SUL,GO,Centro-Oeste,2018,1,0,1,1,1,1,0,0,1,0,0,0,0.0,0.0,1.0,0.0,0.0,0.0,1.0,0.0
52002,CENTRO SUL,GO,Centro-Oeste,2019,1,0,1,1,1,0,0,1,0,0,0,0,0.0,1.0,0.0,0.0,0.0,0.0,0.0,0.0
52002,CENTRO SUL,GO,Centro-Oeste,2020,1,0,1,1,1,1,0,0,1,0,0,0,0.0,0.0,1.0,0.0,0.0,0.0,1.0,0.0
52002,CENTRO SUL,GO,Centro-Oeste,2021,3,0,3,3,3,2,0,1,1,1,0,0,0.0,0.3333333333333333,0.3333333333333333,0.3333333333333333,0.0,0.0,0.6666666666666666,0.0
52002,CENTRO SUL,GO,Centro-Oeste,2022,2,0,2,2,2,2,0,0,1,0,1,0,0.0,0.0,0.5,0.0,0.5,0.0,1.0,0.5
52002,CENTRO SUL,GO,Centro-Oeste,2023,2,0,2,2,2,1,0,1,1,0,0,0,0.0,0.5,0.5,0.0,0.0,0.0,0.5,0.0
52002,CENTRO SUL,GO,Centro-Oeste,2024,4,0,2,4,4,1,0,0,2,2,0,0,0.0,0.0,0.5,0.5,0.0,0.0,0.25,0.0
52002,CENTRO SUL,GO,Centro-Oeste,2025,6,0,3,6,6,4,0,2,2,2,0,0,0.0,0.3333333333333333,0.3333333333333333,0.3333333333333333,0.0,0.0,0.6666666666666666,0.0
52003,ENTORNO NORTE,GO,Centro-Oeste,2007,0,0,0,0,0,0,0,0,0,0,0,0,,,,,,,,
52003,ENTORNO NORTE,GO,Centro-Oeste,2008,1,0,0,1,1,1,0,0,0,1,0,0,0.0,0.0,0.0,1.0,0.0,0.0,1.0,0.0
52003,ENTORNO NORTE,GO,Centro-Oeste,2009,1,0,1,1,1,1,1,0,0,0,0,0,1.0,0.0,0.0,0.0,0.0,0.0,1.0,0.0
52003,ENTORNO NORTE,GO,Centro-Oeste,2010,2,0,2,2,2,2,1,1,0,0,0,0,0.5,0.5,0.0,0.0,0.0,0.0,1.0,0.0
52003,ENTORNO NORTE,GO,Centro-Oeste,2011,0,0,0,0,0,0,0,0,0,0,0,0,,,,,,,,
52003,ENTORNO NORTE,GO,Centro-Oeste,2012,1,0,1,1,1,1,0,0,1,0,0,0,0.0,0.0,1.0,0.0,0.0,0.0,1.0,0.0
52003,ENTORNO NORTE,GO,Centro-Oeste,2013,0,0,0,0,0,0,0,0,0,0,0,0,,,,,,,,
52003,ENTORNO NORTE,GO,Centro-Oeste,2014,1,0,1,1,1,1,0,1,0,0,0,0,0.0,1.0,0.0,0.0,0.0,0.0,1.0,0.0
52003,ENTORNO NORTE,GO,Centro-Oeste,2015,1,1,1,1,1,1,0,0,0,0,1,0,0.0,0.0,0.0,0.0,1.0,0.0,1.0,1.0
52003,ENTORNO NORTE,GO,Centro-Oeste,2016,1,0,1,1,1,1,0,1,0,0,0,0,0.0,1.0,0.0,0.0,0.0,0.0,1.0,0.0
52003,ENTORNO NORTE,GO,Centro-Oeste,2017,0,0,0,0,0,0,0,0,0,0,0,0,,,,,,,,
52003,ENTORNO NORTE,GO,Centro-Oeste,2018,1,0,0,1,1,1,0,0,1,0,0,0,0.0,0.0,1.0,0.0,0.0,0.0,1.0,0.0
52003,ENTORNO NORTE,GO,Centro-Oeste,2019,0,0,0,0,0,0,0,0,0,0,0,0,,,,,,,,
52003,ENTORNO NORTE,GO,Centro-Oeste,2020,0,0,0,0,0,0,0,0,0,0,0,0,,,,,,,,
52003,ENTORNO NORTE,GO,Centro-Oeste,2021,3,0,1,3,3,3,1,0,1,0,0,1,0.3333333333333333,0.0,0.3333333333333333,0.0,0.0,0.3333333333333333,1.0,0.3333333333333333
52003,ENTORNO NORTE,GO,Centro-Oeste,2022,0,0,0,0,0,0,0,0,0,0,0,0,,,,,,,,
52003,ENTORNO NORTE,GO,Centro-Oeste,2023,1,0,1,1,1,1,0,1,0,0,0,0,0.0,1.0,0.0,0.0,0.0,0.0,1.0,0.0
52003,ENTORNO NORTE,GO,Centro-Oeste,2024,1,0,1,1,1,1,0,0,0,0,1,0,0.0,0.0,0.0,0.0,1.0,0.0,1.0,1.0
52003,ENTORNO NORTE,GO,Centro-Oeste,2025,2,0,1,2,2,1,0,0,2,0,0,0,0.0,0.0,1.0,0.0,0.0,0.0,0.5,0.0
52004,ENTORNO SUL,GO,Centro-Oeste,2007,1,0,1,1,1,1,0,0,1,0,0,0,0.0,0.0,1.0,0.0,0.0,0.0,1.0,0.0
52004,ENTORNO SUL,GO,Centro-Oeste,2008,3,0,3,3,3,2,0,1,1,1,0,0,0.0,0.3333333333333333,0.3333333333333333,0.3333333333333333,0.0,0.0,0.6666666666666666,0.0
52004,ENTORNO SUL,GO,Centro-Oeste,2009,2,0,2,2,2,1,0,2,0,0,0,0,0.0,1.0,0.0,0.0,0.0,0.0,0.5,0.0
52004,ENTORNO SUL,GO,Centro-Oeste,2010,3,0,3,3,3,1,0,2,0,1,0,0,0.0,0.6666666666666666,0.0,0.3333333333333333,0.0,0.0,0.3333333333333333,0.0
52004,ENTORNO SUL,GO,Centro-Oeste,2011,0,0,0,0,0,0,0,0,0,0,0,0,,,,,,,,
52004,ENTORNO SUL,GO,Centro-Oeste,2012,3,0,3,3,3,2,0,0,3,0,0,0,0.0,0.0,1.0,0.0,0.0,0.0,0.6666666666666666,0.0
52004,ENTORNO SUL,GO,Centro-Oeste,2013,6,1,5,6,6,5,0,3,1,1,1,0,0.0,0.5,0.16666666666666666,0.16666666666666666,0.16666666666666666,0.0,0.8333333333333334,0.16666666666666666
52004,ENTORNO SUL,GO,Centro-Oeste,2014,2,0,2,2,2,1,0,0,1,0,0,1,0.0,0.0,0.5,0.0,0.0,0.5,0.5,0.5
52004,ENTORNO SUL,GO,Centro-Oeste,2015,5,0,3,5,5,2,1,1,2,0,1,0,0.2,0.2,0.4,0.0,0.2,0.0,0.4,0.2
52004,ENTORNO SUL,GO,Centro-Oeste,2016,6,0,4,6,6,5,1,2,2,0,1,0,0.16666666666666666,0.3333333333333333,0.3333333333333333,0.0,0.16666666666666666,0.0,0.8333333333333334,0.16666666666666666
52004,ENTORNO SUL,GO,Centro-Oeste,2017,5,1,3,5,5,4,1,2,1,1,0,0,0.2,0.4,0.2,0.2,0.0,0.0,0.8,0.0
52004,ENTORNO SUL,GO,Centro-Oeste,2018,2,0,2,2,2,2,0,0,2,0,0,0,0.0,0.0,1.0,0.0,0.0,0.0,1.0,0.0
52004,ENTORNO SUL,GO,Centro-Oeste,2019,1,0,1,1,1,0,0,0,1,0,0,0,0.0,0.0,1.0,0.0,0.0,0.0,0.0,0.0
52004,ENTORNO SUL,GO,Centro-Oeste,2020,3,0,3,3,3,3,0,1,1,1,0,0,0.0,0.3333333333333333,0.3333333333333333,0.3333333333333333,0.0,0.0,1.0,0.0
52004,ENTORNO SUL,GO,Centro-Oeste,2021,0,0,0,0,0,0,0,0,0,0,0,0,,,,,,,,
52004,ENTORNO SUL,GO,Centro-Oeste,2022,3,0,3,3,3,1,0,0,0,0,3,0,0.0,0.0,0.0,0.0,1.0,0.0,0.3333333333333333,1.0
52004,ENTORNO SUL,GO,Centro-Oeste,2023,3,0,3,3,3,3,0,2,0,0,1,0,0.0,0.6666666666666666,0.0,0.0,0.3333333333333333,0.0,1.0,0.3333333333333333
52004,ENTORNO SUL,GO,Centro-Oeste,2024,4,0,4,4,4,4,0,1,2,1,0,0,0.0,0.25,0.5,0.25,0.0,0.0,1.0,0.0
52004,ENTORNO SUL,GO,Centro-Oeste,2025,6,0,5,6,6,6,0,3,2,1,0,0,0.0,0.5,0.3333333333333333,0.16666666666666666,0.0,0.0,1.0,0.0
52005,ESTRADA DE FERRO,GO,Centro-Oeste,2007,1,1,1,1,1,1,0,0,1,0,0,0,0.0,0.0,1.0,0.0,0.0,0.0,1.0,0.0
52005,ESTRADA DE FERRO,GO,Centro-Oeste,2008,1,0,1,1,1,1,0,0,1,0,0,0,0.0,0.0,1.0,0.0,0.0,0.0,1.0,0.0
52005,ESTRADA DE FERRO,GO,Centro-Oeste,2009,2,0,2,2,2,2,1,0,1,0,0,0,0.5,0.0,0.5,0.0,0.0,0.0,1.0,0.0
52005,ESTRADA DE FERRO,GO,Centro-Oeste,2010,2,0,2,2,2,2,0,1,0,1,0,0,0.0,0.5,0.0,0.5,0.0,0.0,1.0,0.0
52005,ESTRADA DE FERRO,GO,Centro-Oeste,2011,0,0,0,0,0,0,0,0,0,0,0,0,,,,,,,,
52005,ESTRADA DE FERRO,GO,Centro-Oeste,2012,0,0,0,0,0,0,0,0,0,0,0,0,,,,,,,,
52005,ESTRADA DE FERRO,GO,Centro-Oeste,2013,1,0,1,1,1,1,0,0,0,1,0,0,0.0,0.0,0.0,1.0,0.0,0.0,1.0,0.0
52005,ESTRADA DE FERRO,GO,Centro-Oeste,2014,2,1,2,2,2,2,0,1,0,0,1,0,0.0,0.5,0.0,0.0,0.5,0.0,1.0,0.5
52005,ESTRADA DE FERRO,GO,Centro-Oeste,2015,1,0,1,1,1,1,0,0,1,0,0,0,0.0,0.0,1.0,0.0,0.0,0.0,1.0,0.0
52005,ESTRADA DE FERRO,GO,Centro-Oeste,2016,0,0,0,0,0,0,0,0,0,0,0,0,,,,,,,,
52005,ESTRADA DE FERRO,GO,Centro-Oeste,2017,1,0,1,1,1,1,0,0,1,0,0,0,0.0,0.0,1.0,0.0,0.0,0.0,1.0,0.0
52005,ESTRADA DE FERRO,GO,Centro-Oeste,2018,0,0,0,0,0,0,0,0,0,0,0,0,,,,,,,,
52005,ESTRADA DE FERRO,GO,Centro-Oeste,2019,3,0,2,3,3,2,0,0,1,2,0,0,0.0,0.0,0.3333333333333333,0.6666666666666666,0.0,0.0,0.6666666666666666,0.0
52005,ESTRADA DE FERRO,GO,Centro-Oeste,2020,2,0,2,2,2,2,0,0,0,2,0,0,0.0,0.0,0.0,1.0,0.0,0.0,1.0,0.0
52005,ESTRADA DE FERRO,GO,Centro-Oeste,2021,2,0,2,2,2,2,0,0,1,1,0,0,0.0,0.0,0.5,0.5,0.0,0.0,1.0,0.0
52005,ESTRADA DE FERRO,GO,Centro-Oeste,2022,1,0,1,1,1,1,0,0,0,0,0,1,0.0,0.0,0.0,0.0,0.0,1.0,1.0,1.0
52005,ESTRADA DE FERRO,GO,Centro-Oeste,2023,2,0,2,2,2,2,0,0,0,0,1,1,0.0,0.0,0.0,0.0,0.5,0.5,1.0,1.0
52005,ESTRADA DE FERRO,GO,Centro-Oeste,2024,0,0,0,0,0,0,0,0,0,0,0,0,,,,,,,,
52005,ESTRADA DE FERRO,GO,Centro-Oeste,2025,0,0,0,0,0,0,0,0,0,0,0,0,,,,,,,,
52006,NORDESTE I,GO,Centro-Oeste,2007,0,0,0,0,0,0,0,0,0,0,0,0,,,,,,,,
52006,NORDESTE I,GO,Centro-Oeste,2008,0,0,0,0,0,0,0,0,0,0,0,0,,,,,,,,
52006,NORDESTE I,GO,Centro-Oeste,2009,0,0,0,0,0,0,0,0,0,0,0,0,,,,,,,,
52006,NORDESTE I,GO,Centro-Oeste,2010,0,0,0,0,0,0,0,0,0,0,0,0,,,,,,,,
52006,NORDESTE I,GO,Centro-Oeste,2011,0,0,0,0,0,0,0,0,0,0,0,0,,,,,,,,
52006,NORDESTE I,GO,Centro-Oeste,2012,0,0,0,0,0,0,0,0,0,0,0,0,,,,,,,,
52006,NORDESTE I,GO,Centro-Oeste,2013,0,0,0,0,0,0,0,0,0,0,0,0,,,,,,,,
52006,NORDESTE I,GO,Centro-Oeste,2014,1,0,1,1,1,1,0,0,0,0,1,0,0.0,0.0,0.0,0.0,1.0,0.0,1.0,1.0
52006,NORDESTE I,GO,Centro-Oeste,2015,0,0,0,0,0,0,0,0,0,0,0,0,,,,,,,,
52006,NORDESTE I,GO,Centro-Oeste,2016,0,0,0,0,0,0,0,0,0,0,0,0,,,,,,,,
52006,NORDESTE I,GO,Centro-Oeste,2017,1,0,1,1,1,1,0,0,0,1,0,0,0.0,0.0,0.0,1.0,0.0,0.0,1.0,0.0
52006,NORDESTE I,GO,Centro-Oeste,2018,0,0,0,0,0,0,0,0,0,0,0,0,,,,,,,,
52006,NORDESTE I,GO,Centro-Oeste,2019,0,0,0,0,0,0,0,0,0,0,0,0,,,,,,,,
52006,NORDESTE I,GO,Centro-Oeste,2020,0,0,0,0,0,0,0,0,0,0,0,0,,,,,,,,
52006,NORDESTE I,GO,Centro-Oeste,2021,0,0,0,0,0,0,0,0,0,0,0,0,,,,,,,,
52006,NORDESTE I,GO,Centro-Oeste,2022,0,0,0,0,0,0,0,0,0,0,0,0,,,,,,,,
52006,NORDESTE I,GO,Centro-Oeste,2023,2,0,0,2,2,0,0,2,0,0,0,0,0.0,1.0,0.0,0.0,0.0,0.0,0.0,0.0
52006,NORDESTE I,GO,Centro-Oeste,2024,0,0,0,0,0,0,0,0,0,0,0,0,,,,,,,,
52006,NORDESTE I,GO,Centro-Oeste,2025,0,0,0,0,0,0,0,0,0,0,0,0,,,,,,,,
52007,NORDESTE II,GO,Centro-Oeste,2007,0,0,0,0,0,0,0,0,0,0,0,0,,,,,,,,
52007,NORDESTE II,GO,Centro-Oeste,2008,0,0,0,0,0,0,0,0,0,0,0,0,,,,,,,,
52007,NORDESTE II,GO,Centro-Oeste,2009,0,0,0,0,0,0,0,0,0,0,0,0,,,,,,,,
52007,NORDESTE II,GO,Centro-Oeste,2010,1,0,0,1,1,0,0,0,1,0,0,0,0.0,0.0,1.0,0.0,0.0,0.0,0.0,0.0
52007,NORDESTE II,GO,Centro-Oeste,2011,0,0,0,0,0,0,0,0,0,0,0,0,,,,,,,,
52007,NORDESTE II,GO,Centro-Oeste,2012,0,0,0,0,0,0,0,0,0,0,0,0,,,,,,,,
52007,NORDESTE II,GO,Centro-Oeste,2013,1,0,0,1,1,1,0,0,1,0,0,0,0.0,0.0,1.0,0.0,0.0,0.0,1.0,0.0
52007,NORDESTE II,GO,Centro-Oeste,2014,0,0,0,0,0,0,0,0,0,0,0,0,,,,,,,,
52007,NORDESTE II,GO,Centro-Oeste,2015,1,0,1,1,1,1,0,0,1,0,0,0,0.0,0.0,1.0,0.0,0.0,0.0,1.0,0.0
52007,NORDESTE II,GO,Centro-Oeste,2016,0,0,0,0,0,0,0,0,0,0,0,0,,,,,,,,
52007,NORDESTE II,GO,Centro-Oeste,2017,1,0,1,1,1,0,0,0,0,0,1,0,0.0,0.0,0.0,0.0,1.0,0.0,0.0,1.0
52007,NORDESTE II,GO,Centro-Oeste,2018,0,0,0,0,0,0,0,0,0,0,0,0,,,,,,,,
52007,NORDESTE II,GO,Centro-Oeste,2019,0,0,0,0,0,0,0,0,0,0,0,0,,,,,,,,
52007,NORDESTE II,GO,Centro-Oeste,2020,0,0,0,0,0,0,0,0,0,0,0,0,,,,,,,,
52007,NORDESTE II,GO,Centro-Oeste,2021,0,0,0,0,0,0,0,0,0,0,0,0,,,,,,,,
52007,NORDESTE II,GO,Centro-Oeste,2022,0,0,0,0,0,0,0,0,0,0,0,0,,,,,,,,
52007,NORDESTE II,GO,Centro-Oeste,2023,0,0,0,0,0,0,0,0,0,0,0,0,,,,,,,,
52007,NORDESTE II,GO,Centro-Oeste,2024,0,0,0,0,0,0,0,0,0,0,0,0,,,,,,,,
52007,NORDESTE II,GO,Centro-Oeste,2025,1,0,0,1,1,1,1,0,0,0,0,0,1.0,0.0,0.0,0.0,0.0,0.0,1.0,0.0
52008,NORTE,GO,Centro-Oeste,2007,0,0,0,0,0,0,0,0,0,0,0,0,,,,,,,,
52008,NORTE,GO,Centro-Oeste,2008,0,0,0,0,0,0,0,0,0,0,0,0,,,,,,,,
52008,NORTE,GO,Centro-Oeste,2009,0,0,0,0,0,0,0,0,0,0,0,0,,,,,,,,
52008,NORTE,GO,Centro-Oeste,2010,0,0,0,0,0,0,0,0,0,0,0,0,,,,,,,,
52008,NORTE,GO,Centro-Oeste,2011,0,0,0,0,0,0,0,0,0,0,0,0,,,,,,,,
52008,NORTE,GO,Centro-Oeste,2012,0,0,0,0,0,0,0,0,0,0,0,0,,,,,,,,
52008,NORTE,GO,Centro-Oeste,2013,0,0,0,0,0,0,0,0,0,0,0,0,,,,,,,,
52008,NORTE,GO,Centro-Oeste,2014,0,0,0,0,0,0,0,0,0,0,0,0,,,,,,,,
52008,NORTE,GO,Centro-Oeste,2015,0,0,0,0,0,0,0,0,0,0,0,0,,,,,,,,
52008,NORTE,GO,Centro-Oeste,2016,0,0,0,0,0,0,0,0,0,0,0,0,,,,,,,,
52008,NORTE,GO,Centro-Oeste,2017,1,0,1,1,1,1,0,0,0,1,0,0,0.0,0.0,0.0,1.0,0.0,0.0,1.0,0.0
52008,NORTE,GO,Centro-Oeste,2018,1,0,1,1,1,1,1,0,0,0,0,0,1.0,0.0,0.0,0.0,0.0,0.0,1.0,0.0
52008,NORTE,GO,Centro-Oeste,2019,0,0,0,0,0,0,0,0,0,0,0,0,,,,,,,,
52008,NORTE,GO,Centro-Oeste,2020,0,0,0,0,0,0,0,0,0,0,0,0,,,,,,,,
52008,NORTE,GO,Centro-Oeste,2021,0,0,0,0,0,0,0,0,0,0,0,0,,,,,,,,
52008,NORTE,GO,Centro-Oeste,2022,0,0,0,0,0,0,0,0,0,0,0,0,,,,,,,,
52008,NORTE,GO,Centro-Oeste,2023,2,0,2,2,2,1,0,0,1,1,0,0,0.0,0.0,0.5,0.5,0.0,0.0,0.5,0.0
52008,NORTE,GO,Centro-Oeste,2024,0,0,0,0,0,0,0,0,0,0,0,0,,,,,,,,
52008,NORTE,GO,Centro-Oeste,2025,0,0,0,0,0,0,0,0,0,0,0,0,,,,,,,,
52009,OESTE I,GO,Centro-Oeste,2007,0,0,0,0,0,0,0,0,0,0,0,0,,,,,,,,
52009,OESTE I,GO,Centro-Oeste,2008,0,0,0,0,0,0,0,0,0,0,0,0,,,,,,,,
52009,OESTE I,GO,Centro-Oeste,2009,0,0,0,0,0,0,0,0,0,0,0,0,,,,,,,,
52009,OESTE I,GO,Centro-Oeste,2010,0,0,0,0,0,0,0,0,0,0,0,0,,,,,,,,
52009,OESTE I,GO,Centro-Oeste,2011,0,0,0,0,0,0,0,0,0,0,0,0,,,,,,,,
52009,OESTE I,GO,Centro-Oeste,2012,0,0,0,0,0,0,0,0,0,0,0,0,,,,,,,,
52009,OESTE I,GO,Centro-Oeste,2013,0,0,0,0,0,0,0,0,0,0,0,0,,,,,,,,
52009,OESTE I,GO,Centro-Oeste,2014,0,0,0,0,0,0,0,0,0,0,0,0,,,,,,,,
52009,OESTE I,GO,Centro-Oeste,2015,2,0,1,2,2,2,0,0,2,0,0,0,0.0,0.0,1.0,0.0,0.0,0.0,1.0,0.0
52009,OESTE I,GO,Centro-Oeste,2016,0,0,0,0,0,0,0,0,0,0,0,0,,,,,,,,
52009,OESTE I,GO,Centro-Oeste,2017,1,0,0,1,1,1,0,0,0,1,0,0,0.0,0.0,0.0,1.0,0.0,0.0,1.0,0.0
52009,OESTE I,GO,Centro-Oeste,2018,0,0,0,0,0,0,0,0,0,0,0,0,,,,,,,,
52009,OESTE I,GO,Centro-Oeste,2019,0,0,0,0,0,0,0,0,0,0,0,0,,,,,,,,
52009,OESTE I,GO,Centro-Oeste,2020,1,0,0,1,1,1,0,0,1,0,0,0,0.0,0.0,1.0,0.0,0.0,0.0,1.0,0.0
52009,OESTE I,GO,Centro-Oeste,2021,0,0,0,0,0,0,0,0,0,0,0,0,,,,,,,,
52009,OESTE I,GO,Centro-Oeste,2022,1,0,1,1,1,1,0,0,0,1,0,0,0.0,0.0,0.0,1.0,0.0,0.0,1.0,0.0
52009,OESTE I,GO,Centro-Oeste,2023,1,0,1,1,1,1,0,0,1,0,0,0,0.0,0.0,1.0,0.0,0.0,0.0,1.0,0.0
52009,OESTE I,GO,Centro-Oeste,2024,0,0,0,0,0,0,0,0,0,0,0,0,,,,,,,,
52009,OESTE I,GO,Centro-Oeste,2025,0,0,0,0,0,0,0,0,0,0,0,0,,,,,,,,
52010,OESTE II,GO,Centro-Oeste,2007,0,0,0,0,0,0,0,0,0,0,0,0,,,,,,,,
52010,OESTE II,GO,Centro-Oeste,2008,0,0,0,0,0,0,0,0,0,0,0,0,,,,,,,,
52010,OESTE II,GO,Centro-Oeste,2009,0,0,0,0,0,0,0,0,0,0,0,0,,,,,,,,
52010,OESTE II,GO,Centro-Oeste,2010,2,0,1,2,2,2,0,0,0,2,0,0,0.0,0.0,0.0,1.0,0.0,0.0,1.0,0.0
52010,OESTE II,GO,Centro-Oeste,2011,0,0,0,0,0,0,0,0,0,0,0,0,,,,,,,,
52010,OESTE II,GO,Centro-Oeste,2012,1,0,0,1,1,1,0,1,0,0,0,0,0.0,1.0,0.0,0.0,0.0,0.0,1.0,0.0
52010,OESTE II,GO,Centro-Oeste,2013,0,0,0,0,0,0,0,0,0,0,0,0,,,,,,,,
52010,OESTE II,GO,Centro-Oeste,2014,0,0,0,0,0,0,0,0,0,0,0,0,,,,,,,,
52010,OESTE II,GO,Centro-Oeste,2015,0,0,0,0,0,0,0,0,0,0,0,0,,,,,,,,
52010,OESTE II,GO,Centro-Oeste,2016,0,0,0,0,0,0,0,0,0,0,0,0,,,,,,,,
52010,OESTE II,GO,Centro-Oeste,2017,0,0,0,0,0,0,0,0,0,0,0,0,,,,,,,,
52010,OESTE II,GO,Centro-Oeste,2018,0,0,0,0,0,0,0,0,0,0,0,0,,,,,,,,
52010,OESTE II,GO,Centro-Oeste,2019,0,0,0,0,0,0,0,0,0,0,0,0,,,,,,,,
52010,OESTE II,GO,Centro-Oeste,2020,1,0,1,1,1,1,0,0,0,1,0,0,0.0,0.0,0.0,1.0,0.0,0.0,1.0,0.0
52010,OESTE II,GO,Centro-Oeste,2021,1,0,1,1,1,1,0,0,0,1,0,0,0.0,0.0,0.0,1.0,0.0,0.0,1.0,0.0
52010,OESTE II,GO,Centro-Oeste,2022,0,0,0,0,0,0,0,0,0,0,0,0,,,,,,,,
52010,OESTE II,GO,Centro-Oeste,2023,0,0,0,0,0,0,0,0,0,0,0,0,,,,,,,,
52010,OESTE II,GO,Centro-Oeste,2024,0,0,0,0,0,0,0,0,0,0,0,0,,,,,,,,
52010,OESTE II,GO,Centro-Oeste,2025,2,0,2,2,2,1,1,0,1,0,0,0,0.5,0.0,0.5,0.0,0.0,0.0,0.5,0.0
52011,PIRINEUS,GO,Centro-Oeste,2007,1,0,1,1,1,1,0,0,1,0,0,0,0.0,0.0,1.0,0.0,0.0,0.0,1.0,0.0
52011,PIRINEUS,GO,Centro-Oeste,2008,1,0,0,1,1,1,0,0,0,1,0,0,0.0,0.0,0.0,1.0,0.0,0.0,1.0,0.0
52011,PIRINEUS,GO,Centro-Oeste,2009,2,0,2,2,2,2,0,1,1,0,0,0,0.0,0.5,0.5,0.0,0.0,0.0,1.0,0.0
52011,PIRINEUS,GO,Centro-Oeste,2010,0,0,0,0,0,0,0,0,0,0,0,0,,,,,,,,
52011,PIRINEUS,GO,Centro-Oeste,2011,0,0,0,0,0,0,0,0,0,0,0,0,,,,,,,,
52011,PIRINEUS,GO,Centro-Oeste,2012,7,2,7,7,7,5,0,1,2,3,1,0,0.0,0.14285714285714285,0.2857142857142857,0.42857142857142855,0.14285714285714285,0.0,0.7142857142857143,0.14285714285714285
52011,PIRINEUS,GO,Centro-Oeste,2013,5,1,5,5,5,3,0,0,5,0,0,0,0.0,0.0,1.0,0.0,0.0,0.0,0.6,0.0
52011,PIRINEUS,GO,Centro-Oeste,2014,2,0,1,2,2,1,0,1,0,1,0,0,0.0,0.5,0.0,0.5,0.0,0.0,0.5,0.0
52011,PIRINEUS,GO,Centro-Oeste,2015,4,0,4,4,4,4,0,1,2,1,0,0,0.0,0.25,0.5,0.25,0.0,0.0,1.0,0.0
52011,PIRINEUS,GO,Centro-Oeste,2016,3,1,3,3,3,1,0,1,0,1,1,0,0.0,0.3333333333333333,0.0,0.3333333333333333,0.3333333333333333,0.0,0.3333333333333333,0.3333333333333333
52011,PIRINEUS,GO,Centro-Oeste,2017,4,0,4,4,4,2,0,2,2,0,0,0,0.0,0.5,0.5,0.0,0.0,0.0,0.5,0.0
52011,PIRINEUS,GO,Centro-Oeste,2018,1,0,0,1,1,1,0,0,0,0,1,0,0.0,0.0,0.0,0.0,1.0,0.0,1.0,1.0
52011,PIRINEUS,GO,Centro-Oeste,2019,0,0,0,0,0,0,0,0,0,0,0,0,,,,,,,,
52011,PIRINEUS,GO,Centro-Oeste,2020,0,0,0,0,0,0,0,0,0,0,0,0,,,,,,,,
52011,PIRINEUS,GO,Centro-Oeste,2021,2,0,2,2,2,2,1,0,1,0,0,0,0.5,0.0,0.5,0.0,0.0,0.0,1.0,0.0
52011,PIRINEUS,GO,Centro-Oeste,2022,1,0,1,1,1,1,0,0,0,1,0,0,0.0,0.0,0.0,1.0,0.0,0.0,1.0,0.0
52011,PIRINEUS,GO,Centro-Oeste,2023,2,0,2,2,2,2,0,0,2,0,0,0,0.0,0.0,1.0,0.0,0.0,0.0,1.0,0.0
52011,PIRINEUS,GO,Centro-Oeste,2024,3,0,3,3,3,3,0,0,1,1,1,0,0.0,0.0,0.3333333333333333,0.3333333333333333,0.3333333333333333,0.0,1.0,0.3333333333333333
52011,PIRINEUS,GO,Centro-Oeste,2025,2,0,2,2,2,1,0,0,1,1,0,0,0.0,0.0,0.5,0.5,0.0,0.0,0.5,0.0
52012,RIO VERMELHO,GO,Centro-Oeste,2007,0,0,0,0,0,0,0,0,0,0,0,0,,,,,,,,
52012,RIO VERMELHO,GO,Centro-Oeste,2008,1,0,1,1,1,0,0,0,1,0,0,0,0.0,0.0,1.0,0.0,0.0,0.0,0.0,0.0
52012,RIO VERMELHO,GO,Centro-Oeste,2009,0,0,0,0,0,0,0,0,0,0,0,0,,,,,,,,
52012,RIO VERMELHO,GO,Centro-Oeste,2010,0,0,0,0,0,0,0,0,0,0,0,0,,,,,,,,
52012,RIO VERMELHO,GO,Centro-Oeste,2011,1,0,1,1,1,1,0,0,0,0,1,0,0.0,0.0,0.0,0.0,1.0,0.0,1.0,1.0
52012,RIO VERMELHO,GO,Centro-Oeste,2012,0,0,0,0,0,0,0,0,0,0,0,0,,,,,,,,
52012,RIO VERMELHO,GO,Centro-Oeste,2013,2,0,2,2,2,1,0,0,1,0,1,0,0.0,0.0,0.5,0.0,0.5,0.0,0.5,0.5
52012,RIO VERMELHO,GO,Centro-Oeste,2014,1,0,1,1,1,1,0,0,0,1,0,0,0.0,0.0,0.0,1.0,0.0,0.0,1.0,0.0
52012,RIO VERMELHO,GO,Centro-Oeste,2015,0,0,0,0,0,0,0,0,0,0,0,0,,,,,,,,
52012,RIO VERMELHO,GO,Centro-Oeste,2016,1,0,1,1,1,1,0,1,0,0,0,0,0.0,1.0,0.0,0.0,0.0,0.0,1.0,0.0
52012,RIO VERMELHO,GO,Centro-Oeste,2017,0,0,0,0,0,0,0,0,0,0,0,0,,,,,,,,
52012,RIO VERMELHO,GO,Centro-Oeste,2018,1,0,1,1,1,1,0,1,0,0,0,0,0.0,1.0,0.0,0.0,0.0,0.0,1.0,0.0
52012,RIO VERMELHO,GO,Centro-Oeste,2019,0,0,0,0,0,0,0,0,0,0,0,0,,,,,,,,
52012,RIO VERMELHO,GO,Centro-Oeste,2020,0,0,0,0,0,0,0,0,0,0,0,0,,,,,,,,
52012,RIO VERMELHO,GO,Centro-Oeste,2021,0,0,0,0,0,0,0,0,0,0,0,0,,,,,,,,
52012,RIO VERMELHO,GO,Centro-Oeste,2022,2,0,2,2,2,1,0,1,0,1,0,0,0.0,0.5,0.0,0.5,0.0,0.0,0.5,0.0
52012,RIO VERMELHO,GO,Centro-Oeste,2023,2,1,2,2,2,1,0,1,0,1,0,0,0.0,0.5,0.0,0.5,0.0,0.0,0.5,0.0
52012,RIO VERMELHO,GO,Centro-Oeste,2024,1,0,1,1,1,1,1,0,0,0,0,0,1.0,0.0,0.0,0.0,0.0,0.0,1.0,0.0
52012,RIO VERMELHO,GO,Centro-Oeste,2025,0,0,0,0,0,0,0,0,0,0,0,0,,,,,,,,
52013,SAO PATRICIO I,GO,Centro-Oeste,2007,0,0,0,0,0,0,0,0,0,0,0,0,,,,,,,,
52013,SAO PATRICIO I,GO,Centro-Oeste,2008,2,1,2,2,2,2,0,0,0,2,0,0,0.0,0.0,0.0,1.0,0.0,0.0,1.0,0.0
52013,SAO PATRICIO I,GO,Centro-Oeste,2009,0,0,0,0,0,0,0,0,0,0,0,0,,,,,,,,
52013,SAO PATRICIO I,GO,Centro-Oeste,2010,1,0,1,1,1,1,0,0,1,0,0,0,0.0,0.0,1.0,0.0,0.0,0.0,1.0,0.0
52013,SAO PATRICIO I,GO,Centro-Oeste,2011,0,0,0,0,0,0,0,0,0,0,0,0,,,,,,,,
52013,SAO PATRICIO I,GO,Centro-Oeste,2012,0,0,0,0,0,0,0,0,0,0,0,0,,,,,,,,
52013,SAO PATRICIO I,GO,Centro-Oeste,2013,1,1,1,1,1,1,0,1,0,0,0,0,0.0,1.0,0.0,0.0,0.0,0.0,1.0,0.0
52013,SAO PATRICIO I,GO,Centro-Oeste,2014,1,0,1,1,1,1,0,0,1,0,0,0,0.0,0.0,1.0,0.0,0.0,0.0,1.0,0.0
52013,SAO PATRICIO I,GO,Centro-Oeste,2015,0,0,0,0,0,0,0,0,0,0,0,0,,,,,,,,
52013,SAO PATRICIO I,GO,Centro-Oeste,2016,0,0,0,0,0,0,0,0,0,0,0,0,,,,,,,,
52013,SAO PATRICIO I,GO,Centro-Oeste,2017,0,0,0,0,0,0,0,0,0,0,0,0,,,,,,,,
52013,SAO PATRICIO I,GO,Centro-Oeste,2018,1,0,1,1,1,0,0,0,1,0,0,0,0.0,0.0,1.0,0.0,0.0,0.0,0.0,0.0
52013,SAO PATRICIO I,GO,Centro-Oeste,2019,1,0,1,1,1,1,0,0,1,0,0,0,0.0,0.0,1.0,0.0,0.0,0.0,1.0,0.0
52013,SAO PATRICIO I,GO,Centro-Oeste,2020,1,0,1,1,1,1,0,0,0,1,0,0,0.0,0.0,0.0,1.0,0.0,0.0,1.0,0.0
52013,SAO PATRICIO I,GO,Centro-Oeste,2021,1,0,1,1,1,1,0,0,1,0,0,0,0.0,0.0,1.0,0.0,0.0,0.0,1.0,0.0
52013,SAO PATRICIO I,GO,Centro-Oeste,2022,0,0,0,0,0,0,0,0,0,0,0,0,,,,,,,,
52013,SAO PATRICIO I,GO,Centro-Oeste,2023,3,0,2,3,3,3,0,0,2,1,0,0,0.0,0.0,0.6666666666666666,0.3333333333333333,0.0,0.0,1.0,0.0
52013,SAO PATRICIO I,GO,Centro-Oeste,2024,0,0,0,0,0,0,0,0,0,0,0,0,,,,,,,,
52013,SAO PATRICIO I,GO,Centro-Oeste,2025,2,0,2,2,2,2,0,0,0,2,0,0,0.0,0.0,0.0,1.0,0.0,0.0,1.0,0.0
52014,SERRA DA MESA,GO,Centro-Oeste,2007,0,0,0,0,0,0,0,0,0,0,0,0,,,,,,,,
52014,SERRA DA MESA,GO,Centro-Oeste,2008,0,0,0,0,0,0,0,0,0,0,0,0,,,,,,,,
52014,SERRA DA MESA,GO,Centro-Oeste,2009,0,0,0,0,0,0,0,0,0,0,0,0,,,,,,,,
52014,SERRA DA MESA,GO,Centro-Oeste,2010,0,0,0,0,0,0,0,0,0,0,0,0,,,,,,,,
52014,SERRA DA MESA,GO,Centro-Oeste,2011,0,0,0,0,0,0,0,0,0,0,0,0,,,,,,,,
52014,SERRA DA MESA,GO,Centro-Oeste,2012,0,0,0,0,0,0,0,0,0,0,0,0,,,,,,,,
52014,SERRA DA MESA,GO,Centro-Oeste,2013,0,0,0,0,0,0,0,0,0,0,0,0,,,,,,,,
52014,SERRA DA MESA,GO,Centro-Oeste,2014,0,0,0,0,0,0,0,0,0,0,0,0,,,,,,,,
52014,SERRA DA MESA,GO,Centro-Oeste,2015,0,0,0,0,0,0,0,0,0,0,0,0,,,,,,,,
52014,SERRA DA MESA,GO,Centro-Oeste,2016,0,0,0,0,0,0,0,0,0,0,0,0,,,,,,,,
52014,SERRA DA MESA,GO,Centro-Oeste,2017,0,0,0,0,0,0,0,0,0,0,0,0,,,,,,,,
52014,SERRA DA MESA,GO,Centro-Oeste,2018,0,0,0,0,0,0,0,0,0,0,0,0,,,,,,,,
52014,SERRA DA MESA,GO,Centro-Oeste,2019,0,0,0,0,0,0,0,0,0,0,0,0,,,,,,,,
52014,SERRA DA MESA,GO,Centro-Oeste,2020,0,0,0,0,0,0,0,0,0,0,0,0,,,,,,,,
52014,SERRA DA MESA,GO,Centro-Oeste,2021,0,0,0,0,0,0,0,0,0,0,0,0,,,,,,,,
52014,SERRA DA MESA,GO,Centro-Oeste,2022,0,0,0,0,0,0,0,0,0,0,0,0,,,,,,,,
52014,SERRA DA MESA,GO,Centro-Oeste,2023,0,0,0,0,0,0,0,0,0,0,0,0,,,,,,,,
52014,SERRA DA MESA,GO,Centro-Oeste,2024,1,0,0,1,1,0,0,0,0,1,0,0,0.0,0.0,0.0,1.0,0.0,0.0,0.0,0.0
52014,SERRA DA MESA,GO,Centro-Oeste,2025,0,0,0,0,0,0,0,0,0,0,0,0,,,,,,,,
52015,SUDOESTE I,GO,Centro-Oeste,2007,0,0,0,0,0,0,0,0,0,0,0,0,,,,,,,,
52015,SUDOESTE I,GO,Centro-Oeste,2008,0,0,0,0,0,0,0,0,0,0,0,0,,,,,,,,
52015,SUDOESTE I,GO,Centro-Oeste,2009,0,0,0,0,0,0,0,0,0,0,0,0,,,,,,,,
52015,SUDOESTE I,GO,Centro-Oeste,2010,0,0,0,0,0,0,0,0,0,0,0,0,,,,,,,,
52015,SUDOESTE I,GO,Centro-Oeste,2011,0,0,0,0,0,0,0,0,0,0,0,0,,,,,,,,
52015,SUDOESTE I,GO,Centro-Oeste,2012,0,0,0,0,0,0,0,0,0,0,0,0,,,,,,,,
52015,SUDOESTE I,GO,Centro-Oeste,2013,0,0,0,0,0,0,0,0,0,0,0,0,,,,,,,,
52015,SUDOESTE I,GO,Centro-Oeste,2014,0,0,0,0,0,0,0,0,0,0,0,0,,,,,,,,
52015,SUDOESTE I,GO,Centro-Oeste,2015,0,0,0,0,0,0,0,0,0,0,0,0,,,,,,,,
52015,SUDOESTE I,GO,Centro-Oeste,2016,0,0,0,0,0,0,0,0,0,0,0,0,,,,,,,,
52015,SUDOESTE I,GO,Centro-Oeste,2017,0,0,0,0,0,0,0,0,0,0,0,0,,,,,,,,
52015,SUDOESTE I,GO,Centro-Oeste,2018,0,0,0,0,0,0,0,0,0,0,0,0,,,,,,,,
52015,SUDOESTE I,GO,Centro-Oeste,2019,1,0,1,1,1,1,0,0,0,0,1,0,0.0,0.0,0.0,0.0,1.0,0.0,1.0,1.0
52015,SUDOESTE I,GO,Centro-Oeste,2020,0,0,0,0,0,0,0,0,0,0,0,0,,,,,,,,
52015,SUDOESTE I,GO,Centro-Oeste,2021,0,0,0,0,0,0,0,0,0,0,0,0,,,,,,,,
52015,SUDOESTE I,GO,Centro-Oeste,2022,2,0,1,2,2,1,1,0,0,1,0,0,0.5,0.0,0.0,0.5,0.0,0.0,0.5,0.0
52015,SUDOESTE I,GO,Centro-Oeste,2023,0,0,0,0,0,0,0,0,0,0,0,0,,,,,,,,
52015,SUDOESTE I,GO,Centro-Oeste,2024,2,0,1,2,2,1,0,1,0,0,0,1,0.0,0.5,0.0,0.0,0.0,0.5,0.5,0.5
52015,SUDOESTE I,GO,Centro-Oeste,2025,0,0,0,0,0,0,0,0,0,0,0,0,,,,,,,,
52016,SUDOESTE II,GO,Centro-Oeste,2007,1,1,1,1,1,0,0,0,1,0,0,0,0.0,0.0,1.0,0.0,0.0,0.0,0.0,0.0
52016,SUDOESTE II,GO,Centro-Oeste,2008,0,0,0,0,0,0,0,0,0,0,0,0,,,,,,,,
52016,SUDOESTE II,GO,Centro-Oeste,2009,2,0,2,2,2,2,0,0,1,1,0,0,0.0,0.0,0.5,0.5,0.0,0.0,1.0,0.0
52016,SUDOESTE II,GO,Centro-Oeste,2010,0,0,0,0,0,0,0,0,0,0,0,0,,,,,,,,
52016,SUDOESTE II,GO,Centro-Oeste,2011,0,0,0,0,0,0,0,0,0,0,0,0,,,,,,,,
52016,SUDOESTE II,GO,Centro-Oeste,2012,4,1,4,4,4,4,0,1,2,1,0,0,0.0,0.25,0.5,0.25,0.0,0.0,1.0,0.0
52016,SUDOESTE II,GO,Centro-Oeste,2013,3,2,3,3,3,1,0,0,2,1,0,0,0.0,0.0,0.6666666666666666,0.3333333333333333,0.0,0.0,0.3333333333333333,0.0
52016,SUDOESTE II,GO,Centro-Oeste,2014,1,1,1,1,1,1,0,1,0,0,0,0,0.0,1.0,0.0,0.0,0.0,0.0,1.0,0.0
52016,SUDOESTE II,GO,Centro-Oeste,2015,4,0,4,4,4,2,0,2,1,0,1,0,0.0,0.5,0.25,0.0,0.25,0.0,0.5,0.25
52016,SUDOESTE II,GO,Centro-Oeste,2016,2,1,2,2,2,1,0,0,1,1,0,0,0.0,0.0,0.5,0.5,0.0,0.0,0.5,0.0
52016,SUDOESTE II,GO,Centro-Oeste,2017,1,0,1,1,1,1,0,0,1,0,0,0,0.0,0.0,1.0,0.0,0.0,0.0,1.0,0.0
52016,SUDOESTE II,GO,Centro-Oeste,2018,0,0,0,0,0,0,0,0,0,0,0,0,,,,,,,,
52016,SUDOESTE II,GO,Centro-Oeste,2019,1,0,1,1,1,1,0,0,1,0,0,0,0.0,0.0,1.0,0.0,0.0,0.0,1.0,0.0
52016,SUDOESTE II,GO,Centro-Oeste,2020,1,0,1,1,1,1,0,0,1,0,0,0,0.0,0.0,1.0,0.0,0.0,0.0,1.0,0.0
52016,SUDOESTE II,GO,Centro-Oeste,2021,0,0,0,0,0,0,0,0,0,0,0,0,,,,,,,,
52016,SUDOESTE II,GO,Centro-Oeste,2022,0,0,0,0,0,0,0,0,0,0,0,0,,,,,,,,
52016,SUDOESTE II,GO,Centro-Oeste,2023,1,0,1,1,1,1,0,0,0,1,0,0,0.0,0.0,0.0,1.0,0.0,0.0,1.0,0.0
52016,SUDOESTE II,GO,Centro-Oeste,2024,1,0,1,1,1,1,0,0,1,0,0,0,0.0,0.0,1.0,0.0,0.0,0.0,1.0,0.0
52016,SUDOESTE II,GO,Centro-Oeste,2025,1,0,1,1,1,1,0,0,0,1,0,0,0.0,0.0,0.0,1.0,0.0,0.0,1.0,0.0
52017,SUL,GO,Centro-Oeste,2007,0,0,0,0,0,0,0,0,0,0,0,0,,,,,,,,
52017,SUL,GO,Centro-Oeste,2008,1,0,1,1,1,1,0,0,0,0,1,0,0.0,0.0,0.0,0.0,1.0,0.0,1.0,1.0
52017,SUL,GO,Centro-Oeste,2009,0,0,0,0,0,0,0,0,0,0,0,0,,,,,,,,
52017,SUL,GO,Centro-Oeste,2010,0,0,0,0,0,0,0,0,0,0,0,0,,,,,,,,
52017,SUL,GO,Centro-Oeste,2011,1,0,1,1,1,0,0,0,1,0,0,0,0.0,0.0,1.0,0.0,0.0,0.0,0.0,0.0
52017,SUL,GO,Centro-Oeste,2012,0,0,0,0,0,0,0,0,0,0,0,0,,,,,,,,
52017,SUL,GO,Centro-Oeste,2013,1,0,1,1,1,1,0,1,0,0,0,0,0.0,1.0,0.0,0.0,0.0,0.0,1.0,0.0
52017,SUL,GO,Centro-Oeste,2014,0,0,0,0,0,0,0,0,0,0,0,0,,,,,,,,
52017,SUL,GO,Centro-Oeste,2015,1,1,1,1,1,1,0,0,1,0,0,0,0.0,0.0,1.0,0.0,0.0,0.0,1.0,0.0
52017,SUL,GO,Centro-Oeste,2016,0,0,0,0,0,0,0,0,0,0,0,0,,,,,,,,
52017,SUL,GO,Centro-Oeste,2017,0,0,0,0,0,0,0,0,0,0,0,0,,,,,,,,
52017,SUL,GO,Centro-Oeste,2018,2,0,2,2,2,1,0,0,0,2,0,0,0.0,0.0,0.0,1.0,0.0,0.0,0.5,0.0
52017,SUL,GO,Centro-Oeste,2019,0,0,0,0,0,0,0,0,0,0,0,0,,,,,,,,
52017,SUL,GO,Centro-Oeste,2020,2,0,1,2,2,2,0,1,0,1,0,0,0.0,0.5,0.0,0.5,0.0,0.0,1.0,0.0
52017,SUL,GO,Centro-Oeste,2021,0,0,0,0,0,0,0,0,0,0,0,0,,,,,,,,
52017,SUL,GO,Centro-Oeste,2022,1,0,0,1,1,0,0,0,1,0,0,0,0.0,0.0,1.0,0.0,0.0,0.0,0.0,0.0
52017,SUL,GO,Centro-Oeste,2023,3,0,3,3,3,3,0,0,2,1,0,0,0.0,0.0,0.6666666666666666,0.3333333333333333,0.0,0.0,1.0,0.0
52017,SUL,GO,Centro-Oeste,2024,0,0,0,0,0,0,0,0,0,0,0,0,,,,,,,,
52017,SUL,GO,Centro-Oeste,2025,0,0,0,0,0,0,0,0,0,0,0,0,,,,,,,,
52018,SAO PATRICIO II,GO,Centro-Oeste,2007,1,0,1,1,1,1,0,1,0,0,0,0,0.0,1.0,0.0,0.0,0.0,0.0,1.0,0.0
52018,SAO PATRICIO II,GO,Centro-Oeste,2008,0,0,0,0,0,0,0,0,0,0,0,0,,,,,,,,
52018,SAO PATRICIO II,GO,Centro-Oeste,2009,1,0,1,1,1,1,0,0,0,0,1,0,0.0,0.0,0.0,0.0,1.0,0.0,1.0,1.0
52018,SAO PATRICIO II,GO,Centro-Oeste,2010,0,0,0,0,0,0,0,0,0,0,0,0,,,,,,,,
52018,SAO PATRICIO II,GO,Centro-Oeste,2011,0,0,0,0,0,0,0,0,0,0,0,0,,,,,,,,
52018,SAO PATRICIO II,GO,Centro-Oeste,2012,1,0,0,1,1,1,1,0,0,0,0,0,1.0,0.0,0.0,0.0,0.0,0.0,1.0,0.0
52018,SAO PATRICIO II,GO,Centro-Oeste,2013,3,0,3,3,3,3,0,0,3,0,0,0,0.0,0.0,1.0,0.0,0.0,0.0,1.0,0.0
52018,SAO PATRICIO II,GO,Centro-Oeste,2014,1,0,1,1,1,1,0,0,0,1,0,0,0.0,0.0,0.0,1.0,0.0,0.0,1.0,0.0
52018,SAO PATRICIO II,GO,Centro-Oeste,2015,4,0,3,4,4,4,2,1,1,0,0,0,0.5,0.25,0.25,0.0,0.0,0.0,1.0,0.0
52018,SAO PATRICIO II,GO,Centro-Oeste,2016,1,0,0,1,1,1,0,0,1,0,0,0,0.0,0.0,1.0,0.0,0.0,0.0,1.0,0.0
52018,SAO PATRICIO II,GO,Centro-Oeste,2017,1,0,0,1,1,1,0,0,0,1,0,0,0.0,0.0,0.0,1.0,0.0,0.0,1.0,0.0
52018,SAO PATRICIO II,GO,Centro-Oeste,2018,0,0,0,0,0,0,0,0,0,0,0,0,,,,,,,,
52018,SAO PATRICIO II,GO,Centro-Oeste,2019,1,0,1,1,1,1,0,0,1,0,0,0,0.0,0.0,1.0,0.0,0.0,0.0,1.0,0.0
52018,SAO PATRICIO II,GO,Centro-Oeste,2020,0,0,0,0,0,0,0,0,0,0,0,0,,,,,,,,
52018,SAO PATRICIO II,GO,Centro-Oeste,2021,2,0,2,2,2,2,0,0,1,0,1,0,0.0,0.0,0.5,0.0,0.5,0.0,1.0,0.5
52018,SAO PATRICIO II,GO,Centro-Oeste,2022,1,0,1,1,1,0,0,0,0,1,0,0,0.0,0.0,0.0,1.0,0.0,0.0,0.0,0.0
52018,SAO PATRICIO II,GO,Centro-Oeste,2023,0,0,0,0,0,0,0,0,0,0,0,0,,,,,,,,
52018,SAO PATRICIO II,GO,Centro-Oeste,2024,0,0,0,0,0,0,0,0,0,0,0,0,,,,,,,,
52018,SAO PATRICIO II,GO,Centro-Oeste,2025,0,0,0,0,0,0,0,0,0,0,0,0,,,,,,,,
53001,DISTRITO FEDERAL,DF,Centro-Oeste,2007,22,1,19,22,22,16,2,7,12,0,0,1,0.09090909090909091,0.3181818181818182,0.5454545454545454,0.0,0.0,0.045454545454545456,0.7272727272727273,0.045454545454545456
53001,DISTRITO FEDERAL,DF,Centro-Oeste,2008,23,1,20,23,23,19,0,10,9,3,1,0,0.0,0.43478260869565216,0.391304347826087,0.13043478260869565,0.043478260869565216,0.0,0.8260869565217391,0.043478260869565216
53001,DISTRITO FEDERAL,DF,Centro-Oeste,2009,28,3,25,28,28,26,0,9,12,5,2,0,0.0,0.32142857142857145,0.42857142857142855,0.17857142857142858,0.07142857142857142,0.0,0.9285714285714286,0.07142857142857142
53001,DISTRITO FEDERAL,DF,Centro-Oeste,2010,27,1,17,27,27,25,0,3,11,13,0,0,0.0,0.1111111111111111,0.4074074074074074,0.48148148148148145,0.0,0.0,0.9259259259259259,0.0
53001,DISTRITO FEDERAL,DF,Centro-Oeste,2011,16,5,15,16,16,15,2,4,6,4,0,0,0.125,0.25,0.375,0.25,0.0,0.0,0.9375,0.0
53001,DISTRITO FEDERAL,DF,Centro-Oeste,2012,16,1,12,16,16,15,2,3,5,3,3,0,0.125,0.1875,0.3125,0.1875,0.1875,0.0,0.9375,0.1875
53001,DISTRITO FEDERAL,DF,Centro-Oeste,2013,27,4,26,27,27,23,1,9,13,2,2,0,0.037037037037037035,0.3333333333333333,0.48148148148148145,0.07407407407407407,0.07407407407407407,0.0,0.8518518518518519,0.07407407407407407
53001,DISTRITO FEDERAL,DF,Centro-Oeste,2014,20,6,20,20,20,15,1,5,5,4,3,2,0.05,0.25,0.25,0.2,0.15,0.1,0.75,0.25
53001,DISTRITO FEDERAL,DF,Centro-Oeste,2015,26,5,25,26,26,20,0,7,9,8,2,0,0.0,0.2692307692307692,0.34615384615384615,0.3076923076923077,0.07692307692307693,0.0,0.7692307692307693,0.07692307692307693
53001,DISTRITO FEDERAL,DF,Centro-Oeste,2016,28,2,27,28,28,19,1,11,4,11,1,0,0.03571428571428571,0.39285714285714285,0.14285714285714285,0.39285714285714285,0.03571428571428571,0.0,0.6785714285714286,0.03571428571428571
53001,DISTRITO FEDERAL,DF,Centro-Oeste,2017,8,3,7,8,8,7,0,4,2,2,0,0,0.0,0.5,0.25,0.25,0.0,0.0,0.875,0.0
53001,DISTRITO FEDERAL,DF,Centro-Oeste,2018,18,4,12,18,18,13,0,4,6,3,4,1,0.0,0.2222222222222222,0.3333333333333333,0.16666666666666666,0.2222222222222222,0.05555555555555555,0.7222222222222222,0.2777777777777778
53001,DISTRITO FEDERAL,DF,Centro-Oeste,2019,21,3,16,21,21,18,0,7,9,5,0,0,0.0,0.3333333333333333,0.42857142857142855,0.23809523809523808,0.0,0.0,0.8571428571428571,0.0
53001,DISTRITO FEDERAL,DF,Centro-Oeste,2020,17,3,12,17,17,11,1,3,8,4,1,0,0.058823529411764705,0.17647058823529413,0.47058823529411764,0.23529411764705882,0.058823529411764705,0.0,0.6470588235294118,0.058823529411764705
53001,DISTRITO FEDERAL,DF,Centro-Oeste,2021,8,0,5,8,8,7,0,1,4,1,1,1,0.0,0.125,0.5,0.125,0.125,0.125,0.875,0.25
53001,DISTRITO FEDERAL,DF,Centro-Oeste,2022,15,0,12,15,15,13,0,4,4,4,3,0,0.0,0.26666666666666666,0.26666666666666666,0.26666666666666666,0.2,0.0,0.8666666666666667,0.2
53001,DISTRITO FEDERAL,DF,Centro-Oeste,2023,12,2,8,12,12,10,0,4,2,5,1,0,0.0,0.3333333333333333,0.16666666666666666,0.4166666666666667,0.08333333333333333,0.0,0.8333333333333334,0.08333333333333333
53001,DISTRITO FEDERAL,DF,Centro-Oeste,2024,23,1,20,23,23,22,0,7,8,3,5,0,0.0,0.30434782608695654,0.34782608695652173,0.13043478260869565,0.21739130434782608,0.0,0.9565217391304348,0.21739130434782608
53001,DISTRITO FEDERAL,DF,Centro-Oeste,2025,22,1,15,22,22,20,0,5,9,5,3,0,0.0,0.22727272727272727,0.4090909090909091,0.22727272727272727,0.13636363636363635,0.0,0.9090909090909091,0.13636363636363635
