health_region_code,year,deaths,outcome_known,cases,H_region,H_year
11001,2008,1,3,142,0.3617021276595745,1.0
11001,2009,2,6,142,0.3617021276595745,1.0
11001,2010,1,1,142,0.3617021276595745,1.0
11001,2011,0,2,142,0.3617021276595745,1.0
11001,2012,0,1,142,0.3617021276595745,1.0
11001,2013,1,25,142,0.3617021276595745,0.23076923076923078
11001,2014,1,37,142,0.3617021276595745,0.24324324324324326
11001,2015,1,14,142,0.3617021276595745,0.07142857142857142
11001,2016,1,15,142,0.3617021276595745,0.4
11001,2017,0,1,142,0.3617021276595745,0.0
11001,2018,0,5,142,0.3617021276595745,0.5
11001,2019,0,4,142,0.3617021276595745,0.0
11001,2020,1,6,142,0.3617021276595745,0.6666666666666666
11001,2021,0,4,142,0.3617021276595745,0.0
11001,2022,0,2,142,0.3617021276595745,1.0
11001,2023,1,7,142,0.3617021276595745,0.5714285714285714
11001,2024,1,4,142,0.3617021276595745,0.5
11001,2025,0,3,142,0.3617021276595745,0.6666666666666666
11002,2007,0,2,65,0.7076923076923077,1.0
11002,2008,0,1,65,0.7076923076923077,1.0
11002,2009,0,1,65,0.7076923076923077,1.0
11002,2010,0,2,65,0.7076923076923077,1.0
11002,2012,0,2,65,0.7076923076923077,0.5
11002,2013,0,5,65,0.7076923076923077,1.0
11002,2014,0,15,65,0.7076923076923077,0.3333333333333333
11002,2015,0,3,65,0.7076923076923077,0.6666666666666666
11002,2017,0,1,65,0.7076923076923077,1.0
11002,2018,0,3,65,0.7076923076923077,1.0
11002,2019,1,7,65,0.7076923076923077,0.8571428571428571
11002,2020,0,3,65,0.7076923076923077,0.6666666666666666
11002,2022,0,2,65,0.7076923076923077,0.5
11002,2023,0,5,65,0.7076923076923077,1.0
11002,2024,0,4,65,0.7076923076923077,0.75
11002,2025,0,9,65,0.7076923076923077,0.6666666666666666
11003,2008,1,4,231,0.39631336405529954,0.75
11003,2009,1,3,231,0.39631336405529954,0.6666666666666666
11003,2010,0,4,231,0.39631336405529954,0.75
11003,2011,2,41,231,0.39631336405529954,0.20930232558139536
11003,2012,0,3,231,0.39631336405529954,0.6666666666666666
11003,2013,0,6,231,0.39631336405529954,0.8
11003,2014,1,53,231,0.39631336405529954,0.38
11003,2015,1,41,231,0.39631336405529954,0.4
11003,2016,0,4,231,0.39631336405529954,0.2
11003,2017,0,5,231,0.39631336405529954,0.5714285714285714
11003,2018,0,12,231,0.39631336405529954,0.6
11003,2019,0,2,231,0.39631336405529954,0.0
11003,2020,0,5,231,0.39631336405529954,0.25
11003,2021,0,3,231,0.39631336405529954,0.6666666666666666
11003,2022,0,6,231,0.39631336405529954,0.42857142857142855
11003,2023,0,3,231,0.39631336405529954,0.0
11003,2024,0,5,231,0.39631336405529954,0.4444444444444444
11003,2025,0,10,231,0.39631336405529954,0.5
11004,2007,0,1,305,0.5435540069686411,1.0
11004,2008,0,8,305,0.5435540069686411,1.0
11004,2009,0,18,305,0.5435540069686411,0.8333333333333334
11004,2010,0,5,305,0.5435540069686411,0.6
11004,2011,0,9,305,0.5435540069686411,0.8888888888888888
11004,2012,1,5,305,0.5435540069686411,0.8333333333333334
11004,2013,2,103,305,0.5435540069686411,0.14893617021276595
11004,2014,2,63,305,0.5435540069686411,0.53125
11004,2015,1,17,305,0.5435540069686411,0.7647058823529411
11004,2016,0,12,305,0.5435540069686411,0.8461538461538461
11004,2017,3,8,305,0.5435540069686411,0.75
11004,2018,3,5,305,0.5435540069686411,1.0
11004,2019,0,7,305,0.5435540069686411,1.0
11004,2020,1,3,305,0.5435540069686411,1.0
11004,2021,0,3,305,0.5435540069686411,0.6666666666666666
11004,2022,0,4,305,0.5435540069686411,1.0
11004,2023,0,8,305,0.5435540069686411,0.7142857142857143
11004,2024,1,9,305,0.5435540069686411,0.875
11004,2025,0,8,305,0.5435540069686411,0.75
11005,2008,0,1,40,0.6842105263157895,0.0
11005,2009,0,1,40,0.6842105263157895,1.0
11005,2010,0,1,40,0.6842105263157895,1.0
11005,2011,0,1,40,0.6842105263157895,1.0
11005,2013,0,1,40,0.6842105263157895,1.0
11005,2014,0,8,40,0.6842105263157895,0.8571428571428571
11005,2015,0,2,40,0.6842105263157895,1.0
11005,2016,0,6,40,0.6842105263157895,0.6
11005,2017,0,1,40,0.6842105263157895,1.0
11005,2018,0,1,40,0.6842105263157895,1.0
11005,2019,0,3,40,0.6842105263157895,0.6666666666666666
11005,2021,0,1,40,0.6842105263157895,1.0
11005,2022,0,3,40,0.6842105263157895,0.3333333333333333
11005,2023,1,3,40,0.6842105263157895,0.6666666666666666
11005,2024,0,3,40,0.6842105263157895,0.25
11005,2025,0,2,40,0.6842105263157895,1.0
11006,2010,0,2,20,0.6111111111111112,0.0
11006,2012,1,1,20,0.6111111111111112,1.0
11006,2013,1,4,20,0.6111111111111112,0.5
11006,2014,0,4,20,0.6111111111111112,0.5
11006,2015,0,1,20,0.6111111111111112,1.0
11006,2019,0,2,20,0.6111111111111112,1.0
11006,2021,0,1,20,0.6111111111111112,1.0
11006,2025,0,2,20,0.6111111111111112,0.5
11007,2012,0,1,5,0.75,1.0
11007,2018,0,1,5,0.75,
11007,2025,1,3,5,0.75,0.6666666666666666
12001,2009,0,1,97,0.5333333333333333,1.0
12001,2010,0,1,97,0.5333333333333333,1.0
12001,2011,0,9,97,0.5333333333333333,0.5
12001,2012,0,6,97,0.5333333333333333,0.5714285714285714
12001,2013,0,8,97,0.5333333333333333,0.6
12001,2014,0,12,97,0.5333333333333333,0.6666666666666666
12001,2015,0,22,97,0.5333333333333333,0.391304347826087
12001,2016,0,3,97,0.5333333333333333,0.6666666666666666
12001,2017,0,5,97,0.5333333333333333,0.25
12001,2018,0,1,97,0.5333333333333333,0.0
12001,2019,0,6,97,0.5333333333333333,0.6666666666666666
12001,2020,0,5,97,0.5333333333333333,0.5
12001,2021,0,3,97,0.5333333333333333,0.6666666666666666
12001,2022,0,2,97,0.5333333333333333,0.6666666666666666
12001,2023,0,5,97,0.5333333333333333,0.8
12001,2024,0,2,97,0.5333333333333333,0.0
12002,2007,0,23,3536,0.3126668644319193,0.43478260869565216
12002,2008,4,38,3536,0.3126668644319193,0.8888888888888888
12002,2009,6,66,3536,0.3126668644319193,0.8333333333333334
12002,2010,4,40,3536,0.3126668644319193,0.7567567567567568
12002,2011,5,103,3536,0.3126668644319193,0.5333333333333333
12002,2012,5,239,3536,0.3126668644319193,0.3723849372384937
12002,2013,1,458,3536,0.3126668644319193,0.258974358974359
12002,2014,6,939,3536,0.3126668644319193,0.25984251968503935
12002,2015,2,817,3536,0.3126668644319193,0.22249690976514216
12002,2016,1,134,3536,0.3126668644319193,0.36220472440944884
12002,2017,2,130,3536,0.3126668644319193,0.43846153846153846
12002,2018,1,114,3536,0.3126668644319193,0.35537190082644626
12002,2019,0,107,3536,0.3126668644319193,0.30275229357798167
12002,2020,0,64,3536,0.3126668644319193,0.21875
12002,2021,0,45,3536,0.3126668644319193,0.3695652173913043
12002,2022,1,35,3536,0.3126668644319193,0.625
12002,2023,1,82,3536,0.3126668644319193,0.189873417721519
12002,2024,1,24,3536,0.3126668644319193,0.391304347826087
12002,2025,1,47,3536,0.3126668644319193,0.391304347826087
12003,2007,0,1,1121,0.21577946768060838,
12003,2008,0,1,1121,0.21577946768060838,1.0
12003,2009,0,2,1121,0.21577946768060838,1.0
12003,2010,1,3,1121,0.21577946768060838,0.6666666666666666
12003,2011,1,21,1121,0.21577946768060838,0.3157894736842105
12003,2012,0,8,1121,0.21577946768060838,0.25
12003,2013,2,52,1121,0.21577946768060838,0.5
12003,2014,1,248,1121,0.21577946768060838,0.07627118644067797
12003,2015,0,99,1121,0.21577946768060838,0.11458333333333333
12003,2016,0,45,1121,0.21577946768060838,0.13953488372093023
12003,2017,0,82,1121,0.21577946768060838,0.1728395061728395
12003,2018,1,35,1121,0.21577946768060838,0.3333333333333333
12003,2019,0,89,1121,0.21577946768060838,0.16666666666666666
12003,2020,0,77,1121,0.21577946768060838,0.2972972972972973
12003,2021,1,76,1121,0.21577946768060838,0.20253164556962025
12003,2022,0,44,1121,0.21577946768060838,0.32608695652173914
12003,2023,1,73,1121,0.21577946768060838,0.35714285714285715
12003,2024,0,77,1121,0.21577946768060838,0.2727272727272727
12003,2025,0,58,1121,0.21577946768060838,0.3469387755102041
13001,2007,4,41,791,0.8284625158831004,0.8333333333333334
13001,2008,5,41,791,0.8284625158831004,0.9024390243902439
13001,2009,8,50,791,0.8284625158831004,0.82
13001,2010,5,31,791,0.8284625158831004,0.9032258064516129
13001,2011,5,61,791,0.8284625158831004,0.819672131147541
13001,2012,5,53,791,0.8284625158831004,0.7090909090909091
13001,2013,7,50,791,0.8284625158831004,0.7962962962962963
13001,2014,4,63,791,0.8284625158831004,0.6865671641791045
13001,2015,5,51,791,0.8284625158831004,0.7692307692307693
13001,2016,4,33,791,0.8284625158831004,0.8181818181818182
13001,2017,7,54,791,0.8284625158831004,0.7719298245614035
13001,2018,5,34,791,0.8284625158831004,0.8378378378378378
13001,2019,5,32,791,0.8284625158831004,0.7878787878787878
13001,2020,2,20,791,0.8284625158831004,0.9523809523809523
13001,2021,2,30,791,0.8284625158831004,0.8666666666666667
13001,2022,4,29,791,0.8284625158831004,1.0
13001,2023,3,23,791,0.8284625158831004,1.0
13001,2024,5,30,791,0.8284625158831004,1.0
13001,2025,7,38,791,0.8284625158831004,0.8974358974358975
13002,2009,0,4,61,0.8793103448275862,1.0
13002,2010,0,1,61,0.8793103448275862,1.0
13002,2011,0,1,61,0.8793103448275862,1.0
13002,2012,1,6,61,0.8793103448275862,1.0
13002,2013,0,3,61,0.8793103448275862,1.0
13002,2014,0,1,61,0.8793103448275862,
13002,2015,0,2,61,0.8793103448275862,1.0
13002,2016,0,4,61,0.8793103448275862,1.0
13002,2017,0,3,61,0.8793103448275862,0.6666666666666666
13002,2018,0,2,61,0.8793103448275862,1.0
13002,2019,1,2,61,0.8793103448275862,0.6666666666666666
13002,2020,0,1,61,0.8793103448275862,1.0
13002,2021,1,2,61,0.8793103448275862,1.0
13002,2022,1,6,61,0.8793103448275862,0.6
13002,2024,0,3,61,0.8793103448275862,1.0
13002,2025,1,10,61,0.8793103448275862,0.7857142857142857
13003,2007,0,1,28,0.6666666666666666,1.0
13003,2010,0,1,28,0.6666666666666666,1.0
13003,2011,0,3,28,0.6666666666666666,1.0
13003,2014,0,9,28,0.6666666666666666,0.1111111111111111
13003,2016,0,2,28,0.6666666666666666,1.0
13003,2018,1,5,28,0.6666666666666666,0.8
13003,2019,0,1,28,0.6666666666666666,1.0
13003,2023,0,1,28,0.6666666666666666,1.0
13003,2024,1,2,28,0.6666666666666666,1.0
13003,2025,0,2,28,0.6666666666666666,1.0
13004,2008,1,3,21,0.9523809523809523,1.0
13004,2009,0,2,21,0.9523809523809523,1.0
13004,2014,0,1,21,0.9523809523809523,1.0
13004,2015,0,4,21,0.9523809523809523,0.75
13004,2016,0,1,21,0.9523809523809523,1.0
13004,2017,0,1,21,0.9523809523809523,1.0
13004,2018,0,2,21,0.9523809523809523,1.0
13004,2019,0,2,21,0.9523809523809523,1.0
13004,2021,0,1,21,0.9523809523809523,1.0
13004,2022,0,1,21,0.9523809523809523,1.0
13004,2023,0,1,21,0.9523809523809523,1.0
13004,2024,1,1,21,0.9523809523809523,1.0
13004,2025,0,1,21,0.9523809523809523,1.0
13005,2007,1,2,60,0.9166666666666666,1.0
13005,2008,0,2,60,0.9166666666666666,1.0
13005,2009,0,1,60,0.9166666666666666,1.0
13005,2010,1,3,60,0.9166666666666666,1.0
13005,2011,1,3,60,0.9166666666666666,1.0
13005,2012,0,4,60,0.9166666666666666,0.5
13005,2013,0,2,60,0.9166666666666666,1.0
13005,2014,0,5,60,0.9166666666666666,1.0
13005,2015,1,6,60,0.9166666666666666,0.8333333333333334
13005,2016,2,8,60,0.9166666666666666,1.0
13005,2017,1,5,60,0.9166666666666666,1.0
13005,2018,0,8,60,0.9166666666666666,0.75
13005,2019,0,4,60,0.9166666666666666,1.0
13005,2021,0,2,60,0.9166666666666666,1.0
13005,2022,0,1,60,0.9166666666666666,1.0
13005,2024,0,1,60,0.9166666666666666,1.0
13005,2025,0,1,60,0.9166666666666666,1.0
13006,2008,1,3,72,0.6176470588235294,1.0
13006,2010,0,1,72,0.6176470588235294,1.0
13006,2011,0,1,72,0.6176470588235294,1.0
13006,2012,0,7,72,0.6176470588235294,1.0
13006,2013,0,9,72,0.6176470588235294,0.2857142857142857
13006,2014,1,14,72,0.6176470588235294,0.6
13006,2015,0,11,72,0.6176470588235294,0.5
13006,2016,0,2,72,0.6176470588235294,0.5
13006,2017,0,3,72,0.6176470588235294,0.6666666666666666
13006,2020,0,4,72,0.6176470588235294,0.25
13006,2021,0,1,72,0.6176470588235294,1.0
13006,2023,0,1,72,0.6176470588235294,1.0
13006,2024,0,1,72,0.6176470588235294,1.0
13006,2025,0,2,72,0.6176470588235294,0.5
13007,2007,0,2,41,0.5526315789473685,1.0
13007,2010,0,1,41,0.5526315789473685,1.0
13007,2018,0,1,41,0.5526315789473685,
13007,2019,0,3,41,0.5526315789473685,0.3333333333333333
13007,2020,0,4,41,0.5526315789473685,0.25
13007,2021,0,2,41,0.5526315789473685,0.3333333333333333
13007,2022,0,1,41,0.5526315789473685,1.0
13007,2023,0,5,41,0.5526315789473685,0.6666666666666666
13007,2024,0,6,41,0.5526315789473685,0.3333333333333333
13007,2025,0,10,41,0.5526315789473685,0.9
13008,2009,1,1,18,0.7777777777777778,1.0
13008,2011,0,1,18,0.7777777777777778,0.0
13008,2012,0,1,18,0.7777777777777778,0.0
13008,2013,1,1,18,0.7777777777777778,1.0
13008,2014,0,1,18,0.7777777777777778,1.0
13008,2015,0,1,18,0.7777777777777778,0.0
13008,2016,0,1,18,0.7777777777777778,1.0
13008,2017,0,2,18,0.7777777777777778,1.0
13008,2018,0,1,18,0.7777777777777778,1.0
13008,2019,0,1,18,0.7777777777777778,1.0
13008,2020,0,1,18,0.7777777777777778,1.0
13008,2022,0,1,18,0.7777777777777778,1.0
13008,2024,0,2,18,0.7777777777777778,0.5
13008,2025,0,1,18,0.7777777777777778,1.0
13009,2008,1,1,27,0.9259259259259259,1.0
13009,2009,2,2,27,0.9259259259259259,1.0
13009,2010,0,2,27,0.9259259259259259,1.0
13009,2011,0,4,27,0.9259259259259259,0.75
13009,2012,0,1,27,0.9259259259259259,1.0
13009,2014,0,1,27,0.9259259259259259,1.0
13009,2018,0,1,27,0.9259259259259259,1.0
13009,2019,1,2,27,0.9259259259259259,0.5
13009,2020,1,3,27,0.9259259259259259,1.0
13009,2021,0,2,27,0.9259259259259259,1.0
13009,2022,0,2,27,0.9259259259259259,1.0
13009,2023,0,1,27,0.9259259259259259,1.0
13009,2024,0,1,27,0.9259259259259259,1.0
13009,2025,0,1,27,0.9259259259259259,1.0
14001,2007,0,1,33,0.65625,1.0
14001,2008,1,1,33,0.65625,1.0
14001,2010,0,1,33,0.65625,1.0
14001,2012,0,1,33,0.65625,
14001,2013,0,1,33,0.65625,1.0
14001,2014,0,1,33,0.65625,0.25
14001,2017,0,2,33,0.65625,1.0
14001,2018,0,2,33,0.65625,0.5
14001,2019,0,1,33,0.65625,0.6666666666666666
14001,2020,0,1,33,0.65625,1.0
14001,2021,0,3,33,0.65625,0.6666666666666666
14001,2022,1,3,33,0.65625,0.5
14001,2023,0,1,33,0.65625,1.0
14001,2025,0,4,33,0.65625,0.75
14002,2008,0,3,16,0.6875,1.0
14002,2010,0,1,16,0.6875,0.0
14002,2013,0,1,16,0.6875,0.5
14002,2021,0,1,16,0.6875,1.0
14002,2022,0,1,16,0.6875,0.5
14002,2025,0,1,16,0.6875,1.0
15001,2007,0,1,20,0.8888888888888888,0.0
15001,2008,0,2,20,0.8888888888888888,1.0
15001,2009,0,1,20,0.8888888888888888,1.0
15001,2011,0,3,20,0.8888888888888888,1.0
15001,2012,0,1,20,0.8888888888888888,1.0
15001,2018,0,1,20,0.8888888888888888,1.0
15001,2019,0,1,20,0.8888888888888888,1.0
15001,2022,0,2,20,0.8888888888888888,1.0
15001,2024,0,3,20,0.8888888888888888,1.0
15001,2025,0,2,20,0.8888888888888888,0.75
15002,2007,0,2,201,0.7777777777777778,1.0
15002,2008,0,10,201,0.7777777777777778,0.9
15002,2009,1,6,201,0.7777777777777778,1.0
15002,2010,3,9,201,0.7777777777777778,1.0
15002,2011,4,19,201,0.7777777777777778,0.7894736842105263
15002,2012,1,13,201,0.7777777777777778,1.0
15002,2013,3,21,201,0.7777777777777778,0.8571428571428571
15002,2014,3,20,201,0.7777777777777778,0.8
15002,2015,3,18,201,0.7777777777777778,0.8888888888888888
15002,2016,0,7,201,0.7777777777777778,0.8333333333333334
15002,2017,0,3,201,0.7777777777777778,1.0
15002,2018,1,7,201,0.7777777777777778,0.875
15002,2019,0,6,201,0.7777777777777778,1.0
15002,2020,1,4,201,0.7777777777777778,0.75
15002,2021,0,1,201,0.7777777777777778,1.0
15002,2022,1,8,201,0.7777777777777778,0.7777777777777778
15002,2023,4,7,201,0.7777777777777778,0.75
15002,2024,0,9,201,0.7777777777777778,0.5454545454545454
15002,2025,0,22,201,0.7777777777777778,0.18181818181818182
15003,2008,1,1,33,0.84375,1.0
15003,2009,0,1,33,0.84375,1.0
15003,2010,0,1,33,0.84375,1.0
15003,2011,0,1,33,0.84375,1.0
15003,2013,0,6,33,0.84375,0.4
15003,2014,0,1,33,0.84375,0.0
15003,2015,0,1,33,0.84375,1.0
15003,2016,0,1,33,0.84375,1.0
15003,2017,0,2,33,0.84375,1.0
15003,2019,1,2,33,0.84375,0.5
15003,2021,0,1,33,0.84375,1.0
15003,2022,0,4,33,0.84375,1.0
15003,2023,0,2,33,0.84375,1.0
15003,2024,0,1,33,0.84375,1.0
15003,2025,1,4,33,0.84375,1.0
15004,2009,0,1,11,0.8181818181818182,1.0
15004,2010,1,2,11,0.8181818181818182,1.0
15004,2013,0,1,11,0.8181818181818182,1.0
15004,2014,0,1,11,0.8181818181818182,1.0
15004,2019,0,1,11,0.8181818181818182,1.0
15004,2023,0,1,11,0.8181818181818182,1.0
15004,2024,1,1,11,0.8181818181818182,1.0
15004,2025,0,1,11,0.8181818181818182,0.0
15006,2007,14,72,1169,0.8593189964157706,0.891566265060241
15006,2008,9,78,1169,0.8593189964157706,0.967741935483871
15006,2009,5,64,1169,0.8593189964157706,0.9384615384615385
15006,2010,8,54,1169,0.8593189964157706,0.8518518518518519
15006,2011,8,62,1169,0.8593189964157706,0.8307692307692308
15006,2012,5,31,1169,0.8593189964157706,0.7941176470588235
15006,2013,9,63,1169,0.8593189964157706,0.8059701492537313
15006,2014,9,61,1169,0.8593189964157706,0.8253968253968254
15006,2015,16,66,1169,0.8593189964157706,0.7714285714285715
15006,2016,6,54,1169,0.8593189964157706,0.7966101694915254
15006,2017,9,65,1169,0.8593189964157706,0.7794117647058824
15006,2018,13,57,1169,0.8593189964157706,0.8840579710144928
15006,2019,10,69,1169,0.8593189964157706,0.8414634146341463
15006,2020,6,28,1169,0.8593189964157706,0.9117647058823529
15006,2021,8,32,1169,0.8593189964157706,0.9428571428571428
15006,2022,4,38,1169,0.8593189964157706,0.8333333333333334
15006,2023,5,30,1169,0.8593189964157706,0.8125
15006,2024,10,44,1169,0.8593189964157706,0.9166666666666666
15006,2025,5,39,1169,0.8593189964157706,0.9056603773584906
15007,2007,0,5,57,0.9272727272727272,1.0
15007,2008,0,1,57,0.9272727272727272,1.0
15007,2009,0,1,57,0.9272727272727272,1.0
15007,2010,0,2,57,0.9272727272727272,1.0
15007,2011,1,1,57,0.9272727272727272,1.0
15007,2012,0,1,57,0.9272727272727272,1.0
15007,2013,0,2,57,0.9272727272727272,1.0
15007,2014,0,2,57,0.9272727272727272,0.6666666666666666
15007,2015,2,4,57,0.9272727272727272,1.0
15007,2016,0,1,57,0.9272727272727272,1.0
15007,2017,1,1,57,0.9272727272727272,1.0
15007,2018,1,3,57,0.9272727272727272,1.0
15007,2019,1,8,57,0.9272727272727272,0.9
15007,2020,0,2,57,0.9272727272727272,0.5
15007,2021,1,2,57,0.9272727272727272,1.0
15007,2022,0,2,57,0.9272727272727272,1.0
15007,2023,0,2,57,0.9272727272727272,1.0
15007,2024,0,2,57,0.9272727272727272,0.6666666666666666
15007,2025,0,2,57,0.9272727272727272,1.0
15008,2007,0,2,278,0.23809523809523808,1.0
15008,2009,2,8,278,0.23809523809523808,1.0
15008,2010,1,4,278,0.23809523809523808,0.75
15008,2011,0,17,278,0.23809523809523808,0.5
15008,2012,0,35,278,0.23809523809523808,0.20689655172413793
15008,2013,1,6,278,0.23809523809523808,0.16666666666666666
15008,2014,0,12,278,0.23809523809523808,0.18181818181818182
15008,2015,2,22,278,0.23809523809523808,0.42105263157894735
15008,2016,0,9,278,0.23809523809523808,0.125
15008,2017,0,16,278,0.23809523809523808,0.21052631578947367
15008,2018,0,22,278,0.23809523809523808,0.037037037037037035
15008,2019,0,11,278,0.23809523809523808,0.18181818181818182
15008,2020,0,7,278,0.23809523809523808,0.0
15008,2021,1,3,278,0.23809523809523808,0.6666666666666666
15008,2022,0,9,278,0.23809523809523808,0.2222222222222222
15008,2023,1,22,278,0.23809523809523808,0.21739130434782608
15008,2024,0,27,278,0.23809523809523808,0.14285714285714285
15008,2025,0,21,278,0.23809523809523808,0.045454545454545456
15009,2007,1,6,101,0.9270833333333334,1.0
15009,2008,3,11,101,0.9270833333333334,0.9090909090909091
15009,2009,2,5,101,0.9270833333333334,1.0
15009,2010,1,2,101,0.9270833333333334,1.0
15009,2011,0,2,101,0.9270833333333334,1.0
15009,2012,0,2,101,0.9270833333333334,1.0
15009,2013,0,2,101,0.9270833333333334,1.0
15009,2014,0,5,101,0.9270833333333334,1.0
15009,2015,1,4,101,0.9270833333333334,1.0
15009,2016,1,6,101,0.9270833333333334,0.7777777777777778
15009,2017,0,4,101,0.9270833333333334,0.8333333333333334
15009,2018,1,12,101,0.9270833333333334,0.9230769230769231
15009,2019,0,1,101,0.9270833333333334,1.0
15009,2020,1,4,101,0.9270833333333334,1.0
15009,2022,3,4,101,0.9270833333333334,1.0
15009,2023,2,6,101,0.9270833333333334,0.8571428571428571
15009,2024,0,2,101,0.9270833333333334,0.5
15009,2025,0,1,101,0.9270833333333334,1.0
15010,2007,1,1,17,0.8823529411764706,1.0
15010,2011,0,1,17,0.8823529411764706,1.0
15010,2012,0,1,17,0.8823529411764706,1.0
15010,2013,0,1,17,0.8823529411764706,1.0
15010,2017,2,3,17,0.8823529411764706,1.0
15010,2019,0,3,17,0.8823529411764706,0.5
15010,2021,0,1,17,0.8823529411764706,1.0
15010,2022,0,2,17,0.8823529411764706,1.0
15010,2024,0,1,17,0.8823529411764706,1.0
15010,2025,0,1,17,0.8823529411764706,1.0
15011,2007,3,5,185,0.7687861271676301,0.8333333333333334
15011,2008,0,2,185,0.7687861271676301,1.0
15011,2009,1,2,185,0.7687861271676301,1.0
15011,2010,2,9,185,0.7687861271676301,0.8181818181818182
15011,2011,1,8,185,0.7687861271676301,0.8888888888888888
15011,2012,1,5,185,0.7687861271676301,0.5714285714285714
15011,2013,0,6,185,0.7687861271676301,0.7142857142857143
15011,2014,0,4,185,0.7687861271676301,1.0
15011,2016,1,5,185,0.7687861271676301,0.6666666666666666
15011,2017,3,10,185,0.7687861271676301,0.8333333333333334
15011,2018,0,4,185,0.7687861271676301,0.7777777777777778
15011,2019,3,6,185,0.7687861271676301,0.8333333333333334
15011,2020,2,4,185,0.7687861271676301,1.0
15011,2021,0,6,185,0.7687861271676301,0.8571428571428571
15011,2022,4,19,185,0.7687861271676301,0.7
15011,2023,2,14,185,0.7687861271676301,0.75
15011,2024,3,18,185,0.7687861271676301,0.6666666666666666
15011,2025,3,18,185,0.7687861271676301,0.5714285714285714
15012,2009,0,3,18,0.7222222222222222,0.3333333333333333
15012,2010,1,1,18,0.7222222222222222,1.0
15012,2013,1,1,18,0.7222222222222222,1.0
15012,2019,0,1,18,0.7222222222222222,1.0
15012,2020,0,1,18,0.7222222222222222,0.0
15012,2022,1,1,18,0.7222222222222222,1.0
15012,2023,0,2,18,0.7222222222222222,0.5
15012,2024,0,2,18,0.7222222222222222,1.0
15012,2025,0,3,18,0.7222222222222222,0.6666666666666666
15013,2007,0,2,74,0.6712328767123288,1.0
15013,2008,0,1,74,0.6712328767123288,1.0
15013,2009,0,1,74,0.6712328767123288,1.0
15013,2011,0,1,74,0.6712328767123288,1.0
15013,2012,0,1,74,0.6712328767123288,0.0
15013,2013,0,1,74,0.6712328767123288,1.0
15013,2014,0,7,74,0.6712328767123288,0.6363636363636364
15013,2015,0,2,74,0.6712328767123288,1.0
15013,2016,0,7,74,0.6712328767123288,0.5
15013,2017,0,3,74,0.6712328767123288,0.6
15013,2018,0,3,74,0.6712328767123288,0.4
15013,2019,0,4,74,0.6712328767123288,0.4
15013,2020,0,1,74,0.6712328767123288,1.0
15013,2022,1,6,74,0.6712328767123288,1.0
15013,2023,0,1,74,0.6712328767123288,1.0
15013,2024,0,3,74,0.6712328767123288,0.75
15013,2025,1,8,74,0.6712328767123288,0.6666666666666666
15014,2007,0,1,105,0.776595744680851,1.0
15014,2009,0,3,105,0.776595744680851,0.6666666666666666
15014,2010,0,7,105,0.776595744680851,0.2857142857142857
15014,2011,0,4,105,0.776595744680851,1.0
15014,2012,1,2,105,0.776595744680851,0.0
15014,2013,1,3,105,0.776595744680851,1.0
15014,2014,2,10,105,0.776595744680851,0.9
15014,2015,2,6,105,0.776595744680851,0.6666666666666666
15014,2016,3,12,105,0.776595744680851,0.9333333333333333
15014,2017,1,4,105,0.776595744680851,0.6
15014,2018,2,6,105,0.776595744680851,0.8
15014,2019,2,9,105,0.776595744680851,0.8181818181818182
15014,2020,4,9,105,0.776595744680851,0.75
15014,2021,0,4,105,0.776595744680851,1.0
15014,2022,0,2,105,0.776595744680851,0.0
15014,2023,0,2,105,0.776595744680851,1.0
15014,2024,0,4,105,0.776595744680851,0.8
15014,2025,0,8,105,0.776595744680851,0.8888888888888888
16001,2007,0,40,764,0.5843293492695883,0.3191489361702128
16001,2008,0,67,764,0.5843293492695883,0.3055555555555556
16001,2009,1,67,764,0.5843293492695883,0.4411764705882353
16001,2010,0,38,764,0.5843293492695883,0.5609756097560976
16001,2011,3,68,764,0.5843293492695883,0.5441176470588235
16001,2012,0,52,764,0.5843293492695883,0.6226415094339622
16001,2013,0,29,764,0.5843293492695883,0.5161290322580645
16001,2014,4,47,764,0.5843293492695883,0.64
16001,2015,0,28,764,0.5843293492695883,0.8108108108108109
16001,2016,3,42,764,0.5843293492695883,0.7547169811320755
16001,2017,1,24,764,0.5843293492695883,0.53125
16001,2018,6,45,764,0.5843293492695883,0.717391304347826
16001,2019,5,37,764,0.5843293492695883,0.7857142857142857
16001,2020,1,11,764,0.5843293492695883,0.6923076923076923
16001,2021,1,26,764,0.5843293492695883,0.5357142857142857
16001,2022,2,14,764,0.5843293492695883,0.6
16001,2023,0,8,764,0.5843293492695883,0.9166666666666666
16001,2024,0,24,764,0.5843293492695883,0.64
16001,2025,1,17,764,0.5843293492695883,0.95
16002,2008,0,1,32,0.7,1.0
16002,2009,0,3,32,0.7,1.0
16002,2011,0,2,32,0.7,1.0
16002,2012,0,2,32,0.7,0.3333333333333333
16002,2014,0,1,32,0.7,0.0
16002,2017,0,1,32,0.7,0.0
16002,2018,0,1,32,0.7,1.0
16002,2019,0,1,32,0.7,1.0
16002,2022,2,6,32,0.7,0.8571428571428571
16002,2023,0,1,32,0.7,0.5
16002,2024,0,1,32,0.7,0.5
16002,2025,0,4,32,0.7,0.5
16003,2007,0,11,313,0.6644951140065146,0.5454545454545454
16003,2008,1,16,313,0.6644951140065146,0.7058823529411765
16003,2009,0,21,313,0.6644951140065146,0.8095238095238095
16003,2010,0,20,313,0.6644951140065146,0.65
16003,2011,0,20,313,0.6644951140065146,0.92
16003,2012,2,11,313,0.6644951140065146,0.6842105263157895
16003,2013,0,12,313,0.6644951140065146,0.75
16003,2014,2,18,313,0.6644951140065146,0.8
16003,2015,0,8,313,0.6644951140065146,0.6666666666666666
16003,2016,0,20,313,0.6644951140065146,0.6
16003,2017,1,25,313,0.6644951140065146,0.6153846153846154
16003,2018,1,27,313,0.6644951140065146,0.6666666666666666
16003,2019,0,16,313,0.6644951140065146,0.6470588235294118
16003,2020,2,6,313,0.6644951140065146,0.5714285714285714
16003,2021,0,7,313,0.6644951140065146,0.5714285714285714
16003,2022,0,9,313,0.6644951140065146,0.2222222222222222
16003,2023,1,8,313,0.6644951140065146,0.375
16003,2024,0,14,313,0.6644951140065146,0.5625
16003,2025,1,10,313,0.6644951140065146,0.6363636363636364
17001,2009,0,1,15,0.8571428571428571,0.0
17001,2012,0,1,15,0.8571428571428571,1.0
17001,2014,0,2,15,0.8571428571428571,1.0
17001,2015,0,1,15,0.8571428571428571,1.0
17001,2018,0,1,15,0.8571428571428571,1.0
17001,2022,0,1,15,0.8571428571428571,1.0
17001,2023,0,2,15,0.8571428571428571,1.0
17001,2024,0,3,15,0.8571428571428571,0.6666666666666666
17001,2025,0,2,15,0.8571428571428571,1.0
17002,2013,0,1,9,0.75,1.0
17002,2017,0,1,9,0.75,1.0
17002,2020,0,1,9,0.75,1.0
17002,2025,0,3,9,0.75,0.5
17003,2019,0,1,4,0.5,1.0
17003,2025,0,1,4,0.5,0.5
17004,2011,0,2,37,0.5,0.5
17004,2012,0,1,37,0.5,1.0
17004,2013,0,7,37,0.5,0.875
17004,2018,0,3,37,0.5,0.3333333333333333
17004,2019,0,2,37,0.5,1.0
17004,2022,0,4,37,0.5,0.25
17004,2023,0,11,37,0.5,0.2727272727272727
17004,2024,0,4,37,0.5,0.4
17005,2018,0,2,7,0.7142857142857143,1.0
17005,2019,0,1,7,0.7142857142857143,1.0
17005,2022,0,1,7,0.7142857142857143,0.0
17005,2023,0,2,7,0.7142857142857143,0.5
17006,2010,0,1,12,0.5454545454545454,0.0
17006,2012,0,2,12,0.5454545454545454,1.0
17006,2013,0,2,12,0.5454545454545454,0.5
17006,2018,0,1,12,0.5454545454545454,1.0
17006,2019,0,1,12,0.5454545454545454,0.0
17006,2021,0,1,12,0.5454545454545454,0.0
17006,2022,0,1,12,0.5454545454545454,0.0
17006,2024,0,1,12,0.5454545454545454,1.0
17006,2025,0,1,12,0.5454545454545454,1.0
17007,2016,0,3,9,0.875,1.0
17007,2017,0,1,9,0.875,
17007,2018,0,1,9,0.875,0.0
17007,2021,0,1,9,0.875,1.0
17007,2022,0,1,9,0.875,1.0
17007,2024,1,1,9,0.875,1.0
17008,2008,0,1,15,0.7333333333333333,1.0
17008,2010,0,1,15,0.7333333333333333,1.0
17008,2017,0,1,15,0.7333333333333333,1.0
17008,2018,0,1,15,0.7333333333333333,1.0
17008,2019,0,2,15,0.7333333333333333,0.0
17008,2022,0,1,15,0.7333333333333333,1.0
17008,2023,0,1,15,0.7333333333333333,1.0
17008,2024,0,2,15,0.7333333333333333,0.0
17008,2025,1,2,15,0.7333333333333333,1.0
21001,2011,0,1,3,1.0,1.0
21001,2024,0,1,3,1.0,1.0
21002,2008,0,3,30,0.9666666666666667,1.0
21002,2009,0,1,30,0.9666666666666667,1.0
21002,2012,0,1,30,0.9666666666666667,1.0
21002,2013,0,1,30,0.9666666666666667,1.0
21002,2017,2,2,30,0.9666666666666667,1.0
21002,2019,0,2,30,0.9666666666666667,1.0
21002,2021,0,2,30,0.9666666666666667,1.0
21002,2022,0,4,30,0.9666666666666667,1.0
21002,2023,0,2,30,0.9666666666666667,0.5
21002,2024,2,4,30,0.9666666666666667,1.0
21002,2025,0,5,30,0.9666666666666667,1.0
21003,2011,0,1,6,0.6666666666666666,0.0
21003,2012,0,1,6,0.6666666666666666,0.0
21003,2018,0,1,6,0.6666666666666666,1.0
21003,2019,1,2,6,0.6666666666666666,1.0
21003,2021,1,1,6,0.6666666666666666,1.0
21004,2009,0,1,14,0.6153846153846154,1.0
21004,2011,1,1,14,0.6153846153846154,1.0
21004,2012,0,5,14,0.6153846153846154,0.5
21004,2016,0,1,14,0.6153846153846154,1.0
21004,2017,0,3,14,0.6153846153846154,0.0
21004,2019,0,2,14,0.6153846153846154,1.0
21005,2009,0,2,14,0.8571428571428571,1.0
21005,2011,0,1,14,0.8571428571428571,0.0
21005,2018,0,4,14,0.8571428571428571,1.0
21005,2019,0,2,14,0.8571428571428571,0.5
21005,2024,0,1,14,0.8571428571428571,1.0
21005,2025,0,1,14,0.8571428571428571,1.0
21006,2009,0,1,18,0.6666666666666666,1.0
21006,2010,0,1,18,0.6666666666666666,1.0
21006,2011,0,2,18,0.6666666666666666,1.0
21006,2014,1,1,18,0.6666666666666666,1.0
21006,2015,0,4,18,0.6666666666666666,0.0
21006,2019,0,1,18,0.6666666666666666,0.0
21006,2020,0,1,18,0.6666666666666666,1.0
21006,2022,0,1,18,0.6666666666666666,0.0
21006,2023,0,1,18,0.6666666666666666,1.0
21006,2025,0,2,18,0.6666666666666666,1.0
21007,2007,0,1,22,0.7272727272727273,1.0
21007,2008,0,2,22,0.7272727272727273,0.6666666666666666
21007,2009,0,2,22,0.7272727272727273,0.3333333333333333
21007,2010,0,1,22,0.7272727272727273,0.0
21007,2011,0,2,22,0.7272727272727273,0.0
21007,2013,0,1,22,0.7272727272727273,1.0
21007,2016,0,1,22,0.7272727272727273,1.0
21007,2018,0,1,22,0.7272727272727273,1.0
21007,2019,0,2,22,0.7272727272727273,1.0
21007,2022,1,2,22,0.7272727272727273,1.0
21007,2024,0,1,22,0.7272727272727273,1.0
21007,2025,1,3,22,0.7272727272727273,1.0
21008,2013,0,1,11,0.7272727272727273,1.0
21008,2021,0,1,11,0.7272727272727273,0.0
21008,2022,0,1,11,0.7272727272727273,1.0
21008,2024,0,2,11,0.7272727272727273,0.6666666666666666
21008,2025,0,1,11,0.7272727272727273,0.6666666666666666
21009,2007,0,2,28,0.9285714285714286,1.0
21009,2009,0,2,28,0.9285714285714286,1.0
21009,2010,0,4,28,0.9285714285714286,0.5
21009,2011,0,3,28,0.9285714285714286,1.0
21009,2015,1,1,28,0.9285714285714286,1.0
21009,2016,0,1,28,0.9285714285714286,1.0
21009,2017,1,2,28,0.9285714285714286,1.0
21009,2019,0,2,28,0.9285714285714286,1.0
21009,2020,0,3,28,0.9285714285714286,1.0
21009,2022,0,2,28,0.9285714285714286,1.0
21009,2023,0,1,28,0.9285714285714286,1.0
21009,2024,0,3,28,0.9285714285714286,1.0
21009,2025,0,1,28,0.9285714285714286,1.0
21010,2008,0,2,24,0.9583333333333334,1.0
21010,2009,0,2,24,0.9583333333333334,1.0
21010,2011,1,3,24,0.9583333333333334,1.0
21010,2012,0,1,24,0.9583333333333334,1.0
21010,2014,0,1,24,0.9583333333333334,1.0
21010,2015,1,1,24,0.9583333333333334,1.0
21010,2017,0,1,24,0.9583333333333334,1.0
21010,2018,0,1,24,0.9583333333333334,1.0
21010,2019,0,1,24,0.9583333333333334,0.0
21010,2022,0,1,24,0.9583333333333334,1.0
21010,2023,0,6,24,0.9583333333333334,1.0
21010,2024,0,1,24,0.9583333333333334,1.0
21010,2025,1,1,24,0.9583333333333334,1.0
21011,2007,0,1,21,0.95,1.0
21011,2008,3,3,21,0.95,1.0
21011,2009,0,1,21,0.95,1.0
21011,2010,0,1,21,0.95,1.0
21011,2011,0,1,21,0.95,1.0
21011,2012,1,1,21,0.95,1.0
21011,2019,0,4,21,0.95,1.0
21011,2021,0,2,21,0.95,1.0
21011,2022,0,2,21,0.95,1.0
21011,2024,1,1,21,0.95,0.0
21011,2025,1,1,21,0.95,1.0
21012,2008,0,1,23,0.9565217391304348,1.0
21012,2009,0,2,23,0.9565217391304348,1.0
21012,2011,0,1,23,0.9565217391304348,0.0
21012,2013,0,2,23,0.9565217391304348,1.0
21012,2015,0,1,23,0.9565217391304348,1.0
21012,2018,0,1,23,0.9565217391304348,1.0
21012,2019,0,1,23,0.9565217391304348,1.0
21012,2020,0,1,23,0.9565217391304348,1.0
21012,2023,0,7,23,0.9565217391304348,1.0
21012,2024,0,1,23,0.9565217391304348,1.0
21013,2007,1,1,16,0.9333333333333333,0.5
21013,2009,0,1,16,0.9333333333333333,1.0
21013,2010,0,2,16,0.9333333333333333,1.0
21013,2014,0,1,16,0.9333333333333333,1.0
21013,2017,0,1,16,0.9333333333333333,1.0
21013,2018,0,1,16,0.9333333333333333,
21013,2023,0,1,16,0.9333333333333333,1.0
21013,2024,0,1,16,0.9333333333333333,1.0
21013,2025,1,4,16,0.9333333333333333,1.0
21014,2008,2,3,33,0.90625,1.0
21014,2009,2,5,33,0.90625,1.0
21014,2011,0,2,33,0.90625,1.0
21014,2012,1,2,33,0.90625,1.0
21014,2014,0,3,33,0.90625,1.0
21014,2015,0,1,33,0.90625,1.0
21014,2018,0,1,33,0.90625,1.0
21014,2019,1,3,33,0.90625,1.0
21014,2020,0,1,33,0.90625,
21014,2023,0,5,33,0.90625,0.6
21014,2024,0,2,33,0.90625,1.0
21014,2025,0,4,33,0.90625,0.75
21015,2009,0,1,19,0.8947368421052632,1.0
21015,2010,0,3,19,0.8947368421052632,0.5
21015,2014,0,1,19,0.8947368421052632,1.0
21015,2017,0,1,19,0.8947368421052632,1.0
21015,2019,0,1,19,0.8947368421052632,1.0
21015,2020,0,1,19,0.8947368421052632,1.0
21015,2022,0,1,19,0.8947368421052632,1.0
21015,2023,0,1,19,0.8947368421052632,1.0
21015,2024,0,1,19,0.8947368421052632,1.0
21015,2025,1,1,19,0.8947368421052632,1.0
21016,2007,2,8,312,0.9644012944983819,1.0
21016,2008,9,40,312,0.9644012944983819,1.0
21016,2009,3,34,312,0.9644012944983819,0.9117647058823529
21016,2010,1,22,312,0.9644012944983819,0.9090909090909091
21016,2011,8,27,312,0.9644012944983819,0.8571428571428571
21016,2012,3,10,312,0.9644012944983819,1.0
21016,2013,0,7,312,0.9644012944983819,1.0
21016,2014,2,22,312,0.9644012944983819,1.0
21016,2015,3,11,312,0.9644012944983819,1.0
21016,2016,4,9,312,0.9644012944983819,1.0
21016,2017,2,8,312,0.9644012944983819,1.0
21016,2018,2,11,312,0.9644012944983819,1.0
21016,2019,1,9,312,0.9644012944983819,1.0
21016,2020,1,4,312,0.9644012944983819,1.0
21016,2021,0,6,312,0.9644012944983819,0.8571428571428571
21016,2022,3,11,312,0.9644012944983819,0.9
21016,2023,2,17,312,0.9644012944983819,1.0
21016,2024,6,24,312,0.9644012944983819,1.0
21016,2025,3,17,312,0.9644012944983819,1.0
21017,2009,0,1,5,1.0,1.0
21017,2023,0,1,5,1.0,1.0
21017,2024,0,1,5,1.0,1.0
21018,2007,1,2,21,0.85,1.0
21018,2010,0,1,21,0.85,1.0
21018,2013,0,1,21,0.85,1.0
21018,2016,0,1,21,0.85,1.0
21018,2017,0,1,21,0.85,1.0
21018,2018,0,2,21,0.85,1.0
21018,2022,0,1,21,0.85,1.0
21018,2024,2,5,21,0.85,0.6666666666666666
21018,2025,1,1,21,0.85,0.6666666666666666
21019,2008,0,1,11,0.9090909090909091,1.0
21019,2011,0,1,11,0.9090909090909091,1.0
21019,2016,0,2,11,0.9090909090909091,1.0
21019,2017,1,2,11,0.9090909090909091,1.0
21019,2018,1,1,11,0.9090909090909091,1.0
21019,2022,1,1,11,0.9090909090909091,0.0
21019,2024,0,1,11,0.9090909090909091,1.0
22001,2009,0,1,2,1.0,1.0
22002,2009,0,1,4,1.0,1.0
22002,2013,0,1,4,1.0,1.0
22002,2018,0,1,4,1.0,1.0
22003,2009,0,5,10,0.8,0.8
22003,2014,1,1,10,0.8,1.0
22003,2020,0,2,10,0.8,0.5
22003,2024,0,1,10,0.8,1.0
22004,2009,0,5,51,0.9607843137254902,1.0
22004,2011,0,1,51,0.9607843137254902,1.0
22004,2012,0,2,51,0.9607843137254902,1.0
22004,2015,0,2,51,0.9607843137254902,1.0
22004,2016,0,1,51,0.9607843137254902,1.0
22004,2019,0,11,51,0.9607843137254902,1.0
22004,2020,0,4,51,0.9607843137254902,1.0
22004,2021,0,2,51,0.9607843137254902,0.5
22004,2022,0,3,51,0.9607843137254902,0.6666666666666666
22004,2023,0,8,51,0.9607843137254902,1.0
22004,2024,0,2,51,0.9607843137254902,1.0
22004,2025,0,1,51,0.9607843137254902,1.0
22005,2019,0,2,4,0.75,0.5
22009,2011,0,1,2,1.0,1.0
22009,2019,0,1,2,1.0,1.0
23001,2007,4,58,1006,0.8759048603929679,0.8703703703703703
23001,2008,4,34,1006,0.8759048603929679,0.9375
23001,2009,10,118,1006,0.8759048603929679,0.8916666666666667
23001,2010,6,23,1006,0.8759048603929679,0.8333333333333334
23001,2011,5,86,1006,0.8759048603929679,0.7931034482758621
23001,2012,3,43,1006,0.8759048603929679,0.7954545454545454
23001,2013,0,17,1006,0.8759048603929679,1.0
23001,2014,6,38,1006,0.8759048603929679,0.7368421052631579
23001,2015,2,23,1006,0.8759048603929679,0.9130434782608695
23001,2016,11,41,1006,0.8759048603929679,0.8809523809523809
23001,2017,2,19,1006,0.8759048603929679,0.8095238095238095
23001,2018,12,41,1006,0.8759048603929679,0.9534883720930233
23001,2019,15,97,1006,0.8759048603929679,0.8888888888888888
23001,2020,6,39,1006,0.8759048603929679,0.8974358974358975
23001,2021,4,39,1006,0.8759048603929679,0.9487179487179487
23001,2022,8,66,1006,0.8759048603929679,0.8955223880597015
23001,2023,7,52,1006,0.8759048603929679,0.9137931034482759
23001,2024,4,57,1006,0.8759048603929679,0.9166666666666666
23001,2025,5,52,1006,0.8759048603929679,0.8214285714285714
23011,2007,0,1,75,0.8243243243243243,1.0
23011,2008,1,4,75,0.8243243243243243,0.75
23011,2009,1,18,75,0.8243243243243243,0.7647058823529411
23011,2010,0,2,75,0.8243243243243243,1.0
23011,2011,1,6,75,0.8243243243243243,1.0
23011,2012,0,6,75,0.8243243243243243,0.5
23011,2013,1,2,75,0.8243243243243243,1.0
23011,2014,0,1,75,0.8243243243243243,1.0
23011,2015,0,2,75,0.8243243243243243,0.5
23011,2016,0,3,75,0.8243243243243243,0.6666666666666666
23011,2017,1,1,75,0.8243243243243243,1.0
23011,2018,0,1,75,0.8243243243243243,0.0
23011,2019,1,2,75,0.8243243243243243,1.0
23011,2020,0,1,75,0.8243243243243243,1.0
23011,2021,0,1,75,0.8243243243243243,1.0
23011,2022,0,3,75,0.8243243243243243,0.7777777777777778
23011,2023,0,3,75,0.8243243243243243,1.0
23011,2024,0,5,75,0.8243243243243243,1.0
23011,2025,0,4,75,0.8243243243243243,1.0
23023,2008,0,38,236,0.7217391304347827,0.5675675675675675
23023,2009,0,87,236,0.7217391304347827,0.7471264367816092
23023,2010,0,1,236,0.7217391304347827,1.0
23023,2011,0,13,236,0.7217391304347827,0.75
23023,2012,0,4,236,0.7217391304347827,0.75
23023,2013,0,2,236,0.7217391304347827,0.6666666666666666
23023,2014,0,4,236,0.7217391304347827,1.0
23023,2015,0,2,236,0.7217391304347827,1.0
23023,2018,0,3,236,0.7217391304347827,1.0
23023,2019,1,4,236,0.7217391304347827,0.5
23023,2020,0,3,236,0.7217391304347827,0.0
23023,2021,0,2,236,0.7217391304347827,0.3333333333333333
23023,2022,1,17,236,0.7217391304347827,0.7777777777777778
23023,2023,0,14,236,0.7217391304347827,0.7647058823529411
23023,2024,0,6,236,0.7217391304347827,0.7142857142857143
23023,2025,1,9,236,0.7217391304347827,0.8695652173913043
23024,2008,0,1,38,0.8648648648648649,1.0
23024,2009,0,9,38,0.8648648648648649,0.9
23024,2010,1,1,38,0.8648648648648649,1.0
23024,2011,0,3,38,0.8648648648648649,0.75
23024,2015,0,1,38,0.8648648648648649,1.0
23024,2016,0,1,38,0.8648648648648649,1.0
23024,2017,0,1,38,0.8648648648648649,1.0
23024,2018,0,1,38,0.8648648648648649,0.0
23024,2019,0,1,38,0.8648648648648649,1.0
23024,2022,0,5,38,0.8648648648648649,1.0
23024,2023,0,3,38,0.8648648648648649,1.0
23024,2024,0,3,38,0.8648648648648649,0.3333333333333333
23024,2025,0,2,38,0.8648648648648649,1.0
23025,2007,1,3,156,0.7948717948717948,1.0
23025,2008,0,13,156,0.7948717948717948,0.9230769230769231
23025,2009,2,62,156,0.7948717948717948,0.9206349206349206
23025,2010,0,7,156,0.7948717948717948,0.8571428571428571
23025,2011,2,9,156,0.7948717948717948,0.7777777777777778
23025,2012,0,4,156,0.7948717948717948,1.0
23025,2013,1,5,156,0.7948717948717948,1.0
23025,2014,0,5,156,0.7948717948717948,0.8
23025,2015,0,1,156,0.7948717948717948,1.0
23025,2016,0,3,156,0.7948717948717948,1.0
23025,2017,0,2,156,0.7948717948717948,0.5
23025,2018,0,2,156,0.7948717948717948,0.5
23025,2019,0,3,156,0.7948717948717948,1.0
23025,2021,0,1,156,0.7948717948717948,1.0
23025,2022,0,1,156,0.7948717948717948,0.0
23025,2023,0,7,156,0.7948717948717948,0.75
23025,2024,0,16,156,0.7948717948717948,0.23529411764705882
23025,2025,0,6,156,0.7948717948717948,0.625
24001,2008,0,1,17,0.8235294117647058,1.0
24001,2009,0,4,17,0.8235294117647058,0.75
24001,2010,0,1,17,0.8235294117647058,1.0
24001,2011,0,1,17,0.8235294117647058,0.0
24001,2012,1,1,17,0.8235294117647058,1.0
24001,2016,0,1,17,0.8235294117647058,0.0
24001,2017,2,2,17,0.8235294117647058,1.0
24001,2020,0,1,17,0.8235294117647058,1.0
24001,2023,0,1,17,0.8235294117647058,1.0
24001,2024,0,2,17,0.8235294117647058,1.0
24002,2007,0,1,24,0.8333333333333334,1.0
24002,2009,1,4,24,0.8333333333333334,1.0
24002,2010,0,3,24,0.8333333333333334,0.6666666666666666
24002,2011,0,3,24,0.8333333333333334,0.6666666666666666
24002,2012,0,1,24,0.8333333333333334,1.0
24002,2014,0,1,24,0.8333333333333334,1.0
24002,2017,0,1,24,0.8333333333333334,1.0
24002,2018,2,2,24,0.8333333333333334,1.0
24002,2019,2,3,24,0.8333333333333334,1.0
24002,2020,0,1,24,0.8333333333333334,0.0
24002,2021,0,1,24,0.8333333333333334,0.0
24002,2024,0,2,24,0.8333333333333334,1.0
24002,2025,0,1,24,0.8333333333333334,1.0
24003,2009,0,1,18,0.8823529411764706,1.0
24003,2011,0,4,18,0.8823529411764706,0.75
24003,2012,0,2,18,0.8823529411764706,1.0
24003,2018,0,2,18,0.8823529411764706,1.0
24003,2019,1,2,18,0.8823529411764706,0.5
24003,2021,0,1,18,0.8823529411764706,1.0
24003,2022,0,2,18,0.8823529411764706,1.0
24003,2025,0,2,18,0.8823529411764706,1.0
24004,2007,2,2,76,0.6710526315789473,1.0
24004,2008,0,4,76,0.6710526315789473,0.75
24004,2009,0,1,76,0.6710526315789473,1.0
24004,2010,2,7,76,0.6710526315789473,0.875
24004,2011,1,3,76,0.6710526315789473,0.75
24004,2012,0,4,76,0.6710526315789473,0.75
24004,2013,0,2,76,0.6710526315789473,0.0
24004,2014,0,2,76,0.6710526315789473,0.75
24004,2015,0,11,76,0.6710526315789473,0.14285714285714285
24004,2018,0,2,76,0.6710526315789473,0.6666666666666666
24004,2019,0,1,76,0.6710526315789473,1.0
24004,2020,0,2,76,0.6710526315789473,1.0
24004,2021,0,1,76,0.6710526315789473,1.0
24004,2022,0,5,76,0.6710526315789473,0.8
24004,2023,0,5,76,0.6710526315789473,1.0
24004,2024,0,8,76,0.6710526315789473,0.5555555555555556
24004,2025,0,3,76,0.6710526315789473,1.0
24005,2008,1,1,6,0.6666666666666666,1.0
24005,2009,0,1,6,0.6666666666666666,1.0
24005,2012,1,1,6,0.6666666666666666,0.0
24005,2013,0,1,6,0.6666666666666666,1.0
24005,2014,0,1,6,0.6666666666666666,0.0
24005,2024,0,1,6,0.6666666666666666,1.0
24006,2008,0,2,42,0.8717948717948718,1.0
24006,2009,0,19,42,0.8717948717948718,0.9444444444444444
24006,2011,0,2,42,0.8717948717948718,0.5
24006,2014,0,2,42,0.8717948717948718,1.0
24006,2021,0,1,42,0.8717948717948718,1.0
24006,2023,0,6,42,0.8717948717948718,0.7142857142857143
24006,2024,0,3,42,0.8717948717948718,0.6666666666666666
24007,2008,1,7,100,0.8383838383838383,0.6666666666666666
24007,2009,0,5,100,0.8383838383838383,0.5714285714285714
24007,2010,1,5,100,0.8383838383838383,0.5
24007,2011,3,14,100,0.8383838383838383,0.8
24007,2012,0,3,100,0.8383838383838383,1.0
24007,2013,0,4,100,0.8383838383838383,1.0
24007,2014,0,4,100,0.8383838383838383,1.0
24007,2015,1,6,100,0.8383838383838383,0.8571428571428571
24007,2016,1,1,100,0.8383838383838383,1.0
24007,2018,1,3,100,0.8383838383838383,1.0
24007,2019,3,5,100,0.8383838383838383,1.0
24007,2020,0,3,100,0.8383838383838383,1.0
24007,2021,0,5,100,0.8383838383838383,0.8
24007,2022,0,2,100,0.8383838383838383,1.0
24007,2023,1,1,100,0.8383838383838383,1.0
24007,2024,1,6,100,0.8383838383838383,1.0
24007,2025,2,3,100,0.8383838383838383,0.8333333333333334
24008,2009,0,1,9,0.4444444444444444,1.0
24008,2010,0,2,9,0.4444444444444444,1.0
24008,2014,0,1,9,0.4444444444444444,0.0
24008,2018,0,2,9,0.4444444444444444,0.0
25001,2007,2,10,270,0.7384615384615385,1.0
25001,2008,1,3,270,0.7384615384615385,1.0
25001,2009,2,6,270,0.7384615384615385,0.8
25001,2010,1,6,270,0.7384615384615385,1.0
25001,2011,6,23,270,0.7384615384615385,0.8695652173913043
25001,2012,3,12,270,0.7384615384615385,0.7692307692307693
25001,2013,3,13,270,0.7384615384615385,0.8
25001,2014,1,7,270,0.7384615384615385,0.875
25001,2015,1,3,270,0.7384615384615385,0.5
25001,2016,1,3,270,0.7384615384615385,1.0
25001,2017,3,10,270,0.7384615384615385,0.9
25001,2018,1,13,270,0.7384615384615385,0.8333333333333334
25001,2019,0,8,270,0.7384615384615385,0.8
25001,2020,0,9,270,0.7384615384615385,1.0
25001,2021,1,6,270,0.7384615384615385,0.8333333333333334
25001,2022,2,15,270,0.7384615384615385,0.9285714285714286
25001,2023,1,14,270,0.7384615384615385,1.0
25001,2024,5,16,270,0.7384615384615385,1.0
25001,2025,0,75,270,0.7384615384615385,0.38271604938271603
25002,2007,1,1,7,1.0,1.0
25002,2008,1,1,7,1.0,1.0
25002,2011,0,1,7,1.0,1.0
25002,2012,1,1,7,1.0,1.0
25002,2014,0,1,7,1.0,1.0
25003,2013,0,1,4,1.0,
25003,2025,1,1,4,1.0,1.0
25004,2008,0,2,7,1.0,1.0
25004,2009,0,1,7,1.0,1.0
25004,2012,0,1,7,1.0,1.0
25004,2014,0,2,7,1.0,1.0
25005,2016,0,1,1,1.0,1.0
25006,2008,0,1,2,1.0,1.0
25006,2020,0,1,2,1.0,1.0
25007,2008,1,1,2,1.0,1.0
25007,2009,0,1,2,1.0,1.0
25008,2009,0,2,10,0.7777777777777778,1.0
25008,2013,0,1,10,0.7777777777777778,1.0
25008,2020,0,1,10,0.7777777777777778,1.0
25008,2023,0,1,10,0.7777777777777778,0.0
25008,2025,0,1,10,0.7777777777777778,0.5
25009,2014,0,1,6,1.0,1.0
25009,2021,0,1,6,1.0,1.0
25009,2022,0,1,6,1.0,1.0
25009,2023,0,1,6,1.0,1.0
25010,2011,0,1,8,0.875,1.0
25010,2013,0,1,8,0.875,1.0
25010,2018,0,2,8,0.875,1.0
25010,2019,0,1,8,0.875,1.0
25010,2023,0,1,8,0.875,1.0
25010,2024,0,2,8,0.875,0.5
25012,2007,1,1,5,1.0,1.0
25012,2013,0,1,5,1.0,
25012,2015,0,1,5,1.0,1.0
25012,2016,0,1,5,1.0,1.0
25012,2018,1,1,5,1.0,1.0
25014,2007,0,1,5,0.5,0.0
25014,2019,0,1,5,0.5,1.0
25014,2020,0,1,5,0.5,1.0
25015,2015,0,1,9,1.0,1.0
25015,2016,0,1,9,1.0,1.0
25015,2020,0,1,9,1.0,1.0
25015,2023,1,1,9,1.0,1.0
25015,2024,1,4,9,1.0,1.0
25015,2025,0,1,9,1.0,1.0
25016,2008,2,6,65,0.9682539682539683,1.0
25016,2009,0,1,65,0.9682539682539683,1.0
25016,2010,0,1,65,0.9682539682539683,1.0
25016,2012,2,2,65,0.9682539682539683,1.0
25016,2013,0,2,65,0.9682539682539683,1.0
25016,2014,1,4,65,0.9682539682539683,1.0
25016,2015,0,5,65,0.9682539682539683,1.0
25016,2016,0,3,65,0.9682539682539683,1.0
25016,2018,2,2,65,0.9682539682539683,1.0
25016,2019,1,8,65,0.9682539682539683,1.0
25016,2020,0,3,65,0.9682539682539683,1.0
25016,2021,0,1,65,0.9682539682539683,1.0
25016,2022,0,5,65,0.9682539682539683,0.8
25016,2023,1,11,65,0.9682539682539683,1.0
25016,2024,0,4,65,0.9682539682539683,0.75
25016,2025,2,6,65,0.9682539682539683,1.0
26001,2011,0,1,5,1.0,1.0
26001,2013,1,2,5,1.0,1.0
26002,2009,0,1,13,0.75,0.0
26002,2013,0,1,13,0.75,1.0
26002,2019,0,1,13,0.75,1.0
26002,2020,0,3,13,0.75,1.0
26002,2021,0,1,13,0.75,0.0
26002,2022,0,1,13,0.75,0.0
26002,2023,0,2,13,0.75,1.0
26003,2007,0,8,159,0.8926174496644296,0.625
26003,2008,4,15,159,0.8926174496644296,0.6666666666666666
26003,2009,0,5,159,0.8926174496644296,1.0
26003,2010,4,16,159,0.8926174496644296,0.7692307692307693
26003,2011,2,21,159,0.8926174496644296,0.9
26003,2012,0,5,159,0.8926174496644296,1.0
26003,2013,1,5,159,0.8926174496644296,1.0
26003,2014,0,3,159,0.8926174496644296,1.0
26003,2016,1,5,159,0.8926174496644296,1.0
26003,2017,0,5,159,0.8926174496644296,1.0
26003,2018,1,8,159,0.8926174496644296,0.8888888888888888
26003,2019,2,11,159,0.8926174496644296,1.0
26003,2020,0,1,159,0.8926174496644296,1.0
26003,2021,0,2,159,0.8926174496644296,1.0
26003,2022,0,7,159,0.8926174496644296,0.875
26003,2023,0,3,159,0.8926174496644296,1.0
26003,2024,1,5,159,0.8926174496644296,0.875
26003,2025,1,7,159,0.8926174496644296,1.0
26004,2007,0,1,17,0.5625,1.0
26004,2009,0,1,17,0.5625,0.0
26004,2010,0,1,17,0.5625,0.5
26004,2011,0,1,17,0.5625,1.0
26004,2012,0,1,17,0.5625,0.0
26004,2016,0,1,17,0.5625,0.0
26004,2017,0,1,17,0.5625,1.0
26004,2020,0,1,17,0.5625,0.5
26004,2023,0,1,17,0.5625,0.5
26004,2024,1,1,17,0.5625,1.0
26005,2007,0,3,75,0.726027397260274,1.0
26005,2008,0,6,75,0.726027397260274,1.0
26005,2009,2,3,75,0.726027397260274,1.0
26005,2010,0,4,75,0.726027397260274,1.0
26005,2011,1,21,75,0.726027397260274,0.1
26005,2012,0,1,75,0.726027397260274,1.0
26005,2013,0,1,75,0.726027397260274,1.0
26005,2014,0,2,75,0.726027397260274,1.0
26005,2015,0,2,75,0.726027397260274,1.0
26005,2016,0,1,75,0.726027397260274,1.0
26005,2018,0,3,75,0.726027397260274,0.6666666666666666
26005,2019,0,4,75,0.726027397260274,1.0
26005,2020,0,1,75,0.726027397260274,1.0
26005,2021,0,3,75,0.726027397260274,1.0
26005,2022,1,7,75,0.726027397260274,1.0
26005,2023,0,4,75,0.726027397260274,1.0
26005,2025,0,5,75,0.726027397260274,0.8333333333333334
26006,2007,0,3,79,0.8289473684210527,0.75
26006,2008,0,1,79,0.8289473684210527,1.0
26006,2009,0,3,79,0.8289473684210527,1.0
26006,2010,1,2,79,0.8289473684210527,1.0
26006,2011,4,9,79,0.8289473684210527,0.8
26006,2012,0,3,79,0.8289473684210527,0.6666666666666666
26006,2014,1,5,79,0.8289473684210527,0.8333333333333334
26006,2016,0,1,79,0.8289473684210527,1.0
26006,2017,0,4,79,0.8289473684210527,1.0
26006,2018,0,4,79,0.8289473684210527,0.5555555555555556
26006,2019,0,4,79,0.8289473684210527,0.5
26006,2020,0,1,79,0.8289473684210527,1.0
26006,2022,0,4,79,0.8289473684210527,1.0
26006,2023,0,10,79,0.8289473684210527,0.9230769230769231
26006,2024,3,7,79,0.8289473684210527,1.0
26006,2025,1,3,79,0.8289473684210527,0.5
26007,2016,0,1,5,1.0,1.0
26007,2018,1,2,5,1.0,1.0
26007,2021,0,1,5,1.0,1.0
26008,2007,1,7,147,0.9302325581395349,1.0
26008,2008,0,2,147,0.9302325581395349,1.0
26008,2009,2,6,147,0.9302325581395349,1.0
26008,2010,1,34,147,0.9302325581395349,0.7727272727272727
26008,2011,3,6,147,0.9302325581395349,1.0
26008,2012,0,3,147,0.9302325581395349,1.0
26008,2013,1,5,147,0.9302325581395349,1.0
26008,2014,0,1,147,0.9302325581395349,1.0
26008,2015,1,2,147,0.9302325581395349,0.5
26008,2016,0,2,147,0.9302325581395349,1.0
26008,2017,3,8,147,0.9302325581395349,1.0
26008,2018,0,7,147,0.9302325581395349,0.8571428571428571
26008,2019,0,14,147,0.9302325581395349,0.9333333333333333
26008,2020,0,3,147,0.9302325581395349,1.0
26008,2021,0,2,147,0.9302325581395349,1.0
26008,2022,1,15,147,0.9302325581395349,0.9444444444444444
26008,2023,0,5,147,0.9302325581395349,1.0
26008,2024,0,3,147,0.9302325581395349,1.0
26008,2025,3,5,147,0.9302325581395349,1.0
26009,2011,0,1,6,0.6666666666666666,1.0
26009,2019,0,3,6,0.6666666666666666,1.0
26009,2022,0,1,6,0.6666666666666666,0.0
26009,2024,0,1,6,0.6666666666666666,0.0
26010,2007,25,171,3771,0.8302658486707567,0.7988165680473372
26010,2008,10,143,3771,0.8302658486707567,0.7943262411347518
26010,2009,12,157,3771,0.8302658486707567,0.8780487804878049
26010,2010,13,186,3771,0.8302658486707567,0.7065217391304348
26010,2011,35,306,3771,0.8302658486707567,0.8543046357615894
26010,2012,18,93,3771,0.8302658486707567,0.872093023255814
26010,2013,12,146,3771,0.8302658486707567,0.8548387096774194
26010,2014,22,192,3771,0.8302658486707567,0.7119565217391305
26010,2015,21,129,3771,0.8302658486707567,0.9186991869918699
26010,2016,19,143,3771,0.8302658486707567,0.8473282442748091
26010,2017,26,191,3771,0.8302658486707567,0.865979381443299
26010,2018,21,158,3771,0.8302658486707567,0.84375
26010,2019,30,188,3771,0.8302658486707567,0.8775510204081632
26010,2020,20,60,3771,0.8302658486707567,0.864406779661017
26010,2021,25,124,3771,0.8302658486707567,0.888
26010,2022,63,492,3771,0.8302658486707567,0.7744034707158352
26010,2023,30,190,3771,0.8302658486707567,0.8563829787234043
26010,2024,29,192,3771,0.8302658486707567,0.8601036269430051
26010,2025,37,245,3771,0.8302658486707567,0.8619246861924686
26011,2008,0,1,5,0.8,1.0
26011,2010,0,1,5,0.8,1.0
26011,2017,0,1,5,0.8,1.0
26011,2020,0,1,5,0.8,0.0
26012,2007,1,1,3,0.6666666666666666,1.0
26012,2010,1,1,3,0.6666666666666666,1.0
26012,2024,0,1,3,0.6666666666666666,0.0
27001,2007,5,39,743,0.8766937669376694,1.0
27001,2008,4,53,743,0.8766937669376694,0.828125
27001,2009,4,52,743,0.8766937669376694,0.8813559322033898
27001,2010,1,38,743,0.8766937669376694,0.8333333333333334
27001,2011,6,64,743,0.8766937669376694,0.9117647058823529
27001,2012,6,30,743,0.8766937669376694,0.78125
27001,2013,5,36,743,0.8766937669376694,0.8333333333333334
27001,2014,6,53,743,0.8766937669376694,0.7818181818181819
27001,2015,2,20,743,0.8766937669376694,0.782608695652174
27001,2016,3,13,743,0.8766937669376694,0.9230769230769231
27001,2017,7,55,743,0.8766937669376694,0.8148148148148148
27001,2018,3,32,743,0.8766937669376694,0.9428571428571428
27001,2019,4,38,743,0.8766937669376694,0.9230769230769231
27001,2020,4,28,743,0.8766937669376694,0.9629629629629629
27001,2021,2,18,743,0.8766937669376694,0.9
27001,2022,11,49,743,0.8766937669376694,0.9183673469387755
27001,2023,6,31,743,0.8766937669376694,0.9375
27001,2024,5,25,743,0.8766937669376694,0.8846153846153846
27001,2025,8,24,743,0.8766937669376694,0.92
27002,2007,1,2,34,0.7419354838709677,1.0
27002,2008,0,1,34,0.7419354838709677,1.0
27002,2009,0,1,34,0.7419354838709677,0.0
27002,2010,0,3,34,0.7419354838709677,0.6666666666666666
27002,2011,0,5,34,0.7419354838709677,0.8
27002,2012,0,2,34,0.7419354838709677,0.3333333333333333
27002,2013,0,1,34,0.7419354838709677,0.0
27002,2014,0,1,34,0.7419354838709677,1.0
27002,2015,0,1,34,0.7419354838709677,1.0
27002,2017,0,1,34,0.7419354838709677,1.0
27002,2018,0,2,34,0.7419354838709677,1.0
27002,2019,0,2,34,0.7419354838709677,1.0
27002,2020,0,1,34,0.7419354838709677,1.0
27002,2021,0,2,34,0.7419354838709677,1.0
27002,2023,0,3,34,0.7419354838709677,0.3333333333333333
27002,2025,0,1,34,0.7419354838709677,1.0
27003,2008,1,3,89,0.875,1.0
27003,2009,0,3,89,0.875,1.0
27003,2010,1,10,89,0.875,0.5
27003,2011,0,1,89,0.875,1.0
27003,2012,0,1,89,0.875,0.5
27003,2013,0,4,89,0.875,1.0
27003,2014,0,3,89,0.875,1.0
27003,2015,0,1,89,0.875,1.0
27003,2016,0,1,89,0.875,1.0
27003,2017,2,4,89,0.875,1.0
27003,2018,2,4,89,0.875,1.0
27003,2019,1,8,89,0.875,1.0
27003,2021,1,2,89,0.875,1.0
27003,2022,2,21,89,0.875,0.9523809523809523
27003,2023,1,10,89,0.875,0.7272727272727273
27003,2024,0,3,89,0.875,1.0
27004,2008,0,3,88,0.872093023255814,0.6666666666666666
27004,2009,1,6,88,0.872093023255814,1.0
27004,2010,1,7,88,0.872093023255814,0.7777777777777778
27004,2011,0,3,88,0.872093023255814,1.0
27004,2012,3,6,88,0.872093023255814,1.0
27004,2013,1,5,88,0.872093023255814,0.8333333333333334
27004,2014,0,1,88,0.872093023255814,1.0
27004,2015,0,4,88,0.872093023255814,0.8333333333333334
27004,2017,1,9,88,0.872093023255814,0.8571428571428571
27004,2018,3,6,88,0.872093023255814,0.7142857142857143
27004,2019,0,3,88,0.872093023255814,1.0
27004,2021,0,1,88,0.872093023255814,1.0
27004,2022,0,9,88,0.872093023255814,0.8888888888888888
27004,2023,0,5,88,0.872093023255814,1.0
27004,2024,1,3,88,0.872093023255814,0.8
27004,2025,0,1,88,0.872093023255814,0.0
27005,2009,0,4,12,1.0,1.0
27005,2014,0,3,12,1.0,1.0
27005,2018,0,1,12,1.0,1.0
27005,2019,1,1,12,1.0,1.0
27005,2023,0,1,12,1.0,1.0
27005,2024,0,1,12,1.0,1.0
27006,2008,0,1,28,0.9285714285714286,1.0
27006,2009,0,1,28,0.9285714285714286,1.0
27006,2010,0,2,28,0.9285714285714286,1.0
27006,2011,1,4,28,0.9285714285714286,1.0
27006,2012,0,4,28,0.9285714285714286,1.0
27006,2013,0,2,28,0.9285714285714286,0.0
27006,2014,0,2,28,0.9285714285714286,1.0
27006,2016,0,1,28,0.9285714285714286,1.0
27006,2017,1,2,28,0.9285714285714286,1.0
27006,2018,0,2,28,0.9285714285714286,1.0
27006,2019,0,3,28,0.9285714285714286,1.0
27006,2022,0,2,28,0.9285714285714286,1.0
27006,2024,0,1,28,0.9285714285714286,1.0
27007,2007,0,3,14,0.6923076923076923,0.5
27007,2008,0,1,14,0.6923076923076923,0.5
27007,2010,0,1,14,0.6923076923076923,1.0
27007,2011,0,1,14,0.6923076923076923,1.0
27007,2012,0,1,14,0.6923076923076923,1.0
27007,2014,0,1,14,0.6923076923076923,1.0
27007,2015,0,1,14,0.6923076923076923,0.0
27007,2019,0,2,14,0.6923076923076923,1.0
27008,2007,0,1,9,0.8888888888888888,1.0
27008,2008,0,2,9,0.8888888888888888,1.0
27008,2009,0,1,9,0.8888888888888888,1.0
27008,2011,0,1,9,0.8888888888888888,1.0
27008,2013,0,2,9,0.8888888888888888,1.0
27008,2021,0,1,9,0.8888888888888888,1.0
27009,2010,0,1,8,0.5,0.0
27009,2013,1,3,8,0.5,0.6666666666666666
27009,2015,0,1,8,0.5,0.0
27009,2023,1,1,8,0.5,1.0
27010,2008,0,1,9,1.0,1.0
27010,2013,1,1,9,1.0,1.0
27010,2022,1,2,9,1.0,1.0
27010,2024,0,1,9,1.0,1.0
28001,2007,9,45,420,0.946987951807229,0.9183673469387755
28001,2008,9,36,420,0.946987951807229,0.972972972972973
28001,2009,10,33,420,0.946987951807229,1.0
28001,2010,9,43,420,0.946987951807229,0.9285714285714286
28001,2011,11,31,420,0.946987951807229,0.9354838709677419
28001,2012,5,16,420,0.946987951807229,0.8888888888888888
28001,2013,4,15,420,0.946987951807229,0.9333333333333333
28001,2014,6,23,420,0.946987951807229,0.875
28001,2015,6,17,420,0.946987951807229,0.9411764705882353
28001,2016,1,10,420,0.946987951807229,1.0
28001,2017,5,20,420,0.946987951807229,0.9523809523809523
28001,2018,2,9,420,0.946987951807229,1.0
28001,2019,2,12,420,0.946987951807229,1.0
28001,2020,4,8,420,0.946987951807229,0.8888888888888888
28001,2021,2,8,420,0.946987951807229,0.875
28001,2022,6,18,420,0.946987951807229,0.9583333333333334
28001,2023,3,17,420,0.946987951807229,1.0
28001,2024,3,14,420,0.946987951807229,0.9375
28001,2025,3,17,420,0.946987951807229,1.0
28002,2007,1,1,20,0.9,1.0
28002,2008,0,2,20,0.9,1.0
28002,2009,0,1,20,0.9,1.0
28002,2010,0,1,20,0.9,1.0
28002,2011,0,2,20,0.9,1.0
28002,2013,1,1,20,0.9,1.0
28002,2014,0,2,20,0.9,0.5
28002,2015,0,1,20,0.9,1.0
28002,2017,0,3,20,0.9,1.0
28002,2019,0,1,20,0.9,1.0
28002,2022,0,1,20,0.9,1.0
28002,2024,1,1,20,0.9,1.0
28002,2025,0,1,20,0.9,0.5
28003,2007,0,1,33,0.9354838709677419,0.0
28003,2008,1,1,33,0.9354838709677419,1.0
28003,2009,0,2,33,0.9354838709677419,1.0
28003,2010,1,2,33,0.9354838709677419,1.0
28003,2011,1,1,33,0.9354838709677419,1.0
28003,2012,0,1,33,0.9354838709677419,
28003,2013,1,1,33,0.9354838709677419,1.0
28003,2014,1,1,33,0.9354838709677419,1.0
28003,2015,1,2,33,0.9354838709677419,1.0
28003,2018,0,4,33,0.9354838709677419,1.0
28003,2022,0,2,33,0.9354838709677419,1.0
28003,2023,1,1,33,0.9354838709677419,1.0
28004,2007,2,3,21,0.9523809523809523,1.0
28004,2008,1,3,21,0.9523809523809523,1.0
28004,2009,1,1,21,0.9523809523809523,1.0
28004,2010,0,2,21,0.9523809523809523,1.0
28004,2011,2,3,21,0.9523809523809523,1.0
28004,2013,1,1,21,0.9523809523809523,1.0
28004,2018,0,1,21,0.9523809523809523,0.0
28004,2019,0,2,21,0.9523809523809523,1.0
28004,2024,0,1,21,0.9523809523809523,1.0
28005,2010,0,1,7,0.8571428571428571,1.0
28005,2011,0,1,7,0.8571428571428571,0.0
28005,2012,1,1,7,0.8571428571428571,1.0
28005,2015,1,1,7,0.8571428571428571,1.0
28005,2023,0,1,7,0.8571428571428571,1.0
28005,2024,1,1,7,0.8571428571428571,1.0
28006,2007,8,23,212,0.9666666666666667,0.9583333333333334
28006,2008,1,23,212,0.9666666666666667,0.8636363636363636
28006,2009,5,15,212,0.9666666666666667,1.0
28006,2010,1,15,212,0.9666666666666667,1.0
28006,2011,2,11,212,0.9666666666666667,0.9090909090909091
28006,2012,5,14,212,0.9666666666666667,1.0
28006,2013,5,12,212,0.9666666666666667,0.9166666666666666
28006,2014,3,10,212,0.9666666666666667,1.0
28006,2015,3,13,212,0.9666666666666667,1.0
28006,2016,0,6,212,0.9666666666666667,0.8333333333333334
28006,2017,1,10,212,0.9666666666666667,1.0
28006,2018,1,5,212,0.9666666666666667,1.0
28006,2019,3,8,212,0.9666666666666667,1.0
28006,2020,1,3,212,0.9666666666666667,1.0
28006,2021,1,5,212,0.9666666666666667,1.0
28006,2022,2,9,212,0.9666666666666667,1.0
28006,2023,3,11,212,0.9666666666666667,1.0
28006,2024,1,6,212,0.9666666666666667,1.0
28006,2025,1,4,212,0.9666666666666667,1.0
28007,2007,0,4,36,0.9722222222222222,0.75
28007,2008,0,4,36,0.9722222222222222,1.0
28007,2009,0,4,36,0.9722222222222222,1.0
28007,2010,1,6,36,0.9722222222222222,1.0
28007,2011,1,1,36,0.9722222222222222,1.0
28007,2013,0,1,36,0.9722222222222222,1.0
28007,2014,2,3,36,0.9722222222222222,1.0
28007,2015,4,6,36,0.9722222222222222,1.0
28007,2016,1,1,36,0.9722222222222222,1.0
28007,2018,0,1,36,0.9722222222222222,1.0
28007,2021,0,1,36,0.9722222222222222,1.0
28007,2023,1,1,36,0.9722222222222222,1.0
28007,2025,1,3,36,0.9722222222222222,1.0
29001,2010,0,2,14,1.0,1.0
29001,2011,0,3,14,1.0,1.0
29001,2013,1,1,14,1.0,1.0
29001,2014,0,1,14,1.0,1.0
29001,2015,0,1,14,1.0,1.0
29001,2017,0,1,14,1.0,1.0
29001,2020,0,1,14,1.0,1.0
29001,2024,0,1,14,1.0,1.0
29002,2018,0,1,5,0.8,1.0
29002,2019,0,1,5,0.8,0.6666666666666666
29003,2015,0,1,4,0.0,0.0
29003,2018,0,2,4,0.0,0.0
29003,2019,0,1,4,0.0,0.0
29004,2007,1,4,107,0.9595959595959596,1.0
29004,2008,0,1,107,0.9595959595959596,0.0
29004,2009,0,8,107,0.9595959595959596,1.0
29004,2010,2,13,107,0.9595959595959596,1.0
29004,2011,0,9,107,0.9595959595959596,1.0
29004,2012,0,7,107,0.9595959595959596,1.0
29004,2013,0,4,107,0.9595959595959596,0.8
29004,2014,1,6,107,0.9595959595959596,0.8333333333333334
29004,2015,2,3,107,0.9595959595959596,1.0
29004,2018,0,1,107,0.9595959595959596,1.0
29004,2019,1,5,107,0.9595959595959596,1.0
29004,2021,1,5,107,0.9595959595959596,1.0
29004,2022,1,5,107,0.9595959595959596,1.0
29004,2023,2,6,107,0.9595959595959596,1.0
29004,2024,2,6,107,0.9595959595959596,1.0
29004,2025,2,8,107,0.9595959595959596,0.9
29005,2007,0,1,19,0.8333333333333334,1.0
29005,2008,0,1,19,0.8333333333333334,0.0
29005,2009,0,1,19,0.8333333333333334,1.0
29005,2010,0,2,19,0.8333333333333334,1.0
29005,2011,0,1,19,0.8333333333333334,1.0
29005,2012,0,2,19,0.8333333333333334,0.6666666666666666
29005,2015,0,1,19,0.8333333333333334,0.0
29005,2017,0,3,19,0.8333333333333334,1.0
29005,2020,1,2,19,0.8333333333333334,1.0
29005,2022,0,1,19,0.8333333333333334,1.0
29005,2023,0,2,19,0.8333333333333334,1.0
29006,2007,1,3,62,0.85,0.6666666666666666
29006,2008,1,3,62,0.85,1.0
29006,2009,0,1,62,0.85,1.0
29006,2010,1,1,62,0.85,1.0
29006,2011,1,4,62,0.85,1.0
29006,2012,2,3,62,0.85,1.0
29006,2013,0,6,62,0.85,1.0
29006,2014,1,2,62,0.85,1.0
29006,2015,0,1,62,0.85,1.0
29006,2016,0,2,62,0.85,0.5
29006,2017,0,3,62,0.85,0.5
29006,2018,0,2,62,0.85,1.0
29006,2019,1,3,62,0.85,0.6666666666666666
29006,2021,0,2,62,0.85,1.0
29006,2022,0,4,62,0.85,1.0
29006,2023,2,4,62,0.85,1.0
29006,2024,0,5,62,0.85,0.4
29006,2025,0,2,62,0.85,1.0
29007,2008,0,1,8,0.5,0.0
29007,2010,0,2,8,0.5,1.0
29007,2013,1,3,8,0.5,0.6666666666666666
29007,2020,0,1,8,0.5,0.0
29008,2008,0,1,3,0.3333333333333333,1.0
29008,2015,0,1,3,0.3333333333333333,0.0
29008,2019,0,1,3,0.3333333333333333,0.0
29009,2007,2,24,211,0.9567307692307693,0.8636363636363636
29009,2008,1,24,211,0.9567307692307693,0.9166666666666666
29009,2009,5,16,211,0.9567307692307693,1.0
29009,2010,3,9,211,0.9567307692307693,1.0
29009,2011,2,17,211,0.9567307692307693,1.0
29009,2012,1,8,211,0.9567307692307693,1.0
29009,2013,0,17,211,0.9567307692307693,1.0
29009,2014,3,14,211,0.9567307692307693,0.9375
29009,2015,1,6,211,0.9567307692307693,1.0
29009,2016,0,4,211,0.9567307692307693,1.0
29009,2017,0,5,211,0.9567307692307693,1.0
29009,2018,2,5,211,0.9567307692307693,1.0
29009,2019,0,8,211,0.9567307692307693,1.0
29009,2020,1,1,211,0.9567307692307693,1.0
29009,2021,0,2,211,0.9567307692307693,1.0
29009,2022,0,8,211,0.9567307692307693,0.6666666666666666
29009,2023,1,9,211,0.9567307692307693,1.0
29009,2024,2,15,211,0.9567307692307693,1.0
29009,2025,0,2,211,0.9567307692307693,1.0
29010,2008,0,1,9,0.8888888888888888,1.0
29010,2017,0,1,9,0.8888888888888888,1.0
29010,2021,0,1,9,0.8888888888888888,1.0
29010,2022,0,1,9,0.8888888888888888,0.0
29010,2023,0,1,9,0.8888888888888888,1.0
29010,2024,0,1,9,0.8888888888888888,1.0
29011,2020,0,1,2,1.0,1.0
29012,2007,2,4,139,0.9172932330827067,1.0
29012,2008,0,4,139,0.9172932330827067,1.0
29012,2009,6,14,139,0.9172932330827067,1.0
29012,2010,4,22,139,0.9172932330827067,1.0
29012,2011,3,8,139,0.9172932330827067,1.0
29012,2012,0,2,139,0.9172932330827067,1.0
29012,2013,2,7,139,0.9172932330827067,1.0
29012,2014,3,15,139,0.9172932330827067,1.0
29012,2015,2,4,139,0.9172932330827067,1.0
29012,2016,1,3,139,0.9172932330827067,1.0
29012,2017,0,4,139,0.9172932330827067,0.5
29012,2018,1,1,139,0.9172932330827067,1.0
29012,2019,0,2,139,0.9172932330827067,1.0
29012,2020,1,2,139,0.9172932330827067,1.0
29012,2021,2,5,139,0.9172932330827067,0.6
29012,2022,1,17,139,0.9172932330827067,0.6470588235294118
29012,2023,0,4,139,0.9172932330827067,1.0
29012,2024,0,10,139,0.9172932330827067,0.9
29012,2025,0,2,139,0.9172932330827067,1.0
29013,2013,0,1,5,0.75,1.0
29013,2015,0,1,5,0.75,1.0
29013,2021,1,1,5,0.75,
29013,2022,0,1,5,0.75,0.0
29013,2025,0,1,5,0.75,1.0
29014,2007,1,1,6,0.6666666666666666,1.0
29014,2020,0,1,6,0.6666666666666666,1.0
29014,2021,0,1,6,0.6666666666666666,0.0
29015,2008,1,1,47,0.9361702127659575,1.0
29015,2010,0,1,47,0.9361702127659575,1.0
29015,2011,0,3,47,0.9361702127659575,1.0
29015,2012,0,3,47,0.9361702127659575,1.0
29015,2013,0,2,47,0.9361702127659575,1.0
29015,2014,0,3,47,0.9361702127659575,1.0
29015,2015,0,1,47,0.9361702127659575,1.0
29015,2016,0,1,47,0.9361702127659575,0.5
29015,2017,0,1,47,0.9361702127659575,1.0
29015,2018,0,1,47,0.9361702127659575,1.0
29015,2019,0,2,47,0.9361702127659575,1.0
29015,2020,1,4,47,0.9361702127659575,1.0
29015,2021,0,2,47,0.9361702127659575,1.0
29015,2022,2,8,47,0.9361702127659575,1.0
29015,2023,0,4,47,0.9361702127659575,0.8
29015,2024,0,2,47,0.9361702127659575,0.6666666666666666
29015,2025,0,3,47,0.9361702127659575,1.0
29016,2007,0,1,6,1.0,1.0
29016,2014,0,1,6,1.0,1.0
29016,2016,0,1,6,1.0,1.0
29016,2017,0,1,6,1.0,1.0
29016,2023,0,1,6,1.0,1.0
29017,2007,0,1,2,0.5,1.0
29017,2008,0,1,2,0.5,0.0
29018,2007,1,8,71,0.9436619718309859,0.625
29018,2008,2,5,71,0.9436619718309859,1.0
29018,2009,0,4,71,0.9436619718309859,1.0
29018,2010,1,2,71,0.9436619718309859,1.0
29018,2011,4,10,71,0.9436619718309859,1.0
29018,2012,4,10,71,0.9436619718309859,1.0
29018,2013,1,5,71,0.9436619718309859,1.0
29018,2014,0,1,71,0.9436619718309859,1.0
29018,2016,0,1,71,0.9436619718309859,1.0
29018,2018,0,2,71,0.9436619718309859,1.0
29018,2019,0,2,71,0.9436619718309859,1.0
29018,2020,0,1,71,0.9436619718309859,1.0
29018,2022,1,7,71,0.9436619718309859,0.8571428571428571
29018,2023,0,3,71,0.9436619718309859,1.0
29018,2024,0,3,71,0.9436619718309859,1.0
29018,2025,2,4,71,0.9436619718309859,1.0
29019,2007,1,1,6,0.8333333333333334,1.0
29019,2010,0,1,6,0.8333333333333334,1.0
29019,2016,0,1,6,0.8333333333333334,0.0
29019,2017,0,1,6,0.8333333333333334,1.0
29019,2019,0,1,6,0.8333333333333334,1.0
29019,2024,0,1,6,0.8333333333333334,1.0
29020,2007,11,63,1377,0.9580265095729014,1.0
29020,2008,12,66,1377,0.9580265095729014,0.9523809523809523
29020,2009,13,81,1377,0.9580265095729014,1.0
29020,2010,18,132,1377,0.9580265095729014,0.9852941176470589
29020,2011,9,96,1377,0.9580265095729014,0.9433962264150944
29020,2012,4,47,1377,0.9580265095729014,0.96
29020,2013,19,114,1377,0.9580265095729014,0.9596774193548387
29020,2014,6,57,1377,0.9580265095729014,0.9354838709677419
29020,2015,15,81,1377,0.9580265095729014,0.9534883720930233
29020,2016,8,29,1377,0.9580265095729014,0.8611111111111112
29020,2017,5,38,1377,0.9580265095729014,1.0
29020,2018,6,38,1377,0.9580265095729014,0.9565217391304348
29020,2019,10,46,1377,0.9580265095729014,0.9622641509433962
29020,2020,8,36,1377,0.9580265095729014,0.926829268292683
29020,2021,10,42,1377,0.9580265095729014,0.9318181818181818
29020,2022,18,56,1377,0.9580265095729014,0.9285714285714286
29020,2023,7,63,1377,0.9580265095729014,0.925
29020,2024,11,72,1377,0.9580265095729014,0.9662921348314607
29020,2025,13,54,1377,0.9580265095729014,0.9696969696969697
29021,2020,0,1,2,1.0,1.0
29022,2007,0,6,34,0.9393939393939394,1.0
29022,2008,0,2,34,0.9393939393939394,0.5
29022,2009,0,2,34,0.9393939393939394,1.0
29022,2010,0,2,34,0.9393939393939394,1.0
29022,2011,0,1,34,0.9393939393939394,0.0
29022,2012,0,1,34,0.9393939393939394,1.0
29022,2013,0,3,34,0.9393939393939394,1.0
29022,2014,0,1,34,0.9393939393939394,1.0
29022,2015,0,3,34,0.9393939393939394,1.0
29022,2018,0,1,34,0.9393939393939394,1.0
29022,2019,0,1,34,0.9393939393939394,1.0
29022,2020,0,1,34,0.9393939393939394,1.0
29022,2021,0,1,34,0.9393939393939394,1.0
29022,2022,0,1,34,0.9393939393939394,1.0
29022,2023,0,1,34,0.9393939393939394,1.0
29022,2025,0,1,34,0.9393939393939394,1.0
29023,2021,0,1,3,0.3333333333333333,0.0
29024,2019,0,1,2,1.0,1.0
29025,2011,2,2,12,1.0,1.0
29025,2015,0,3,12,1.0,1.0
29025,2025,0,1,12,1.0,1.0
29026,2007,0,2,13,0.6153846153846154,0.5
29026,2010,0,2,13,0.6153846153846154,1.0
29026,2012,0,1,13,0.6153846153846154,0.0
29026,2013,0,2,13,0.6153846153846154,0.0
29026,2015,1,1,13,0.6153846153846154,1.0
29026,2017,0,1,13,0.6153846153846154,1.0
29026,2018,1,1,13,0.6153846153846154,1.0
29026,2019,0,2,13,0.6153846153846154,0.5
29026,2025,0,1,13,0.6153846153846154,1.0
29027,2008,2,2,45,0.9111111111111111,1.0
29027,2009,1,3,45,0.9111111111111111,1.0
29027,2010,0,1,45,0.9111111111111111,1.0
29027,2011,0,1,45,0.9111111111111111,1.0
29027,2012,0,1,45,0.9111111111111111,1.0
29027,2013,0,4,45,0.9111111111111111,0.25
29027,2014,0,4,45,0.9111111111111111,1.0
29027,2015,0,7,45,0.9111111111111111,1.0
29027,2017,1,2,45,0.9111111111111111,1.0
29027,2018,0,4,45,0.9111111111111111,1.0
29027,2019,0,2,45,0.9111111111111111,1.0
29027,2022,1,5,45,0.9111111111111111,0.8333333333333334
29027,2023,1,2,45,0.9111111111111111,1.0
29027,2024,1,3,45,0.9111111111111111,1.0
29028,2009,1,1,16,0.7333333333333333,1.0
29028,2010,0,1,16,0.7333333333333333,0.0
29028,2011,0,1,16,0.7333333333333333,1.0
29028,2013,0,1,16,0.7333333333333333,1.0
29028,2014,0,3,16,0.7333333333333333,0.0
29028,2019,0,2,16,0.7333333333333333,1.0
29028,2020,0,1,16,0.7333333333333333,1.0
29028,2023,1,1,16,0.7333333333333333,1.0
29028,2024,0,1,16,0.7333333333333333,1.0
29028,2025,1,1,16,0.7333333333333333,1.0
31001,2010,0,1,24,0.7391304347826086,1.0
31001,2014,0,1,24,0.7391304347826086,1.0
31001,2015,0,1,24,0.7391304347826086,0.6666666666666666
31001,2016,0,4,24,0.7391304347826086,0.75
31001,2017,0,1,24,0.7391304347826086,1.0
31001,2018,0,1,24,0.7391304347826086,1.0
31001,2020,0,3,24,0.7391304347826086,0.3333333333333333
31001,2021,0,2,24,0.7391304347826086,0.5
31001,2022,0,1,24,0.7391304347826086,0.0
31001,2024,0,3,24,0.7391304347826086,1.0
31001,2025,0,2,24,0.7391304347826086,1.0
31002,2009,0,1,12,0.5,0.0
31002,2011,0,2,12,0.5,1.0
31002,2014,0,1,12,0.5,0.0
31002,2016,0,1,12,0.5,0.0
31002,2019,1,2,12,0.5,0.6666666666666666
31002,2021,0,2,12,0.5,0.5
31002,2023,0,1,12,0.5,0.0
31002,2024,0,1,12,0.5,1.0
31003,2007,0,5,137,0.6814814814814815,0.8
31003,2008,0,2,137,0.6814814814814815,1.0
31003,2009,0,5,137,0.6814814814814815,0.8
31003,2010,1,4,137,0.6814814814814815,1.0
31003,2012,1,4,137,0.6814814814814815,1.0
31003,2013,0,7,137,0.6814814814814815,0.8571428571428571
31003,2014,0,10,137,0.6814814814814815,0.8
31003,2015,0,10,137,0.6814814814814815,0.8
31003,2016,0,6,137,0.6814814814814815,0.375
31003,2017,0,5,137,0.6814814814814815,0.4
31003,2018,1,20,137,0.6814814814814815,0.75
31003,2019,0,6,137,0.6814814814814815,0.5555555555555556
31003,2020,0,9,137,0.6814814814814815,0.6666666666666666
31003,2021,0,6,137,0.6814814814814815,0.7142857142857143
31003,2022,0,3,137,0.6814814814814815,0.75
31003,2023,0,13,137,0.6814814814814815,0.5384615384615384
31003,2024,0,7,137,0.6814814814814815,0.3333333333333333
31003,2025,1,4,137,0.6814814814814815,0.4
31004,2009,0,1,12,0.4166666666666667,1.0
31004,2012,0,1,12,0.4166666666666667,0.0
31004,2019,0,1,12,0.4166666666666667,0.0
31004,2020,0,1,12,0.4166666666666667,0.0
31004,2021,0,1,12,0.4166666666666667,1.0
31004,2023,0,2,12,0.4166666666666667,0.6666666666666666
31004,2025,1,2,12,0.4166666666666667,0.5
31006,2007,0,1,33,0.6060606060606061,1.0
31006,2009,0,2,33,0.6060606060606061,1.0
31006,2010,0,2,33,0.6060606060606061,0.5
31006,2012,0,1,33,0.6060606060606061,1.0
31006,2015,0,1,33,0.6060606060606061,1.0
31006,2016,0,5,33,0.6060606060606061,0.4
31006,2017,1,5,33,0.6060606060606061,0.4
31006,2018,0,2,33,0.6060606060606061,1.0
31006,2019,0,4,33,0.6060606060606061,0.5
31006,2020,0,2,33,0.6060606060606061,0.5
31006,2021,1,2,33,0.6060606060606061,1.0
31006,2023,0,1,33,0.6060606060606061,1.0
31006,2024,0,3,33,0.6060606060606061,0.6666666666666666
31006,2025,0,2,33,0.6060606060606061,0.0
31007,2007,0,3,149,0.6180555555555556,0.3333333333333333
31007,2009,0,5,149,0.6180555555555556,0.8
31007,2010,0,5,149,0.6180555555555556,0.8
31007,2011,0,2,149,0.6180555555555556,0.3333333333333333
31007,2012,0,7,149,0.6180555555555556,0.8571428571428571
31007,2013,0,14,149,0.6180555555555556,0.8461538461538461
31007,2014,1,7,149,0.6180555555555556,0.5714285714285714
31007,2015,0,5,149,0.6180555555555556,0.4
31007,2016,1,11,149,0.6180555555555556,0.5833333333333334
31007,2017,0,11,149,0.6180555555555556,0.5454545454545454
31007,2018,0,11,149,0.6180555555555556,0.7272727272727273
31007,2019,0,8,149,0.6180555555555556,0.625
31007,2020,0,6,149,0.6180555555555556,0.5
31007,2021,0,6,149,0.6180555555555556,0.2857142857142857
31007,2022,1,12,149,0.6180555555555556,0.6666666666666666
31007,2023,0,13,149,0.6180555555555556,0.6
31007,2024,0,3,149,0.6180555555555556,0.4
31007,2025,0,12,149,0.6180555555555556,0.6428571428571429
31008,2007,0,2,142,0.6879432624113475,1.0
31008,2008,0,2,142,0.6879432624113475,1.0
31008,2009,1,2,142,0.6879432624113475,1.0
31008,2010,0,2,142,0.6879432624113475,1.0
31008,2011,0,4,142,0.6879432624113475,0.0
31008,2012,0,2,142,0.6879432624113475,1.0
31008,2013,0,7,142,0.6879432624113475,0.2857142857142857
31008,2014,0,4,142,0.6879432624113475,1.0
31008,2015,1,6,142,0.6879432624113475,0.6666666666666666
31008,2016,1,14,142,0.6879432624113475,0.6666666666666666
31008,2017,0,11,142,0.6879432624113475,0.6363636363636364
31008,2018,1,9,142,0.6879432624113475,0.8181818181818182
31008,2019,1,13,142,0.6879432624113475,0.7142857142857143
31008,2020,0,3,142,0.6879432624113475,1.0
31008,2021,0,3,142,0.6879432624113475,0.6666666666666666
31008,2022,1,9,142,0.6879432624113475,0.4444444444444444
31008,2023,0,18,142,0.6879432624113475,0.9444444444444444
31008,2024,0,9,142,0.6879432624113475,0.5
31008,2025,0,12,142,0.6879432624113475,0.6153846153846154
31009,2011,0,2,18,0.5555555555555556,1.0
31009,2015,0,1,18,0.5555555555555556,0.0
31009,2016,0,3,18,0.5555555555555556,0.6666666666666666
31009,2017,0,3,18,0.5555555555555556,0.3333333333333333
31009,2019,0,1,18,0.5555555555555556,0.0
31009,2020,0,2,18,0.5555555555555556,0.5
31009,2022,0,1,18,0.5555555555555556,1.0
31009,2023,0,4,18,0.5555555555555556,0.5
31009,2024,0,1,18,0.5555555555555556,1.0
31010,2011,0,1,10,0.7777777777777778,1.0
31010,2013,0,1,10,0.7777777777777778,0.0
31010,2014,0,1,10,0.7777777777777778,1.0
31010,2016,0,1,10,0.7777777777777778,1.0
31010,2020,0,1,10,0.7777777777777778,1.0
31010,2022,0,2,10,0.7777777777777778,0.5
31010,2024,0,1,10,0.7777777777777778,1.0
31010,2025,0,1,10,0.7777777777777778,1.0
31011,2010,0,1,17,0.4375,0.0
31011,2014,0,3,17,0.4375,0.6666666666666666
31011,2015,0,2,17,0.4375,0.5
31011,2016,0,1,17,0.4375,1.0
31011,2017,0,2,17,0.4375,0.5
31011,2018,0,2,17,0.4375,0.5
31011,2020,0,1,17,0.4375,0.0
31011,2023,0,2,17,0.4375,0.0
31011,2024,0,1,17,0.4375,0.0
31011,2025,0,1,17,0.4375,0.0
31012,2012,0,1,13,0.7692307692307693,1.0
31012,2014,0,1,13,0.7692307692307693,1.0
31012,2015,0,1,13,0.7692307692307693,1.0
31012,2016,0,1,13,0.7692307692307693,1.0
31012,2017,0,1,13,0.7692307692307693,0.0
31012,2019,0,2,13,0.7692307692307693,0.3333333333333333
31012,2020,1,1,13,0.7692307692307693,1.0
31012,2021,0,1,13,0.7692307692307693,1.0
31012,2022,0,1,13,0.7692307692307693,1.0
31012,2024,1,1,13,0.7692307692307693,1.0
31013,2007,1,2,22,0.8636363636363636,1.0
31013,2008,1,1,22,0.8636363636363636,1.0
31013,2009,0,1,22,0.8636363636363636,1.0
31013,2012,0,1,22,0.8636363636363636,1.0
31013,2013,1,2,22,0.8636363636363636,0.5
31013,2014,0,1,22,0.8636363636363636,1.0
31013,2015,2,2,22,0.8636363636363636,0.5
31013,2016,0,2,22,0.8636363636363636,0.5
31013,2018,0,1,22,0.8636363636363636,1.0
31013,2019,0,2,22,0.8636363636363636,1.0
31013,2023,0,3,22,0.8636363636363636,1.0
31013,2024,0,1,22,0.8636363636363636,1.0
31013,2025,0,2,22,0.8636363636363636,1.0
31015,2011,0,1,30,0.6551724137931034,0.0
31015,2013,1,2,30,0.6551724137931034,1.0
31015,2014,0,2,30,0.6551724137931034,1.0
31015,2015,0,1,30,0.6551724137931034,0.0
31015,2016,1,2,30,0.6551724137931034,1.0
31015,2018,0,4,30,0.6551724137931034,0.5
31015,2019,0,4,30,0.6551724137931034,0.8
31015,2020,0,4,30,0.6551724137931034,0.75
31015,2021,0,1,30,0.6551724137931034,0.5
31015,2022,1,2,30,0.6551724137931034,0.5
31015,2023,1,2,30,0.6551724137931034,0.5
31015,2024,0,1,30,0.6551724137931034,0.0
31016,2007,1,11,429,0.9043062200956937,1.0
31016,2008,4,21,429,0.9043062200956937,0.9047619047619048
31016,2009,3,16,429,0.9043062200956937,0.9411764705882353
31016,2010,3,19,429,0.9043062200956937,0.7894736842105263
31016,2011,2,27,429,0.9043062200956937,0.9310344827586207
31016,2012,4,23,429,0.9043062200956937,1.0
31016,2013,2,18,429,0.9043062200956937,0.875
31016,2014,2,15,429,0.9043062200956937,0.9333333333333333
31016,2015,0,21,429,0.9043062200956937,0.9523809523809523
31016,2016,3,11,429,0.9043062200956937,1.0
31016,2017,2,23,429,0.9043062200956937,0.8333333333333334
31016,2018,0,26,429,0.9043062200956937,0.9285714285714286
31016,2019,2,27,429,0.9043062200956937,0.9
31016,2020,2,35,429,0.9043062200956937,0.8611111111111112
31016,2021,0,18,429,0.9043062200956937,0.9411764705882353
31016,2022,2,27,429,0.9043062200956937,0.8666666666666667
31016,2023,1,21,429,0.9043062200956937,0.8181818181818182
31016,2024,1,13,429,0.9043062200956937,0.9285714285714286
31016,2025,4,24,429,0.9043062200956937,0.9130434782608695
31017,2007,0,4,106,0.8811881188118812,1.0
31017,2008,0,3,106,0.8811881188118812,1.0
31017,2009,0,10,106,0.8811881188118812,0.8888888888888888
31017,2010,1,7,106,0.8811881188118812,0.8571428571428571
31017,2011,3,11,106,0.8811881188118812,0.9166666666666666
31017,2012,1,6,106,0.8811881188118812,1.0
31017,2013,1,6,106,0.8811881188118812,1.0
31017,2014,0,2,106,0.8811881188118812,1.0
31017,2015,0,3,106,0.8811881188118812,0.6666666666666666
31017,2016,1,2,106,0.8811881188118812,1.0
31017,2017,0,4,106,0.8811881188118812,0.75
31017,2018,0,5,106,0.8811881188118812,0.6666666666666666
31017,2019,0,5,106,0.8811881188118812,0.8
31017,2020,1,5,106,0.8811881188118812,0.8333333333333334
31017,2021,0,3,106,0.8811881188118812,1.0
31017,2022,1,5,106,0.8811881188118812,0.6
31017,2023,2,7,106,0.8811881188118812,0.8571428571428571
31017,2024,1,4,106,0.8811881188118812,1.0
31017,2025,2,8,106,0.8811881188118812,1.0
31018,2007,1,6,118,0.9655172413793104,1.0
31018,2008,4,10,118,0.9655172413793104,1.0
31018,2009,3,4,118,0.9655172413793104,1.0
31018,2010,1,3,118,0.9655172413793104,0.75
31018,2011,2,9,118,0.9655172413793104,0.875
31018,2012,1,5,118,0.9655172413793104,1.0
31018,2013,1,6,118,0.9655172413793104,1.0
31018,2014,0,5,118,0.9655172413793104,0.8
31018,2015,0,7,118,0.9655172413793104,1.0
31018,2016,3,7,118,0.9655172413793104,1.0
31018,2017,0,5,118,0.9655172413793104,1.0
31018,2018,0,5,118,0.9655172413793104,1.0
31018,2019,4,7,118,0.9655172413793104,1.0
31018,2020,2,5,118,0.9655172413793104,1.0
31018,2021,1,5,118,0.9655172413793104,0.8
31018,2022,1,7,118,0.9655172413793104,1.0
31018,2023,0,3,118,0.9655172413793104,1.0
31018,2024,3,8,118,0.9655172413793104,1.0
31018,2025,2,7,118,0.9655172413793104,1.0
31019,2011,0,1,7,0.8571428571428571,1.0
31019,2013,1,2,7,0.8571428571428571,1.0
31019,2019,0,2,7,0.8571428571428571,0.5
31019,2021,0,1,7,0.8571428571428571,1.0
31020,2022,0,2,2,0.5,0.5
31021,2008,0,1,35,0.7941176470588235,1.0
31021,2010,0,2,35,0.7941176470588235,1.0
31021,2011,0,1,35,0.7941176470588235,1.0
31021,2012,1,1,35,0.7941176470588235,1.0
31021,2014,0,4,35,0.7941176470588235,1.0
31021,2016,0,3,35,0.7941176470588235,0.3333333333333333
31021,2017,1,2,35,0.7941176470588235,1.0
31021,2018,0,2,35,0.7941176470588235,1.0
31021,2019,0,4,35,0.7941176470588235,0.75
31021,2020,0,6,35,0.7941176470588235,0.8
31021,2023,0,3,35,0.7941176470588235,0.6666666666666666
31021,2024,0,1,35,0.7941176470588235,1.0
31021,2025,0,4,35,0.7941176470588235,0.5
31022,2007,0,1,22,0.9090909090909091,1.0
31022,2012,0,1,22,0.9090909090909091,1.0
31022,2013,0,1,22,0.9090909090909091,1.0
31022,2014,0,1,22,0.9090909090909091,1.0
31022,2015,0,1,22,0.9090909090909091,0.0
31022,2016,0,1,22,0.9090909090909091,1.0
31022,2017,0,1,22,0.9090909090909091,1.0
31022,2018,0,1,22,0.9090909090909091,1.0
31022,2019,0,2,22,0.9090909090909091,1.0
31022,2020,0,2,22,0.9090909090909091,1.0
31022,2022,0,1,22,0.9090909090909091,1.0
31022,2023,0,1,22,0.9090909090909091,1.0
31022,2024,0,7,22,0.9090909090909091,0.8571428571428571
31022,2025,0,1,22,0.9090909090909091,1.0
31023,2019,1,1,7,0.7142857142857143,1.0
31023,2020,0,1,7,0.7142857142857143,1.0
31023,2022,0,2,7,0.7142857142857143,0.5
31023,2024,0,1,7,0.7142857142857143,1.0
31023,2025,0,1,7,0.7142857142857143,0.0
31024,2007,0,3,27,0.6538461538461539,0.3333333333333333
31024,2009,0,5,27,0.6538461538461539,0.8
31024,2011,0,2,27,0.6538461538461539,0.5
31024,2013,0,2,27,0.6538461538461539,0.5
31024,2014,0,1,27,0.6538461538461539,0.5
31024,2015,0,1,27,0.6538461538461539,1.0
31024,2016,0,1,27,0.6538461538461539,1.0
31024,2019,1,5,27,0.6538461538461539,0.5
31024,2021,0,2,27,0.6538461538461539,0.5
31025,2008,1,2,23,0.8095238095238095,1.0
31025,2012,0,1,23,0.8095238095238095,1.0
31025,2014,0,2,23,0.8095238095238095,0.0
31025,2017,0,2,23,0.8095238095238095,1.0
31025,2018,0,1,23,0.8095238095238095,1.0
31025,2019,0,5,23,0.8095238095238095,0.8
31025,2023,0,2,23,0.8095238095238095,1.0
31025,2024,1,4,23,0.8095238095238095,0.75
31025,2025,1,1,23,0.8095238095238095,1.0
31026,2011,0,2,13,0.75,0.5
31026,2015,0,2,13,0.75,0.75
31026,2016,1,2,13,0.75,1.0
31026,2017,0,2,13,0.75,0.5
31026,2023,0,1,13,0.75,1.0
31027,2007,1,1,7,0.8571428571428571,1.0
31027,2011,1,1,7,0.8571428571428571,1.0
31027,2016,0,1,7,0.8571428571428571,1.0
31027,2019,0,1,7,0.8571428571428571,1.0
31027,2021,0,1,7,0.8571428571428571,0.0
31027,2024,0,1,7,0.8571428571428571,1.0
31027,2025,0,1,7,0.8571428571428571,1.0
31028,2008,0,1,23,0.7272727272727273,1.0
31028,2010,0,1,23,0.7272727272727273,1.0
31028,2011,0,2,23,0.7272727272727273,1.0
31028,2013,0,3,23,0.7272727272727273,1.0
31028,2016,0,1,23,0.7272727272727273,1.0
31028,2017,0,2,23,0.7272727272727273,1.0
31028,2018,0,2,23,0.7272727272727273,0.0
31028,2019,0,1,23,0.7272727272727273,1.0
31028,2020,0,1,23,0.7272727272727273,1.0
31028,2021,0,3,23,0.7272727272727273,0.0
31028,2022,1,1,23,0.7272727272727273,1.0
31028,2025,0,1,23,0.7272727272727273,0.0
31030,2009,0,2,17,0.5882352941176471,1.0
31030,2010,0,1,17,0.5882352941176471,0.0
31030,2012,0,1,17,0.5882352941176471,1.0
31030,2014,0,1,17,0.5882352941176471,0.0
31030,2017,0,1,17,0.5882352941176471,1.0
31030,2018,0,1,17,0.5882352941176471,1.0
31030,2019,0,1,17,0.5882352941176471,1.0
31030,2020,0,1,17,0.5882352941176471,0.0
31030,2021,0,3,17,0.5882352941176471,0.25
31030,2024,0,3,17,0.5882352941176471,0.6666666666666666
31031,2009,0,1,14,0.7857142857142857,1.0
31031,2011,0,1,14,0.7857142857142857,1.0
31031,2014,0,1,14,0.7857142857142857,1.0
31031,2015,0,1,14,0.7857142857142857,0.0
31031,2017,0,1,14,0.7857142857142857,1.0
31031,2018,0,3,14,0.7857142857142857,1.0
31031,2024,0,1,14,0.7857142857142857,1.0
31031,2025,0,1,14,0.7857142857142857,1.0
31032,2007,0,2,9,0.7777777777777778,1.0
31032,2008,2,2,9,0.7777777777777778,1.0
31032,2018,0,1,9,0.7777777777777778,1.0
31032,2020,0,1,9,0.7777777777777778,0.0
31032,2021,1,1,9,0.7777777777777778,1.0
31034,2007,0,1,17,0.625,1.0
31034,2011,0,2,17,0.625,1.0
31034,2012,0,1,17,0.625,1.0
31034,2013,0,2,17,0.625,1.0
31034,2016,0,3,17,0.625,0.6666666666666666
31034,2018,0,1,17,0.625,0.0
31034,2019,0,1,17,0.625,0.0
31034,2020,0,4,17,0.625,0.0
31034,2023,0,1,17,0.625,1.0
31035,2009,1,2,40,0.8461538461538461,1.0
31035,2011,2,4,40,0.8461538461538461,1.0
31035,2012,0,1,40,0.8461538461538461,1.0
31035,2013,0,2,40,0.8461538461538461,1.0
31035,2014,1,6,40,0.8461538461538461,0.7142857142857143
31035,2015,0,1,40,0.8461538461538461,1.0
31035,2016,2,3,40,0.8461538461538461,1.0
31035,2018,0,1,40,0.8461538461538461,0.0
31035,2020,1,3,40,0.8461538461538461,1.0
31035,2021,0,1,40,0.8461538461538461,1.0
31035,2022,0,4,40,0.8461538461538461,1.0
31035,2023,0,1,40,0.8461538461538461,1.0
31035,2024,0,5,40,0.8461538461538461,0.5
31035,2025,1,4,40,0.8461538461538461,0.75
31036,2008,1,2,37,0.7837837837837838,1.0
31036,2009,1,2,37,0.7837837837837838,1.0
31036,2010,2,2,37,0.7837837837837838,1.0
31036,2011,0,4,37,0.7837837837837838,0.0
31036,2012,1,8,37,0.7837837837837838,0.875
31036,2013,1,4,37,0.7837837837837838,0.75
31036,2014,1,3,37,0.7837837837837838,1.0
31036,2015,0,1,37,0.7837837837837838,0.0
31036,2016,0,1,37,0.7837837837837838,1.0
31036,2017,0,1,37,0.7837837837837838,0.0
31036,2018,0,1,37,0.7837837837837838,1.0
31036,2019,0,2,37,0.7837837837837838,1.0
31036,2020,1,1,37,0.7837837837837838,1.0
31036,2021,1,2,37,0.7837837837837838,1.0
31036,2022,0,2,37,0.7837837837837838,1.0
31036,2024,0,1,37,0.7837837837837838,1.0
31037,2007,0,1,41,0.85,1.0
31037,2009,1,3,41,0.85,1.0
31037,2010,1,2,41,0.85,1.0
31037,2012,0,3,41,0.85,1.0
31037,2014,1,3,41,0.85,1.0
31037,2016,2,4,41,0.85,1.0
31037,2017,1,4,41,0.85,0.5
31037,2018,0,2,41,0.85,1.0
31037,2019,1,3,41,0.85,1.0
31037,2021,0,1,41,0.85,1.0
31037,2022,1,6,41,0.85,0.8333333333333334
31037,2023,0,1,41,0.85,0.5
31037,2025,0,5,41,0.85,0.8
31038,2012,1,2,6,1.0,1.0
31038,2014,0,1,6,1.0,1.0
31038,2017,0,1,6,1.0,1.0
31038,2021,0,1,6,1.0,1.0
31038,2025,0,1,6,1.0,1.0
31040,2013,0,1,6,0.6,0.5
31040,2015,0,1,6,0.6,1.0
31040,2019,0,1,6,0.6,
31040,2024,0,1,6,0.6,0.0
31041,2007,0,1,19,0.8888888888888888,1.0
31041,2008,0,1,19,0.8888888888888888,1.0
31041,2010,0,2,19,0.8888888888888888,1.0
31041,2012,0,4,19,0.8888888888888888,1.0
31041,2013,1,2,19,0.8888888888888888,1.0
31041,2016,0,1,19,0.8888888888888888,1.0
31041,2018,0,1,19,0.8888888888888888,1.0
31041,2019,0,2,19,0.8888888888888888,1.0
31041,2020,0,2,19,0.8888888888888888,0.0
31041,2023,1,2,19,0.8888888888888888,1.0
31041,2025,0,1,19,0.8888888888888888,1.0
31042,2008,1,1,46,0.9130434782608695,1.0
31042,2010,0,1,46,0.9130434782608695,1.0
31042,2012,0,1,46,0.9130434782608695,1.0
31042,2013,0,1,46,0.9130434782608695,1.0
31042,2015,0,2,46,0.9130434782608695,0.5
31042,2016,0,2,46,0.9130434782608695,1.0
31042,2017,1,1,46,0.9130434782608695,1.0
31042,2018,0,1,46,0.9130434782608695,1.0
31042,2019,0,5,46,0.9130434782608695,0.8333333333333334
31042,2020,1,12,46,0.9130434782608695,0.8461538461538461
31042,2021,0,2,46,0.9130434782608695,1.0
31042,2022,1,3,46,0.9130434782608695,1.0
31042,2023,0,6,46,0.9130434782608695,1.0
31042,2024,1,3,46,0.9130434782608695,1.0
31042,2025,0,3,46,0.9130434782608695,1.0
31044,2007,2,4,60,0.7966101694915254,0.75
31044,2008,0,3,60,0.7966101694915254,0.6666666666666666
31044,2009,0,4,60,0.7966101694915254,0.6666666666666666
31044,2010,0,3,60,0.7966101694915254,1.0
31044,2011,0,2,60,0.7966101694915254,1.0
31044,2013,3,5,60,0.7966101694915254,1.0
31044,2014,1,5,60,0.7966101694915254,1.0
31044,2016,1,3,60,0.7966101694915254,1.0
31044,2017,0,3,60,0.7966101694915254,1.0
31044,2018,0,2,60,0.7966101694915254,1.0
31044,2019,0,3,60,0.7966101694915254,0.3333333333333333
31044,2020,2,3,60,0.7966101694915254,0.6666666666666666
31044,2021,1,2,60,0.7966101694915254,0.5
31044,2022,1,5,60,0.7966101694915254,0.6
31044,2023,1,3,60,0.7966101694915254,0.6666666666666666
31044,2024,1,5,60,0.7966101694915254,1.0
31044,2025,0,2,60,0.7966101694915254,0.5
31045,2007,0,5,50,0.86,0.8
31045,2008,1,1,50,0.86,1.0
31045,2009,0,5,50,0.86,1.0
31045,2010,2,4,50,0.86,1.0
31045,2012,0,5,50,0.86,1.0
31045,2014,0,1,50,0.86,1.0
31045,2016,1,1,50,0.86,1.0
31045,2018,0,4,50,0.86,0.5
31045,2019,1,1,50,0.86,1.0
31045,2020,1,4,50,0.86,1.0
31045,2021,0,1,50,0.86,0.5
31045,2022,0,3,50,0.86,0.6666666666666666
31045,2023,0,6,50,0.86,1.0
31045,2024,0,4,50,0.86,0.75
31045,2025,0,1,50,0.86,0.5
31046,2016,1,1,2,1.0,1.0
31046,2025,0,1,2,1.0,1.0
31047,2009,0,1,7,1.0,1.0
31047,2011,0,1,7,1.0,1.0
31047,2017,0,1,7,1.0,1.0
31047,2021,0,2,7,1.0,1.0
31047,2023,0,1,7,1.0,1.0
31048,2008,0,2,86,0.7469879518072289,0.0
31048,2009,1,3,86,0.7469879518072289,1.0
31048,2010,0,3,86,0.7469879518072289,0.6666666666666666
31048,2011,0,4,86,0.7469879518072289,1.0
31048,2012,0,10,86,0.7469879518072289,0.125
31048,2013,0,2,86,0.7469879518072289,0.75
31048,2014,2,4,86,0.7469879518072289,1.0
31048,2015,0,4,86,0.7469879518072289,1.0
31048,2016,2,3,86,0.7469879518072289,1.0
31048,2018,1,6,86,0.7469879518072289,1.0
31048,2019,0,3,86,0.7469879518072289,1.0
31048,2020,3,10,86,0.7469879518072289,0.6363636363636364
31048,2021,0,7,86,0.7469879518072289,0.8571428571428571
31048,2022,1,3,86,0.7469879518072289,0.3333333333333333
31048,2023,1,12,86,0.7469879518072289,0.7692307692307693
31048,2024,0,2,86,0.7469879518072289,1.0
31048,2025,0,3,86,0.7469879518072289,1.0
31052,2014,0,1,4,0.75,1.0
31052,2017,0,1,4,0.75,1.0
31052,2025,0,2,4,0.75,0.5
31053,2025,0,1,1,0.0,0.0
31055,2022,0,1,3,1.0,1.0
31055,2025,0,1,3,1.0,1.0
31057,2007,0,1,43,0.7441860465116279,1.0
31057,2010,0,2,43,0.7441860465116279,1.0
31057,2011,0,3,43,0.7441860465116279,0.6666666666666666
31057,2012,0,2,43,0.7441860465116279,0.5
31057,2013,0,4,43,0.7441860465116279,0.5
31057,2014,0,2,43,0.7441860465116279,1.0
31057,2016,0,1,43,0.7441860465116279,0.0
31057,2017,0,1,43,0.7441860465116279,1.0
31057,2018,0,3,43,0.7441860465116279,0.6666666666666666
31057,2019,0,2,43,0.7441860465116279,0.5
31057,2020,0,4,43,0.7441860465116279,0.5
31057,2022,0,6,43,0.7441860465116279,0.6666666666666666
31057,2023,0,2,43,0.7441860465116279,1.0
31057,2024,0,4,43,0.7441860465116279,1.0
31057,2025,0,5,43,0.7441860465116279,1.0
31058,2009,0,1,17,0.625,1.0
31058,2010,0,1,17,0.625,1.0
31058,2014,0,1,17,0.625,0.0
31058,2015,0,1,17,0.625,1.0
31058,2016,0,2,17,0.625,0.6666666666666666
31058,2019,0,1,17,0.625,1.0
31058,2022,0,1,17,0.625,1.0
31058,2023,0,1,17,0.625,
31058,2024,0,4,17,0.625,0.25
31058,2025,0,1,17,0.625,0.0
31059,2007,1,1,109,0.75,1.0
31059,2008,1,3,109,0.75,1.0
31059,2009,0,4,109,0.75,1.0
31059,2011,2,5,109,0.75,1.0
31059,2012,2,5,109,0.75,1.0
31059,2013,2,10,109,0.75,0.7
31059,2014,0,6,109,0.75,0.5
31059,2015,0,3,109,0.75,0.3333333333333333
31059,2016,1,12,109,0.75,0.6666666666666666
31059,2017,0,7,109,0.75,1.0
31059,2018,0,4,109,0.75,1.0
31059,2019,0,2,109,0.75,0.5
31059,2020,1,21,109,0.75,0.55
31059,2021,0,4,109,0.75,0.5
31059,2022,0,3,109,0.75,0.5
31059,2023,1,6,109,0.75,1.0
31059,2024,2,8,109,0.75,0.875
31059,2025,0,3,109,0.75,1.0
31060,2008,0,3,57,0.9298245614035088,1.0
31060,2009,0,3,57,0.9298245614035088,1.0
31060,2010,0,1,57,0.9298245614035088,1.0
31060,2011,1,2,57,0.9298245614035088,1.0
31060,2012,0,2,57,0.9298245614035088,1.0
31060,2014,0,3,57,0.9298245614035088,0.6666666666666666
31060,2015,0,2,57,0.9298245614035088,1.0
31060,2016,0,2,57,0.9298245614035088,0.5
31060,2017,0,2,57,0.9298245614035088,1.0
31060,2018,0,7,57,0.9298245614035088,1.0
31060,2019,3,6,57,0.9298245614035088,0.8571428571428571
31060,2020,2,8,57,0.9298245614035088,1.0
31060,2021,0,2,57,0.9298245614035088,1.0
31060,2022,0,4,57,0.9298245614035088,1.0
31060,2023,1,3,57,0.9298245614035088,1.0
31060,2025,1,2,57,0.9298245614035088,1.0
31061,2008,0,2,12,0.8333333333333334,1.0
31061,2010,0,1,12,0.8333333333333334,1.0
31061,2011,0,1,12,0.8333333333333334,1.0
31061,2016,0,2,12,0.8333333333333334,1.0
31061,2018,0,1,12,0.8333333333333334,1.0
31061,2020,0,1,12,0.8333333333333334,0.0
31061,2021,0,2,12,0.8333333333333334,1.0
31061,2023,0,1,12,0.8333333333333334,0.0
31061,2025,0,1,12,0.8333333333333334,1.0
31062,2009,2,2,3,1.0,1.0
31062,2022,0,1,3,1.0,1.0
31064,2015,0,1,1,1.0,1.0
31065,2018,0,1,2,0.5,1.0
31065,2019,0,1,2,0.5,0.0
31066,2011,0,2,8,0.75,1.0
31066,2012,0,1,8,0.75,1.0
31066,2016,0,1,8,0.75,1.0
31066,2019,0,1,8,0.75,1.0
31066,2022,0,1,8,0.75,1.0
31066,2025,0,1,8,0.75,0.0
31067,2016,0,1,4,1.0,1.0
31067,2017,1,1,4,1.0,1.0
31067,2018,0,1,4,1.0,1.0
31067,2019,0,1,4,1.0,1.0
31068,2018,0,1,1,1.0,1.0
31070,2012,0,3,27,0.8148148148148148,1.0
31070,2013,1,2,27,0.8148148148148148,1.0
31070,2014,0,2,27,0.8148148148148148,0.0
31070,2015,0,1,27,0.8148148148148148,1.0
31070,2016,0,2,27,0.8148148148148148,1.0
31070,2019,1,2,27,0.8148148148148148,1.0
31070,2020,1,3,27,0.8148148148148148,1.0
31070,2021,0,1,27,0.8148148148148148,1.0
31070,2022,0,3,27,0.8148148148148148,0.75
31070,2023,0,2,27,0.8148148148148148,1.0
31070,2024,0,3,27,0.8148148148148148,0.3333333333333333
31071,2009,0,2,17,0.7647058823529411,0.5
31071,2012,1,1,17,0.7647058823529411,1.0
31071,2017,0,1,17,0.7647058823529411,1.0
31071,2019,0,2,17,0.7647058823529411,0.5
31071,2020,0,2,17,0.7647058823529411,1.0
31071,2021,0,1,17,0.7647058823529411,1.0
31071,2022,0,1,17,0.7647058823529411,0.0
31071,2023,0,3,17,0.7647058823529411,0.6666666666666666
31071,2025,0,3,17,0.7647058823529411,1.0
31072,2007,0,1,29,1.0,1.0
31072,2008,0,1,29,1.0,1.0
31072,2010,0,3,29,1.0,1.0
31072,2011,1,1,29,1.0,1.0
31072,2012,0,1,29,1.0,1.0
31072,2013,2,3,29,1.0,1.0
31072,2015,1,2,29,1.0,1.0
31072,2016,1,1,29,1.0,1.0
31072,2017,0,2,29,1.0,1.0
31072,2018,0,3,29,1.0,1.0
31072,2020,0,3,29,1.0,1.0
31072,2021,0,2,29,1.0,1.0
31072,2023,0,4,29,1.0,1.0
31072,2024,0,1,29,1.0,1.0
31073,2018,1,1,7,1.0,1.0
31073,2019,0,1,7,1.0,1.0
31073,2020,1,1,7,1.0,1.0
31073,2022,0,1,7,1.0,1.0
31073,2023,0,2,7,1.0,1.0
31073,2025,0,1,7,1.0,1.0
31074,2008,0,1,34,0.7878787878787878,1.0
31074,2009,0,2,34,0.7878787878787878,1.0
31074,2010,0,1,34,0.7878787878787878,0.0
31074,2014,1,4,34,0.7878787878787878,1.0
31074,2015,1,3,34,0.7878787878787878,1.0
31074,2016,0,1,34,0.7878787878787878,1.0
31074,2017,0,1,34,0.7878787878787878,1.0
31074,2018,0,2,34,0.7878787878787878,0.5
31074,2020,0,1,34,0.7878787878787878,1.0
31074,2021,0,4,34,0.7878787878787878,0.3333333333333333
31074,2022,0,3,34,0.7878787878787878,0.6666666666666666
31074,2023,0,1,34,0.7878787878787878,1.0
31074,2024,2,4,34,0.7878787878787878,1.0
31074,2025,0,2,34,0.7878787878787878,1.0
31075,2008,0,2,62,0.8688524590163934,1.0
31075,2010,0,3,62,0.8688524590163934,1.0
31075,2012,0,2,62,0.8688524590163934,1.0
31075,2013,0,6,62,0.8688524590163934,0.6666666666666666
31075,2014,2,3,62,0.8688524590163934,1.0
31075,2015,0,4,62,0.8688524590163934,1.0
31075,2016,0,3,62,0.8688524590163934,1.0
31075,2017,0,2,62,0.8688524590163934,0.5
31075,2018,1,3,62,0.8688524590163934,1.0
31075,2019,0,2,62,0.8688524590163934,1.0
31075,2020,0,2,62,0.8688524590163934,0.5
31075,2021,1,2,62,0.8688524590163934,1.0
31075,2022,0,6,62,0.8688524590163934,0.8333333333333334
31075,2023,1,4,62,0.8688524590163934,1.0
31075,2024,1,9,62,0.8688524590163934,0.6666666666666666
31075,2025,1,7,62,0.8688524590163934,1.0
31076,2010,0,1,3,0.6666666666666666,1.0
31076,2013,0,1,3,0.6666666666666666,0.0
31076,2019,0,1,3,0.6666666666666666,1.0
31077,2016,0,1,2,0.0,0.0
31077,2020,0,1,2,0.0,0.0
31078,2007,0,1,34,0.8235294117647058,1.0
31078,2011,0,1,34,0.8235294117647058,1.0
31078,2012,0,2,34,0.8235294117647058,0.5
31078,2013,0,4,34,0.8235294117647058,1.0
31078,2015,0,2,34,0.8235294117647058,1.0
31078,2016,0,1,34,0.8235294117647058,1.0
31078,2017,0,2,34,0.8235294117647058,1.0
31078,2018,0,2,34,0.8235294117647058,1.0
31078,2021,0,1,34,0.8235294117647058,0.0
31078,2022,0,7,34,0.8235294117647058,1.0
31078,2023,0,5,34,0.8235294117647058,0.6
31078,2024,0,2,34,0.8235294117647058,0.5
31078,2025,0,4,34,0.8235294117647058,0.75
31079,2008,0,1,21,0.5714285714285714,1.0
31079,2013,0,1,21,0.5714285714285714,1.0
31079,2014,0,2,21,0.5714285714285714,1.0
31079,2015,1,1,21,0.5714285714285714,1.0
31079,2016,0,1,21,0.5714285714285714,1.0
31079,2018,0,2,21,0.5714285714285714,1.0
31079,2019,0,1,21,0.5714285714285714,1.0
31079,2023,0,3,21,0.5714285714285714,0.3333333333333333
31079,2024,0,1,21,0.5714285714285714,0.0
31079,2025,0,5,21,0.5714285714285714,0.0
31082,2007,0,3,18,0.8333333333333334,1.0
31082,2014,0,1,18,0.8333333333333334,1.0
31082,2015,0,1,18,0.8333333333333334,1.0
31082,2016,0,1,18,0.8333333333333334,1.0
31082,2017,0,1,18,0.8333333333333334,1.0
31082,2018,0,1,18,0.8333333333333334,1.0
31082,2019,0,1,18,0.8333333333333334,0.0
31082,2020,0,3,18,0.8333333333333334,0.6666666666666666
31082,2023,0,3,18,0.8333333333333334,1.0
31082,2025,0,3,18,0.8333333333333334,0.6666666666666666
31083,2009,0,1,2,1.0,1.0
31083,2011,0,1,2,1.0,1.0
31084,2008,0,1,9,1.0,1.0
31084,2012,1,2,9,1.0,1.0
31084,2015,0,1,9,1.0,1.0
31084,2018,0,1,9,1.0,1.0
31084,2019,0,1,9,1.0,1.0
31084,2021,1,1,9,1.0,1.0
31084,2025,0,2,9,1.0,1.0
31086,2007,0,3,57,0.42105263157894735,0.0
31086,2008,0,1,57,0.42105263157894735,1.0
31086,2010,0,1,57,0.42105263157894735,0.0
31086,2013,1,1,57,0.42105263157894735,1.0
31086,2015,0,2,57,0.42105263157894735,1.0
31086,2016,1,1,57,0.42105263157894735,1.0
31086,2017,0,1,57,0.42105263157894735,1.0
31086,2019,0,4,57,0.42105263157894735,1.0
31086,2020,1,3,57,0.42105263157894735,1.0
31086,2021,0,31,57,0.42105263157894735,0.0967741935483871
31086,2022,0,2,57,0.42105263157894735,1.0
31086,2023,0,2,57,0.42105263157894735,0.5
31086,2025,0,2,57,0.42105263157894735,1.0
31087,2015,0,1,8,0.75,1.0
31087,2016,0,1,8,0.75,1.0
31087,2019,0,2,8,0.75,1.0
31087,2023,0,3,8,0.75,0.5
31088,2012,1,2,15,0.6,1.0
31088,2014,0,1,15,0.6,0.0
31088,2016,0,4,15,0.6,1.0
31088,2017,0,1,15,0.6,0.0
31088,2018,0,1,15,0.6,1.0
31088,2021,0,2,15,0.6,0.5
31088,2023,0,1,15,0.6,1.0
31088,2025,0,3,15,0.6,0.0
31089,2015,0,2,6,0.3333333333333333,1.0
31089,2019,0,1,6,0.3333333333333333,0.0
31089,2021,0,1,6,0.3333333333333333,0.0
31089,2023,0,1,6,0.3333333333333333,0.0
31090,2007,0,1,21,0.6666666666666666,1.0
31090,2017,0,1,21,0.6666666666666666,0.0
31090,2018,0,2,21,0.6666666666666666,1.0
31090,2019,0,1,21,0.6666666666666666,1.0
31090,2020,0,1,21,0.6666666666666666,1.0
31090,2022,1,2,21,0.6666666666666666,0.6666666666666666
31090,2023,0,4,21,0.6666666666666666,0.25
31090,2024,0,4,21,0.6666666666666666,0.8333333333333334
31090,2025,0,1,21,0.6666666666666666,0.0
31091,2010,0,1,9,0.8888888888888888,1.0
31091,2016,1,1,9,0.8888888888888888,1.0
31091,2017,0,1,9,0.8888888888888888,1.0
31091,2018,1,1,9,0.8888888888888888,1.0
31091,2019,0,1,9,0.8888888888888888,0.0
31091,2020,0,1,9,0.8888888888888888,1.0
31091,2023,0,1,9,0.8888888888888888,1.0
31091,2024,0,1,9,0.8888888888888888,1.0
31091,2025,0,1,9,0.8888888888888888,1.0
31092,2007,0,1,54,0.8333333333333334,0.0
31092,2009,0,6,54,0.8333333333333334,0.6666666666666666
31092,2010,0,1,54,0.8333333333333334,1.0
31092,2011,0,3,54,0.8333333333333334,1.0
31092,2012,0,2,54,0.8333333333333334,1.0
31092,2013,0,3,54,0.8333333333333334,1.0
31092,2014,0,4,54,0.8333333333333334,1.0
31092,2015,0,2,54,0.8333333333333334,1.0
31092,2016,0,6,54,0.8333333333333334,0.8333333333333334
31092,2018,1,3,54,0.8333333333333334,1.0
31092,2019,0,2,54,0.8333333333333334,1.0
31092,2020,0,6,54,0.8333333333333334,0.7142857142857143
31092,2021,0,1,54,0.8333333333333334,1.0
31092,2022,0,3,54,0.8333333333333334,0.75
31092,2023,0,2,54,0.8333333333333334,0.6666666666666666
31092,2024,0,3,54,0.8333333333333334,0.6666666666666666
31092,2025,0,2,54,0.8333333333333334,1.0
31093,2009,1,1,15,0.6666666666666666,1.0
31093,2011,0,1,15,0.6666666666666666,1.0
31093,2012,0,1,15,0.6666666666666666,0.0
31093,2014,0,2,15,0.6666666666666666,1.0
31093,2016,0,2,15,0.6666666666666666,1.0
31093,2017,0,1,15,0.6666666666666666,1.0
31093,2021,0,1,15,0.6666666666666666,0.0
31093,2023,1,2,15,0.6666666666666666,1.0
31093,2025,0,3,15,0.6666666666666666,0.3333333333333333
31094,2018,0,1,4,1.0,1.0
31094,2019,0,1,4,1.0,1.0
31094,2021,0,1,4,1.0,1.0
31095,2013,0,2,6,0.8333333333333334,1.0
31095,2021,0,1,6,0.8333333333333334,1.0
31095,2022,0,1,6,0.8333333333333334,0.0
31095,2023,1,1,6,0.8333333333333334,1.0
31096,2007,0,1,4,1.0,1.0
31096,2010,0,1,4,1.0,1.0
31096,2011,0,1,4,1.0,1.0
31096,2023,0,1,4,1.0,1.0
31097,2007,3,7,77,0.8961038961038961,0.5714285714285714
31097,2008,0,4,77,0.8961038961038961,1.0
31097,2009,0,3,77,0.8961038961038961,1.0
31097,2010,1,2,77,0.8961038961038961,1.0
31097,2011,0,1,77,0.8961038961038961,1.0
31097,2012,0,3,77,0.8961038961038961,1.0
31097,2014,0,3,77,0.8961038961038961,1.0
31097,2015,1,3,77,0.8961038961038961,1.0
31097,2016,0,3,77,0.8961038961038961,1.0
31097,2017,2,5,77,0.8961038961038961,0.8333333333333334
31097,2018,1,7,77,0.8961038961038961,1.0
31097,2019,2,6,77,0.8961038961038961,1.0
31097,2020,0,1,77,0.8961038961038961,0.5
31097,2021,1,4,77,0.8961038961038961,0.75
31097,2022,0,4,77,0.8961038961038961,0.8
31097,2023,0,6,77,0.8961038961038961,0.8333333333333334
31097,2024,0,4,77,0.8961038961038961,1.0
31097,2025,0,7,77,0.8961038961038961,1.0
31098,2020,0,1,2,0.0,0.0
31098,2022,0,1,2,0.0,
31099,2008,0,2,36,0.8484848484848485,1.0
31099,2009,0,1,36,0.8484848484848485,0.0
31099,2010,0,4,36,0.8484848484848485,1.0
31099,2012,0,3,36,0.8484848484848485,1.0
31099,2013,1,3,36,0.8484848484848485,1.0
31099,2014,1,3,36,0.8484848484848485,0.3333333333333333
31099,2015,0,1,36,0.8484848484848485,1.0
31099,2017,0,1,36,0.8484848484848485,1.0
31099,2018,1,6,36,0.8484848484848485,1.0
31099,2019,0,3,36,0.8484848484848485,1.0
31099,2020,0,1,36,0.8484848484848485,1.0
31099,2021,0,1,36,0.8484848484848485,0.0
31099,2022,0,2,36,0.8484848484848485,1.0
31099,2024,0,2,36,0.8484848484848485,1.0
31099,2025,1,2,36,0.8484848484848485,1.0
31100,2009,0,2,3,0.6666666666666666,0.5
31100,2010,0,1,3,0.6666666666666666,1.0
31101,2019,0,1,3,1.0,1.0
31101,2024,0,1,3,1.0,1.0
31101,2025,0,1,3,1.0,1.0
31102,2007,0,1,8,0.75,0.0
31102,2017,0,1,8,0.75,1.0
31102,2018,0,1,8,0.75,1.0
31102,2024,0,1,8,0.75,0.0
31102,2025,0,1,8,0.75,1.0
32001,2007,0,22,351,0.21764705882352942,0.36363636363636365
32001,2008,0,19,351,0.21764705882352942,0.13636363636363635
32001,2009,0,30,351,0.21764705882352942,0.21212121212121213
32001,2010,0,76,351,0.21764705882352942,0.15584415584415584
32001,2011,0,57,351,0.21764705882352942,0.10526315789473684
32001,2012,0,39,351,0.21764705882352942,0.21428571428571427
32001,2013,0,17,351,0.21764705882352942,0.1111111111111111
32001,2014,0,23,351,0.21764705882352942,0.22727272727272727
32001,2015,2,9,351,0.21764705882352942,0.5
32001,2016,0,8,351,0.21764705882352942,0.3333333333333333
32001,2017,0,4,351,0.21764705882352942,0.0
32001,2018,0,8,351,0.21764705882352942,0.875
32001,2019,0,6,351,0.21764705882352942,0.5714285714285714
32001,2020,0,2,351,0.21764705882352942,0.5
32001,2021,0,2,351,0.21764705882352942,0.5
32001,2022,0,1,351,0.21764705882352942,1.0
32001,2023,0,4,351,0.21764705882352942,0.0
32002,2007,3,48,1256,0.6211009174311927,0.5882352941176471
32002,2008,6,69,1256,0.6211009174311927,0.6875
32002,2009,6,87,1256,0.6211009174311927,0.6206896551724138
32002,2010,2,99,1256,0.6211009174311927,0.6153846153846154
32002,2011,16,119,1256,0.6211009174311927,0.6779661016949152
32002,2012,14,102,1256,0.6211009174311927,0.53
32002,2013,4,60,1256,0.6211009174311927,0.5
32002,2014,6,109,1256,0.6211009174311927,0.3894736842105263
32002,2015,3,29,1256,0.6211009174311927,0.7096774193548387
32002,2016,1,25,1256,0.6211009174311927,0.6428571428571429
32002,2017,3,47,1256,0.6211009174311927,0.8478260869565217
32002,2018,1,32,1256,0.6211009174311927,0.7714285714285715
32002,2019,1,58,1256,0.6211009174311927,0.8135593220338984
32002,2020,0,53,1256,0.6211009174311927,0.5283018867924528
32002,2021,2,21,1256,0.6211009174311927,0.7272727272727273
32002,2022,1,31,1256,0.6211009174311927,0.5757575757575758
32002,2023,1,38,1256,0.6211009174311927,0.5609756097560976
32002,2024,1,34,1256,0.6211009174311927,0.723404255319149
32002,2025,2,31,1256,0.6211009174311927,0.6428571428571429
32003,2007,3,31,245,0.35319148936170214,0.22580645161290322
32003,2008,1,10,245,0.35319148936170214,0.5454545454545454
32003,2009,0,22,245,0.35319148936170214,0.3
32003,2010,0,38,245,0.35319148936170214,0.3684210526315789
32003,2011,0,46,245,0.35319148936170214,0.30434782608695654
32003,2012,2,29,245,0.35319148936170214,0.3333333333333333
32003,2013,1,19,245,0.35319148936170214,0.10526315789473684
32003,2014,0,7,245,0.35319148936170214,0.42857142857142855
32003,2015,0,4,245,0.35319148936170214,0.6666666666666666
32003,2016,0,2,245,0.35319148936170214,1.0
32003,2017,0,3,245,0.35319148936170214,0.3333333333333333
32003,2018,0,4,245,0.35319148936170214,0.5
32003,2019,0,4,245,0.35319148936170214,0.75
32003,2020,1,1,245,0.35319148936170214,0.5
32003,2021,0,1,245,0.35319148936170214,0.5
32003,2022,0,5,245,0.35319148936170214,0.8
32003,2023,0,3,245,0.35319148936170214,0.6666666666666666
32003,2024,0,3,245,0.35319148936170214,0.6666666666666666
32003,2025,0,2,245,0.35319148936170214,0.5
32004,2007,0,38,633,0.3798319327731092,0.2
32004,2008,1,34,633,0.3798319327731092,0.3611111111111111
32004,2009,0,88,633,0.3798319327731092,0.38461538461538464
32004,2010,1,45,633,0.3798319327731092,0.2608695652173913
32004,2011,2,61,633,0.3798319327731092,0.31746031746031744
32004,2012,0,51,633,0.3798319327731092,0.28
32004,2013,3,43,633,0.3798319327731092,0.24390243902439024
32004,2014,2,34,633,0.3798319327731092,0.3333333333333333
32004,2015,1,24,633,0.3798319327731092,0.5909090909090909
32004,2016,0,17,633,0.3798319327731092,0.4117647058823529
32004,2017,0,8,633,0.3798319327731092,0.5
32004,2018,0,21,633,0.3798319327731092,0.75
32004,2019,0,25,633,0.3798319327731092,0.5416666666666666
32004,2020,1,41,633,0.3798319327731092,0.5609756097560976
32004,2021,1,8,633,0.3798319327731092,0.5
32004,2022,0,11,633,0.3798319327731092,0.5
32004,2023,0,10,633,0.3798319327731092,0.5555555555555556
32004,2024,0,25,633,0.3798319327731092,0.45454545454545453
32004,2025,0,9,633,0.3798319327731092,0.2727272727272727
33001,2007,2,10,150,0.7445255474452555,0.7
33001,2008,0,2,150,0.7445255474452555,1.0
33001,2009,0,3,150,0.7445255474452555,0.5
33001,2010,2,3,150,0.7445255474452555,0.8333333333333334
33001,2011,0,3,150,0.7445255474452555,0.3333333333333333
33001,2012,0,1,150,0.7445255474452555,1.0
33001,2013,2,12,150,0.7445255474452555,0.5625
33001,2014,1,5,150,0.7445255474452555,0.8
33001,2015,0,5,150,0.7445255474452555,0.8333333333333334
33001,2016,0,4,150,0.7445255474452555,0.75
33001,2017,0,4,150,0.7445255474452555,1.0
33001,2018,0,14,150,0.7445255474452555,0.7894736842105263
33001,2019,1,5,150,0.7445255474452555,0.6
33001,2020,0,6,150,0.7445255474452555,0.8333333333333334
33001,2021,1,4,150,0.7445255474452555,0.75
33001,2022,2,16,150,0.7445255474452555,0.6153846153846154
33001,2023,2,16,150,0.7445255474452555,0.9285714285714286
33001,2024,0,6,150,0.7445255474452555,0.6666666666666666
33001,2025,1,10,150,0.7445255474452555,0.9
33002,2007,1,6,59,0.8103448275862069,0.16666666666666666
33002,2008,1,3,59,0.8103448275862069,0.3333333333333333
33002,2009,1,2,59,0.8103448275862069,0.6666666666666666
33002,2013,0,1,59,0.8103448275862069,0.3333333333333333
33002,2014,1,3,59,0.8103448275862069,1.0
33002,2015,0,2,59,0.8103448275862069,1.0
33002,2016,0,2,59,0.8103448275862069,1.0
33002,2017,0,1,59,0.8103448275862069,1.0
33002,2018,1,2,59,0.8103448275862069,1.0
33002,2019,0,3,59,0.8103448275862069,1.0
33002,2021,0,1,59,0.8103448275862069,1.0
33002,2022,0,3,59,0.8103448275862069,0.75
33002,2023,2,15,59,0.8103448275862069,1.0
33002,2024,1,4,59,0.8103448275862069,1.0
33002,2025,0,2,59,0.8103448275862069,1.0
33003,2007,1,5,100,0.6736842105263158,0.6666666666666666
33003,2008,0,2,100,0.6736842105263158,1.0
33003,2009,2,3,100,0.6736842105263158,0.8
33003,2010,0,4,100,0.6736842105263158,0.75
33003,2011,0,10,100,0.6736842105263158,0.4444444444444444
33003,2012,2,3,100,0.6736842105263158,0.6666666666666666
33003,2013,0,1,100,0.6736842105263158,1.0
33003,2014,1,2,100,0.6736842105263158,1.0
33003,2015,0,2,100,0.6736842105263158,1.0
33003,2017,0,4,100,0.6736842105263158,1.0
33003,2018,2,4,100,0.6736842105263158,0.75
33003,2019,0,6,100,0.6736842105263158,0.7142857142857143
33003,2020,0,3,100,0.6736842105263158,0.6
33003,2021,0,6,100,0.6736842105263158,0.8333333333333334
33003,2022,1,5,100,0.6736842105263158,0.8
33003,2023,0,6,100,0.6736842105263158,0.6666666666666666
33003,2024,2,21,100,0.6736842105263158,0.4782608695652174
33003,2025,0,3,100,0.6736842105263158,1.0
33004,2007,2,28,382,0.8509485094850948,0.7142857142857143
33004,2008,2,19,382,0.8509485094850948,0.85
33004,2009,2,21,382,0.8509485094850948,0.8148148148148148
33004,2010,4,21,382,0.8509485094850948,1.0
33004,2011,2,18,382,0.8509485094850948,0.65
33004,2012,2,18,382,0.8509485094850948,0.9411764705882353
33004,2013,6,20,382,0.8509485094850948,0.8888888888888888
33004,2014,2,14,382,0.8509485094850948,0.9285714285714286
33004,2015,4,9,382,0.8509485094850948,0.8888888888888888
33004,2016,0,13,382,0.8509485094850948,0.8461538461538461
33004,2017,2,11,382,0.8509485094850948,0.9
33004,2018,4,22,382,0.8509485094850948,0.8333333333333334
33004,2019,3,25,382,0.8509485094850948,1.0
33004,2020,1,7,382,0.8509485094850948,0.7142857142857143
33004,2021,3,13,382,0.8509485094850948,0.9230769230769231
33004,2022,0,17,382,0.8509485094850948,0.8333333333333334
33004,2023,6,38,382,0.8509485094850948,0.8780487804878049
33004,2024,3,18,382,0.8509485094850948,0.7894736842105263
33004,2025,1,14,382,0.8509485094850948,0.75
33005,2007,21,68,1947,0.904226859283039,0.8414634146341463
33005,2008,23,91,1947,0.904226859283039,0.9795918367346939
33005,2009,21,118,1947,0.904226859283039,0.8818897637795275
33005,2010,32,124,1947,0.904226859283039,0.9534883720930233
33005,2011,18,78,1947,0.904226859283039,0.8414634146341463
33005,2012,16,78,1947,0.904226859283039,0.9358974358974359
33005,2013,16,95,1947,0.904226859283039,0.8737864077669902
33005,2014,19,55,1947,0.904226859283039,0.9047619047619048
33005,2015,12,57,1947,0.904226859283039,0.967741935483871
33005,2016,17,70,1947,0.904226859283039,1.0
33005,2017,16,81,1947,0.904226859283039,0.9333333333333333
33005,2018,23,90,1947,0.904226859283039,0.9223300970873787
33005,2019,22,105,1947,0.904226859283039,0.9568965517241379
33005,2020,16,54,1947,0.904226859283039,0.9649122807017544
33005,2021,3,38,1947,0.904226859283039,0.9512195121951219
33005,2022,19,159,1947,0.904226859283039,0.6988636363636364
33005,2023,12,112,1947,0.904226859283039,0.8991596638655462
33005,2024,26,159,1947,0.904226859283039,0.9277777777777778
33005,2025,14,79,1947,0.904226859283039,0.9642857142857143
33006,2007,12,26,585,0.9050179211469535,0.825
33006,2008,19,42,585,0.9050179211469535,0.9344262295081968
33006,2009,9,43,585,0.9050179211469535,0.9473684210526315
33006,2010,13,53,585,0.9050179211469535,0.9384615384615385
33006,2011,5,20,585,0.9050179211469535,0.92
33006,2012,4,19,585,0.9050179211469535,0.88
33006,2013,5,26,585,0.9050179211469535,0.84375
33006,2014,7,21,585,0.9050179211469535,0.9259259259259259
33006,2015,5,14,585,0.9050179211469535,0.8235294117647058
33006,2016,6,20,585,0.9050179211469535,0.9333333333333333
33006,2017,5,14,585,0.9050179211469535,0.8947368421052632
33006,2018,2,28,585,0.9050179211469535,0.9
33006,2019,4,22,585,0.9050179211469535,0.8095238095238095
33006,2020,2,14,585,0.9050179211469535,0.9411764705882353
33006,2021,3,7,585,0.9050179211469535,1.0
33006,2022,4,14,585,0.9050179211469535,1.0
33006,2023,6,39,585,0.9050179211469535,0.8571428571428571
33006,2024,3,17,585,0.9050179211469535,0.8947368421052632
33006,2025,0,7,585,0.9050179211469535,1.0
33007,2007,3,10,240,0.728448275862069,0.45454545454545453
33007,2008,7,17,240,0.728448275862069,0.7058823529411765
33007,2009,2,29,240,0.728448275862069,0.8275862068965517
33007,2010,4,17,240,0.728448275862069,0.6111111111111112
33007,2011,1,12,240,0.728448275862069,0.75
33007,2012,0,11,240,0.728448275862069,0.8181818181818182
33007,2013,1,8,240,0.728448275862069,0.4444444444444444
33007,2014,3,10,240,0.728448275862069,0.9230769230769231
33007,2015,1,7,240,0.728448275862069,0.875
33007,2016,6,12,240,0.728448275862069,0.9230769230769231
33007,2017,2,8,240,0.728448275862069,0.9
33007,2018,2,6,240,0.728448275862069,0.6666666666666666
33007,2019,8,15,240,0.728448275862069,0.6666666666666666
33007,2020,1,4,240,0.728448275862069,0.42857142857142855
33007,2021,2,7,240,0.728448275862069,1.0
33007,2022,1,4,240,0.728448275862069,1.0
33007,2023,0,12,240,0.728448275862069,0.7
33007,2024,1,10,240,0.728448275862069,0.38461538461538464
33007,2025,0,3,240,0.728448275862069,0.6
33008,2007,0,6,230,0.918552036199095,0.8333333333333334
33008,2008,9,34,230,0.918552036199095,1.0
33008,2009,8,22,230,0.918552036199095,0.9090909090909091
33008,2010,2,9,230,0.918552036199095,0.8571428571428571
33008,2011,5,17,230,0.918552036199095,1.0
33008,2012,3,11,230,0.918552036199095,0.8333333333333334
33008,2013,3,7,230,0.918552036199095,1.0
33008,2014,2,13,230,0.918552036199095,0.9230769230769231
33008,2015,0,7,230,0.918552036199095,0.6
33008,2016,0,6,230,0.918552036199095,1.0
33008,2017,2,8,230,0.918552036199095,1.0
33008,2018,2,10,230,0.918552036199095,0.9230769230769231
33008,2019,2,6,230,0.918552036199095,1.0
33008,2020,0,1,230,0.918552036199095,0.6666666666666666
33008,2021,1,4,230,0.918552036199095,1.0
33008,2022,1,8,230,0.918552036199095,1.0
33008,2023,2,12,230,0.918552036199095,0.9230769230769231
33008,2024,4,16,230,0.918552036199095,0.8888888888888888
33008,2025,4,11,230,0.918552036199095,0.8181818181818182
33009,2007,5,39,736,0.6025641025641025,0.8780487804878049
33009,2008,4,13,736,0.6025641025641025,0.8620689655172413
33009,2009,5,24,736,0.6025641025641025,0.8928571428571429
33009,2010,2,14,736,0.6025641025641025,0.8666666666666667
33009,2011,2,188,736,0.6025641025641025,0.2409090909090909
33009,2012,4,33,736,0.6025641025641025,0.875
33009,2013,9,28,736,0.6025641025641025,0.7931034482758621
33009,2014,3,12,736,0.6025641025641025,0.8571428571428571
33009,2015,0,15,736,0.6025641025641025,0.7777777777777778
33009,2016,4,15,736,0.6025641025641025,0.6875
33009,2017,2,17,736,0.6025641025641025,0.8888888888888888
33009,2018,1,18,736,0.6025641025641025,0.9375
33009,2019,1,17,736,0.6025641025641025,0.9473684210526315
33009,2020,1,7,736,0.6025641025641025,0.8888888888888888
33009,2021,2,9,736,0.6025641025641025,0.9090909090909091
33009,2022,2,80,736,0.6025641025641025,0.4777777777777778
33009,2023,2,23,736,0.6025641025641025,0.7916666666666666
33009,2024,3,30,736,0.6025641025641025,0.6875
33009,2025,3,25,736,0.6025641025641025,0.68
35011,2007,14,154,1427,0.7107736804049168,0.5512820512820513
35011,2008,15,90,1427,0.7107736804049168,0.7752808988764045
35011,2009,9,84,1427,0.7107736804049168,0.8021978021978022
35011,2010,14,122,1427,0.7107736804049168,0.7205882352941176
35011,2011,8,111,1427,0.7107736804049168,0.7068965517241379
35011,2012,12,89,1427,0.7107736804049168,0.4673913043478261
35011,2013,9,101,1427,0.7107736804049168,0.5517241379310345
35011,2014,10,107,1427,0.7107736804049168,0.43548387096774194
35011,2015,8,65,1427,0.7107736804049168,0.6818181818181818
35011,2016,9,44,1427,0.7107736804049168,0.9423076923076923
35011,2017,14,38,1427,0.7107736804049168,0.9285714285714286
35011,2018,12,45,1427,0.7107736804049168,0.94
35011,2019,11,48,1427,0.7107736804049168,0.8727272727272727
35011,2020,9,24,1427,0.7107736804049168,0.896551724137931
35011,2021,2,21,1427,0.7107736804049168,0.9583333333333334
35011,2022,6,29,1427,0.7107736804049168,0.9142857142857143
35011,2023,6,34,1427,0.7107736804049168,0.975
35011,2024,6,24,1427,0.7107736804049168,0.8928571428571429
35011,2025,11,36,1427,0.7107736804049168,0.9761904761904762
35012,2007,0,5,140,0.8796992481203008,0.4
35012,2008,2,11,140,0.8796992481203008,0.9090909090909091
35012,2009,2,14,140,0.8796992481203008,0.75
35012,2010,1,11,140,0.8796992481203008,0.8333333333333334
35012,2011,0,6,140,0.8796992481203008,1.0
35012,2012,2,7,140,0.8796992481203008,1.0
35012,2013,3,3,140,0.8796992481203008,1.0
35012,2014,0,6,140,0.8796992481203008,0.6
35012,2015,0,6,140,0.8796992481203008,0.8571428571428571
35012,2016,1,9,140,0.8796992481203008,0.7777777777777778
35012,2017,0,8,140,0.8796992481203008,1.0
35012,2018,1,8,140,0.8796992481203008,0.8571428571428571
35012,2019,1,5,140,0.8796992481203008,1.0
35012,2020,1,6,140,0.8796992481203008,1.0
35012,2021,0,2,140,0.8796992481203008,1.0
35012,2022,1,6,140,0.8796992481203008,1.0
35012,2023,0,3,140,0.8796992481203008,1.0
35012,2024,2,3,140,0.8796992481203008,1.0
35012,2025,0,6,140,0.8796992481203008,1.0
35013,2007,2,14,343,0.8909090909090909,0.7857142857142857
35013,2008,1,10,343,0.8909090909090909,0.9166666666666666
35013,2009,3,15,343,0.8909090909090909,0.8947368421052632
35013,2010,3,18,343,0.8909090909090909,0.8695652173913043
35013,2011,0,12,343,0.8909090909090909,0.6875
35013,2012,0,17,343,0.8909090909090909,0.96
35013,2013,2,24,343,0.8909090909090909,0.8928571428571429
35013,2014,0,18,343,0.8909090909090909,0.9
35013,2015,2,14,343,0.8909090909090909,0.7857142857142857
35013,2016,1,15,343,0.8909090909090909,0.8695652173913043
35013,2017,5,15,343,0.8909090909090909,0.95
35013,2018,1,13,343,0.8909090909090909,1.0
35013,2019,3,16,343,0.8909090909090909,0.9473684210526315
35013,2020,1,12,343,0.8909090909090909,0.7692307692307693
35013,2021,2,7,343,0.8909090909090909,1.0
35013,2022,1,13,343,0.8909090909090909,1.0
35013,2023,1,18,343,0.8909090909090909,0.8888888888888888
35013,2024,1,8,343,0.8909090909090909,1.0
35013,2025,0,15,343,0.8909090909090909,0.8125
35014,2007,9,40,580,0.9046762589928058,0.8372093023255814
35014,2008,8,37,580,0.9046762589928058,0.9210526315789473
35014,2009,4,28,580,0.9046762589928058,0.8333333333333334
35014,2010,1,28,580,0.9046762589928058,0.9032258064516129
35014,2011,13,39,580,0.9046762589928058,0.8863636363636364
35014,2012,7,34,580,0.9046762589928058,0.9534883720930233
35014,2013,8,34,580,0.9046762589928058,0.8666666666666667
35014,2014,4,19,580,0.9046762589928058,0.782608695652174
35014,2015,2,13,580,0.9046762589928058,0.7368421052631579
35014,2016,6,25,580,0.9046762589928058,0.9090909090909091
35014,2017,3,26,580,0.9046762589928058,0.8928571428571429
35014,2018,5,21,580,0.9046762589928058,0.9545454545454546
35014,2019,2,24,580,0.9046762589928058,0.9565217391304348
35014,2020,3,17,580,0.9046762589928058,1.0
35014,2021,4,15,580,0.9046762589928058,0.9333333333333333
35014,2022,3,18,580,0.9046762589928058,1.0
35014,2023,5,27,580,0.9046762589928058,1.0
35014,2024,4,12,580,0.9046762589928058,1.0
35014,2025,7,32,580,0.9046762589928058,0.9375
35015,2007,4,30,596,0.9044368600682594,0.9375
35015,2008,2,41,596,0.9044368600682594,0.7857142857142857
35015,2009,4,35,596,0.9044368600682594,0.868421052631579
35015,2010,6,66,596,0.9044368600682594,0.9420289855072463
35015,2011,7,51,596,0.9044368600682594,0.8518518518518519
35015,2012,3,42,596,0.9044368600682594,0.8095238095238095
35015,2013,8,33,596,0.9044368600682594,0.7647058823529411
35015,2014,6,30,596,0.9044368600682594,0.96875
35015,2015,6,23,596,0.9044368600682594,0.9583333333333334
35015,2016,1,19,596,0.9044368600682594,0.9
35015,2017,3,25,596,0.9044368600682594,0.9230769230769231
35015,2018,5,30,596,0.9044368600682594,0.967741935483871
35015,2019,4,25,596,0.9044368600682594,0.9583333333333334
35015,2020,2,13,596,0.9044368600682594,1.0
35015,2021,2,12,596,0.9044368600682594,1.0
35015,2022,5,27,596,0.9044368600682594,0.9629629629629629
35015,2023,7,23,596,0.9044368600682594,1.0
35015,2024,7,27,596,0.9044368600682594,0.8888888888888888
35015,2025,3,13,596,0.9044368600682594,1.0
35016,2007,55,251,3633,0.8889200561009818,0.8698884758364313
35016,2008,36,171,3633,0.8889200561009818,0.8932584269662921
35016,2009,46,276,3633,0.8889200561009818,0.863013698630137
35016,2010,40,256,3633,0.8889200561009818,0.8571428571428571
35016,2011,28,229,3633,0.8889200561009818,0.8616600790513834
35016,2012,24,173,3633,0.8889200561009818,0.8478260869565217
35016,2013,36,203,3633,0.8889200561009818,0.8026905829596412
35016,2014,24,155,3633,0.8889200561009818,0.8146067415730337
35016,2015,29,145,3633,0.8889200561009818,0.9314285714285714
35016,2016,20,132,3633,0.8889200561009818,0.9139072847682119
35016,2017,26,153,3633,0.8889200561009818,0.9106145251396648
35016,2018,20,117,3633,0.8889200561009818,0.9626865671641791
35016,2019,19,165,3633,0.8889200561009818,0.9175824175824175
35016,2020,14,98,3633,0.8889200561009818,0.9495798319327731
35016,2021,16,95,3633,0.8889200561009818,0.9339622641509434
35016,2022,20,174,3633,0.8889200561009818,0.9543147208121827
35016,2023,20,174,3633,0.8889200561009818,0.9312169312169312
35016,2024,16,128,3633,0.8889200561009818,0.9172413793103448
35016,2025,18,134,3633,0.8889200561009818,0.8896551724137931
35021,2009,0,1,3,1.0,1.0
35021,2015,0,1,3,1.0,1.0
35021,2016,0,1,3,1.0,1.0
35022,2009,0,1,1,1.0,1.0
35023,2011,0,1,5,0.6,0.5
35023,2012,0,1,5,0.6,1.0
35023,2017,0,1,5,0.6,0.0
35023,2024,0,1,5,0.6,1.0
35031,2011,0,2,14,0.7857142857142857,1.0
35031,2013,0,2,14,0.7857142857142857,0.5
35031,2014,0,1,14,0.7857142857142857,0.0
35031,2015,0,2,14,0.7857142857142857,1.0
35031,2016,0,2,14,0.7857142857142857,1.0
35031,2022,0,1,14,0.7857142857142857,1.0
35031,2024,2,3,14,0.7857142857142857,0.6666666666666666
35032,2009,0,1,21,0.8571428571428571,1.0
35032,2010,0,1,21,0.8571428571428571,1.0
35032,2011,1,2,21,0.8571428571428571,1.0
35032,2013,0,1,21,0.8571428571428571,0.0
35032,2016,0,2,21,0.8571428571428571,1.0
35032,2017,0,2,21,0.8571428571428571,1.0
35032,2018,0,1,21,0.8571428571428571,1.0
35032,2020,2,2,21,0.8571428571428571,1.0
35032,2021,0,2,21,0.8571428571428571,1.0
35032,2022,0,2,21,0.8571428571428571,0.6666666666666666
35032,2024,0,3,21,0.8571428571428571,0.6666666666666666
35033,2007,0,1,21,0.95,1.0
35033,2008,0,2,21,0.95,1.0
35033,2009,0,4,21,0.95,0.6666666666666666
35033,2010,0,1,21,0.95,1.0
35033,2011,0,3,21,0.95,1.0
35033,2012,0,1,21,0.95,1.0
35033,2015,0,2,21,0.95,1.0
35033,2016,0,1,21,0.95,1.0
35033,2018,0,1,21,0.95,1.0
35033,2019,0,1,21,0.95,1.0
35033,2021,0,1,21,0.95,1.0
35033,2022,0,1,21,0.95,1.0
35033,2024,0,1,21,0.95,1.0
35033,2025,0,1,21,0.95,1.0
35041,2007,5,29,1018,0.8765306122448979,0.75
35041,2008,8,51,1018,0.8765306122448979,0.9038461538461539
35041,2009,8,40,1018,0.8765306122448979,0.9523809523809523
35041,2010,14,57,1018,0.8765306122448979,0.8245614035087719
35041,2011,14,59,1018,0.8765306122448979,0.8225806451612904
35041,2012,5,38,1018,0.8765306122448979,0.7674418604651163
35041,2013,6,55,1018,0.8765306122448979,0.746031746031746
35041,2014,18,51,1018,0.8765306122448979,0.8421052631578947
35041,2015,20,75,1018,0.8765306122448979,0.8765432098765432
35041,2016,8,30,1018,0.8765306122448979,0.90625
35041,2017,9,36,1018,0.8765306122448979,0.9736842105263158
35041,2018,20,68,1018,0.8765306122448979,0.9295774647887324
35041,2019,19,81,1018,0.8765306122448979,0.8987341772151899
35041,2020,10,33,1018,0.8765306122448979,0.8857142857142857
35041,2021,9,34,1018,0.8765306122448979,0.9428571428571428
35041,2022,12,41,1018,0.8765306122448979,0.9545454545454546
35041,2023,15,60,1018,0.8765306122448979,0.9538461538461539
35041,2024,12,42,1018,0.8765306122448979,0.8
35041,2025,10,45,1018,0.8765306122448979,0.9361702127659575
35051,2007,0,3,15,0.8666666666666667,0.3333333333333333
35051,2010,0,1,15,0.8666666666666667,1.0
35051,2013,0,1,15,0.8666666666666667,1.0
35051,2015,0,2,15,0.8666666666666667,1.0
35051,2016,0,1,15,0.8666666666666667,1.0
35051,2018,0,2,15,0.8666666666666667,1.0
35051,2021,1,2,15,0.8666666666666667,1.0
35051,2023,1,1,15,0.8666666666666667,1.0
35051,2024,1,2,15,0.8666666666666667,1.0
35052,2008,0,1,8,0.625,1.0
35052,2009,0,1,8,0.625,0.0
35052,2017,0,1,8,0.625,1.0
35052,2018,0,1,8,0.625,0.0
35052,2019,0,2,8,0.625,0.5
35052,2020,0,1,8,0.625,1.0
35052,2023,0,1,8,0.625,1.0
35061,2008,0,1,22,0.6818181818181818,0.0
35061,2009,0,2,22,0.6818181818181818,1.0
35061,2010,0,2,22,0.6818181818181818,1.0
35061,2014,0,2,22,0.6818181818181818,0.5
35061,2015,0,2,22,0.6818181818181818,0.0
35061,2016,0,1,22,0.6818181818181818,1.0
35061,2018,0,3,22,0.6818181818181818,0.6666666666666666
35061,2019,0,3,22,0.6818181818181818,0.3333333333333333
35061,2020,1,1,22,0.6818181818181818,1.0
35061,2023,1,2,22,0.6818181818181818,1.0
35061,2024,2,2,22,0.6818181818181818,1.0
35062,2007,0,1,39,0.7894736842105263,1.0
35062,2008,0,1,39,0.7894736842105263,1.0
35062,2010,0,1,39,0.7894736842105263,1.0
35062,2011,0,4,39,0.7894736842105263,0.25
35062,2012,1,3,39,0.7894736842105263,1.0
35062,2013,0,2,39,0.7894736842105263,1.0
35062,2014,0,1,39,0.7894736842105263,1.0
35062,2015,0,4,39,0.7894736842105263,0.5
35062,2016,0,1,39,0.7894736842105263,1.0
35062,2017,0,4,39,0.7894736842105263,0.75
35062,2018,0,2,39,0.7894736842105263,0.0
35062,2019,0,2,39,0.7894736842105263,0.5
35062,2021,1,3,39,0.7894736842105263,1.0
35062,2022,0,2,39,0.7894736842105263,1.0
35062,2023,1,2,39,0.7894736842105263,1.0
35062,2024,0,3,39,0.7894736842105263,1.0
35062,2025,0,3,39,0.7894736842105263,1.0
35063,2007,0,2,58,0.7068965517241379,0.0
35063,2008,0,3,58,0.7068965517241379,0.3333333333333333
35063,2009,0,5,58,0.7068965517241379,1.0
35063,2010,0,5,58,0.7068965517241379,1.0
35063,2011,0,3,58,0.7068965517241379,0.3333333333333333
35063,2012,0,4,58,0.7068965517241379,0.5
35063,2013,0,5,58,0.7068965517241379,0.8
35063,2014,1,2,58,0.7068965517241379,0.5
35063,2015,1,2,58,0.7068965517241379,0.5
35063,2016,0,2,58,0.7068965517241379,1.0
35063,2017,0,1,58,0.7068965517241379,1.0
35063,2018,0,5,58,0.7068965517241379,0.8
35063,2019,0,7,58,0.7068965517241379,0.7142857142857143
35063,2020,0,1,58,0.7068965517241379,1.0
35063,2021,0,2,58,0.7068965517241379,0.5
35063,2022,0,3,58,0.7068965517241379,0.6666666666666666
35063,2023,0,3,58,0.7068965517241379,1.0
35063,2024,0,2,58,0.7068965517241379,1.0
35063,2025,0,1,58,0.7068965517241379,0.0
35064,2007,0,1,33,0.7575757575757576,0.0
35064,2008,0,1,33,0.7575757575757576,1.0
35064,2009,0,1,33,0.7575757575757576,0.0
35064,2011,2,7,33,0.7575757575757576,1.0
35064,2012,0,5,33,0.7575757575757576,0.6
35064,2013,1,4,33,0.7575757575757576,1.0
35064,2014,1,1,33,0.7575757575757576,0.5
35064,2015,0,1,33,0.7575757575757576,1.0
35064,2016,2,4,33,0.7575757575757576,0.75
35064,2017,2,2,33,0.7575757575757576,1.0
35064,2018,0,3,33,0.7575757575757576,0.6666666666666666
35064,2025,0,1,33,0.7575757575757576,0.0
35065,2012,0,1,7,0.5714285714285714,1.0
35065,2016,0,1,7,0.5714285714285714,1.0
35065,2017,0,2,7,0.5714285714285714,0.0
35065,2021,0,1,7,0.5714285714285714,0.0
35065,2022,0,1,7,0.5714285714285714,1.0
35071,2007,0,2,151,0.7074829931972789,1.0
35071,2008,0,1,151,0.7074829931972789,0.5
35071,2009,1,8,151,0.7074829931972789,0.75
35071,2010,0,11,151,0.7074829931972789,0.6666666666666666
35071,2011,2,10,151,0.7074829931972789,0.5714285714285714
35071,2012,0,2,151,0.7074829931972789,1.0
35071,2013,2,19,151,0.7074829931972789,0.7
35071,2014,1,7,151,0.7074829931972789,1.0
35071,2015,0,13,151,0.7074829931972789,0.6428571428571429
35071,2016,1,11,151,0.7074829931972789,0.7272727272727273
35071,2017,0,8,151,0.7074829931972789,0.375
35071,2018,0,3,151,0.7074829931972789,1.0
35071,2019,1,7,151,0.7074829931972789,0.875
35071,2020,0,3,151,0.7074829931972789,1.0
35071,2021,0,3,151,0.7074829931972789,1.0
35071,2022,0,5,151,0.7074829931972789,0.75
35071,2023,0,8,151,0.7074829931972789,0.25
35071,2024,1,5,151,0.7074829931972789,0.6
35071,2025,1,6,151,0.7074829931972789,1.0
35072,2007,8,45,993,0.6197636949516648,0.6078431372549019
35072,2008,4,39,993,0.6197636949516648,0.5945945945945946
35072,2009,7,76,993,0.6197636949516648,0.6883116883116883
35072,2010,9,60,993,0.6197636949516648,0.5645161290322581
35072,2011,15,135,993,0.6197636949516648,0.5405405405405406
35072,2012,5,93,993,0.6197636949516648,0.5
35072,2013,7,90,993,0.6197636949516648,0.5604395604395604
35072,2014,5,92,993,0.6197636949516648,0.5227272727272727
35072,2015,4,42,993,0.6197636949516648,0.45454545454545453
35072,2016,4,56,993,0.6197636949516648,0.7090909090909091
35072,2017,1,39,993,0.6197636949516648,0.7
35072,2018,4,22,993,0.6197636949516648,0.8260869565217391
35072,2019,5,32,993,0.6197636949516648,0.6764705882352942
35072,2020,3,17,993,0.6197636949516648,0.8823529411764706
35072,2021,1,13,993,0.6197636949516648,0.7692307692307693
35072,2022,2,25,993,0.6197636949516648,0.9615384615384616
35072,2023,6,23,993,0.6197636949516648,0.8260869565217391
35072,2024,4,23,993,0.6197636949516648,0.7391304347826086
35072,2025,2,18,993,0.6197636949516648,0.8333333333333334
35073,2007,1,3,125,0.8306451612903226,1.0
35073,2008,0,7,125,0.8306451612903226,0.9
35073,2009,1,8,125,0.8306451612903226,0.75
35073,2010,1,12,125,0.8306451612903226,0.6666666666666666
35073,2011,1,13,125,0.8306451612903226,0.5
35073,2012,0,10,125,0.8306451612903226,1.0
35073,2013,0,16,125,0.8306451612903226,0.8235294117647058
35073,2014,0,6,125,0.8306451612903226,0.8333333333333334
35073,2015,0,4,125,0.8306451612903226,1.0
35073,2016,1,6,125,0.8306451612903226,1.0
35073,2017,0,5,125,0.8306451612903226,1.0
35073,2018,0,3,125,0.8306451612903226,1.0
35073,2019,0,3,125,0.8306451612903226,0.3333333333333333
35073,2020,0,2,125,0.8306451612903226,1.0
35073,2021,0,3,125,0.8306451612903226,1.0
35073,2022,2,5,125,0.8306451612903226,1.0
35073,2023,0,3,125,0.8306451612903226,1.0
35073,2024,1,2,125,0.8306451612903226,0.6666666666666666
35073,2025,0,2,125,0.8306451612903226,1.0
35074,2007,0,2,63,0.6612903225806451,0.5
35074,2008,0,3,63,0.6612903225806451,0.5
35074,2009,0,4,63,0.6612903225806451,0.8333333333333334
35074,2010,0,4,63,0.6612903225806451,1.0
35074,2011,0,9,63,0.6612903225806451,0.5
35074,2012,0,4,63,0.6612903225806451,0.5
35074,2013,0,8,63,0.6612903225806451,0.75
35074,2014,1,4,63,0.6612903225806451,0.25
35074,2015,0,3,63,0.6612903225806451,0.6666666666666666
35074,2017,1,5,63,0.6612903225806451,0.8
35074,2018,0,2,63,0.6612903225806451,1.0
35074,2019,0,2,63,0.6612903225806451,0.5
35074,2021,0,1,63,0.6612903225806451,0.0
35074,2022,0,3,63,0.6612903225806451,0.6666666666666666
35074,2024,0,1,63,0.6612903225806451,0.0
35074,2025,0,5,63,0.6612903225806451,1.0
35081,2007,0,3,26,0.625,0.3333333333333333
35081,2009,0,2,26,0.625,0.5
35081,2010,0,3,26,0.625,0.3333333333333333
35081,2012,1,3,26,0.625,1.0
35081,2013,1,2,26,0.625,0.5
35081,2014,0,2,26,0.625,0.5
35081,2015,0,1,26,0.625,1.0
35081,2016,0,1,26,0.625,1.0
35081,2019,0,2,26,0.625,0.6666666666666666
35081,2020,0,3,26,0.625,0.5
35081,2022,0,1,26,0.625,
35081,2024,0,1,26,0.625,1.0
35082,2010,0,1,4,0.0,0.0
35082,2011,0,1,4,0.0,
35082,2025,0,1,4,0.0,0.0
35083,2013,1,1,4,1.0,1.0
35083,2021,0,1,4,1.0,1.0
35083,2023,0,1,4,1.0,1.0
35083,2024,0,1,4,1.0,
35091,2009,0,1,25,0.68,1.0
35091,2011,0,1,25,0.68,1.0
35091,2012,1,2,25,0.68,0.5
35091,2013,0,1,25,0.68,0.0
35091,2014,0,2,25,0.68,0.0
35091,2015,0,3,25,0.68,1.0
35091,2016,0,2,25,0.68,0.0
35091,2017,0,2,25,0.68,0.5
35091,2018,0,6,25,0.68,0.8333333333333334
35091,2019,0,2,25,0.68,1.0
35091,2023,0,2,25,0.68,1.0
35091,2025,0,1,25,0.68,1.0
35092,2007,1,5,109,0.6886792452830188,0.6
35092,2008,0,1,109,0.6886792452830188,1.0
35092,2009,0,5,109,0.6886792452830188,0.6
35092,2010,1,15,109,0.6886792452830188,0.35714285714285715
35092,2011,1,7,109,0.6886792452830188,0.6666666666666666
35092,2012,0,9,109,0.6886792452830188,0.8888888888888888
35092,2013,1,25,109,0.6886792452830188,0.7083333333333334
35092,2014,1,15,109,0.6886792452830188,0.6
35092,2015,0,3,109,0.6886792452830188,0.3333333333333333
35092,2017,0,1,109,0.6886792452830188,1.0
35092,2018,0,9,109,0.6886792452830188,0.8888888888888888
35092,2019,0,4,109,0.6886792452830188,1.0
35092,2020,0,1,109,0.6886792452830188,1.0
35092,2022,1,3,109,0.6886792452830188,0.6666666666666666
35092,2024,1,2,109,0.6886792452830188,1.0
35092,2025,2,3,109,0.6886792452830188,1.0
35093,2007,0,8,58,0.43103448275862066,0.125
35093,2008,0,5,58,0.43103448275862066,0.2
35093,2009,0,3,58,0.43103448275862066,0.6666666666666666
35093,2010,0,1,58,0.43103448275862066,0.0
35093,2011,0,3,58,0.43103448275862066,0.6666666666666666
35093,2012,0,5,58,0.43103448275862066,0.4
35093,2013,0,8,58,0.43103448275862066,0.25
35093,2014,0,6,58,0.43103448275862066,0.3333333333333333
35093,2015,0,3,58,0.43103448275862066,0.3333333333333333
35093,2016,0,3,58,0.43103448275862066,1.0
35093,2018,0,4,58,0.43103448275862066,0.75
35093,2019,0,1,58,0.43103448275862066,0.0
35093,2020,0,1,58,0.43103448275862066,1.0
35093,2021,0,1,58,0.43103448275862066,0.0
35093,2022,0,1,58,0.43103448275862066,0.0
35093,2023,0,2,58,0.43103448275862066,1.0
35093,2025,0,3,58,0.43103448275862066,1.0
35094,2007,0,1,27,0.5925925925925926,0.0
35094,2008,0,1,27,0.5925925925925926,1.0
35094,2009,0,1,27,0.5925925925925926,1.0
35094,2012,0,1,27,0.5925925925925926,1.0
35094,2013,0,2,27,0.5925925925925926,0.3333333333333333
35094,2016,0,2,27,0.5925925925925926,0.5
35094,2017,0,2,27,0.5925925925925926,1.0
35094,2018,0,1,27,0.5925925925925926,1.0
35094,2019,0,3,27,0.5925925925925926,0.6666666666666666
35094,2020,1,5,27,0.5925925925925926,0.4
35094,2021,0,1,27,0.5925925925925926,1.0
35094,2022,0,3,27,0.5925925925925926,0.3333333333333333
35094,2023,0,1,27,0.5925925925925926,0.0
35094,2024,0,2,27,0.5925925925925926,1.0
35095,2007,0,2,16,0.5,0.5
35095,2009,0,1,16,0.5,1.0
35095,2012,0,2,16,0.5,0.5
35095,2013,0,4,16,0.5,0.25
35095,2014,1,3,16,0.5,0.3333333333333333
35095,2015,0,1,16,0.5,1.0
35095,2016,0,1,16,0.5,0.0
35095,2019,1,1,16,0.5,1.0
35095,2022,0,1,16,0.5,1.0
35101,2008,0,3,50,0.75,1.0
35101,2009,0,4,50,0.75,0.75
35101,2010,1,3,50,0.75,0.3333333333333333
35101,2011,0,1,50,0.75,1.0
35101,2012,0,3,50,0.75,1.0
35101,2014,0,3,50,0.75,1.0
35101,2015,0,2,50,0.75,1.0
35101,2016,3,5,50,0.75,0.6
35101,2017,2,5,50,0.75,1.0
35101,2019,0,2,50,0.75,1.0
35101,2020,0,2,50,0.75,0.6666666666666666
35101,2021,1,4,50,0.75,0.5
35101,2023,0,2,50,0.75,0.6666666666666666
35101,2024,0,5,50,0.75,0.5
35101,2025,0,1,50,0.75,0.0
35102,2008,0,2,34,0.7352941176470589,0.5
35102,2009,1,5,34,0.7352941176470589,0.5
35102,2010,0,3,34,0.7352941176470589,0.6666666666666666
35102,2011,2,4,34,0.7352941176470589,1.0
35102,2012,0,2,34,0.7352941176470589,0.0
35102,2013,0,2,34,0.7352941176470589,1.0
35102,2015,0,3,34,0.7352941176470589,1.0
35102,2016,0,1,34,0.7352941176470589,0.0
35102,2017,0,3,34,0.7352941176470589,1.0
35102,2018,0,2,34,0.7352941176470589,0.5
35102,2021,1,1,34,0.7352941176470589,1.0
35102,2022,0,1,34,0.7352941176470589,1.0
35102,2023,0,1,34,0.7352941176470589,1.0
35102,2024,0,1,34,0.7352941176470589,1.0
35102,2025,0,1,34,0.7352941176470589,1.0
35103,2007,0,14,216,0.411214953271028,0.35714285714285715
35103,2008,0,8,216,0.411214953271028,0.5
35103,2009,0,23,216,0.411214953271028,0.34782608695652173
35103,2010,0,21,216,0.411214953271028,0.14285714285714285
35103,2011,0,12,216,0.411214953271028,0.16666666666666666
35103,2012,0,16,216,0.411214953271028,0.4375
35103,2013,1,20,216,0.411214953271028,0.3
35103,2014,2,14,216,0.411214953271028,0.5625
35103,2015,0,14,216,0.411214953271028,0.4
35103,2016,0,20,216,0.411214953271028,0.45
35103,2017,1,9,216,0.411214953271028,0.4444444444444444
35103,2018,0,7,216,0.411214953271028,0.42857142857142855
35103,2019,0,5,216,0.411214953271028,0.6
35103,2020,0,5,216,0.411214953271028,0.6
35103,2021,1,6,216,0.411214953271028,0.6666666666666666
35103,2022,1,7,216,0.411214953271028,0.75
35103,2023,0,6,216,0.411214953271028,0.6666666666666666
35103,2024,1,1,216,0.411214953271028,1.0
35103,2025,0,2,216,0.411214953271028,0.5
35104,2007,0,2,52,0.6938775510204082,1.0
35104,2008,2,3,52,0.6938775510204082,0.6666666666666666
35104,2009,0,7,52,0.6938775510204082,0.5
35104,2010,0,4,52,0.6938775510204082,0.4
35104,2011,0,2,52,0.6938775510204082,1.0
35104,2012,0,2,52,0.6938775510204082,0.5
35104,2013,1,3,52,0.6938775510204082,1.0
35104,2014,1,3,52,0.6938775510204082,0.3333333333333333
35104,2015,0,1,52,0.6938775510204082,0.0
35104,2016,0,5,52,0.6938775510204082,1.0
35104,2017,0,2,52,0.6938775510204082,1.0
35104,2018,0,3,52,0.6938775510204082,0.6666666666666666
35104,2019,0,2,52,0.6938775510204082,0.0
35104,2020,0,2,52,0.6938775510204082,1.0
35104,2021,0,1,52,0.6938775510204082,1.0
35104,2022,0,1,52,0.6938775510204082,1.0
35104,2023,1,2,52,0.6938775510204082,1.0
35104,2024,1,3,52,0.6938775510204082,1.0
35104,2025,0,2,52,0.6938775510204082,0.5
35111,2019,0,1,4,0.75,1.0
35111,2024,0,3,4,0.75,0.6666666666666666
35112,2007,0,1,25,1.0,1.0
35112,2008,0,4,25,1.0,1.0
35112,2009,0,2,25,1.0,1.0
35112,2010,0,3,25,1.0,1.0
35112,2011,0,4,25,1.0,1.0
35112,2012,0,3,25,1.0,1.0
35112,2014,1,4,25,1.0,1.0
35112,2015,0,1,25,1.0,1.0
35112,2018,0,1,25,1.0,1.0
35112,2019,0,1,25,1.0,1.0
35112,2025,0,1,25,1.0,1.0
35113,2007,0,1,7,0.8571428571428571,1.0
35113,2008,0,2,7,0.8571428571428571,1.0
35113,2009,0,1,7,0.8571428571428571,1.0
35113,2010,0,1,7,0.8571428571428571,1.0
35113,2012,0,1,7,0.8571428571428571,0.0
35113,2020,1,1,7,0.8571428571428571,1.0
35114,2009,0,1,4,0.75,1.0
35114,2014,0,1,4,0.75,1.0
35114,2017,0,1,4,0.75,0.0
35114,2025,0,1,4,0.75,1.0
35115,2008,0,1,3,1.0,1.0
35115,2014,0,1,3,1.0,1.0
35115,2015,1,1,3,1.0,1.0
35121,2007,0,6,203,0.675,0.6
35121,2008,0,8,203,0.675,0.5
35121,2009,1,23,203,0.675,0.6521739130434783
35121,2010,2,13,203,0.675,0.6153846153846154
35121,2011,3,17,203,0.675,0.7647058823529411
35121,2012,3,17,203,0.675,0.7647058823529411
35121,2013,3,17,203,0.675,0.47368421052631576
35121,2014,3,18,203,0.675,0.3684210526315789
35121,2015,0,13,203,0.675,0.8461538461538461
35121,2016,3,18,203,0.675,0.6111111111111112
35121,2017,0,7,203,0.675,0.75
35121,2018,1,7,203,0.675,0.75
35121,2019,1,8,203,0.675,0.875
35121,2020,0,1,203,0.675,1.0
35121,2021,0,3,203,0.675,1.0
35121,2022,0,7,203,0.675,0.875
35121,2023,1,5,203,0.675,0.8
35121,2024,0,3,203,0.675,1.0
35121,2025,0,1,203,0.675,1.0
35131,2007,0,3,40,0.8,0.6666666666666666
35131,2008,0,1,40,0.8,1.0
35131,2011,1,3,40,0.8,1.0
35131,2012,0,3,40,0.8,0.3333333333333333
35131,2013,0,3,40,0.8,1.0
35131,2014,0,6,40,0.8,0.6666666666666666
35131,2015,1,2,40,0.8,1.0
35131,2016,1,1,40,0.8,1.0
35131,2017,0,2,40,0.8,1.0
35131,2018,0,3,40,0.8,1.0
35131,2019,0,1,40,0.8,1.0
35131,2020,0,2,40,0.8,1.0
35131,2021,0,1,40,0.8,1.0
35131,2022,1,2,40,0.8,0.0
35131,2024,0,1,40,0.8,1.0
35131,2025,0,4,40,0.8,0.8
35132,2007,0,3,56,0.8392857142857143,0.75
35132,2008,0,3,56,0.8392857142857143,1.0
35132,2009,0,1,56,0.8392857142857143,1.0
35132,2010,1,2,56,0.8392857142857143,1.0
35132,2011,1,5,56,0.8392857142857143,0.6
35132,2012,0,3,56,0.8392857142857143,1.0
35132,2013,0,4,56,0.8392857142857143,0.7142857142857143
35132,2014,2,3,56,0.8392857142857143,1.0
35132,2015,1,5,56,0.8392857142857143,1.0
35132,2016,0,2,56,0.8392857142857143,1.0
35132,2017,0,1,56,0.8392857142857143,1.0
35132,2018,0,3,56,0.8392857142857143,0.6666666666666666
35132,2019,1,3,56,0.8392857142857143,1.0
35132,2021,0,1,56,0.8392857142857143,0.0
35132,2022,0,1,56,0.8392857142857143,1.0
35132,2023,0,2,56,0.8392857142857143,0.5
35132,2024,1,4,56,0.8392857142857143,1.0
35132,2025,1,4,56,0.8392857142857143,0.75
35133,2009,0,1,7,1.0,1.0
35133,2014,0,1,7,1.0,1.0
35133,2017,0,1,7,1.0,1.0
35133,2018,0,1,7,1.0,1.0
35133,2019,0,1,7,1.0,1.0
35133,2022,0,1,7,1.0,1.0
35133,2024,0,1,7,1.0,1.0
35141,2007,0,3,41,0.725,0.0
35141,2008,0,6,41,0.725,0.6666666666666666
35141,2009,0,3,41,0.725,1.0
35141,2010,0,6,41,0.725,0.5
35141,2011,1,1,41,0.725,1.0
35141,2012,0,1,41,0.725,1.0
35141,2016,0,5,41,0.725,0.6
35141,2017,2,5,41,0.725,1.0
35141,2019,0,4,41,0.725,0.5
35141,2021,0,1,41,0.725,1.0
35141,2022,0,1,41,0.725,1.0
35141,2023,0,1,41,0.725,1.0
35141,2024,0,3,41,0.725,1.0
35141,2025,0,1,41,0.725,1.0
35142,2007,0,1,36,0.7777777777777778,0.0
35142,2011,0,4,36,0.7777777777777778,1.0
35142,2012,0,4,36,0.7777777777777778,0.75
35142,2013,0,1,36,0.7777777777777778,1.0
35142,2014,0,5,36,0.7777777777777778,0.8
35142,2015,0,3,36,0.7777777777777778,0.3333333333333333
35142,2016,0,3,36,0.7777777777777778,0.6666666666666666
35142,2017,0,1,36,0.7777777777777778,0.0
35142,2018,0,2,36,0.7777777777777778,1.0
35142,2019,0,1,36,0.7777777777777778,1.0
35142,2020,0,1,36,0.7777777777777778,1.0
35142,2021,0,2,36,0.7777777777777778,1.0
35142,2022,0,2,36,0.7777777777777778,1.0
35142,2023,0,5,36,0.7777777777777778,0.8
35142,2025,0,1,36,0.7777777777777778,1.0
35143,2007,0,5,28,0.7037037037037037,0.6
35143,2009,0,1,28,0.7037037037037037,1.0
35143,2010,0,2,28,0.7037037037037037,0.5
35143,2012,0,1,28,0.7037037037037037,1.0
35143,2013,0,4,28,0.7037037037037037,0.5
35143,2014,0,1,28,0.7037037037037037,0.0
35143,2015,0,1,28,0.7037037037037037,1.0
35143,2016,0,1,28,0.7037037037037037,1.0
35143,2018,0,2,28,0.7037037037037037,1.0
35143,2019,0,1,28,0.7037037037037037,1.0
35143,2020,0,1,28,0.7037037037037037,1.0
35143,2022,0,1,28,0.7037037037037037,0.0
35143,2023,1,3,28,0.7037037037037037,1.0
35143,2024,1,1,28,0.7037037037037037,1.0
35143,2025,1,2,28,0.7037037037037037,0.5
35151,2007,0,3,96,0.7604166666666666,0.6666666666666666
35151,2008,0,2,96,0.7604166666666666,0.5
35151,2009,0,2,96,0.7604166666666666,1.0
35151,2010,0,9,96,0.7604166666666666,0.5555555555555556
35151,2011,0,20,96,0.7604166666666666,0.6086956521739131
35151,2012,0,8,96,0.7604166666666666,0.875
35151,2013,1,9,96,0.7604166666666666,0.8
35151,2014,0,7,96,0.7604166666666666,1.0
35151,2015,1,4,96,0.7604166666666666,0.75
35151,2016,0,2,96,0.7604166666666666,1.0
35151,2017,0,6,96,0.7604166666666666,0.8333333333333334
35151,2018,0,4,96,0.7604166666666666,1.0
35151,2019,0,7,96,0.7604166666666666,0.7142857142857143
35151,2020,1,3,96,0.7604166666666666,0.6666666666666666
35151,2022,0,2,96,0.7604166666666666,1.0
35151,2024,0,1,96,0.7604166666666666,1.0
35151,2025,0,3,96,0.7604166666666666,1.0
35152,2009,0,1,1,0.0,0.0
35153,2007,0,1,7,1.0,1.0
35153,2013,0,1,7,1.0,1.0
35153,2016,0,1,7,1.0,1.0
35153,2018,0,1,7,1.0,1.0
35153,2019,0,1,7,1.0,1.0
35153,2025,0,1,7,1.0,1.0
35154,2009,0,4,27,0.7407407407407407,0.75
35154,2010,0,2,27,0.7407407407407407,0.0
35154,2011,1,1,27,0.7407407407407407,1.0
35154,2012,0,2,27,0.7407407407407407,1.0
35154,2013,0,3,27,0.7407407407407407,0.5
35154,2014,0,1,27,0.7407407407407407,1.0
35154,2015,1,1,27,0.7407407407407407,1.0
35154,2018,0,3,27,0.7407407407407407,1.0
35154,2019,0,3,27,0.7407407407407407,0.3333333333333333
35154,2022,0,1,27,0.7407407407407407,1.0
35154,2023,0,3,27,0.7407407407407407,1.0
35155,2007,1,2,83,0.7654320987654321,0.5
35155,2008,1,2,83,0.7654320987654321,1.0
35155,2009,0,5,83,0.7654320987654321,0.4
35155,2010,1,1,83,0.7654320987654321,1.0
35155,2011,2,16,83,0.7654320987654321,0.6666666666666666
35155,2012,2,9,83,0.7654320987654321,0.6666666666666666
35155,2013,1,15,83,0.7654320987654321,0.7142857142857143
35155,2014,2,8,83,0.7654320987654321,0.875
35155,2015,0,3,83,0.7654320987654321,1.0
35155,2016,0,6,83,0.7654320987654321,1.0
35155,2017,0,1,83,0.7654320987654321,1.0
35155,2018,2,3,83,0.7654320987654321,1.0
35155,2019,0,2,83,0.7654320987654321,0.5
35155,2020,1,1,83,0.7654320987654321,0.5
35155,2021,1,2,83,0.7654320987654321,1.0
35155,2022,1,1,83,0.7654320987654321,1.0
35155,2023,0,1,83,0.7654320987654321,1.0
35155,2024,1,1,83,0.7654320987654321,1.0
35155,2025,0,2,83,0.7654320987654321,1.0
35156,2008,0,1,11,1.0,1.0
35156,2009,0,1,11,1.0,1.0
35156,2010,0,1,11,1.0,
35156,2012,0,1,11,1.0,1.0
35156,2013,1,3,11,1.0,1.0
35156,2017,0,1,11,1.0,1.0
35156,2021,0,1,11,1.0,1.0
35156,2023,0,1,11,1.0,1.0
35157,2009,0,6,32,0.75,0.0
35157,2010,0,1,32,0.75,1.0
35157,2011,0,3,32,0.75,1.0
35157,2012,0,1,32,0.75,1.0
35157,2013,0,2,32,0.75,1.0
35157,2015,0,2,32,0.75,1.0
35157,2016,0,2,32,0.75,0.5
35157,2018,0,1,32,0.75,1.0
35157,2019,0,4,32,0.75,1.0
35157,2020,1,2,32,0.75,1.0
35157,2021,0,2,32,0.75,1.0
35157,2024,0,2,32,0.75,1.0
35157,2025,0,3,32,0.75,0.6666666666666666
35161,2007,1,3,62,0.5423728813559322,0.6666666666666666
35161,2008,0,3,62,0.5423728813559322,0.0
35161,2010,1,1,62,0.5423728813559322,1.0
35161,2011,0,2,62,0.5423728813559322,1.0
35161,2012,0,6,62,0.5423728813559322,0.5
35161,2013,0,3,62,0.5423728813559322,0.3333333333333333
35161,2014,0,3,62,0.5423728813559322,1.0
35161,2015,0,4,62,0.5423728813559322,0.8
35161,2016,0,1,62,0.5423728813559322,1.0
35161,2017,0,1,62,0.5423728813559322,1.0
35161,2018,1,6,62,0.5423728813559322,0.6666666666666666
35161,2019,0,4,62,0.5423728813559322,0.75
35161,2023,1,4,62,0.5423728813559322,0.6
35161,2024,0,11,62,0.5423728813559322,0.18181818181818182
35161,2025,0,5,62,0.5423728813559322,0.4
35162,2008,1,1,50,0.64,1.0
35162,2010,0,2,50,0.64,1.0
35162,2011,1,2,50,0.64,0.5
35162,2012,0,7,50,0.64,0.5714285714285714
35162,2013,1,10,50,0.64,0.3
35162,2014,0,1,50,0.64,0.0
35162,2015,0,1,50,0.64,1.0
35162,2016,0,6,50,0.64,0.8333333333333334
35162,2017,1,2,50,0.64,0.5
35162,2018,1,2,50,0.64,1.0
35162,2019,2,3,50,0.64,0.75
35162,2020,0,2,50,0.64,0.5
35162,2021,1,1,50,0.64,1.0
35162,2022,0,2,50,0.64,1.0
35162,2023,0,3,50,0.64,0.6666666666666666
35162,2024,0,4,50,0.64,0.75
35163,2007,0,15,502,0.7318087318087318,0.5
35163,2008,1,18,502,0.7318087318087318,0.45454545454545453
35163,2009,2,26,502,0.7318087318087318,0.68
35163,2010,3,29,502,0.7318087318087318,0.7
35163,2011,6,29,502,0.7318087318087318,0.8275862068965517
35163,2012,4,23,502,0.7318087318087318,0.5416666666666666
35163,2013,4,39,502,0.7318087318087318,0.625
35163,2014,4,32,502,0.7318087318087318,0.5757575757575758
35163,2015,7,32,502,0.7318087318087318,0.7575757575757576
35163,2016,3,33,502,0.7318087318087318,0.8857142857142857
35163,2017,3,24,502,0.7318087318087318,0.8076923076923077
35163,2018,7,29,502,0.7318087318087318,0.8666666666666667
35163,2019,3,21,502,0.7318087318087318,0.7272727272727273
35163,2020,1,14,502,0.7318087318087318,1.0
35163,2021,1,8,502,0.7318087318087318,0.8888888888888888
35163,2022,4,20,502,0.7318087318087318,0.6896551724137931
35163,2023,6,17,502,0.7318087318087318,0.8947368421052632
35163,2024,3,22,502,0.7318087318087318,0.7391304347826086
35163,2025,4,24,502,0.7318087318087318,0.8695652173913043
35171,2007,0,16,328,0.7443365695792881,0.631578947368421
35171,2008,1,12,328,0.7443365695792881,0.5833333333333334
35171,2009,3,13,328,0.7443365695792881,0.8
35171,2010,1,14,328,0.7443365695792881,0.6428571428571429
35171,2011,3,21,328,0.7443365695792881,0.65
35171,2012,1,21,328,0.7443365695792881,0.7037037037037037
35171,2013,3,26,328,0.7443365695792881,0.5
35171,2014,3,23,328,0.7443365695792881,0.6842105263157895
35171,2015,2,22,328,0.7443365695792881,0.7142857142857143
35171,2016,2,10,328,0.7443365695792881,0.8888888888888888
35171,2017,1,16,328,0.7443365695792881,0.8666666666666667
35171,2018,2,13,328,0.7443365695792881,0.8
35171,2019,4,8,328,0.7443365695792881,0.75
35171,2020,2,11,328,0.7443365695792881,0.8181818181818182
35171,2021,0,10,328,0.7443365695792881,0.7777777777777778
35171,2022,3,14,328,0.7443365695792881,0.8571428571428571
35171,2023,1,20,328,0.7443365695792881,0.85
35171,2024,2,16,328,0.7443365695792881,1.0
35171,2025,1,17,328,0.7443365695792881,0.9411764705882353
35172,2007,0,5,168,0.7777777777777778,1.0
35172,2008,1,3,168,0.7777777777777778,0.6666666666666666
35172,2009,1,15,168,0.7777777777777778,0.7857142857142857
35172,2010,1,7,168,0.7777777777777778,0.8571428571428571
35172,2011,0,10,168,0.7777777777777778,0.6666666666666666
35172,2012,0,8,168,0.7777777777777778,1.0
35172,2013,1,13,168,0.7777777777777778,0.7333333333333333
35172,2014,0,7,168,0.7777777777777778,0.7142857142857143
35172,2015,2,19,168,0.7777777777777778,0.7222222222222222
35172,2016,1,14,168,0.7777777777777778,0.7692307692307693
35172,2017,3,18,168,0.7777777777777778,0.7222222222222222
35172,2018,1,8,168,0.7777777777777778,0.75
35172,2019,1,6,168,0.7777777777777778,0.8333333333333334
35172,2020,0,2,168,0.7777777777777778,1.0
35172,2022,0,3,168,0.7777777777777778,0.8
35172,2023,0,8,168,0.7777777777777778,0.75
35172,2024,1,7,168,0.7777777777777778,0.9
35172,2025,0,2,168,0.7777777777777778,0.6666666666666666
35173,2007,0,2,105,0.6470588235294118,0.6666666666666666
35173,2008,1,3,105,0.6470588235294118,0.75
35173,2009,1,12,105,0.6470588235294118,0.8333333333333334
35173,2010,0,2,105,0.6470588235294118,0.5
35173,2011,0,7,105,0.6470588235294118,0.5714285714285714
35173,2012,0,5,105,0.6470588235294118,0.6666666666666666
35173,2013,1,11,105,0.6470588235294118,0.5454545454545454
35173,2014,1,9,105,0.6470588235294118,0.6666666666666666
35173,2015,1,1,105,0.6470588235294118,1.0
35173,2016,0,4,105,0.6470588235294118,0.8
35173,2017,0,3,105,0.6470588235294118,0.3333333333333333
35173,2018,0,4,105,0.6470588235294118,1.0
35173,2019,0,1,105,0.6470588235294118,1.0
35173,2020,0,2,105,0.6470588235294118,1.0
35173,2021,0,1,105,0.6470588235294118,0.6666666666666666
35173,2022,1,4,105,0.6470588235294118,0.6
35173,2023,0,5,105,0.6470588235294118,0.7142857142857143
35173,2024,0,8,105,0.6470588235294118,0.25
35173,2025,1,5,105,0.6470588235294118,0.42857142857142855
35174,2007,0,5,112,0.7818181818181819,0.6
35174,2008,0,1,112,0.7818181818181819,1.0
35174,2009,0,4,112,0.7818181818181819,0.4
35174,2010,0,9,112,0.7818181818181819,0.5
35174,2011,0,4,112,0.7818181818181819,0.75
35174,2012,0,2,112,0.7818181818181819,0.3333333333333333
35174,2013,2,5,112,0.7818181818181819,0.8333333333333334
35174,2014,1,7,112,0.7818181818181819,1.0
35174,2015,0,1,112,0.7818181818181819,0.0
35174,2016,0,10,112,0.7818181818181819,0.7
35174,2017,2,5,112,0.7818181818181819,1.0
35174,2018,4,10,112,0.7818181818181819,0.9
35174,2019,2,8,112,0.7818181818181819,0.8888888888888888
35174,2020,0,3,112,0.7818181818181819,1.0
35174,2021,1,3,112,0.7818181818181819,1.0
35174,2022,1,4,112,0.7818181818181819,0.6
35174,2023,1,7,112,0.7818181818181819,0.8571428571428571
35174,2024,2,10,112,0.7818181818181819,0.8
35174,2025,0,8,112,0.7818181818181819,1.0
41001,2007,0,12,327,0.8190184049079755,0.5833333333333334
41001,2008,2,11,327,0.8190184049079755,0.9230769230769231
41001,2009,1,6,327,0.8190184049079755,0.6666666666666666
41001,2010,6,11,327,0.8190184049079755,0.9166666666666666
41001,2011,7,53,327,0.8190184049079755,0.7592592592592593
41001,2012,2,10,327,0.8190184049079755,0.9
41001,2013,2,12,327,0.8190184049079755,0.6666666666666666
41001,2014,1,6,327,0.8190184049079755,0.8333333333333334
41001,2015,7,25,327,0.8190184049079755,0.8148148148148148
41001,2016,2,12,327,0.8190184049079755,0.7692307692307693
41001,2017,0,17,327,0.8190184049079755,0.8235294117647058
41001,2018,0,10,327,0.8190184049079755,0.7272727272727273
41001,2019,1,19,327,0.8190184049079755,1.0
41001,2020,1,11,327,0.8190184049079755,1.0
41001,2021,4,20,327,0.8190184049079755,0.7
41001,2022,5,17,327,0.8190184049079755,0.8333333333333334
41001,2023,2,16,327,0.8190184049079755,0.875
41001,2024,9,27,327,0.8190184049079755,0.9310344827586207
41001,2025,2,15,327,0.8190184049079755,0.7894736842105263
41002,2007,19,228,3476,0.6983159117305459,0.646551724137931
41002,2008,14,128,3476,0.6983159117305459,0.6538461538461539
41002,2009,15,99,3476,0.6983159117305459,0.7570093457943925
41002,2010,42,220,3476,0.6983159117305459,0.7564102564102564
41002,2011,42,310,3476,0.6983159117305459,0.6518987341772152
41002,2012,18,131,3476,0.6983159117305459,0.6691729323308271
41002,2013,32,191,3476,0.6983159117305459,0.6615384615384615
41002,2014,16,149,3476,0.6983159117305459,0.6845637583892618
41002,2015,27,254,3476,0.6983159117305459,0.6981132075471698
41002,2016,15,214,3476,0.6983159117305459,0.6801801801801802
41002,2017,10,136,3476,0.6983159117305459,0.6086956521739131
41002,2018,12,185,3476,0.6983159117305459,0.6808510638297872
41002,2019,13,199,3476,0.6983159117305459,0.6237623762376238
41002,2020,10,83,3476,0.6983159117305459,0.6853932584269663
41002,2021,9,93,3476,0.6983159117305459,0.8064516129032258
41002,2022,16,176,3476,0.6983159117305459,0.7789473684210526
41002,2023,16,201,3476,0.6983159117305459,0.7511737089201878
41002,2024,26,188,3476,0.6983159117305459,0.7760416666666666
41002,2025,14,149,3476,0.6983159117305459,0.7628205128205128
41003,2007,2,20,271,0.7894736842105263,0.75
41003,2008,1,6,271,0.7894736842105263,0.6666666666666666
41003,2009,2,11,271,0.7894736842105263,0.9090909090909091
41003,2010,1,11,271,0.7894736842105263,0.75
41003,2011,1,7,271,0.7894736842105263,1.0
41003,2012,1,11,271,0.7894736842105263,0.6363636363636364
41003,2013,1,7,271,0.7894736842105263,1.0
41003,2014,4,11,271,0.7894736842105263,0.9090909090909091
41003,2015,3,20,271,0.7894736842105263,0.9
41003,2016,5,20,271,0.7894736842105263,0.95
41003,2017,0,7,271,0.7894736842105263,0.8571428571428571
41003,2018,1,14,271,0.7894736842105263,0.7857142857142857
41003,2019,2,19,271,0.7894736842105263,0.7894736842105263
41003,2020,0,5,271,0.7894736842105263,1.0
41003,2021,2,13,271,0.7894736842105263,0.6923076923076923
41003,2022,1,12,271,0.7894736842105263,0.8333333333333334
41003,2023,0,30,271,0.7894736842105263,0.75
41003,2024,0,20,271,0.7894736842105263,0.65
41003,2025,1,24,271,0.7894736842105263,0.6086956521739131
41004,2011,1,2,83,0.7804878048780488,0.5
41004,2012,1,2,83,0.7804878048780488,1.0
41004,2013,0,11,83,0.7804878048780488,0.8461538461538461
41004,2014,0,4,83,0.7804878048780488,0.5
41004,2015,0,4,83,0.7804878048780488,0.5
41004,2016,0,6,83,0.7804878048780488,0.8333333333333334
41004,2017,0,4,83,0.7804878048780488,0.25
41004,2018,0,6,83,0.7804878048780488,1.0
41004,2019,0,7,83,0.7804878048780488,0.8571428571428571
41004,2020,0,3,83,0.7804878048780488,0.3333333333333333
41004,2021,0,4,83,0.7804878048780488,0.25
41004,2022,0,6,83,0.7804878048780488,1.0
41004,2023,0,12,83,0.7804878048780488,0.9090909090909091
41004,2024,1,7,83,0.7804878048780488,1.0
41004,2025,0,2,83,0.7804878048780488,1.0
41005,2007,0,3,194,0.5806451612903226,0.3333333333333333
41005,2008,0,1,194,0.5806451612903226,1.0
41005,2009,0,5,194,0.5806451612903226,1.0
41005,2010,0,4,194,0.5806451612903226,0.5
41005,2011,3,6,194,0.5806451612903226,0.6666666666666666
41005,2012,1,4,194,0.5806451612903226,0.5
41005,2013,0,3,194,0.5806451612903226,0.6666666666666666
41005,2014,0,3,194,0.5806451612903226,0.75
41005,2015,2,12,194,0.5806451612903226,0.6666666666666666
41005,2016,0,8,194,0.5806451612903226,0.75
41005,2017,0,5,194,0.5806451612903226,0.6666666666666666
41005,2018,0,9,194,0.5806451612903226,0.8888888888888888
41005,2019,2,11,194,0.5806451612903226,0.6923076923076923
41005,2020,0,9,194,0.5806451612903226,0.7
41005,2021,0,10,194,0.5806451612903226,0.6
41005,2022,2,7,194,0.5806451612903226,0.625
41005,2023,1,33,194,0.5806451612903226,0.35294117647058826
41005,2024,2,35,194,0.5806451612903226,0.5294117647058824
41005,2025,0,10,194,0.5806451612903226,0.4
41006,2007,0,2,111,0.7663551401869159,0.5
41006,2008,0,1,111,0.7663551401869159,1.0
41006,2009,0,5,111,0.7663551401869159,0.2
41006,2010,1,3,111,0.7663551401869159,1.0
41006,2012,0,1,111,0.7663551401869159,1.0
41006,2013,2,4,111,0.7663551401869159,1.0
41006,2014,0,6,111,0.7663551401869159,1.0
41006,2015,0,4,111,0.7663551401869159,0.5
41006,2016,0,14,111,0.7663551401869159,0.9285714285714286
41006,2017,0,6,111,0.7663551401869159,0.8333333333333334
41006,2018,0,6,111,0.7663551401869159,1.0
41006,2019,0,6,111,0.7663551401869159,1.0
41006,2021,1,2,111,0.7663551401869159,1.0
41006,2022,1,10,111,0.7663551401869159,0.8
41006,2023,0,19,111,0.7663551401869159,0.5909090909090909
41006,2024,1,14,111,0.7663551401869159,0.6428571428571429
41006,2025,0,3,111,0.7663551401869159,1.0
41007,2007,0,3,149,0.5202702702702703,0.75
41007,2009,0,3,149,0.5202702702702703,0.3333333333333333
41007,2010,0,2,149,0.5202702702702703,1.0
41007,2011,1,1,149,0.5202702702702703,1.0
41007,2012,0,4,149,0.5202702702702703,0.5
41007,2013,0,4,149,0.5202702702702703,0.25
41007,2014,0,3,149,0.5202702702702703,0.6666666666666666
41007,2015,0,8,149,0.5202702702702703,0.875
41007,2016,1,18,149,0.5202702702702703,0.8333333333333334
41007,2017,0,2,149,0.5202702702702703,1.0
41007,2018,0,11,149,0.5202702702702703,0.6363636363636364
41007,2019,1,10,149,0.5202702702702703,0.36363636363636365
41007,2020,1,11,149,0.5202702702702703,0.45454545454545453
41007,2021,0,12,149,0.5202702702702703,0.7272727272727273
41007,2022,1,15,149,0.5202702702702703,0.3333333333333333
41007,2023,0,15,149,0.5202702702702703,0.26666666666666666
41007,2024,0,10,149,0.5202702702702703,0.2
41007,2025,0,14,149,0.5202702702702703,0.4
41008,2007,0,11,233,0.6491228070175439,0.7272727272727273
41008,2008,0,2,233,0.6491228070175439,1.0
41008,2009,0,5,233,0.6491228070175439,0.8
41008,2010,2,3,233,0.6491228070175439,0.6666666666666666
41008,2011,0,5,233,0.6491228070175439,0.8
41008,2012,1,7,233,0.6491228070175439,1.0
41008,2013,0,12,233,0.6491228070175439,0.4166666666666667
41008,2014,1,12,233,0.6491228070175439,0.6153846153846154
41008,2015,2,27,233,0.6491228070175439,0.7857142857142857
41008,2016,0,9,233,0.6491228070175439,0.7777777777777778
41008,2017,0,9,233,0.6491228070175439,0.7777777777777778
41008,2018,0,10,233,0.6491228070175439,1.0
41008,2019,1,20,233,0.6491228070175439,0.6190476190476191
41008,2020,0,6,233,0.6491228070175439,0.625
41008,2021,0,11,233,0.6491228070175439,0.6923076923076923
41008,2022,0,10,233,0.6491228070175439,0.4
41008,2023,0,17,233,0.6491228070175439,0.5294117647058824
41008,2024,1,24,233,0.6491228070175439,0.4827586206896552
41008,2025,0,12,233,0.6491228070175439,0.42857142857142855
41009,2007,0,6,76,0.72,0.6666666666666666
41009,2008,0,1,76,0.72,0.0
41009,2009,0,4,76,0.72,0.5
41009,2010,1,4,76,0.72,1.0
41009,2011,1,7,76,0.72,0.875
41009,2012,0,5,76,0.72,0.6
41009,2013,0,4,76,0.72,0.5
41009,2014,0,3,76,0.72,0.6666666666666666
41009,2015,1,8,76,0.72,0.75
41009,2016,3,4,76,0.72,1.0
41009,2017,0,3,76,0.72,0.3333333333333333
41009,2018,0,3,76,0.72,1.0
41009,2019,0,8,76,0.72,0.625
41009,2020,0,1,76,0.72,1.0
41009,2021,0,1,76,0.72,1.0
41009,2024,0,6,76,0.72,0.6666666666666666
41009,2025,0,6,76,0.72,1.0
41010,2007,1,13,194,0.6494845360824743,0.38461538461538464
41010,2008,0,9,194,0.6494845360824743,0.7777777777777778
41010,2009,1,7,194,0.6494845360824743,0.8571428571428571
41010,2010,1,6,194,0.6494845360824743,0.3333333333333333
41010,2011,0,17,194,0.6494845360824743,0.9411764705882353
41010,2012,0,7,194,0.6494845360824743,0.42857142857142855
41010,2013,0,8,194,0.6494845360824743,0.5
41010,2014,0,7,194,0.6494845360824743,0.5714285714285714
41010,2015,0,24,194,0.6494845360824743,0.625
41010,2016,0,11,194,0.6494845360824743,0.8181818181818182
41010,2017,0,7,194,0.6494845360824743,0.5714285714285714
41010,2018,0,9,194,0.6494845360824743,0.6666666666666666
41010,2019,2,21,194,0.6494845360824743,0.7619047619047619
41010,2020,1,3,194,0.6494845360824743,0.3333333333333333
41010,2021,1,5,194,0.6494845360824743,0.6
41010,2022,0,6,194,0.6494845360824743,0.5
41010,2023,0,8,194,0.6494845360824743,0.375
41010,2024,1,17,194,0.6494845360824743,0.8823529411764706
41010,2025,0,7,194,0.6494845360824743,0.4444444444444444
41011,2007,1,6,91,0.7272727272727273,1.0
41011,2008,0,4,91,0.7272727272727273,0.75
41011,2009,0,5,91,0.7272727272727273,0.6
41011,2010,1,1,91,0.7272727272727273,1.0
41011,2011,1,2,91,0.7272727272727273,1.0
41011,2013,0,1,91,0.7272727272727273,1.0
41011,2014,1,1,91,0.7272727272727273,1.0
41011,2015,0,15,91,0.7272727272727273,0.7142857142857143
41011,2016,0,11,91,0.7272727272727273,0.9090909090909091
41011,2018,2,8,91,0.7272727272727273,0.8571428571428571
41011,2019,0,4,91,0.7272727272727273,1.0
41011,2020,0,3,91,0.7272727272727273,0.75
41011,2021,0,2,91,0.7272727272727273,0.6666666666666666
41011,2022,0,4,91,0.7272727272727273,0.0
41011,2023,1,7,91,0.7272727272727273,0.5
41011,2024,2,13,91,0.7272727272727273,0.6923076923076923
41011,2025,0,2,91,0.7272727272727273,0.0
41012,2011,0,1,14,0.5,0.0
41012,2019,0,2,14,0.5,0.5
41012,2020,0,1,14,0.5,0.5
41012,2021,0,2,14,0.5,0.5
41012,2023,1,2,14,0.5,1.0
41012,2025,0,1,14,0.5,0.5
41013,2007,1,2,12,0.75,0.5
41013,2008,0,1,12,0.75,1.0
41013,2013,0,1,12,0.75,1.0
41013,2015,0,1,12,0.75,1.0
41013,2016,0,3,12,0.75,1.0
41013,2018,1,2,12,0.75,0.5
41013,2022,0,1,12,0.75,0.0
41013,2025,0,1,12,0.75,1.0
41014,2007,0,3,29,0.8214285714285714,0.3333333333333333
41014,2010,0,1,29,0.8214285714285714,1.0
41014,2011,0,2,29,0.8214285714285714,1.0
41014,2013,0,3,29,0.8214285714285714,1.0
41014,2014,0,1,29,0.8214285714285714,1.0
41014,2015,0,5,29,0.8214285714285714,1.0
41014,2016,0,1,29,0.8214285714285714,1.0
41014,2017,0,4,29,0.8214285714285714,0.75
41014,2018,0,1,29,0.8214285714285714,1.0
41014,2019,0,2,29,0.8214285714285714,0.5
41014,2023,0,1,29,0.8214285714285714,1.0
41014,2024,0,2,29,0.8214285714285714,1.0
41014,2025,0,1,29,0.8214285714285714,0.5
41015,2007,1,7,105,0.8666666666666667,0.7142857142857143
41015,2008,0,7,105,0.8666666666666667,1.0
41015,2009,0,9,105,0.8666666666666667,1.0
41015,2010,2,6,105,0.8666666666666667,0.8333333333333334
41015,2011,0,4,105,0.8666666666666667,1.0
41015,2012,0,6,105,0.8666666666666667,0.8333333333333334
41015,2013,0,6,105,0.8666666666666667,0.8333333333333334
41015,2014,2,3,105,0.8666666666666667,0.6666666666666666
41015,2015,0,7,105,0.8666666666666667,1.0
41015,2016,1,7,105,0.8666666666666667,1.0
41015,2017,1,8,105,0.8666666666666667,0.875
41015,2018,0,6,105,0.8666666666666667,0.8333333333333334
41015,2019,0,7,105,0.8666666666666667,1.0
41015,2021,1,4,105,0.8666666666666667,1.0
41015,2022,1,1,105,0.8666666666666667,1.0
41015,2023,0,3,105,0.8666666666666667,1.0
41015,2024,2,8,105,0.8666666666666667,0.5
41015,2025,1,5,105,0.8666666666666667,0.6
41016,2007,0,16,174,0.7093023255813954,0.5294117647058824
41016,2008,0,7,174,0.7093023255813954,1.0
41016,2009,0,15,174,0.7093023255813954,0.7333333333333333
41016,2010,0,8,174,0.7093023255813954,0.625
41016,2011,0,8,174,0.7093023255813954,0.75
41016,2012,0,5,174,0.7093023255813954,1.0
41016,2013,3,13,174,0.7093023255813954,0.6923076923076923
41016,2014,0,8,174,0.7093023255813954,0.8888888888888888
41016,2015,3,17,174,0.7093023255813954,0.6666666666666666
41016,2016,0,12,174,0.7093023255813954,0.5833333333333334
41016,2017,1,8,174,0.7093023255813954,0.5555555555555556
41016,2018,0,10,174,0.7093023255813954,0.8
41016,2019,0,12,174,0.7093023255813954,0.45454545454545453
41016,2020,0,1,174,0.7093023255813954,1.0
41016,2021,0,3,174,0.7093023255813954,0.8
41016,2022,0,4,174,0.7093023255813954,0.8
41016,2023,2,8,174,0.7093023255813954,0.8
41016,2024,1,5,174,0.7093023255813954,0.8
41016,2025,0,3,174,0.7093023255813954,1.0
41017,2007,1,11,221,0.7649769585253456,0.6363636363636364
41017,2008,1,5,221,0.7649769585253456,0.5
41017,2009,0,10,221,0.7649769585253456,0.8888888888888888
41017,2010,3,16,221,0.7649769585253456,0.8333333333333334
41017,2011,0,7,221,0.7649769585253456,0.7142857142857143
41017,2012,0,16,221,0.7649769585253456,0.625
41017,2013,1,11,221,0.7649769585253456,0.45454545454545453
41017,2014,0,7,221,0.7649769585253456,0.7142857142857143
41017,2015,5,33,221,0.7649769585253456,0.7878787878787878
41017,2016,5,19,221,0.7649769585253456,0.8421052631578947
41017,2017,0,12,221,0.7649769585253456,0.6153846153846154
41017,2018,1,12,221,0.7649769585253456,0.6153846153846154
41017,2019,2,12,221,0.7649769585253456,1.0
41017,2020,2,8,221,0.7649769585253456,0.875
41017,2021,1,6,221,0.7649769585253456,1.0
41017,2022,1,5,221,0.7649769585253456,0.75
41017,2023,1,14,221,0.7649769585253456,0.9285714285714286
41017,2024,0,6,221,0.7649769585253456,0.8333333333333334
41017,2025,0,3,221,0.7649769585253456,1.0
41018,2007,0,4,98,0.75,0.5
41018,2008,1,4,98,0.75,1.0
41018,2009,0,4,98,0.75,0.8
41018,2010,1,7,98,0.75,0.7142857142857143
41018,2011,0,9,98,0.75,0.875
41018,2012,0,2,98,0.75,0.5
41018,2013,0,2,98,0.75,1.0
41018,2014,0,6,98,0.75,0.8333333333333334
41018,2015,0,8,98,0.75,1.0
41018,2016,0,12,98,0.75,0.8333333333333334
41018,2017,0,2,98,0.75,0.5
41018,2018,0,3,98,0.75,1.0
41018,2019,2,5,98,0.75,1.0
41018,2020,0,2,98,0.75,1.0
41018,2021,0,3,98,0.75,0.6666666666666666
41018,2022,0,5,98,0.75,0.6
41018,2023,2,6,98,0.75,0.6666666666666666
41018,2024,1,6,98,0.75,0.6666666666666666
41018,2025,0,6,98,0.75,0.14285714285714285
41019,2007,1,2,48,0.7391304347826086,1.0
41019,2009,0,1,48,0.7391304347826086,1.0
41019,2010,0,1,48,0.7391304347826086,0.0
41019,2011,0,1,48,0.7391304347826086,1.0
41019,2012,0,7,48,0.7391304347826086,1.0
41019,2013,1,2,48,0.7391304347826086,1.0
41019,2014,1,4,48,0.7391304347826086,0.5
41019,2015,0,3,48,0.7391304347826086,0.6666666666666666
41019,2016,2,2,48,0.7391304347826086,1.0
41019,2017,0,5,48,0.7391304347826086,0.6
41019,2018,0,4,48,0.7391304347826086,1.0
41019,2019,0,4,48,0.7391304347826086,0.75
41019,2020,0,2,48,0.7391304347826086,0.0
41019,2021,0,1,48,0.7391304347826086,1.0
41019,2022,1,3,48,0.7391304347826086,0.6666666666666666
41019,2023,0,2,48,0.7391304347826086,0.5
41019,2024,0,2,48,0.7391304347826086,0.5
41019,2025,0,2,48,0.7391304347826086,0.5
41020,2007,0,4,80,0.7012987012987013,0.5
41020,2008,0,1,80,0.7012987012987013,1.0
41020,2010,1,3,80,0.7012987012987013,0.6666666666666666
41020,2011,0,3,80,0.7012987012987013,0.75
41020,2012,0,4,80,0.7012987012987013,0.3333333333333333
41020,2013,0,4,80,0.7012987012987013,0.75
41020,2014,0,6,80,0.7012987012987013,0.5
41020,2015,0,6,80,0.7012987012987013,0.5
41020,2016,0,5,80,0.7012987012987013,0.8
41020,2017,0,4,80,0.7012987012987013,0.5
41020,2018,0,2,80,0.7012987012987013,1.0
41020,2019,1,13,80,0.7012987012987013,0.9166666666666666
41020,2021,0,1,80,0.7012987012987013,1.0
41020,2022,0,5,80,0.7012987012987013,0.6
41020,2023,2,8,80,0.7012987012987013,0.875
41020,2024,2,7,80,0.7012987012987013,0.5
41020,2025,0,3,80,0.7012987012987013,1.0
41021,2007,0,4,51,0.8823529411764706,0.75
41021,2008,0,2,51,0.8823529411764706,1.0
41021,2009,0,3,51,0.8823529411764706,1.0
41021,2011,1,1,51,0.8823529411764706,1.0
41021,2012,0,1,51,0.8823529411764706,1.0
41021,2013,2,6,51,0.8823529411764706,0.8333333333333334
41021,2014,0,2,51,0.8823529411764706,1.0
41021,2015,0,6,51,0.8823529411764706,1.0
41021,2016,0,1,51,0.8823529411764706,1.0
41021,2017,0,3,51,0.8823529411764706,0.75
41021,2018,0,3,51,0.8823529411764706,0.6666666666666666
41021,2019,0,4,51,0.8823529411764706,0.75
41021,2020,0,2,51,0.8823529411764706,0.75
41021,2022,1,3,51,0.8823529411764706,1.0
41021,2023,0,1,51,0.8823529411764706,1.0
41021,2025,2,3,51,0.8823529411764706,1.0
41022,2007,1,5,94,0.7252747252747253,0.8
41022,2008,0,1,94,0.7252747252747253,
41022,2009,1,1,94,0.7252747252747253,1.0
41022,2010,0,2,94,0.7252747252747253,0.5
41022,2011,0,2,94,0.7252747252747253,0.5
41022,2012,0,1,94,0.7252747252747253,1.0
41022,2013,2,3,94,0.7252747252747253,1.0
41022,2014,0,3,94,0.7252747252747253,0.6666666666666666
41022,2015,1,9,94,0.7252747252747253,1.0
41022,2016,1,9,94,0.7252747252747253,1.0
41022,2017,0,3,94,0.7252747252747253,1.0
41022,2018,0,3,94,0.7252747252747253,0.3333333333333333
41022,2019,0,9,94,0.7252747252747253,0.8
41022,2020,0,2,94,0.7252747252747253,1.0
41022,2021,0,2,94,0.7252747252747253,0.5
41022,2022,0,8,94,0.7252747252747253,0.42857142857142855
41022,2023,2,15,94,0.7252747252747253,0.5333333333333333
41022,2024,0,9,94,0.7252747252747253,0.4444444444444444
41022,2025,1,2,94,0.7252747252747253,1.0
42001,2007,0,36,420,0.6096385542168675,0.4864864864864865
42001,2008,0,26,420,0.6096385542168675,0.3076923076923077
42001,2009,0,26,420,0.6096385542168675,0.6538461538461539
42001,2010,0,18,420,0.6096385542168675,0.5
42001,2011,0,40,420,0.6096385542168675,0.7073170731707317
42001,2012,1,34,420,0.6096385542168675,0.5588235294117647
42001,2013,0,7,420,0.6096385542168675,0.5555555555555556
42001,2014,0,24,420,0.6096385542168675,0.7307692307692307
42001,2015,0,24,420,0.6096385542168675,0.7307692307692307
42001,2016,0,20,420,0.6096385542168675,0.6666666666666666
42001,2017,0,28,420,0.6096385542168675,0.6896551724137931
42001,2018,0,23,420,0.6096385542168675,0.7916666666666666
42001,2019,0,18,420,0.6096385542168675,0.6666666666666666
42001,2020,0,6,420,0.6096385542168675,0.625
42001,2021,0,8,420,0.6096385542168675,0.3333333333333333
42001,2022,0,9,420,0.6096385542168675,0.7142857142857143
42001,2023,1,18,420,0.6096385542168675,0.3333333333333333
42001,2024,0,20,420,0.6096385542168675,0.6190476190476191
42001,2025,1,9,420,0.6096385542168675,0.8
42002,2007,0,19,247,0.7448559670781894,0.47368421052631576
42002,2008,0,17,247,0.7448559670781894,0.5882352941176471
42002,2009,0,17,247,0.7448559670781894,1.0
42002,2010,0,21,247,0.7448559670781894,0.6190476190476191
42002,2011,0,27,247,0.7448559670781894,0.8928571428571429
42002,2012,0,21,247,0.7448559670781894,0.8571428571428571
42002,2013,0,6,247,0.7448559670781894,0.6666666666666666
42002,2014,0,9,247,0.7448559670781894,0.8888888888888888
42002,2015,0,17,247,0.7448559670781894,0.8421052631578947
42002,2016,0,15,247,0.7448559670781894,0.6666666666666666
42002,2017,0,14,247,0.7448559670781894,0.8461538461538461
42002,2018,0,3,247,0.7448559670781894,0.25
42002,2019,0,9,247,0.7448559670781894,1.0
42002,2020,0,6,247,0.7448559670781894,0.8888888888888888
42002,2021,0,1,247,0.7448559670781894,1.0
42002,2022,0,2,247,0.7448559670781894,1.0
42002,2023,0,7,247,0.7448559670781894,0.5714285714285714
42002,2024,0,9,247,0.7448559670781894,0.45454545454545453
42002,2025,1,14,247,0.7448559670781894,0.6666666666666666
42003,2007,0,1,63,0.8412698412698413,1.0
42003,2008,0,11,63,0.8412698412698413,0.9090909090909091
42003,2009,0,2,63,0.8412698412698413,0.5
42003,2010,0,2,63,0.8412698412698413,1.0
42003,2011,0,1,63,0.8412698412698413,1.0
42003,2012,1,6,63,0.8412698412698413,1.0
42003,2013,0,2,63,0.8412698412698413,1.0
42003,2014,0,1,63,0.8412698412698413,1.0
42003,2015,0,3,63,0.8412698412698413,0.75
42003,2016,0,3,63,0.8412698412698413,0.3333333333333333
42003,2018,0,4,63,0.8412698412698413,1.0
42003,2019,0,4,63,0.8412698412698413,1.0
42003,2020,0,1,63,0.8412698412698413,0.5
42003,2021,0,1,63,0.8412698412698413,0.0
42003,2022,1,4,63,0.8412698412698413,0.75
42003,2023,0,5,63,0.8412698412698413,0.8
42003,2024,0,6,63,0.8412698412698413,1.0
42003,2025,0,3,63,0.8412698412698413,0.6666666666666666
42004,2007,0,13,314,0.6057692307692307,0.7692307692307693
42004,2008,0,4,314,0.6057692307692307,0.0
42004,2009,0,11,314,0.6057692307692307,0.75
42004,2010,2,16,314,0.6057692307692307,0.8235294117647058
42004,2011,1,42,314,0.6057692307692307,0.2619047619047619
42004,2012,0,16,314,0.6057692307692307,0.375
42004,2013,0,14,314,0.6057692307692307,0.5333333333333333
42004,2014,0,10,314,0.6057692307692307,0.8
42004,2015,1,16,314,0.6057692307692307,0.75
42004,2016,0,25,314,0.6057692307692307,0.7407407407407407
42004,2017,0,17,314,0.6057692307692307,0.7777777777777778
42004,2018,0,17,314,0.6057692307692307,0.7777777777777778
42004,2019,0,10,314,0.6057692307692307,0.4
42004,2020,0,12,314,0.6057692307692307,0.7692307692307693
42004,2021,0,5,314,0.6057692307692307,0.6666666666666666
42004,2022,1,7,314,0.6057692307692307,0.8571428571428571
42004,2023,0,39,314,0.6057692307692307,0.5128205128205128
42004,2024,0,15,314,0.6057692307692307,0.8125
42004,2025,0,12,314,0.6057692307692307,0.46153846153846156
42005,2007,2,21,649,0.4482758620689655,0.7142857142857143
42005,2008,3,260,649,0.4482758620689655,0.19622641509433963
42005,2009,4,47,649,0.4482758620689655,0.425531914893617
42005,2010,3,21,649,0.4482758620689655,0.8
42005,2011,4,45,649,0.4482758620689655,0.41304347826086957
42005,2012,0,18,649,0.4482758620689655,0.16666666666666666
42005,2013,1,19,649,0.4482758620689655,0.45
42005,2014,1,15,649,0.4482758620689655,0.5333333333333333
42005,2015,1,16,649,0.4482758620689655,0.7
42005,2016,1,22,649,0.4482758620689655,0.875
42005,2017,1,20,649,0.4482758620689655,0.65
42005,2018,2,13,649,0.4482758620689655,0.6428571428571429
42005,2019,1,19,649,0.4482758620689655,0.7619047619047619
42005,2020,1,8,649,0.4482758620689655,0.8333333333333334
42005,2021,2,9,649,0.4482758620689655,0.9166666666666666
42005,2022,1,9,649,0.4482758620689655,0.9090909090909091
42005,2023,4,22,649,0.4482758620689655,0.7272727272727273
42005,2024,1,14,649,0.4482758620689655,0.7142857142857143
42005,2025,1,15,649,0.4482758620689655,0.875
42006,2007,1,52,955,0.4798728813559322,0.6346153846153846
42006,2008,1,230,955,0.4798728813559322,0.18565400843881857
42006,2009,0,47,955,0.4798728813559322,0.3877551020408163
42006,2010,1,36,955,0.4798728813559322,0.5945945945945946
42006,2011,2,105,955,0.4798728813559322,0.44537815126050423
42006,2012,1,37,955,0.4798728813559322,0.5833333333333334
42006,2013,0,28,955,0.4798728813559322,0.5357142857142857
42006,2014,1,37,955,0.4798728813559322,0.625
42006,2015,1,64,955,0.4798728813559322,0.49230769230769234
42006,2016,2,39,955,0.4798728813559322,0.5384615384615384
42006,2017,1,34,955,0.4798728813559322,0.6363636363636364
42006,2018,1,26,955,0.4798728813559322,0.7692307692307693
42006,2019,1,19,955,0.4798728813559322,0.7368421052631579
42006,2020,1,16,955,0.4798728813559322,0.7058823529411765
42006,2021,2,21,955,0.4798728813559322,0.6190476190476191
42006,2022,3,36,955,0.4798728813559322,0.8648648648648649
42006,2023,0,37,955,0.4798728813559322,0.5675675675675675
42006,2024,0,22,955,0.4798728813559322,0.7727272727272727
42006,2025,1,31,955,0.4798728813559322,0.6
42007,2007,2,51,1451,0.6561624649859944,0.7843137254901961
42007,2008,6,109,1451,0.6561624649859944,0.6371681415929203
42007,2009,2,62,1451,0.6561624649859944,0.6617647058823529
42007,2010,5,94,1451,0.6561624649859944,0.6288659793814433
42007,2011,3,125,1451,0.6561624649859944,0.6097560975609756
42007,2012,4,93,1451,0.6561624649859944,0.6703296703296703
42007,2013,1,92,1451,0.6561624649859944,0.7021276595744681
42007,2014,2,87,1451,0.6561624649859944,0.6395348837209303
42007,2015,4,129,1451,0.6561624649859944,0.5671641791044776
42007,2016,2,70,1451,0.6561624649859944,0.6086956521739131
42007,2017,4,72,1451,0.6561624649859944,0.6133333333333333
42007,2018,1,70,1451,0.6561624649859944,0.7123287671232876
42007,2019,3,52,1451,0.6561624649859944,0.6333333333333333
42007,2020,0,29,1451,0.6561624649859944,0.5806451612903226
42007,2021,1,35,1451,0.6561624649859944,0.7560975609756098
42007,2022,2,47,1451,0.6561624649859944,0.6862745098039216
42007,2023,3,50,1451,0.6561624649859944,0.6274509803921569
42007,2024,5,61,1451,0.6561624649859944,0.8412698412698413
42007,2025,3,54,1451,0.6561624649859944,0.6842105263157895
42008,2007,0,4,59,0.864406779661017,0.75
42008,2008,0,7,59,0.864406779661017,1.0
42008,2009,0,4,59,0.864406779661017,1.0
42008,2010,0,4,59,0.864406779661017,1.0
42008,2011,0,2,59,0.864406779661017,0.5
42008,2012,0,5,59,0.864406779661017,1.0
42008,2013,0,1,59,0.864406779661017,1.0
42008,2014,0,4,59,0.864406779661017,0.75
42008,2015,1,3,59,0.864406779661017,0.6666666666666666
42008,2016,1,2,59,0.864406779661017,0.5
42008,2017,0,4,59,0.864406779661017,0.75
42008,2018,0,2,59,0.864406779661017,1.0
42008,2019,0,3,59,0.864406779661017,0.6666666666666666
42008,2021,0,2,59,0.864406779661017,1.0
42008,2022,0,2,59,0.864406779661017,0.5
42008,2023,0,2,59,0.864406779661017,1.0
42008,2024,0,2,59,0.864406779661017,1.0
42008,2025,0,6,59,0.864406779661017,1.0
42009,2007,0,2,54,0.7777777777777778,1.0
42009,2008,1,7,54,0.7777777777777778,0.7142857142857143
42009,2009,0,6,54,0.7777777777777778,0.8333333333333334
42009,2010,0,1,54,0.7777777777777778,1.0
42009,2011,0,1,54,0.7777777777777778,1.0
42009,2012,0,3,54,0.7777777777777778,1.0
42009,2014,0,5,54,0.7777777777777778,1.0
42009,2015,0,3,54,0.7777777777777778,0.3333333333333333
42009,2016,0,3,54,0.7777777777777778,0.6666666666666666
42009,2017,0,5,54,0.7777777777777778,0.6
42009,2018,0,1,54,0.7777777777777778,1.0
42009,2019,0,1,54,0.7777777777777778,1.0
42009,2020,1,2,54,0.7777777777777778,1.0
42009,2022,0,2,54,0.7777777777777778,0.0
42009,2023,0,4,54,0.7777777777777778,0.75
42009,2024,1,4,54,0.7777777777777778,1.0
42009,2025,0,4,54,0.7777777777777778,0.75
42010,2007,0,11,159,0.7987421383647799,1.0
42010,2008,0,10,159,0.7987421383647799,0.8
42010,2009,0,8,159,0.7987421383647799,0.875
42010,2010,1,11,159,0.7987421383647799,1.0
42010,2011,0,5,159,0.7987421383647799,0.8
42010,2012,0,11,159,0.7987421383647799,0.6363636363636364
42010,2013,0,13,159,0.7987421383647799,0.6428571428571429
42010,2014,0,10,159,0.7987421383647799,1.0
42010,2015,1,16,159,0.7987421383647799,0.8235294117647058
42010,2016,0,11,159,0.7987421383647799,0.75
42010,2017,0,8,159,0.7987421383647799,0.6666666666666666
42010,2018,0,6,159,0.7987421383647799,0.8571428571428571
42010,2019,0,12,159,0.7987421383647799,0.75
42010,2020,0,4,159,0.7987421383647799,1.0
42010,2021,0,1,159,0.7987421383647799,1.0
42010,2022,1,4,159,0.7987421383647799,0.75
42010,2023,1,7,159,0.7987421383647799,0.5714285714285714
42010,2024,0,4,159,0.7987421383647799,0.5
42010,2025,0,1,159,0.7987421383647799,1.0
42011,2007,5,29,842,0.766109785202864,0.9655172413793104
42011,2008,10,94,842,0.766109785202864,0.4787234042553192
42011,2009,9,65,842,0.766109785202864,0.5076923076923077
42011,2010,7,70,842,0.766109785202864,0.7714285714285715
42011,2011,3,71,842,0.766109785202864,0.7605633802816901
42011,2012,1,42,842,0.766109785202864,0.8333333333333334
42011,2013,3,42,842,0.766109785202864,0.8333333333333334
42011,2014,4,42,842,0.766109785202864,0.9047619047619048
42011,2015,4,80,842,0.766109785202864,0.675
42011,2016,1,49,842,0.766109785202864,0.86
42011,2017,3,24,842,0.766109785202864,0.96
42011,2018,0,18,842,0.766109785202864,1.0
42011,2019,1,37,842,0.766109785202864,0.9459459459459459
42011,2020,2,18,842,0.766109785202864,1.0
42011,2021,3,16,842,0.766109785202864,1.0
42011,2022,2,22,842,0.766109785202864,0.9090909090909091
42011,2023,5,36,842,0.766109785202864,0.9166666666666666
42011,2024,4,36,842,0.766109785202864,0.8055555555555556
42011,2025,2,44,842,0.766109785202864,0.6590909090909091
42012,2007,1,5,125,0.717741935483871,0.4
42012,2008,0,5,125,0.717741935483871,0.8
42012,2009,1,3,125,0.717741935483871,1.0
42012,2010,1,8,125,0.717741935483871,0.5
42012,2011,0,6,125,0.717741935483871,0.5714285714285714
42012,2012,1,16,125,0.717741935483871,0.5625
42012,2013,0,9,125,0.717741935483871,0.75
42012,2014,0,4,125,0.717741935483871,0.5
42012,2015,0,11,125,0.717741935483871,0.8181818181818182
42012,2016,0,9,125,0.717741935483871,0.8888888888888888
42012,2017,0,5,125,0.717741935483871,0.8
42012,2018,0,7,125,0.717741935483871,0.8571428571428571
42012,2019,0,4,125,0.717741935483871,0.75
42012,2020,0,3,125,0.717741935483871,0.6666666666666666
42012,2021,0,3,125,0.717741935483871,0.6666666666666666
42012,2022,0,4,125,0.717741935483871,0.75
42012,2023,1,14,125,0.717741935483871,0.7857142857142857
42012,2024,0,5,125,0.717741935483871,1.0
42012,2025,0,2,125,0.717741935483871,0.6666666666666666
42013,2007,0,4,50,0.66,0.25
42013,2010,0,1,50,0.66,1.0
42013,2011,0,1,50,0.66,0.3333333333333333
42013,2012,0,3,50,0.66,0.75
42013,2013,0,2,50,0.66,0.5
42013,2014,0,4,50,0.66,1.0
42013,2015,0,2,50,0.66,1.0
42013,2016,0,1,50,0.66,0.0
42013,2017,0,3,50,0.66,0.3333333333333333
42013,2018,0,1,50,0.66,1.0
42013,2019,0,3,50,0.66,0.6666666666666666
42013,2022,0,8,50,0.66,0.5
42013,2023,0,7,50,0.66,0.7142857142857143
42013,2024,0,2,50,0.66,1.0
42013,2025,0,2,50,0.66,1.0
42014,2007,0,3,131,0.8515625,1.0
42014,2008,2,5,131,0.8515625,0.8
42014,2009,0,4,131,0.8515625,0.75
42014,2010,1,7,131,0.8515625,1.0
42014,2011,0,8,131,0.8515625,0.875
42014,2012,0,1,131,0.8515625,0.0
42014,2013,0,4,131,0.8515625,1.0
42014,2014,0,8,131,0.8515625,0.8888888888888888
42014,2015,0,13,131,0.8515625,1.0
42014,2016,0,5,131,0.8515625,1.0
42014,2017,3,16,131,0.8515625,0.9375
42014,2018,1,7,131,0.8515625,0.7777777777777778
42014,2019,0,12,131,0.8515625,0.9285714285714286
42014,2020,0,1,131,0.8515625,1.0
42014,2021,0,1,131,0.8515625,0.5
42014,2022,0,5,131,0.8515625,0.8
42014,2023,0,9,131,0.8515625,0.5555555555555556
42014,2024,0,7,131,0.8515625,0.7777777777777778
42014,2025,0,5,131,0.8515625,0.5
42015,2007,0,15,194,0.6510416666666666,0.35294117647058826
42015,2008,0,8,194,0.6510416666666666,0.625
42015,2009,0,9,194,0.6510416666666666,0.5555555555555556
42015,2010,0,10,194,0.6510416666666666,0.6
42015,2011,2,23,194,0.6510416666666666,0.5652173913043478
42015,2012,0,9,194,0.6510416666666666,0.8
42015,2013,2,10,194,0.6510416666666666,0.7
42015,2014,0,5,194,0.6510416666666666,0.8571428571428571
42015,2015,1,11,194,0.6510416666666666,0.6
42015,2016,0,6,194,0.6510416666666666,0.7142857142857143
42015,2017,1,12,194,0.6510416666666666,0.75
42015,2018,1,6,194,0.6510416666666666,0.8333333333333334
42015,2019,0,15,194,0.6510416666666666,0.8666666666666667
42015,2020,0,3,194,0.6510416666666666,1.0
42015,2021,0,5,194,0.6510416666666666,0.6666666666666666
42015,2022,0,8,194,0.6510416666666666,0.375
42015,2023,0,10,194,0.6510416666666666,0.8
42015,2024,2,6,194,0.6510416666666666,0.8
42015,2025,1,12,194,0.6510416666666666,0.5454545454545454
42016,2007,0,26,414,0.7450980392156863,0.76
42016,2008,2,38,414,0.7450980392156863,0.7837837837837838
42016,2009,0,18,414,0.7450980392156863,0.7894736842105263
42016,2010,0,29,414,0.7450980392156863,0.7741935483870968
42016,2011,1,41,414,0.7450980392156863,0.6976744186046512
42016,2012,0,27,414,0.7450980392156863,0.75
42016,2013,1,18,414,0.7450980392156863,0.8947368421052632
42016,2014,0,24,414,0.7450980392156863,0.6923076923076923
42016,2015,0,38,414,0.7450980392156863,0.775
42016,2016,0,17,414,0.7450980392156863,0.7368421052631579
42016,2017,0,13,414,0.7450980392156863,0.8461538461538461
42016,2018,0,14,414,0.7450980392156863,0.9333333333333333
42016,2019,0,17,414,0.7450980392156863,0.6666666666666666
42016,2020,0,10,414,0.7450980392156863,0.7272727272727273
42016,2021,1,10,414,0.7450980392156863,0.6
42016,2022,2,11,414,0.7450980392156863,0.7272727272727273
42016,2023,0,15,414,0.7450980392156863,0.6666666666666666
42016,2024,2,13,414,0.7450980392156863,0.6923076923076923
42016,2025,0,15,414,0.7450980392156863,0.5333333333333333
42017,2007,0,68,931,0.6706263498920086,0.7714285714285715
42017,2008,0,113,931,0.6706263498920086,0.7876106194690266
42017,2009,2,81,931,0.6706263498920086,0.7283950617283951
42017,2010,1,79,931,0.6706263498920086,0.7341772151898734
42017,2011,2,123,931,0.6706263498920086,0.5447154471544715
42017,2012,0,60,931,0.6706263498920086,0.6166666666666667
42017,2013,2,58,931,0.6706263498920086,0.5517241379310345
42017,2014,2,51,931,0.6706263498920086,0.7058823529411765
42017,2015,0,74,931,0.6706263498920086,0.6266666666666667
42017,2016,2,52,931,0.6706263498920086,0.5384615384615384
42017,2017,0,20,931,0.6706263498920086,0.65
42017,2018,0,20,931,0.6706263498920086,0.8
42017,2019,3,28,931,0.6706263498920086,0.8148148148148148
42017,2020,0,12,931,0.6706263498920086,0.75
42017,2021,1,13,931,0.6706263498920086,0.4666666666666667
42017,2022,1,15,931,0.6706263498920086,0.8
42017,2023,0,23,931,0.6706263498920086,0.5909090909090909
42017,2024,1,18,931,0.6706263498920086,0.6666666666666666
42017,2025,0,15,931,0.6706263498920086,0.6666666666666666
43001,2007,0,11,408,0.6776649746192893,0.68
43001,2008,1,13,408,0.6776649746192893,0.6111111111111112
43001,2009,1,9,408,0.6776649746192893,0.75
43001,2010,0,14,408,0.6776649746192893,0.42857142857142855
43001,2011,1,21,408,0.6776649746192893,0.5909090909090909
43001,2012,1,15,408,0.6776649746192893,0.6470588235294118
43001,2013,0,13,408,0.6776649746192893,0.8571428571428571
43001,2014,1,13,408,0.6776649746192893,0.6428571428571429
43001,2015,2,21,408,0.6776649746192893,0.6
43001,2016,0,20,408,0.6776649746192893,0.7307692307692307
43001,2017,1,17,408,0.6776649746192893,0.6111111111111112
43001,2018,2,27,408,0.6776649746192893,0.9090909090909091
43001,2019,0,45,408,0.6776649746192893,0.75
43001,2020,1,16,408,0.6776649746192893,0.6470588235294118
43001,2021,0,10,408,0.6776649746192893,0.2857142857142857
43001,2022,3,10,408,0.6776649746192893,0.6875
43001,2023,2,9,408,0.6776649746192893,0.9375
43001,2024,0,24,408,0.6776649746192893,0.53125
43001,2025,0,10,408,0.6776649746192893,0.7142857142857143
43002,2007,0,1,51,0.6938775510204082,0.5
43002,2010,0,3,51,0.6938775510204082,1.0
43002,2011,0,3,51,0.6938775510204082,0.6666666666666666
43002,2013,1,3,51,0.6938775510204082,1.0
43002,2014,0,1,51,0.6938775510204082,1.0
43002,2015,1,3,51,0.6938775510204082,1.0
43002,2017,0,3,51,0.6938775510204082,0.6666666666666666
43002,2018,0,4,51,0.6938775510204082,0.75
43002,2019,0,5,51,0.6938775510204082,0.6666666666666666
43002,2021,0,1,51,0.6938775510204082,0.5
43002,2023,0,4,51,0.6938775510204082,0.75
43002,2024,0,6,51,0.6938775510204082,0.42857142857142855
43002,2025,0,5,51,0.6938775510204082,0.6666666666666666
43003,2007,0,4,57,0.8070175438596491,1.0
43003,2008,1,3,57,0.8070175438596491,1.0
43003,2010,1,4,57,0.8070175438596491,0.75
43003,2011,0,3,57,0.8070175438596491,1.0
43003,2012,1,1,57,0.8070175438596491,1.0
43003,2013,0,1,57,0.8070175438596491,0.0
43003,2014,0,4,57,0.8070175438596491,0.5
43003,2015,0,5,57,0.8070175438596491,0.8
43003,2016,1,2,57,0.8070175438596491,1.0
43003,2017,0,5,57,0.8070175438596491,0.8
43003,2018,0,1,57,0.8070175438596491,0.0
43003,2019,0,3,57,0.8070175438596491,0.6666666666666666
43003,2020,0,2,57,0.8070175438596491,1.0
43003,2022,0,3,57,0.8070175438596491,0.75
43003,2023,0,2,57,0.8070175438596491,0.6666666666666666
43003,2024,2,6,57,0.8070175438596491,0.875
43003,2025,0,3,57,0.8070175438596491,1.0
43004,2008,0,2,52,0.5576923076923077,1.0
43004,2010,0,1,52,0.5576923076923077,1.0
43004,2011,0,4,52,0.5576923076923077,1.0
43004,2014,0,1,52,0.5576923076923077,1.0
43004,2015,0,7,52,0.5576923076923077,0.42857142857142855
43004,2016,0,2,52,0.5576923076923077,1.0
43004,2017,0,4,52,0.5576923076923077,1.0
43004,2018,0,3,52,0.5576923076923077,1.0
43004,2019,0,7,52,0.5576923076923077,0.375
43004,2020,0,1,52,0.5576923076923077,1.0
43004,2021,0,4,52,0.5576923076923077,0.5
43004,2022,0,2,52,0.5576923076923077,0.5
43004,2023,0,2,52,0.5576923076923077,0.0
43004,2024,0,4,52,0.5576923076923077,0.0
43004,2025,0,4,52,0.5576923076923077,0.2
43005,2007,0,23,198,0.6822916666666666,0.5416666666666666
43005,2008,0,7,198,0.6822916666666666,1.0
43005,2009,1,9,198,0.6822916666666666,0.7
43005,2010,0,9,198,0.6822916666666666,0.8888888888888888
43005,2011,0,23,198,0.6822916666666666,0.6521739130434783
43005,2012,0,7,198,0.6822916666666666,1.0
43005,2013,0,10,198,0.6822916666666666,0.5833333333333334
43005,2014,0,3,198,0.6822916666666666,1.0
43005,2015,0,18,198,0.6822916666666666,0.5555555555555556
43005,2016,0,11,198,0.6822916666666666,0.6363636363636364
43005,2017,0,16,198,0.6822916666666666,0.7647058823529411
43005,2018,0,7,198,0.6822916666666666,0.8333333333333334
43005,2019,2,6,198,0.6822916666666666,0.8333333333333334
43005,2020,0,6,198,0.6822916666666666,0.8333333333333334
43005,2021,2,4,198,0.6822916666666666,0.75
43005,2022,0,4,198,0.6822916666666666,0.75
43005,2023,0,8,198,0.6822916666666666,0.5454545454545454
43005,2024,0,5,198,0.6822916666666666,0.2857142857142857
43005,2025,1,6,198,0.6822916666666666,0.6666666666666666
43006,2007,0,5,211,0.5870646766169154,0.8
43006,2008,0,5,211,0.5870646766169154,0.6
43006,2009,1,2,211,0.5870646766169154,1.0
43006,2010,0,2,211,0.5870646766169154,0.6666666666666666
43006,2011,1,4,211,0.5870646766169154,0.8
43006,2012,2,6,211,0.5870646766169154,1.0
43006,2013,1,2,211,0.5870646766169154,1.0
43006,2014,0,3,211,0.5870646766169154,1.0
43006,2015,0,5,211,0.5870646766169154,0.6
43006,2016,0,5,211,0.5870646766169154,0.6
43006,2017,0,20,211,0.5870646766169154,0.8
43006,2018,0,6,211,0.5870646766169154,0.3333333333333333
43006,2019,0,15,211,0.5870646766169154,0.8
43006,2020,0,6,211,0.5870646766169154,0.8571428571428571
43006,2021,1,3,211,0.5870646766169154,1.0
43006,2022,1,8,211,0.5870646766169154,1.0
43006,2023,0,15,211,0.5870646766169154,0.625
43006,2024,3,71,211,0.5870646766169154,0.3246753246753247
43006,2025,1,6,211,0.5870646766169154,0.3333333333333333
43007,2007,6,48,706,0.7068965517241379,0.7592592592592593
43007,2008,6,35,706,0.7068965517241379,0.8095238095238095
43007,2009,2,33,706,0.7068965517241379,0.8378378378378378
43007,2010,2,29,706,0.7068965517241379,0.9411764705882353
43007,2011,1,44,706,0.7068965517241379,0.9318181818181818
43007,2012,1,16,706,0.7068965517241379,0.8333333333333334
43007,2013,2,30,706,0.7068965517241379,0.6666666666666666
43007,2014,1,41,706,0.7068965517241379,0.8936170212765957
43007,2015,3,40,706,0.7068965517241379,0.7560975609756098
43007,2016,0,11,706,0.7068965517241379,0.9166666666666666
43007,2017,1,32,706,0.7068965517241379,0.7575757575757576
43007,2018,1,35,706,0.7068965517241379,0.7297297297297297
43007,2019,3,59,706,0.7068965517241379,0.625
43007,2020,2,18,706,0.7068965517241379,0.7
43007,2021,2,12,706,0.7068965517241379,0.6875
43007,2022,2,13,706,0.7068965517241379,0.7142857142857143
43007,2023,2,25,706,0.7068965517241379,0.6153846153846154
43007,2024,3,86,706,0.7068965517241379,0.30612244897959184
43007,2025,3,23,706,0.7068965517241379,0.7391304347826086
43008,2007,4,25,635,0.7478559176672385,0.8518518518518519
43008,2008,9,31,635,0.7478559176672385,0.9666666666666667
43008,2009,4,18,635,0.7478559176672385,0.9047619047619048
43008,2010,0,22,635,0.7478559176672385,0.8333333333333334
43008,2011,2,26,635,0.7478559176672385,0.9259259259259259
43008,2012,1,6,635,0.7478559176672385,0.9090909090909091
43008,2013,5,20,635,0.7478559176672385,0.95
43008,2014,3,34,635,0.7478559176672385,0.8108108108108109
43008,2015,3,60,635,0.7478559176672385,0.8666666666666667
43008,2016,4,27,635,0.7478559176672385,0.5625
43008,2017,4,33,635,0.7478559176672385,0.7058823529411765
43008,2018,2,25,635,0.7478559176672385,0.9259259259259259
43008,2019,6,38,635,0.7478559176672385,0.8947368421052632
43008,2020,0,4,635,0.7478559176672385,1.0
43008,2021,3,15,635,0.7478559176672385,0.8666666666666667
43008,2022,0,17,635,0.7478559176672385,0.75
43008,2023,2,40,635,0.7478559176672385,0.7111111111111111
43008,2024,5,107,635,0.7478559176672385,0.3411764705882353
43008,2025,4,24,635,0.7478559176672385,0.5769230769230769
43009,2007,0,22,374,0.6638888888888889,0.7692307692307693
43009,2008,1,21,374,0.6638888888888889,0.9047619047619048
43009,2009,1,25,374,0.6638888888888889,0.7407407407407407
43009,2010,3,14,374,0.6638888888888889,0.6875
43009,2011,0,22,374,0.6638888888888889,0.6923076923076923
43009,2012,2,21,374,0.6638888888888889,0.7
43009,2013,2,20,374,0.6638888888888889,0.6818181818181818
43009,2014,3,15,374,0.6638888888888889,0.7333333333333333
43009,2015,1,16,374,0.6638888888888889,0.8235294117647058
43009,2016,0,8,374,0.6638888888888889,0.625
43009,2017,0,16,374,0.6638888888888889,0.3888888888888889
43009,2018,1,21,374,0.6638888888888889,0.4
43009,2019,0,22,374,0.6638888888888889,0.6666666666666666
43009,2020,0,9,374,0.6638888888888889,0.6666666666666666
43009,2021,0,8,374,0.6638888888888889,0.5
43009,2022,0,9,374,0.6638888888888889,0.7
43009,2023,1,10,374,0.6638888888888889,0.8666666666666667
43009,2024,6,41,374,0.6638888888888889,0.5111111111111111
43009,2025,1,16,374,0.6638888888888889,0.625
43010,2007,8,86,1643,0.7257853403141361,0.8735632183908046
43010,2008,7,87,1643,0.7257853403141361,0.7840909090909091
43010,2009,5,69,1643,0.7257853403141361,0.8405797101449275
43010,2010,8,83,1643,0.7257853403141361,0.8554216867469879
43010,2011,13,80,1643,0.7257853403141361,0.8589743589743589
43010,2012,4,43,1643,0.7257853403141361,0.8775510204081632
43010,2013,7,78,1643,0.7257853403141361,0.7469879518072289
43010,2014,7,63,1643,0.7257853403141361,0.8307692307692308
43010,2015,10,75,1643,0.7257853403141361,0.8227848101265823
43010,2016,4,64,1643,0.7257853403141361,0.7941176470588235
43010,2017,8,95,1643,0.7257853403141361,0.8787878787878788
43010,2018,4,51,1643,0.7257853403141361,0.8653846153846154
43010,2019,6,77,1643,0.7257853403141361,0.9113924050632911
43010,2020,2,28,1643,0.7257853403141361,0.8709677419354839
43010,2021,6,22,1643,0.7257853403141361,0.8695652173913043
43010,2022,6,39,1643,0.7257853403141361,0.9545454545454546
43010,2023,6,83,1643,0.7257853403141361,0.69
43010,2024,11,380,1643,0.7257853403141361,0.3023255813953488
43010,2025,4,45,1643,0.7257853403141361,0.74
43011,2007,0,1,81,0.8148148148148148,1.0
43011,2008,0,2,81,0.8148148148148148,1.0
43011,2009,0,2,81,0.8148148148148148,1.0
43011,2012,0,2,81,0.8148148148148148,1.0
43011,2013,1,1,81,0.8148148148148148,1.0
43011,2014,0,2,81,0.8148148148148148,1.0
43011,2015,1,3,81,0.8148148148148148,1.0
43011,2016,0,9,81,0.8148148148148148,0.8
43011,2017,0,7,81,0.8148148148148148,0.8571428571428571
43011,2018,0,2,81,0.8148148148148148,0.5
43011,2019,0,7,81,0.8148148148148148,0.8571428571428571
43011,2020,0,3,81,0.8148148148148148,0.6666666666666666
43011,2021,0,1,81,0.8148148148148148,0.0
43011,2022,0,4,81,0.8148148148148148,1.0
43011,2023,2,10,81,0.8148148148148148,0.9
43011,2024,1,14,81,0.8148148148148148,0.5714285714285714
43011,2025,1,6,81,0.8148148148148148,1.0
43012,2008,0,1,31,0.967741935483871,1.0
43012,2009,0,1,31,0.967741935483871,1.0
43012,2011,0,1,31,0.967741935483871,1.0
43012,2012,0,1,31,0.967741935483871,1.0
43012,2013,0,2,31,0.967741935483871,1.0
43012,2014,0,1,31,0.967741935483871,1.0
43012,2015,0,2,31,0.967741935483871,1.0
43012,2016,0,3,31,0.967741935483871,1.0
43012,2017,0,3,31,0.967741935483871,1.0
43012,2018,0,2,31,0.967741935483871,0.6666666666666666
43012,2019,0,5,31,0.967741935483871,1.0
43012,2020,0,1,31,0.967741935483871,1.0
43012,2024,0,3,31,0.967741935483871,1.0
43012,2025,0,1,31,0.967741935483871,1.0
43013,2007,0,14,241,0.7637130801687764,1.0
43013,2008,0,11,241,0.7637130801687764,0.9090909090909091
43013,2009,0,13,241,0.7637130801687764,0.9230769230769231
43013,2010,0,2,241,0.7637130801687764,1.0
43013,2011,1,15,241,0.7637130801687764,0.8
43013,2012,0,14,241,0.7637130801687764,0.8571428571428571
43013,2013,0,4,241,0.7637130801687764,0.6
43013,2014,0,19,241,0.7637130801687764,0.8333333333333334
43013,2015,0,9,241,0.7637130801687764,0.9
43013,2016,0,12,241,0.7637130801687764,0.75
43013,2017,0,14,241,0.7637130801687764,0.7333333333333333
43013,2018,0,16,241,0.7637130801687764,0.6111111111111112
43013,2019,0,34,241,0.7637130801687764,0.7142857142857143
43013,2020,1,7,241,0.7637130801687764,0.75
43013,2021,0,8,241,0.7637130801687764,0.45454545454545453
43013,2022,1,9,241,0.7637130801687764,0.8
43013,2023,2,8,241,0.7637130801687764,0.6666666666666666
43013,2024,0,9,241,0.7637130801687764,0.6
43013,2025,0,8,241,0.7637130801687764,0.7142857142857143
43014,2007,0,38,363,0.7401129943502824,0.8378378378378378
43014,2008,0,9,363,0.7401129943502824,0.8888888888888888
43014,2009,0,13,363,0.7401129943502824,0.8461538461538461
43014,2010,0,5,363,0.7401129943502824,0.5
43014,2011,0,30,363,0.7401129943502824,0.8064516129032258
43014,2012,0,7,363,0.7401129943502824,0.8571428571428571
43014,2013,0,12,363,0.7401129943502824,0.75
43014,2014,0,19,363,0.7401129943502824,0.7894736842105263
43014,2015,0,14,363,0.7401129943502824,0.7857142857142857
43014,2016,1,35,363,0.7401129943502824,0.8787878787878788
43014,2017,1,19,363,0.7401129943502824,0.8888888888888888
43014,2018,0,18,363,0.7401129943502824,0.75
43014,2019,2,35,363,0.7401129943502824,0.6857142857142857
43014,2020,0,17,363,0.7401129943502824,0.47058823529411764
43014,2021,0,8,363,0.7401129943502824,0.2222222222222222
43014,2022,0,13,363,0.7401129943502824,0.7692307692307693
43014,2023,0,16,363,0.7401129943502824,0.6666666666666666
43014,2024,2,35,363,0.7401129943502824,0.6176470588235294
43014,2025,0,11,363,0.7401129943502824,0.6666666666666666
43015,2007,0,4,98,0.7959183673469388,0.6
43015,2008,0,4,98,0.7959183673469388,1.0
43015,2009,0,2,98,0.7959183673469388,1.0
43015,2010,0,1,98,0.7959183673469388,0.5
43015,2011,0,5,98,0.7959183673469388,0.8333333333333334
43015,2012,0,2,98,0.7959183673469388,1.0
43015,2013,0,2,98,0.7959183673469388,1.0
43015,2015,0,6,98,0.7959183673469388,0.8333333333333334
43015,2016,0,6,98,0.7959183673469388,0.8333333333333334
43015,2017,0,8,98,0.7959183673469388,0.875
43015,2018,0,4,98,0.7959183673469388,0.75
43015,2019,0,17,98,0.7959183673469388,0.8333333333333334
43015,2020,0,6,98,0.7959183673469388,0.3333333333333333
43015,2021,0,4,98,0.7959183673469388,0.25
43015,2022,0,4,98,0.7959183673469388,1.0
43015,2023,0,2,98,0.7959183673469388,1.0
43015,2024,0,8,98,0.7959183673469388,0.875
43015,2025,0,2,98,0.7959183673469388,0.75
43016,2007,0,2,109,0.8130841121495327,1.0
43016,2008,0,2,109,0.8130841121495327,0.6666666666666666
43016,2009,1,1,109,0.8130841121495327,0.5
43016,2010,0,2,109,0.8130841121495327,0.5
43016,2011,0,6,109,0.8130841121495327,1.0
43016,2012,0,6,109,0.8130841121495327,1.0
43016,2013,0,2,109,0.8130841121495327,0.5
43016,2014,0,4,109,0.8130841121495327,0.5714285714285714
43016,2015,0,3,109,0.8130841121495327,1.0
43016,2016,0,4,109,0.8130841121495327,1.0
43016,2017,0,3,109,0.8130841121495327,1.0
43016,2018,0,8,109,0.8130841121495327,0.6
43016,2019,0,13,109,0.8130841121495327,1.0
43016,2020,0,3,109,0.8130841121495327,1.0
43016,2021,0,5,109,0.8130841121495327,0.6
43016,2022,0,4,109,0.8130841121495327,0.6
43016,2023,0,5,109,0.8130841121495327,1.0
43016,2024,0,6,109,0.8130841121495327,0.9166666666666666
43016,2025,0,7,109,0.8130841121495327,0.6666666666666666
43017,2007,1,3,195,0.8157894736842105,1.0
43017,2008,0,2,195,0.8157894736842105,1.0
43017,2009,0,6,195,0.8157894736842105,1.0
43017,2010,1,8,195,0.8157894736842105,0.875
43017,2011,0,6,195,0.8157894736842105,0.8571428571428571
43017,2012,0,3,195,0.8157894736842105,0.0
43017,2013,0,12,195,0.8157894736842105,0.6363636363636364
43017,2014,1,15,195,0.8157894736842105,0.8125
43017,2015,1,12,195,0.8157894736842105,1.0
43017,2016,0,17,195,0.8157894736842105,1.0
43017,2017,0,10,195,0.8157894736842105,0.8333333333333334
43017,2018,0,12,195,0.8157894736842105,0.9230769230769231
43017,2019,0,14,195,0.8157894736842105,0.8823529411764706
43017,2020,0,2,195,0.8157894736842105,1.0
43017,2021,0,6,195,0.8157894736842105,0.7142857142857143
43017,2022,1,14,195,0.8157894736842105,0.75
43017,2023,0,13,195,0.8157894736842105,0.7333333333333333
43017,2024,1,15,195,0.8157894736842105,0.6111111111111112
43017,2025,0,5,195,0.8157894736842105,0.8
43018,2007,0,1,155,0.8421052631578947,1.0
43018,2008,0,3,155,0.8421052631578947,1.0
43018,2009,0,2,155,0.8421052631578947,0.5
43018,2010,0,1,155,0.8421052631578947,1.0
43018,2011,0,3,155,0.8421052631578947,1.0
43018,2012,0,1,155,0.8421052631578947,1.0
43018,2013,0,2,155,0.8421052631578947,1.0
43018,2014,0,7,155,0.8421052631578947,1.0
43018,2015,0,6,155,0.8421052631578947,0.8571428571428571
43018,2016,0,10,155,0.8421052631578947,0.7777777777777778
43018,2017,0,11,155,0.8421052631578947,0.8333333333333334
43018,2018,1,34,155,0.8421052631578947,0.8823529411764706
43018,2019,0,17,155,0.8421052631578947,1.0
43018,2020,0,5,155,0.8421052631578947,0.8333333333333334
43018,2021,0,5,155,0.8421052631578947,0.8
43018,2022,0,10,155,0.8421052631578947,0.7272727272727273
43018,2023,0,10,155,0.8421052631578947,0.7
43018,2024,0,8,155,0.8421052631578947,0.625
43018,2025,0,10,155,0.8421052631578947,0.6666666666666666
43019,2007,0,3,37,0.7027027027027027,0.3333333333333333
43019,2008,0,3,37,0.7027027027027027,0.3333333333333333
43019,2010,0,1,37,0.7027027027027027,1.0
43019,2011,0,1,37,0.7027027027027027,1.0
43019,2012,0,1,37,0.7027027027027027,1.0
43019,2013,0,1,37,0.7027027027027027,1.0
43019,2014,0,2,37,0.7027027027027027,1.0
43019,2015,0,2,37,0.7027027027027027,1.0
43019,2016,0,1,37,0.7027027027027027,1.0
43019,2017,0,5,37,0.7027027027027027,0.8
43019,2019,0,1,37,0.7027027027027027,1.0
43019,2022,0,1,37,0.7027027027027027,1.0
43019,2023,1,1,37,0.7027027027027027,1.0
43019,2024,0,5,37,0.7027027027027027,0.375
43019,2025,0,2,37,0.7027027027027027,0.6666666666666666
43020,2008,0,4,60,0.85,0.8
43020,2009,0,1,60,0.85,1.0
43020,2010,0,2,60,0.85,1.0
43020,2011,0,1,60,0.85,0.5
43020,2013,0,2,60,0.85,0.5
43020,2014,0,8,60,0.85,1.0
43020,2015,0,2,60,0.85,1.0
43020,2016,0,1,60,0.85,1.0
43020,2018,0,2,60,0.85,0.5
43020,2019,1,4,60,0.85,1.0
43020,2020,0,2,60,0.85,1.0
43020,2022,0,3,60,0.85,0.6666666666666666
43020,2023,0,6,60,0.85,1.0
43020,2024,0,6,60,0.85,0.875
43020,2025,1,8,60,0.85,0.7
43021,2007,1,31,674,0.5773353751914242,0.6666666666666666
43021,2008,1,35,674,0.5773353751914242,0.5111111111111111
43021,2009,0,46,674,0.5773353751914242,0.4827586206896552
43021,2010,0,57,674,0.5773353751914242,0.6075949367088608
43021,2011,0,44,674,0.5773353751914242,0.5263157894736842
43021,2012,0,31,674,0.5773353751914242,0.4411764705882353
43021,2013,1,52,674,0.5773353751914242,0.711864406779661
43021,2014,0,44,674,0.5773353751914242,0.7391304347826086
43021,2015,0,21,674,0.5773353751914242,0.7741935483870968
43021,2016,1,18,674,0.5773353751914242,0.7647058823529411
43021,2017,1,13,674,0.5773353751914242,0.6428571428571429
43021,2018,2,4,674,0.5773353751914242,1.0
43021,2019,0,9,674,0.5773353751914242,0.7692307692307693
43021,2020,0,4,674,0.5773353751914242,0.75
43021,2022,0,9,674,0.5773353751914242,0.36363636363636365
43021,2023,1,18,674,0.5773353751914242,0.7
43021,2024,5,104,674,0.5773353751914242,0.39
43021,2025,0,18,674,0.5773353751914242,0.47619047619047616
43022,2009,1,2,13,0.5384615384615384,0.5
43022,2010,1,1,13,0.5384615384615384,1.0
43022,2015,0,3,13,0.5384615384615384,1.0
43022,2019,0,1,13,0.5384615384615384,0.0
43022,2020,0,2,13,0.5384615384615384,0.0
43022,2022,0,1,13,0.5384615384615384,0.0
43022,2025,0,1,13,0.5384615384615384,1.0
43023,2007,3,6,194,0.7789473684210526,0.9
43023,2008,0,4,194,0.7789473684210526,0.5
43023,2009,0,7,194,0.7789473684210526,0.7142857142857143
43023,2010,1,8,194,0.7789473684210526,1.0
43023,2011,3,16,194,0.7789473684210526,0.8235294117647058
43023,2012,1,7,194,0.7789473684210526,1.0
43023,2013,1,11,194,0.7789473684210526,0.6666666666666666
43023,2014,1,3,194,0.7789473684210526,0.8333333333333334
43023,2015,0,11,194,0.7789473684210526,0.6363636363636364
43023,2016,1,8,194,0.7789473684210526,1.0
43023,2017,1,13,194,0.7789473684210526,0.8461538461538461
43023,2018,1,8,194,0.7789473684210526,1.0
43023,2019,1,16,194,0.7789473684210526,0.8125
43023,2020,2,6,194,0.7789473684210526,1.0
43023,2021,0,9,194,0.7789473684210526,0.5
43023,2022,0,8,194,0.7789473684210526,1.0
43023,2023,2,9,194,0.7789473684210526,0.5
43023,2024,0,17,194,0.7789473684210526,0.5882352941176471
43023,2025,0,12,194,0.7789473684210526,0.75
43024,2007,1,2,16,0.8125,1.0
43024,2011,0,1,16,0.8125,1.0
43024,2015,0,2,16,0.8125,1.0
43024,2016,0,1,16,0.8125,1.0
43024,2018,0,1,16,0.8125,0.0
43024,2020,0,1,16,0.8125,1.0
43024,2022,0,1,16,0.8125,0.0
43024,2023,1,2,16,0.8125,0.5
43024,2024,1,2,16,0.8125,1.0
43024,2025,0,1,16,0.8125,1.0
43025,2008,0,1,116,0.7391304347826086,1.0
43025,2009,1,6,116,0.7391304347826086,1.0
43025,2010,0,4,116,0.7391304347826086,0.75
43025,2011,0,4,116,0.7391304347826086,0.75
43025,2012,1,2,116,0.7391304347826086,1.0
43025,2013,0,5,116,0.7391304347826086,0.8333333333333334
43025,2014,1,8,116,0.7391304347826086,0.7777777777777778
43025,2015,1,14,116,0.7391304347826086,0.6666666666666666
43025,2016,2,6,116,0.7391304347826086,0.8571428571428571
43025,2017,0,2,116,0.7391304347826086,1.0
43025,2018,1,10,116,0.7391304347826086,0.6
43025,2019,0,14,116,0.7391304347826086,0.8461538461538461
43025,2020,0,5,116,0.7391304347826086,0.8
43025,2021,0,1,116,0.7391304347826086,1.0
43025,2022,0,10,116,0.7391304347826086,0.7
43025,2023,0,5,116,0.7391304347826086,0.5
43025,2024,0,9,116,0.7391304347826086,0.6
43025,2025,1,4,116,0.7391304347826086,0.5
43026,2007,0,1,83,0.7407407407407407,1.0
43026,2008,1,3,83,0.7407407407407407,1.0
43026,2009,0,2,83,0.7407407407407407,1.0
43026,2010,0,1,83,0.7407407407407407,1.0
43026,2011,0,3,83,0.7407407407407407,1.0
43026,2012,0,1,83,0.7407407407407407,1.0
43026,2013,1,5,83,0.7407407407407407,0.6
43026,2014,0,6,83,0.7407407407407407,0.8333333333333334
43026,2015,1,9,83,0.7407407407407407,0.6
43026,2016,0,6,83,0.7407407407407407,0.5
43026,2017,0,6,83,0.7407407407407407,0.5
43026,2018,0,1,83,0.7407407407407407,0.0
43026,2019,0,5,83,0.7407407407407407,0.75
43026,2020,0,2,83,0.7407407407407407,0.5
43026,2022,0,5,83,0.7407407407407407,1.0
43026,2023,0,4,83,0.7407407407407407,0.8571428571428571
43026,2024,1,13,83,0.7407407407407407,0.6923076923076923
43026,2025,0,1,83,0.7407407407407407,1.0
43027,2007,1,7,187,0.6871508379888268,0.8571428571428571
43027,2008,0,5,187,0.6871508379888268,0.6
43027,2009,0,8,187,0.6871508379888268,0.875
43027,2010,1,9,187,0.6871508379888268,0.8888888888888888
43027,2011,1,9,187,0.6871508379888268,0.8888888888888888
43027,2013,0,3,187,0.6871508379888268,1.0
43027,2014,0,10,187,0.6871508379888268,0.9090909090909091
43027,2015,2,11,187,0.6871508379888268,0.8181818181818182
43027,2016,0,4,187,0.6871508379888268,0.5
43027,2017,1,7,187,0.6871508379888268,0.875
43027,2018,0,7,187,0.6871508379888268,0.5714285714285714
43027,2019,0,21,187,0.6871508379888268,0.6190476190476191
43027,2020,0,6,187,0.6871508379888268,0.5
43027,2021,0,5,187,0.6871508379888268,0.8333333333333334
43027,2022,0,6,187,0.6871508379888268,0.6666666666666666
43027,2023,0,10,187,0.6871508379888268,0.6
43027,2024,2,38,187,0.6871508379888268,0.45
43027,2025,0,6,187,0.6871508379888268,0.8
43028,2007,6,96,1381,0.774217042971595,0.87
43028,2008,2,61,1381,0.774217042971595,0.9032258064516129
43028,2009,2,124,1381,0.774217042971595,0.8604651162790697
43028,2010,5,109,1381,0.774217042971595,0.8053097345132744
43028,2011,1,101,1381,0.774217042971595,0.7722772277227723
43028,2012,0,46,1381,0.774217042971595,0.9111111111111111
43028,2013,1,78,1381,0.774217042971595,0.8987341772151899
43028,2014,3,81,1381,0.774217042971595,0.8395061728395061
43028,2015,3,77,1381,0.774217042971595,0.9090909090909091
43028,2016,3,64,1381,0.774217042971595,0.8153846153846154
43028,2017,1,74,1381,0.774217042971595,0.7922077922077922
43028,2018,2,82,1381,0.774217042971595,0.8
43028,2019,1,120,1381,0.774217042971595,0.7338709677419355
43028,2020,0,32,1381,0.774217042971595,0.6363636363636364
43028,2021,0,29,1381,0.774217042971595,0.7037037037037037
43028,2022,0,26,1381,0.774217042971595,0.38461538461538464
43028,2023,1,21,1381,0.774217042971595,0.6086956521739131
43028,2024,4,87,1381,0.774217042971595,0.43478260869565216
43028,2025,1,31,1381,0.774217042971595,0.38235294117647056
43029,2007,1,14,288,0.7446808510638298,1.0
43029,2008,1,13,288,0.7446808510638298,0.8666666666666667
43029,2009,1,10,288,0.7446808510638298,0.9
43029,2010,1,8,288,0.7446808510638298,0.9
43029,2011,3,11,288,0.7446808510638298,1.0
43029,2012,2,6,288,0.7446808510638298,1.0
43029,2013,3,16,288,0.7446808510638298,0.9375
43029,2014,1,17,288,0.7446808510638298,1.0
43029,2015,1,7,288,0.7446808510638298,0.8571428571428571
43029,2016,0,9,288,0.7446808510638298,0.8888888888888888
43029,2017,0,9,288,0.7446808510638298,0.7777777777777778
43029,2018,1,16,288,0.7446808510638298,0.9411764705882353
43029,2019,3,16,288,0.7446808510638298,0.9473684210526315
43029,2020,0,5,288,0.7446808510638298,0.6
43029,2021,0,5,288,0.7446808510638298,1.0
43029,2022,2,16,288,0.7446808510638298,0.7777777777777778
43029,2023,1,40,288,0.7446808510638298,0.24390243902439024
43029,2024,2,41,288,0.7446808510638298,0.4883720930232558
43029,2025,2,8,288,0.7446808510638298,0.75
43030,2007,1,14,333,0.7121212121212122,0.8571428571428571
43030,2008,0,15,333,0.7121212121212122,0.8666666666666667
43030,2009,0,14,333,0.7121212121212122,0.8571428571428571
43030,2010,1,15,333,0.7121212121212122,0.875
43030,2011,0,17,333,0.7121212121212122,0.875
43030,2012,2,14,333,0.7121212121212122,1.0
43030,2013,0,19,333,0.7121212121212122,0.8947368421052632
43030,2014,2,28,333,0.7121212121212122,1.0
43030,2015,2,30,333,0.7121212121212122,0.9
43030,2016,0,13,333,0.7121212121212122,0.8571428571428571
43030,2017,1,22,333,0.7121212121212122,0.7272727272727273
43030,2018,2,9,333,0.7121212121212122,0.8888888888888888
43030,2019,2,26,333,0.7121212121212122,0.7307692307692307
43030,2020,0,5,333,0.7121212121212122,0.6
43030,2021,1,5,333,0.7121212121212122,0.6666666666666666
43030,2022,0,6,333,0.7121212121212122,0.4
43030,2023,1,32,333,0.7121212121212122,0.21621621621621623
43030,2024,2,25,333,0.7121212121212122,0.25
43030,2025,1,8,333,0.7121212121212122,0.5
50009,2008,0,2,25,0.92,0.5
50009,2012,0,2,25,0.92,1.0
50009,2013,0,1,25,0.92,1.0
50009,2014,1,2,25,0.92,0.5
50009,2015,0,1,25,0.92,1.0
50009,2016,0,1,25,0.92,1.0
50009,2018,0,1,25,0.92,1.0
50009,2019,0,2,25,0.92,1.0
50009,2020,0,1,25,0.92,1.0
50009,2023,0,1,25,0.92,1.0
50009,2024,1,3,25,0.92,1.0
50009,2025,1,4,25,0.92,1.0
50010,2013,0,1,8,0.875,0.0
50010,2014,0,1,8,0.875,1.0
50010,2019,0,2,8,0.875,1.0
50010,2020,0,2,8,0.875,1.0
50010,2023,0,2,8,0.875,1.0
50011,2007,0,2,73,0.958904109589041,1.0
50011,2008,0,3,73,0.958904109589041,1.0
50011,2009,0,2,73,0.958904109589041,1.0
50011,2010,1,2,73,0.958904109589041,1.0
50011,2012,0,2,73,0.958904109589041,1.0
50011,2013,0,4,73,0.958904109589041,1.0
50011,2014,0,10,73,0.958904109589041,0.9
50011,2015,0,9,73,0.958904109589041,1.0
50011,2016,1,6,73,0.958904109589041,1.0
50011,2017,0,6,73,0.958904109589041,0.8571428571428571
50011,2018,0,2,73,0.958904109589041,1.0
50011,2019,0,1,73,0.958904109589041,1.0
50011,2020,0,1,73,0.958904109589041,1.0
50011,2021,0,2,73,0.958904109589041,0.5
50011,2023,0,5,73,0.958904109589041,1.0
50011,2024,0,5,73,0.958904109589041,1.0
50011,2025,0,5,73,0.958904109589041,1.0
50012,2014,1,4,21,0.95,1.0
50012,2015,0,1,21,0.95,1.0
50012,2017,0,1,21,0.95,1.0
50012,2018,0,1,21,0.95,1.0
50012,2019,1,3,21,0.95,1.0
50012,2020,0,2,21,0.95,1.0
50012,2021,0,1,21,0.95,1.0
50012,2023,0,1,21,0.95,0.5
50012,2024,0,2,21,0.95,1.0
50012,2025,0,1,21,0.95,1.0
50013,2009,0,1,3,0.6666666666666666,1.0
50013,2019,0,1,3,0.6666666666666666,0.0
50013,2022,0,1,3,0.6666666666666666,1.0
50014,2009,0,1,4,0.75,1.0
50014,2014,0,1,4,0.75,1.0
50015,2018,0,1,6,0.8333333333333334,1.0
50015,2020,0,2,6,0.8333333333333334,1.0
50015,2025,0,2,6,0.8333333333333334,0.5
50016,2019,0,1,1,1.0,1.0
50017,2012,0,2,7,0.7142857142857143,1.0
50017,2015,0,2,7,0.7142857142857143,0.5
50017,2017,0,1,7,0.7142857142857143,1.0
50017,2018,0,1,7,0.7142857142857143,0.0
51001,2018,0,1,7,0.5,1.0
51001,2019,1,2,7,0.5,0.5
51001,2020,0,1,7,0.5,
51001,2024,0,1,7,0.5,1.0
51001,2025,0,1,7,0.5,0.0
51002,2012,1,1,35,0.9142857142857143,1.0
51002,2015,0,1,35,0.9142857142857143,1.0
51002,2016,1,3,35,0.9142857142857143,1.0
51002,2019,0,1,35,0.9142857142857143,1.0
51002,2020,0,3,35,0.9142857142857143,1.0
51002,2021,0,3,35,0.9142857142857143,1.0
51002,2022,1,6,35,0.9142857142857143,1.0
51002,2023,1,2,35,0.9142857142857143,1.0
51002,2024,0,4,35,0.9142857142857143,0.75
51002,2025,0,3,35,0.9142857142857143,0.6666666666666666
51003,2007,0,1,3,1.0,
51003,2019,0,1,3,1.0,1.0
51003,2025,0,1,3,1.0,1.0
51004,2011,0,1,3,0.6666666666666666,1.0
51004,2015,0,1,3,0.6666666666666666,1.0
51004,2025,0,1,3,0.6666666666666666,0.0
51005,2007,0,1,3,1.0,
51005,2010,0,1,3,1.0,1.0
51006,2008,0,2,2,1.0,1.0
51007,2007,0,1,31,0.5333333333333333,0.0
51007,2008,0,2,31,0.5333333333333333,0.0
51007,2010,0,1,31,0.5333333333333333,0.0
51007,2011,2,3,31,0.5333333333333333,1.0
51007,2016,1,2,31,0.5333333333333333,1.0
51007,2017,0,4,31,0.5333333333333333,0.25
51007,2019,1,4,31,0.5333333333333333,0.75
51007,2020,0,1,31,0.5333333333333333,1.0
51007,2021,0,1,31,0.5333333333333333,0.0
51007,2022,0,1,31,0.5333333333333333,0.0
51007,2023,0,3,31,0.5333333333333333,0.3333333333333333
51007,2024,0,1,31,0.5333333333333333,1.0
51007,2025,0,6,31,0.5333333333333333,0.6666666666666666
51008,2008,0,1,38,0.7428571428571429,1.0
51008,2014,0,1,38,0.7428571428571429,0.0
51008,2015,1,1,38,0.7428571428571429,1.0
51008,2018,1,5,38,0.7428571428571429,0.6
51008,2019,1,9,38,0.7428571428571429,0.7692307692307693
51008,2020,0,2,38,0.7428571428571429,1.0
51008,2022,0,1,38,0.7428571428571429,1.0
51008,2023,0,2,38,0.7428571428571429,1.0
51008,2024,0,3,38,0.7428571428571429,0.6666666666666666
51010,2008,0,1,6,0.8333333333333334,0.0
51010,2011,0,1,6,0.8333333333333334,1.0
51010,2013,0,1,6,0.8333333333333334,1.0
51010,2019,0,1,6,0.8333333333333334,1.0
51010,2025,0,1,6,0.8333333333333334,1.0
51011,2015,1,1,7,0.8571428571428571,1.0
51011,2019,0,1,7,0.8571428571428571,1.0
51011,2024,0,2,7,0.8571428571428571,0.75
51011,2025,0,1,7,0.8571428571428571,1.0
51012,2014,2,2,5,0.4,1.0
51012,2018,0,1,5,0.4,0.0
51012,2020,0,1,5,0.4,0.0
51013,2009,0,1,20,0.9473684210526315,1.0
51013,2010,0,1,20,0.9473684210526315,1.0
51013,2012,0,1,20,0.9473684210526315,1.0
51013,2014,0,1,20,0.9473684210526315,1.0
51013,2015,0,2,20,0.9473684210526315,1.0
51013,2016,1,1,20,0.9473684210526315,1.0
51013,2017,0,2,20,0.9473684210526315,1.0
51013,2020,0,2,20,0.9473684210526315,1.0
51013,2022,0,1,20,0.9473684210526315,1.0
51013,2024,0,2,20,0.9473684210526315,1.0
51013,2025,0,1,20,0.9473684210526315,0.0
51014,2008,0,1,18,0.7222222222222222,1.0
51014,2011,0,1,18,0.7222222222222222,1.0
51014,2012,0,1,18,0.7222222222222222,1.0
51014,2013,0,2,18,0.7222222222222222,1.0
51014,2015,1,1,18,0.7222222222222222,1.0
51014,2016,0,1,18,0.7222222222222222,1.0
51014,2017,0,2,18,0.7222222222222222,0.5
51014,2018,1,3,18,0.7222222222222222,1.0
51014,2019,0,1,18,0.7222222222222222,0.0
51014,2023,0,1,18,0.7222222222222222,0.0
51014,2024,0,1,18,0.7222222222222222,0.0
51014,2025,0,1,18,0.7222222222222222,1.0
51015,2008,0,5,12,0.5454545454545454,0.2
51015,2011,0,1,12,0.5454545454545454,1.0
51015,2015,0,1,12,0.5454545454545454,0.0
51015,2017,0,2,12,0.5454545454545454,1.0
51015,2019,0,2,12,0.5454545454545454,1.0
51016,2018,0,5,12,0.75,1.0
51016,2019,0,2,12,0.75,0.0
51016,2022,0,1,12,0.75,1.0
51016,2024,0,1,12,0.75,0.6666666666666666
52001,2007,0,1,90,0.8651685393258427,
52001,2008,1,1,90,0.8651685393258427,1.0
52001,2009,0,1,90,0.8651685393258427,1.0
52001,2010,0,1,90,0.8651685393258427,1.0
52001,2011,0,2,90,0.8651685393258427,1.0
52001,2012,0,4,90,0.8651685393258427,0.5
52001,2013,0,5,90,0.8651685393258427,0.6
52001,2014,2,7,90,0.8651685393258427,0.7142857142857143
52001,2015,0,2,90,0.8651685393258427,1.0
52001,2016,0,12,90,0.8651685393258427,0.9166666666666666
52001,2017,0,2,90,0.8651685393258427,1.0
52001,2018,4,11,90,0.8651685393258427,1.0
52001,2019,0,4,90,0.8651685393258427,1.0
52001,2020,0,4,90,0.8651685393258427,1.0
52001,2021,1,8,90,0.8651685393258427,0.8888888888888888
52001,2022,0,6,90,0.8651685393258427,1.0
52001,2023,0,1,90,0.8651685393258427,0.0
52001,2024,2,8,90,0.8651685393258427,0.75
52001,2025,2,8,90,0.8651685393258427,0.8888888888888888
52002,2009,0,1,46,0.8913043478260869,0.0
52002,2010,0,2,46,0.8913043478260869,0.5
52002,2012,0,2,46,0.8913043478260869,1.0
52002,2013,0,4,46,0.8913043478260869,0.5
52002,2014,0,3,46,0.8913043478260869,1.0
52002,2015,0,1,46,0.8913043478260869,1.0
52002,2016,0,2,46,0.8913043478260869,1.0
52002,2017,2,5,46,0.8913043478260869,0.875
52002,2018,0,1,46,0.8913043478260869,1.0
52002,2019,0,1,46,0.8913043478260869,1.0
52002,2020,0,1,46,0.8913043478260869,1.0
52002,2021,0,3,46,0.8913043478260869,1.0
52002,2022,0,2,46,0.8913043478260869,1.0
52002,2023,0,2,46,0.8913043478260869,1.0
52002,2024,0,2,46,0.8913043478260869,1.0
52002,2025,0,3,46,0.8913043478260869,1.0
52003,2009,0,1,16,0.9375,1.0
52003,2010,0,2,16,0.9375,1.0
52003,2012,0,1,16,0.9375,1.0
52003,2014,0,1,16,0.9375,1.0
52003,2015,1,1,16,0.9375,1.0
52003,2016,0,1,16,0.9375,1.0
52003,2021,0,1,16,0.9375,1.0
52003,2023,0,1,16,0.9375,0.0
52003,2024,0,1,16,0.9375,1.0
52003,2025,0,1,16,0.9375,1.0
52004,2007,0,1,58,0.9473684210526315,1.0
52004,2008,0,3,58,0.9473684210526315,1.0
52004,2009,0,2,58,0.9473684210526315,1.0
52004,2010,0,3,58,0.9473684210526315,1.0
52004,2012,0,3,58,0.9473684210526315,0.6666666666666666
52004,2013,1,5,58,0.9473684210526315,0.8333333333333334
52004,2014,0,2,58,0.9473684210526315,1.0
52004,2015,0,3,58,0.9473684210526315,1.0
52004,2016,0,4,58,0.9473684210526315,1.0
52004,2017,1,3,58,0.9473684210526315,1.0
52004,2018,0,2,58,0.9473684210526315,0.5
52004,2019,0,1,58,0.9473684210526315,1.0
52004,2020,0,3,58,0.9473684210526315,1.0
52004,2022,0,3,58,0.9473684210526315,1.0
52004,2023,0,3,58,0.9473684210526315,1.0
52004,2024,0,4,58,0.9473684210526315,1.0
52004,2025,0,5,58,0.9473684210526315,1.0
52005,2007,1,1,21,0.8095238095238095,1.0
52005,2008,0,1,21,0.8095238095238095,1.0
52005,2009,0,2,21,0.8095238095238095,1.0
52005,2010,0,2,21,0.8095238095238095,1.0
52005,2013,0,1,21,0.8095238095238095,1.0
52005,2014,1,2,21,0.8095238095238095,1.0
52005,2015,0,1,21,0.8095238095238095,0.0
52005,2017,0,1,21,0.8095238095238095,0.0
52005,2019,0,2,21,0.8095238095238095,0.6666666666666666
52005,2020,0,2,21,0.8095238095238095,1.0
52005,2021,0,2,21,0.8095238095238095,0.5
52005,2022,0,1,21,0.8095238095238095,1.0
52005,2023,0,2,21,0.8095238095238095,1.0
52006,2014,0,1,4,0.75,1.0
52006,2017,0,1,4,0.75,0.0
52007,2015,0,1,5,0.6,0.0
52007,2017,0,1,5,0.6,1.0
52008,2017,0,1,4,1.0,1.0
52008,2018,0,1,4,1.0,1.0
52008,2023,0,2,4,1.0,1.0
52009,2015,0,1,6,0.6666666666666666,0.5
52009,2022,0,1,6,0.6666666666666666,1.0
52009,2023,0,1,6,0.6666666666666666,1.0
52010,2010,0,1,7,0.8571428571428571,1.0
52010,2020,0,1,7,0.8571428571428571,1.0
52010,2021,0,1,7,0.8571428571428571,1.0
52010,2025,0,2,7,0.8571428571428571,0.5
52011,2007,0,1,40,0.8461538461538461,0.0
52011,2009,0,2,40,0.8461538461538461,1.0
52011,2012,2,7,40,0.8461538461538461,1.0
52011,2013,1,5,40,0.8461538461538461,1.0
52011,2014,0,1,40,0.8461538461538461,1.0
52011,2015,0,4,40,0.8461538461538461,1.0
52011,2016,1,3,40,0.8461538461538461,1.0
52011,2017,0,4,40,0.8461538461538461,0.75
52011,2021,0,2,40,0.8461538461538461,0.5
52011,2022,0,1,40,0.8461538461538461,1.0
52011,2023,0,2,40,0.8461538461538461,1.0
52011,2024,0,3,40,0.8461538461538461,0.3333333333333333
52011,2025,0,2,40,0.8461538461538461,0.5
52012,2008,0,1,12,0.5833333333333334,1.0
52012,2011,0,1,12,0.5833333333333334,1.0
52012,2013,0,2,12,0.5833333333333334,0.0
52012,2014,0,1,12,0.5833333333333334,1.0
52012,2016,0,1,12,0.5833333333333334,1.0
52012,2018,0,1,12,0.5833333333333334,1.0
52012,2022,0,2,12,0.5833333333333334,0.5
52012,2023,1,2,12,0.5833333333333334,0.5
52012,2024,0,1,12,0.5833333333333334,0.0
52013,2008,1,2,14,0.7692307692307693,1.0
52013,2010,0,1,14,0.7692307692307693,1.0
52013,2013,1,1,14,0.7692307692307693,1.0
52013,2014,0,1,14,0.7692307692307693,0.0
52013,2018,0,1,14,0.7692307692307693,1.0
52013,2019,0,1,14,0.7692307692307693,1.0
52013,2020,0,1,14,0.7692307692307693,1.0
52013,2021,0,1,14,0.7692307692307693,1.0
52013,2023,0,2,14,0.7692307692307693,0.5
52013,2025,0,2,14,0.7692307692307693,0.5
52015,2019,0,1,5,0.8,1.0
52015,2022,0,1,5,0.8,0.5
52015,2024,0,1,5,0.8,1.0
52016,2007,1,1,23,0.782608695652174,1.0
52016,2009,0,2,23,0.782608695652174,1.0
52016,2012,1,4,23,0.782608695652174,0.75
52016,2013,2,3,23,0.782608695652174,0.6666666666666666
52016,2014,1,1,23,0.782608695652174,1.0
52016,2015,0,4,23,0.782608695652174,0.75
52016,2016,1,2,23,0.782608695652174,0.5
52016,2017,0,1,23,0.782608695652174,1.0
52016,2019,0,1,23,0.782608695652174,0.0
52016,2020,0,1,23,0.782608695652174,1.0
52016,2023,0,1,23,0.782608695652174,1.0
52016,2024,0,1,23,0.782608695652174,1.0
52016,2025,0,1,23,0.782608695652174,1.0
52017,2008,0,1,12,0.9166666666666666,1.0
52017,2011,0,1,12,0.9166666666666666,1.0
52017,2013,0,1,12,0.9166666666666666,1.0
52017,2015,1,1,12,0.9166666666666666,1.0
52017,2018,0,2,12,0.9166666666666666,0.5
52017,2020,0,1,12,0.9166666666666666,1.0
52017,2023,0,3,12,0.9166666666666666,1.0
52018,2007,0,1,17,0.875,
52018,2009,0,1,17,0.875,1.0
52018,2013,0,3,17,0.875,1.0
52018,2014,0,1,17,0.875,0.0
52018,2015,0,3,17,0.875,1.0
52018,2019,0,1,17,0.875,1.0
52018,2021,0,2,17,0.875,0.5
52018,2022,0,1,17,0.875,1.0
53001,2007,1,19,377,0.8961748633879781,0.7727272727272727
53001,2008,1,20,377,0.8961748633879781,0.8695652173913043
53001,2009,3,25,377,0.8961748633879781,0.8148148148148148
53001,2010,1,17,377,0.8961748633879781,0.7692307692307693
53001,2011,5,15,377,0.8961748633879781,0.8666666666666667
53001,2012,1,12,377,0.8961748633879781,0.875
53001,2013,4,26,377,0.8961748633879781,0.9259259259259259
53001,2014,6,20,377,0.8961748633879781,1.0
53001,2015,5,25,377,0.8961748633879781,0.9230769230769231
53001,2016,2,27,377,0.8961748633879781,0.8148148148148148
53001,2017,3,7,377,0.8961748633879781,1.0
53001,2018,4,12,377,0.8961748633879781,0.9444444444444444
53001,2019,3,16,377,0.8961748633879781,0.9523809523809523
53001,2020,3,12,377,0.8961748633879781,1.0
53001,2021,0,5,377,0.8961748633879781,0.8571428571428571
53001,2022,0,12,377,0.8961748633879781,1.0
53001,2023,2,8,377,0.8961748633879781,1.0
53001,2024,1,20,377,0.8961748633879781,0.9090909090909091
53001,2025,1,15,377,0.8961748633879781,0.9523809523809523
